customer_id,signup_date,region,plan,industry,company_size,mrr,tenure_months,churned,nps_score,support_tickets,feature_adoption_score
CUST-000001,2021-08-17,North America,Basic,Retail,Startup,41.35,41,False,37,1,23.5
CUST-000002,2021-02-21,Latin America,Basic,Healthcare,Mid-Market,53.76,46,False,48,3,13.8
CUST-000003,2022-07-18,Europe,Enterprise,Education,SMB,500.16,29,False,45,4,44.8
CUST-000004,2022-05-17,Europe,Basic,Manufacturing,SMB,42.48,31,False,59,1,20.4
CUST-000005,2022-04-03,North America,Enterprise,Finance,Mid-Market,489.62,33,False,36,1,53.6
CUST-000006,2021-10-13,North America,Basic,Finance,SMB,52.49,39,False,50,2,2.9
CUST-000007,2021-07-29,North America,Pro,Finance,Mid-Market,129.82,41,False,32,3,31.0
CUST-000008,2024-01-22,Asia Pacific,Pro,Manufacturing,Startup,146.39,11,False,22,1,41.3
CUST-000009,2021-06-28,Europe,Basic,Technology,Mid-Market,50.35,42,False,12,4,12.8
CUST-000010,2023-05-15,Europe,Basic,Manufacturing,Startup,66.38,19,False,66,0,19.4
CUST-000011,2021-03-07,North America,Basic,Technology,Mid-Market,49.1,46,False,4,2,13.7
CUST-000012,2021-03-03,Latin America,Pro,Finance,Enterprise,145.99,46,False,40,1,9.5
CUST-000013,2021-07-11,Asia Pacific,Pro,Retail,SMB,151.85,42,False,43,5,15.6
CUST-000014,2022-03-24,North America,Pro,Retail,SMB,141.83,33,False,15,2,39.9
CUST-000015,2022-04-22,North America,Basic,Technology,Mid-Market,46.81,32,False,53,4,26.4
CUST-000016,2023-11-01,North America,Basic,Finance,Startup,49.29,14,False,7,1,25.2
CUST-000017,2021-02-24,North America,Basic,Manufacturing,SMB,55.3,46,False,23,3,24.8
CUST-000018,2024-02-24,Europe,Basic,Retail,SMB,42.27,10,False,54,0,18.3
CUST-000019,2022-02-12,North America,Pro,Technology,Mid-Market,148.94,35,False,8,4,29.6
CUST-000020,2024-01-22,North America,Enterprise,Manufacturing,Mid-Market,481.09,11,False,51,3,22.6
CUST-000021,2023-05-10,Europe,Pro,Finance,Mid-Market,154.17,20,False,57,3,4.6
CUST-000022,2022-03-28,North America,Basic,Healthcare,Mid-Market,46.7,33,False,56,1,26.1
CUST-000023,2023-07-09,North America,Enterprise,Finance,Mid-Market,517.84,18,False,42,3,36.3
CUST-000024,2022-07-24,North America,Pro,Finance,SMB,152.51,29,False,18,1,17.4
CUST-000025,2021-01-14,Europe,Enterprise,Manufacturing,SMB,490.33,48,False,15,1,34.8
CUST-000026,2021-11-23,Asia Pacific,Pro,Manufacturing,SMB,138.06,37,False,24,2,33.4
CUST-000027,2023-05-16,North America,Basic,Education,Enterprise,55.62,19,False,-26,4,59.5
CUST-000028,2022-11-28,Europe,Basic,Education,Mid-Market,66.96,25,False,35,3,26.6
CUST-000029,2022-07-24,Europe,Pro,Manufacturing,SMB,163.9,29,False,32,3,20.1
CUST-000030,2021-11-15,North America,Basic,Manufacturing,Mid-Market,36.87,38,False,36,2,12.4
CUST-000031,2022-03-17,Europe,Basic,Healthcare,SMB,51.03,34,False,30,1,27.3
CUST-000032,2022-11-21,North America,Pro,Healthcare,Mid-Market,160.27,25,False,38,3,50.7
CUST-000033,2021-07-29,North America,Pro,Finance,SMB,135.59,41,False,36,1,9.2
CUST-000034,2021-07-09,Asia Pacific,Pro,Retail,SMB,159.37,42,False,5,0,14.3
CUST-000035,2023-02-18,Latin America,Basic,Healthcare,Mid-Market,41.97,22,False,40,2,21.5
CUST-000036,2021-07-18,Asia Pacific,Basic,Finance,Mid-Market,46.85,42,False,34,4,56.9
CUST-000037,2023-01-06,North America,Pro,Technology,SMB,151.77,24,False,0,5,2.6
CUST-000038,2022-12-06,North America,Enterprise,Education,SMB,509.68,25,False,52,5,23.8
CUST-000039,2022-06-26,Europe,Pro,Retail,Mid-Market,164.32,30,False,29,4,27.4
CUST-000040,2021-03-30,North America,Enterprise,Finance,Mid-Market,495.77,45,False,47,2,35.7
CUST-000041,2023-07-30,North America,Pro,Manufacturing,Mid-Market,144.2,17,False,34,1,37.0
CUST-000042,2024-01-04,Europe,Pro,Technology,SMB,143.54,12,False,0,3,23.5
CUST-000043,2021-09-13,North America,Basic,Education,Enterprise,56.8,40,False,40,3,3.7
CUST-000044,2023-02-15,Asia Pacific,Pro,Technology,Mid-Market,158.96,22,False,44,0,7.4
CUST-000045,2021-06-11,North America,Pro,Finance,Mid-Market,157.94,43,False,58,2,24.5
CUST-000046,2024-02-05,Europe,Pro,Healthcare,Mid-Market,151.7,11,False,53,3,28.2
CUST-000047,2022-08-24,North America,Basic,Education,Startup,52.68,28,False,58,0,27.4
CUST-000048,2023-01-11,Europe,Pro,Technology,Startup,146.7,24,False,49,1,7.3
CUST-000049,2024-03-28,Europe,Basic,Healthcare,Mid-Market,47.63,9,False,25,3,14.2
CUST-000050,2022-01-29,North America,Pro,Retail,SMB,157.54,35,False,25,3,12.2
CUST-000051,2021-05-23,Latin America,Basic,Finance,Mid-Market,51.64,43,False,54,2,37.8
CUST-000052,2021-04-04,Asia Pacific,Pro,Finance,SMB,144.27,45,False,27,3,19.7
CUST-000053,2022-04-12,Asia Pacific,Basic,Education,SMB,59.99,33,False,45,6,3.6
CUST-000054,2022-08-16,Asia Pacific,Basic,Technology,SMB,42.92,28,True,69,3,38.1
CUST-000055,2021-06-13,Europe,Basic,Retail,Mid-Market,50.46,43,False,22,3,13.6
CUST-000056,2022-04-22,Asia Pacific,Pro,Manufacturing,SMB,136.6,32,True,49,0,13.8
CUST-000057,2021-07-26,North America,Basic,Education,Mid-Market,39.54,41,False,18,4,41.7
CUST-000058,2023-02-18,North America,Basic,Manufacturing,SMB,49.19,22,True,46,5,16.6
CUST-000059,2022-07-24,North America,Pro,Education,Mid-Market,142.04,29,False,67,4,9.1
CUST-000060,2023-07-18,North America,Basic,Technology,Startup,46.71,17,False,61,5,7.4
CUST-000061,2023-01-18,North America,Enterprise,Retail,Startup,511.13,23,False,27,2,37.2
CUST-000062,2021-11-30,North America,Enterprise,Technology,Mid-Market,497.75,37,False,66,2,58.0
CUST-000063,2023-01-29,Asia Pacific,Pro,Finance,SMB,158.0,23,False,30,3,40.7
CUST-000064,2022-12-29,North America,Basic,Manufacturing,Startup,41.19,24,False,80,3,38.3
CUST-000065,2022-03-06,North America,Pro,Healthcare,Enterprise,154.49,34,False,35,0,21.8
CUST-000066,2022-07-01,Europe,Basic,Finance,SMB,39.0,30,False,48,3,27.5
CUST-000067,2021-05-27,North America,Basic,Finance,SMB,46.5,43,False,47,4,63.3
CUST-000068,2021-12-17,Asia Pacific,Basic,Manufacturing,Startup,54.89,37,False,13,2,47.7
CUST-000069,2023-12-30,North America,Enterprise,Education,SMB,499.13,12,True,62,5,19.9
CUST-000070,2022-05-17,Latin America,Basic,Finance,SMB,58.42,31,False,39,1,33.7
CUST-000071,2021-12-01,Asia Pacific,Pro,Retail,SMB,155.68,37,False,23,4,16.1
CUST-000072,2023-08-05,North America,Pro,Finance,Mid-Market,145.92,17,False,19,4,16.4
CUST-000073,2023-02-17,North America,Basic,Retail,SMB,61.97,22,True,22,5,34.5
CUST-000074,2022-07-07,Asia Pacific,Basic,Technology,Mid-Market,53.36,30,False,33,1,3.9
CUST-000075,2024-02-15,Europe,Enterprise,Education,Startup,496.56,10,False,13,4,43.9
CUST-000076,2022-03-26,Europe,Pro,Retail,SMB,150.46,33,False,18,1,30.4
CUST-000077,2022-10-27,Asia Pacific,Pro,Finance,Startup,149.91,26,False,0,1,24.3
CUST-000078,2021-04-25,North America,Basic,Education,Mid-Market,51.02,44,False,18,4,20.4
CUST-000079,2022-04-15,North America,Basic,Education,Mid-Market,47.58,33,False,62,2,16.5
CUST-000080,2021-03-07,North America,Basic,Retail,Mid-Market,52.73,46,False,59,1,20.5
CUST-000081,2022-10-09,Asia Pacific,Basic,Retail,SMB,56.9,27,False,40,1,7.9
CUST-000082,2023-04-02,Europe,Basic,Healthcare,Mid-Market,53.26,21,False,77,0,67.5
CUST-000083,2022-07-03,North America,Pro,Healthcare,Mid-Market,152.92,30,False,59,2,41.3
CUST-000084,2021-05-16,North America,Basic,Education,Startup,47.99,44,False,43,1,44.3
CUST-000085,2022-03-09,North America,Basic,Manufacturing,SMB,40.14,34,False,45,1,52.3
CUST-000086,2024-03-07,North America,Pro,Manufacturing,SMB,137.71,9,False,36,2,63.3
CUST-000087,2022-10-07,Europe,Pro,Healthcare,Mid-Market,141.92,27,False,9,1,16.7
CUST-000088,2022-03-12,Europe,Basic,Finance,Startup,44.82,34,False,29,3,16.7
CUST-000089,2023-10-20,Asia Pacific,Pro,Technology,Mid-Market,165.72,14,False,-16,0,57.3
CUST-000090,2023-03-22,Europe,Basic,Education,SMB,61.52,21,False,13,2,21.5
CUST-000091,2023-07-29,North America,Basic,Technology,SMB,43.07,17,False,62,1,15.0
CUST-000092,2021-10-20,Europe,Basic,Healthcare,SMB,53.5,38,True,36,1,37.0
CUST-000093,2022-06-27,Asia Pacific,Pro,Retail,SMB,148.32,30,False,13,1,31.4
CUST-000094,2021-10-13,Europe,Basic,Education,Startup,51.36,39,False,45,2,27.0
CUST-000095,2022-05-21,Asia Pacific,Basic,Healthcare,Startup,43.51,31,False,47,2,39.6
CUST-000096,2024-02-24,Europe,Basic,Finance,Mid-Market,71.42,10,False,65,2,18.7
CUST-000097,2024-01-09,Europe,Pro,Education,SMB,167.64,11,False,70,0,21.2
CUST-000098,2022-06-23,North America,Basic,Education,SMB,46.07,30,False,50,4,3.6
CUST-000099,2024-04-12,North America,Basic,Manufacturing,Startup,43.04,8,False,4,1,20.7
CUST-000100,2023-05-28,North America,Basic,Retail,SMB,58.25,19,False,80,1,20.9
CUST-000101,2024-04-10,North America,Basic,Education,Startup,36.9,8,False,62,3,2.7
CUST-000102,2023-03-29,Europe,Pro,Retail,SMB,157.46,21,False,51,2,3.4
CUST-000103,2023-01-12,North America,Pro,Healthcare,SMB,150.25,23,False,34,1,21.1
CUST-000104,2022-03-26,Europe,Basic,Finance,SMB,34.66,33,False,4,2,3.2
CUST-000105,2021-10-11,Asia Pacific,Basic,Finance,Enterprise,47.48,39,False,23,2,62.1
CUST-000106,2023-11-10,North America,Basic,Education,SMB,42.44,13,False,33,2,19.0
CUST-000107,2023-10-08,North America,Basic,Education,SMB,50.62,15,False,26,2,30.2
CUST-000108,2021-07-06,Asia Pacific,Basic,Healthcare,SMB,49.58,42,False,56,0,11.5
CUST-000109,2021-04-07,North America,Pro,Manufacturing,Startup,135.53,45,False,33,2,22.6
CUST-000110,2021-08-13,North America,Enterprise,Manufacturing,Mid-Market,495.66,41,False,19,3,38.3
CUST-000111,2021-11-10,North America,Enterprise,Manufacturing,SMB,504.75,38,False,45,7,30.0
CUST-000112,2021-11-24,North America,Enterprise,Retail,Startup,506.47,37,False,18,5,52.7
CUST-000113,2023-05-15,Asia Pacific,Pro,Manufacturing,Mid-Market,145.37,19,False,2,1,40.3
CUST-000114,2021-05-11,Asia Pacific,Pro,Finance,Startup,153.58,44,False,45,2,65.9
CUST-000115,2023-02-28,Europe,Basic,Retail,Enterprise,51.66,22,False,33,4,36.9
CUST-000116,2023-02-21,Asia Pacific,Pro,Healthcare,Mid-Market,148.47,22,False,38,3,42.6
CUST-000117,2023-08-17,Asia Pacific,Basic,Finance,SMB,53.64,16,False,62,4,7.7
CUST-000118,2023-12-20,North America,Basic,Finance,Startup,39.75,12,False,40,0,23.1
CUST-000119,2022-05-30,Asia Pacific,Pro,Technology,Startup,149.01,31,False,46,5,20.9
CUST-000120,2024-02-08,Europe,Basic,Healthcare,SMB,32.96,10,False,35,1,29.3
CUST-000121,2021-01-24,Asia Pacific,Basic,Healthcare,Startup,48.46,47,False,51,1,35.2
CUST-000122,2021-08-23,Asia Pacific,Enterprise,Technology,SMB,513.25,40,True,-7,3,30.7
CUST-000123,2024-01-05,North America,Basic,Retail,Enterprise,45.8,12,False,19,2,29.6
CUST-000124,2022-07-01,North America,Basic,Manufacturing,SMB,62.25,30,False,27,0,37.7
CUST-000125,2022-11-28,North America,Enterprise,Manufacturing,Mid-Market,495.96,25,False,25,4,31.8
CUST-000126,2021-08-17,North America,Pro,Manufacturing,Mid-Market,138.15,41,False,19,2,10.1
CUST-000127,2022-08-25,Asia Pacific,Pro,Manufacturing,Mid-Market,155.65,28,False,33,2,9.1
CUST-000128,2023-06-10,Asia Pacific,Basic,Manufacturing,Startup,53.64,19,False,32,1,17.6
CUST-000129,2021-11-20,North America,Basic,Technology,SMB,72.19,37,False,33,3,39.6
CUST-000130,2023-07-19,Europe,Enterprise,Healthcare,Mid-Market,489.21,17,False,39,1,30.0
CUST-000131,2021-01-07,North America,Pro,Retail,Mid-Market,152.56,48,False,44,3,35.3
CUST-000132,2022-06-24,North America,Pro,Finance,Enterprise,152.92,30,False,19,3,29.1
CUST-000133,2023-10-23,North America,Basic,Manufacturing,Mid-Market,59.58,14,False,24,2,25.8
CUST-000134,2022-01-01,North America,Basic,Technology,Startup,54.3,36,False,53,2,23.1
CUST-000135,2023-11-06,Asia Pacific,Enterprise,Retail,SMB,496.12,14,False,16,2,47.7
CUST-000136,2021-08-06,North America,Basic,Retail,Startup,38.29,41,False,18,3,26.4
CUST-000137,2022-09-04,Europe,Pro,Retail,Mid-Market,152.47,28,False,19,4,57.6
CUST-000138,2023-11-06,Europe,Basic,Technology,SMB,52.74,14,False,31,2,13.1
CUST-000139,2022-02-12,North America,Pro,Finance,Mid-Market,155.31,35,False,54,0,30.4
CUST-000140,2021-11-10,Latin America,Enterprise,Manufacturing,Enterprise,496.11,38,False,45,8,27.3
CUST-000141,2023-02-05,Latin America,Pro,Retail,Mid-Market,151.78,23,False,17,0,54.2
CUST-000142,2021-11-27,North America,Basic,Technology,SMB,33.56,37,False,71,0,45.9
CUST-000143,2024-01-10,Europe,Pro,Healthcare,Startup,138.71,11,False,21,0,20.1
CUST-000144,2023-12-23,North America,Pro,Technology,Mid-Market,158.36,12,False,2,4,12.4
CUST-000145,2021-01-02,North America,Basic,Technology,Startup,50.8,48,False,71,3,59.4
CUST-000146,2022-10-26,North America,Enterprise,Technology,Startup,503.76,26,False,18,3,20.8
CUST-000147,2023-09-28,Europe,Pro,Retail,Startup,143.02,15,False,32,3,12.3
CUST-000148,2021-02-09,Europe,Enterprise,Technology,SMB,491.75,47,False,32,3,76.0
CUST-000149,2021-08-18,North America,Pro,Healthcare,Startup,144.76,41,False,46,2,23.3
CUST-000150,2023-01-14,North America,Basic,Retail,Enterprise,51.38,23,False,-1,7,26.2
CUST-000151,2022-09-22,Asia Pacific,Basic,Healthcare,Enterprise,55.86,27,False,28,2,21.6
CUST-000152,2022-05-06,North America,Basic,Education,Enterprise,46.51,32,False,27,2,42.0
CUST-000153,2021-04-29,North America,Enterprise,Technology,Startup,482.4,44,False,63,4,55.7
CUST-000154,2022-05-09,Europe,Pro,Manufacturing,Enterprise,153.01,32,True,24,3,18.4
CUST-000155,2024-03-07,Latin America,Pro,Manufacturing,Enterprise,151.67,9,False,28,2,25.0
CUST-000156,2021-06-11,North America,Basic,Retail,Enterprise,53.79,43,False,50,4,49.1
CUST-000157,2021-06-25,Europe,Basic,Manufacturing,Mid-Market,57.56,42,False,45,5,9.1
CUST-000158,2023-09-23,Asia Pacific,Pro,Retail,Mid-Market,156.78,15,False,20,5,39.7
CUST-000159,2021-05-22,North America,Basic,Technology,Startup,62.61,43,False,43,5,38.0
CUST-000160,2023-12-27,Europe,Basic,Finance,Mid-Market,49.28,12,False,20,1,3.6
CUST-000161,2021-09-15,North America,Pro,Finance,Startup,144.68,40,True,51,1,32.4
CUST-000162,2021-09-20,Europe,Basic,Healthcare,SMB,59.41,39,False,31,2,50.1
CUST-000163,2023-09-01,Europe,Basic,Technology,Enterprise,58.08,16,True,9,2,62.8
CUST-000164,2024-01-31,Europe,Basic,Manufacturing,SMB,46.67,11,False,-7,4,27.6
CUST-000165,2021-12-05,North America,Basic,Technology,Startup,60.06,37,False,27,3,15.5
CUST-000166,2022-06-27,Asia Pacific,Enterprise,Education,Enterprise,499.75,30,False,19,3,52.6
CUST-000167,2023-12-17,North America,Basic,Finance,Enterprise,61.76,12,False,30,2,7.1
CUST-000168,2023-05-17,North America,Basic,Manufacturing,Startup,66.29,19,False,34,4,7.1
CUST-000169,2022-03-10,North America,Basic,Finance,Mid-Market,75.41,34,False,-3,1,48.4
CUST-000170,2024-01-10,Europe,Pro,Technology,SMB,149.62,11,False,20,0,50.7
CUST-000171,2022-02-16,Europe,Basic,Manufacturing,SMB,63.15,34,False,32,2,32.6
CUST-000172,2022-10-01,North America,Pro,Healthcare,SMB,157.54,27,False,37,2,38.7
CUST-000173,2023-03-29,Europe,Basic,Technology,Startup,58.47,21,False,50,2,30.3
CUST-000174,2023-02-04,North America,Basic,Healthcare,SMB,53.24,23,False,54,0,8.3
CUST-000175,2023-06-17,Europe,Basic,Manufacturing,Startup,58.51,18,False,30,2,29.4
CUST-000176,2023-11-26,North America,Pro,Finance,Enterprise,135.26,13,False,32,1,15.6
CUST-000177,2023-07-14,Europe,Enterprise,Education,Mid-Market,498.71,17,False,25,2,24.0
CUST-000178,2021-09-05,North America,Basic,Retail,Mid-Market,42.47,40,False,48,7,30.1
CUST-000179,2022-05-23,Asia Pacific,Pro,Finance,Mid-Market,141.63,31,False,27,3,5.4
CUST-000180,2022-04-06,North America,Enterprise,Healthcare,Startup,484.64,33,False,15,4,41.5
CUST-000181,2021-05-12,North America,Basic,Technology,Enterprise,43.73,44,False,1,0,43.9
CUST-000182,2022-11-24,North America,Pro,Manufacturing,Mid-Market,147.26,25,False,16,2,18.5
CUST-000183,2021-02-13,Asia Pacific,Basic,Finance,SMB,50.84,47,False,29,3,22.9
CUST-000184,2024-02-09,Asia Pacific,Enterprise,Education,Startup,498.88,10,False,54,0,33.3
CUST-000185,2022-04-17,North America,Pro,Manufacturing,Mid-Market,159.52,32,False,35,2,41.3
CUST-000186,2022-03-28,Europe,Enterprise,Healthcare,Mid-Market,490.04,33,False,37,1,37.2
CUST-000187,2021-01-15,Asia Pacific,Pro,Manufacturing,Mid-Market,129.56,48,False,35,4,41.9
CUST-000188,2021-05-26,Europe,Basic,Manufacturing,Startup,54.31,43,False,60,2,40.7
CUST-000189,2021-05-01,Europe,Enterprise,Technology,Startup,498.53,44,False,45,1,54.0
CUST-000190,2022-04-14,North America,Basic,Retail,SMB,48.33,33,False,34,3,30.9
CUST-000191,2021-05-19,North America,Basic,Healthcare,Mid-Market,41.87,44,False,23,2,9.6
CUST-000192,2021-03-06,Asia Pacific,Pro,Technology,Startup,158.09,46,False,9,1,15.9
CUST-000193,2022-11-08,Asia Pacific,Pro,Retail,SMB,144.81,26,True,68,2,40.6
CUST-000194,2021-05-26,Europe,Enterprise,Technology,SMB,490.16,43,False,51,4,33.7
CUST-000195,2023-11-19,North America,Basic,Retail,Mid-Market,65.74,13,False,31,6,54.8
CUST-000196,2022-05-03,North America,Pro,Retail,SMB,155.92,32,False,70,2,46.2
CUST-000197,2022-07-25,Europe,Pro,Retail,SMB,148.6,29,False,34,1,35.9
CUST-000198,2023-09-22,Asia Pacific,Basic,Technology,Mid-Market,24.59,15,True,18,3,41.9
CUST-000199,2022-03-15,Asia Pacific,Basic,Manufacturing,Enterprise,46.65,34,False,59,2,25.0
CUST-000200,2024-01-10,Asia Pacific,Basic,Retail,Startup,48.78,11,False,9,0,26.2
CUST-000201,2021-09-28,Europe,Basic,Manufacturing,SMB,63.64,39,False,26,6,19.6
CUST-000202,2024-03-15,North America,Enterprise,Healthcare,Enterprise,481.5,9,False,10,1,32.9
CUST-000203,2024-03-26,North America,Pro,Education,SMB,164.6,9,True,19,4,29.7
CUST-000204,2023-08-27,Asia Pacific,Pro,Manufacturing,Mid-Market,153.37,16,False,38,0,48.7
CUST-000205,2022-05-13,Europe,Enterprise,Education,Mid-Market,486.92,32,False,41,1,48.8
CUST-000206,2023-08-27,North America,Basic,Retail,SMB,58.22,16,False,12,3,28.8
CUST-000207,2023-04-14,North America,Pro,Education,Mid-Market,146.56,20,False,71,5,37.2
CUST-000208,2022-01-25,Europe,Basic,Education,Mid-Market,32.38,35,False,-6,2,42.0
CUST-000209,2021-07-13,North America,Enterprise,Retail,SMB,494.56,42,False,37,5,60.9
CUST-000210,2021-07-18,North America,Basic,Manufacturing,Startup,51.55,42,False,38,2,38.3
CUST-000211,2023-06-02,Europe,Enterprise,Retail,Enterprise,499.62,19,True,40,3,23.1
CUST-000212,2022-12-27,Europe,Basic,Healthcare,SMB,55.43,24,False,52,1,14.2
CUST-000213,2023-05-18,Europe,Basic,Finance,Mid-Market,59.97,19,False,-25,2,40.5
CUST-000214,2023-04-22,North America,Pro,Technology,Mid-Market,138.01,20,False,19,3,30.1
CUST-000215,2023-08-15,Europe,Basic,Retail,SMB,48.79,16,False,38,4,34.3
CUST-000216,2021-04-21,North America,Pro,Retail,Mid-Market,142.9,45,False,69,3,32.8
CUST-000217,2021-07-21,North America,Basic,Education,Enterprise,36.51,41,False,23,4,10.8
CUST-000218,2021-05-05,Europe,Pro,Healthcare,SMB,148.48,44,False,31,1,30.7
CUST-000219,2023-04-05,Europe,Basic,Education,SMB,53.32,21,False,49,1,17.1
CUST-000220,2022-11-26,Asia Pacific,Basic,Manufacturing,Enterprise,53.91,25,False,10,1,9.9
CUST-000221,2021-08-12,Europe,Basic,Retail,Startup,45.05,41,True,35,3,29.0
CUST-000222,2022-05-25,Europe,Basic,Retail,Startup,38.92,31,False,32,1,55.1
CUST-000223,2022-01-28,North America,Basic,Education,Enterprise,42.55,35,False,22,2,53.6
CUST-000224,2022-01-25,North America,Basic,Retail,Mid-Market,30.23,35,False,45,0,2.8
CUST-000225,2024-01-04,North America,Basic,Manufacturing,Enterprise,37.11,12,False,78,4,33.3
CUST-000226,2023-07-08,North America,Basic,Finance,Startup,37.97,18,False,38,2,25.6
CUST-000227,2021-10-15,Latin America,Pro,Technology,Startup,157.45,39,True,-9,2,24.3
CUST-000228,2023-05-15,North America,Enterprise,Technology,Startup,507.44,19,False,17,0,38.4
CUST-000229,2022-01-11,Asia Pacific,Basic,Technology,Mid-Market,70.29,36,False,64,0,18.7
CUST-000230,2022-07-25,Europe,Pro,Finance,Mid-Market,151.4,29,False,30,1,19.5
CUST-000231,2023-08-06,Asia Pacific,Pro,Retail,SMB,144.16,17,False,11,1,30.1
CUST-000232,2022-05-27,Europe,Basic,Education,Startup,49.12,31,False,50,1,22.3
CUST-000233,2021-06-04,Europe,Pro,Healthcare,Mid-Market,147.31,43,False,22,2,23.5
CUST-000234,2023-06-27,Europe,Basic,Retail,SMB,42.68,18,False,35,4,15.7
CUST-000235,2024-02-02,North America,Pro,Finance,Startup,152.2,11,False,12,4,20.8
CUST-000236,2021-07-20,Europe,Basic,Manufacturing,Enterprise,50.93,42,False,26,2,34.7
CUST-000237,2021-04-14,North America,Pro,Finance,Startup,148.17,45,False,34,2,54.3
CUST-000238,2024-01-13,North America,Pro,Technology,Mid-Market,146.06,11,True,32,2,35.5
CUST-000239,2021-01-31,Europe,Basic,Retail,Mid-Market,55.32,47,False,42,4,9.3
CUST-000240,2021-07-11,North America,Basic,Technology,SMB,43.46,42,False,39,1,52.0
CUST-000241,2022-04-30,Asia Pacific,Enterprise,Healthcare,Startup,494.97,32,False,14,2,60.9
CUST-000242,2021-12-07,Latin America,Basic,Manufacturing,SMB,53.75,37,False,68,4,24.6
CUST-000243,2023-04-13,Asia Pacific,Pro,Technology,Mid-Market,159.11,20,False,31,3,13.0
CUST-000244,2023-09-22,North America,Enterprise,Healthcare,SMB,508.2,15,False,7,3,21.1
CUST-000245,2023-09-13,North America,Pro,Finance,Mid-Market,146.4,15,False,-9,1,28.9
CUST-000246,2022-03-14,Asia Pacific,Pro,Technology,Enterprise,136.36,34,False,36,2,19.2
CUST-000247,2023-04-02,North America,Pro,Technology,Enterprise,146.11,21,True,16,3,37.1
CUST-000248,2021-05-01,Latin America,Enterprise,Education,SMB,499.74,44,False,46,2,51.6
CUST-000249,2021-12-04,Latin America,Basic,Manufacturing,Mid-Market,37.86,37,False,35,2,18.7
CUST-000250,2023-02-16,Asia Pacific,Basic,Manufacturing,Enterprise,45.92,22,False,100,2,10.1
CUST-000251,2021-01-05,North America,Basic,Finance,SMB,61.07,48,False,9,1,52.0
CUST-000252,2023-03-11,North America,Enterprise,Education,SMB,500.47,22,False,56,4,40.5
CUST-000253,2022-06-28,Asia Pacific,Pro,Healthcare,Startup,143.59,30,False,13,3,11.4
CUST-000254,2023-07-21,North America,Basic,Healthcare,Startup,49.29,17,False,51,2,25.5
CUST-000255,2022-08-08,North America,Enterprise,Finance,Mid-Market,499.84,29,False,63,2,41.6
CUST-000256,2023-05-17,Europe,Basic,Manufacturing,SMB,45.27,19,False,28,2,16.6
CUST-000257,2024-02-13,Asia Pacific,Basic,Healthcare,Mid-Market,56.72,10,True,20,1,44.8
CUST-000258,2023-09-24,Europe,Pro,Finance,Mid-Market,130.72,15,False,31,1,27.1
CUST-000259,2021-11-14,Europe,Basic,Healthcare,Mid-Market,53.72,38,False,20,0,34.1
CUST-000260,2022-01-24,North America,Enterprise,Retail,Mid-Market,493.27,35,False,67,6,71.2
CUST-000261,2022-08-31,Europe,Basic,Technology,Startup,59.46,28,False,31,4,7.6
CUST-000262,2022-03-22,Latin America,Pro,Manufacturing,Mid-Market,136.25,33,False,43,1,38.4
CUST-000263,2021-04-30,North America,Pro,Retail,SMB,158.39,44,True,44,2,37.5
CUST-000264,2024-04-01,Europe,Basic,Finance,SMB,41.11,9,False,52,0,7.2
CUST-000265,2024-01-16,Asia Pacific,Enterprise,Finance,Startup,502.22,11,False,25,3,25.2
CUST-000266,2021-05-05,Europe,Pro,Retail,Enterprise,144.35,44,False,50,4,10.4
CUST-000267,2022-10-05,Europe,Basic,Technology,Enterprise,60.27,27,False,61,2,13.5
CUST-000268,2021-04-28,Europe,Basic,Technology,SMB,47.09,44,True,31,3,45.3
CUST-000269,2021-04-13,North America,Enterprise,Education,SMB,491.77,45,False,8,2,52.3
CUST-000270,2024-04-11,North America,Basic,Healthcare,Mid-Market,62.99,8,False,62,2,18.0
CUST-000271,2023-09-04,Asia Pacific,Basic,Education,SMB,46.2,16,False,38,3,30.9
CUST-000272,2023-10-27,Asia Pacific,Basic,Technology,Startup,54.22,14,False,35,2,27.1
CUST-000273,2023-12-24,Asia Pacific,Basic,Retail,Mid-Market,58.39,12,False,48,3,17.7
CUST-000274,2021-11-19,Asia Pacific,Pro,Healthcare,Startup,140.21,37,False,63,3,19.6
CUST-000275,2021-04-27,Europe,Basic,Retail,SMB,53.22,44,False,30,2,15.8
CUST-000276,2023-11-07,Europe,Basic,Education,SMB,54.57,14,False,60,1,48.5
CUST-000277,2021-06-14,Asia Pacific,Basic,Finance,SMB,33.53,43,False,36,0,59.6
CUST-000278,2022-01-16,Europe,Basic,Retail,Startup,52.23,36,False,47,2,25.1
CUST-000279,2021-05-21,Europe,Enterprise,Education,SMB,495.46,44,False,22,2,18.7
CUST-000280,2021-05-20,Asia Pacific,Basic,Education,SMB,65.2,44,False,29,2,12.5
CUST-000281,2022-04-27,Asia Pacific,Enterprise,Education,SMB,507.66,32,False,56,4,33.1
CUST-000282,2023-04-07,North America,Basic,Finance,Mid-Market,53.39,21,False,-4,4,47.4
CUST-000283,2021-09-03,North America,Basic,Finance,Enterprise,28.59,40,False,49,1,44.2
CUST-000284,2024-03-12,North America,Enterprise,Finance,Startup,503.45,9,False,42,3,34.1
CUST-000285,2022-05-20,Europe,Basic,Healthcare,Mid-Market,41.39,31,False,68,1,20.1
CUST-000286,2024-03-31,North America,Pro,Finance,SMB,157.74,9,False,55,3,12.2
CUST-000287,2021-03-23,Europe,Enterprise,Finance,SMB,497.4,45,False,38,1,31.5
CUST-000288,2021-06-17,Europe,Basic,Finance,SMB,43.81,43,False,9,5,32.7
CUST-000289,2023-05-09,North America,Basic,Retail,SMB,44.63,20,False,23,0,6.3
CUST-000290,2024-04-10,Europe,Pro,Finance,Mid-Market,145.3,8,False,30,0,33.7
CUST-000291,2024-03-03,North America,Basic,Healthcare,SMB,35.53,10,False,64,3,47.4
CUST-000292,2023-12-07,North America,Basic,Education,SMB,36.84,13,True,51,2,27.0
CUST-000293,2022-10-10,Asia Pacific,Basic,Retail,Mid-Market,45.65,27,False,19,5,11.3
CUST-000294,2022-06-19,North America,Basic,Technology,Startup,64.55,30,False,43,0,9.3
CUST-000295,2022-02-23,North America,Pro,Finance,Startup,156.14,34,False,25,2,40.0
CUST-000296,2022-10-06,Europe,Basic,Education,Startup,57.04,27,False,22,2,3.9
CUST-000297,2022-05-04,Asia Pacific,Basic,Education,Startup,60.97,32,False,47,3,17.0
CUST-000298,2022-06-28,North America,Pro,Retail,SMB,151.81,30,False,32,3,46.6
CUST-000299,2023-03-22,Europe,Basic,Technology,SMB,44.43,21,False,11,2,63.8
CUST-000300,2021-09-26,North America,Basic,Manufacturing,SMB,44.89,39,False,51,1,42.2
CUST-000301,2022-09-07,North America,Pro,Healthcare,Startup,140.74,28,False,38,3,28.6
CUST-000302,2023-07-26,Europe,Basic,Manufacturing,Mid-Market,57.11,17,False,27,1,47.4
CUST-000303,2022-10-10,Europe,Pro,Education,Mid-Market,139.64,27,False,64,2,28.9
CUST-000304,2021-05-29,Europe,Enterprise,Manufacturing,Enterprise,519.9,43,True,56,3,42.3
CUST-000305,2021-01-20,Europe,Basic,Education,Enterprise,39.97,48,False,37,1,42.5
CUST-000306,2023-07-28,Latin America,Pro,Manufacturing,Enterprise,161.23,17,False,0,0,17.9
CUST-000307,2024-02-28,Europe,Basic,Education,Mid-Market,61.28,10,False,57,1,23.7
CUST-000308,2021-07-24,North America,Basic,Education,Mid-Market,55.24,41,True,25,2,57.3
CUST-000309,2021-05-31,Asia Pacific,Enterprise,Retail,Startup,515.21,43,False,31,4,37.3
CUST-000310,2024-01-07,North America,Enterprise,Technology,Mid-Market,497.04,11,False,28,4,42.4
CUST-000311,2022-03-13,North America,Basic,Education,Startup,50.28,34,False,9,1,24.7
CUST-000312,2023-11-03,North America,Pro,Healthcare,Mid-Market,151.24,14,False,44,2,17.5
CUST-000313,2022-06-28,North America,Enterprise,Healthcare,SMB,504.9,30,False,18,1,63.6
CUST-000314,2021-09-29,Latin America,Enterprise,Finance,Mid-Market,480.81,39,False,43,3,22.5
CUST-000315,2022-12-16,Asia Pacific,Pro,Education,Startup,147.94,24,False,16,3,41.4
CUST-000316,2021-05-21,Europe,Basic,Education,SMB,57.58,44,False,25,3,18.2
CUST-000317,2022-05-16,North America,Basic,Education,SMB,45.28,32,False,42,2,45.8
CUST-000318,2023-01-27,North America,Enterprise,Manufacturing,SMB,518.6,23,False,37,4,46.2
CUST-000319,2022-08-07,North America,Basic,Education,SMB,50.28,29,False,47,0,20.9
CUST-000320,2021-11-20,North America,Pro,Education,Startup,154.15,37,False,48,2,49.2
CUST-000321,2023-06-17,Europe,Basic,Healthcare,SMB,64.51,18,False,61,1,7.3
CUST-000322,2024-01-18,Europe,Basic,Technology,SMB,50.29,11,False,34,3,9.3
CUST-000323,2022-09-12,Europe,Basic,Technology,Mid-Market,64.35,28,False,59,5,7.8
CUST-000324,2023-12-20,North America,Enterprise,Finance,SMB,504.83,12,False,28,3,32.0
CUST-000325,2021-01-17,Latin America,Basic,Healthcare,SMB,54.85,48,False,50,3,21.7
CUST-000326,2024-02-10,Europe,Pro,Education,Enterprise,140.11,10,False,57,2,4.8
CUST-000327,2022-09-06,Europe,Basic,Technology,SMB,60.06,28,False,57,4,56.5
CUST-000328,2021-08-01,Europe,Basic,Retail,SMB,42.94,41,False,5,4,42.4
CUST-000329,2021-10-03,North America,Basic,Retail,SMB,47.14,39,False,-27,4,6.0
CUST-000330,2022-06-26,North America,Pro,Retail,Mid-Market,161.59,30,False,46,2,55.8
CUST-000331,2021-08-25,North America,Basic,Education,SMB,45.33,40,False,35,3,8.4
CUST-000332,2021-08-08,Asia Pacific,Basic,Education,SMB,52.48,41,False,40,1,4.1
CUST-000333,2024-02-08,North America,Basic,Finance,Mid-Market,48.46,10,False,36,0,31.3
CUST-000334,2021-11-15,North America,Basic,Finance,Startup,48.81,38,True,28,3,23.9
CUST-000335,2022-07-12,North America,Enterprise,Finance,Mid-Market,497.51,30,False,46,2,54.1
CUST-000336,2022-08-01,North America,Enterprise,Manufacturing,SMB,488.64,29,False,41,4,23.0
CUST-000337,2022-03-08,Asia Pacific,Basic,Retail,SMB,54.45,34,False,32,0,49.3
CUST-000338,2022-12-04,Europe,Pro,Education,Mid-Market,155.34,25,False,35,2,49.5
CUST-000339,2022-02-21,Europe,Enterprise,Retail,SMB,493.18,34,False,47,2,51.9
CUST-000340,2022-06-25,North America,Basic,Finance,Mid-Market,44.58,30,False,23,2,5.3
CUST-000341,2023-11-02,Europe,Pro,Education,Enterprise,158.13,14,False,12,5,41.1
CUST-000342,2023-09-28,Europe,Enterprise,Healthcare,SMB,496.36,15,False,12,2,43.6
CUST-000343,2022-05-30,North America,Basic,Technology,Enterprise,49.93,31,False,24,2,28.7
CUST-000344,2021-04-15,North America,Basic,Technology,Startup,40.18,45,False,64,7,55.1
CUST-000345,2021-07-09,North America,Enterprise,Finance,Mid-Market,498.37,42,False,37,1,68.6
CUST-000346,2023-05-18,Europe,Pro,Retail,SMB,140.24,19,False,21,3,35.3
CUST-000347,2022-07-21,Europe,Basic,Healthcare,SMB,42.95,29,True,39,2,23.3
CUST-000348,2021-04-01,North America,Basic,Education,Startup,41.36,45,False,14,2,40.2
CUST-000349,2021-01-08,North America,Basic,Retail,SMB,57.63,48,False,31,3,61.6
CUST-000350,2022-11-15,Europe,Pro,Finance,Startup,135.7,25,False,26,5,20.0
CUST-000351,2021-09-25,Europe,Pro,Retail,Enterprise,151.67,39,False,8,2,62.7
CUST-000352,2022-06-21,Asia Pacific,Enterprise,Finance,Mid-Market,496.77,30,False,56,0,61.9
CUST-000353,2021-11-27,Europe,Basic,Manufacturing,Startup,62.96,37,False,27,2,17.3
CUST-000354,2023-06-24,North America,Pro,Technology,Startup,156.79,18,False,34,2,23.6
CUST-000355,2024-02-04,North America,Pro,Technology,Mid-Market,136.6,11,False,48,4,79.5
CUST-000356,2023-05-26,Europe,Basic,Retail,SMB,43.39,19,False,42,1,32.0
CUST-000357,2024-02-23,North America,Basic,Healthcare,Startup,48.86,10,False,36,0,43.5
CUST-000358,2021-01-20,Europe,Enterprise,Education,SMB,493.39,48,False,30,2,64.1
CUST-000359,2021-08-18,Asia Pacific,Enterprise,Finance,SMB,508.08,41,False,49,2,25.0
CUST-000360,2021-06-04,Europe,Basic,Education,Startup,50.7,43,False,34,3,36.4
CUST-000361,2021-11-02,North America,Pro,Technology,Mid-Market,147.07,38,False,37,6,8.5
CUST-000362,2024-01-23,Europe,Basic,Healthcare,Mid-Market,58.81,11,False,57,5,3.1
CUST-000363,2021-03-15,Europe,Pro,Healthcare,Startup,137.23,46,True,58,0,42.7
CUST-000364,2023-01-27,Europe,Pro,Education,Enterprise,146.34,23,True,40,2,20.0
CUST-000365,2024-04-07,Asia Pacific,Pro,Technology,SMB,151.48,8,False,37,4,9.6
CUST-000366,2024-02-06,North America,Enterprise,Education,SMB,497.59,10,False,48,1,16.2
CUST-000367,2021-10-31,Latin America,Pro,Retail,Startup,117.95,38,False,29,0,11.4
CUST-000368,2023-05-31,Asia Pacific,Basic,Healthcare,Startup,52.39,19,False,30,2,33.2
CUST-000369,2021-09-19,North America,Pro,Healthcare,SMB,154.03,39,False,33,4,7.6
CUST-000370,2021-03-27,North America,Basic,Retail,Startup,38.87,45,False,14,6,36.1
CUST-000371,2022-09-24,North America,Basic,Technology,SMB,27.17,27,False,82,0,27.8
CUST-000372,2023-01-17,North America,Basic,Healthcare,Startup,42.22,23,False,27,1,40.4
CUST-000373,2021-03-23,North America,Basic,Manufacturing,Mid-Market,46.97,45,True,44,2,25.8
CUST-000374,2023-01-03,Europe,Pro,Manufacturing,Mid-Market,147.89,24,False,34,2,27.5
CUST-000375,2022-03-07,North America,Basic,Manufacturing,SMB,29.33,34,False,48,2,27.5
CUST-000376,2022-05-27,North America,Pro,Finance,Mid-Market,151.03,31,False,27,1,14.7
CUST-000377,2021-07-30,Asia Pacific,Pro,Finance,Enterprise,159.29,41,False,39,3,55.8
CUST-000378,2022-12-26,North America,Basic,Technology,Mid-Market,58.57,24,False,17,4,16.6
CUST-000379,2024-02-21,Asia Pacific,Pro,Retail,SMB,161.22,10,False,59,4,21.6
CUST-000380,2023-04-13,North America,Basic,Education,SMB,36.87,20,False,48,4,22.0
CUST-000381,2021-11-13,North America,Basic,Technology,Mid-Market,57.79,38,False,6,1,42.9
CUST-000382,2022-04-30,Europe,Pro,Education,Startup,139.66,32,False,35,2,37.9
CUST-000383,2021-11-29,Europe,Basic,Technology,SMB,56.89,37,False,7,4,28.7
CUST-000384,2021-12-29,Asia Pacific,Basic,Finance,SMB,41.63,36,False,19,5,20.6
CUST-000385,2023-04-25,Europe,Pro,Manufacturing,Mid-Market,152.52,20,False,53,3,40.6
CUST-000386,2021-02-20,Asia Pacific,Pro,Retail,Mid-Market,164.35,47,False,-14,1,11.0
CUST-000387,2022-01-03,North America,Basic,Finance,SMB,58.33,36,True,55,3,46.7
CUST-000388,2022-11-12,North America,Enterprise,Retail,Startup,489.78,26,False,42,3,27.0
CUST-000389,2023-04-24,Asia Pacific,Pro,Education,Enterprise,137.61,20,False,33,0,29.4
CUST-000390,2022-05-24,Asia Pacific,Enterprise,Technology,Startup,506.76,31,False,52,1,49.7
CUST-000391,2022-07-01,Latin America,Basic,Healthcare,Startup,62.19,30,True,89,2,27.2
CUST-000392,2021-11-23,North America,Pro,Healthcare,SMB,153.3,37,False,8,0,45.5
CUST-000393,2021-08-10,North America,Enterprise,Retail,Mid-Market,493.89,41,False,68,0,35.2
CUST-000394,2023-02-23,Asia Pacific,Pro,Manufacturing,Mid-Market,149.42,22,False,54,3,40.9
CUST-000395,2021-03-21,North America,Pro,Manufacturing,Enterprise,153.32,46,False,20,1,7.6
CUST-000396,2023-08-22,Asia Pacific,Basic,Retail,Startup,48.1,16,False,45,3,9.1
CUST-000397,2022-04-01,Asia Pacific,Basic,Finance,SMB,39.79,33,False,12,1,29.8
CUST-000398,2022-02-13,North America,Basic,Healthcare,SMB,59.64,35,False,25,4,20.9
CUST-000399,2023-08-01,Asia Pacific,Basic,Finance,Mid-Market,67.78,17,False,-7,1,12.2
CUST-000400,2022-12-18,Asia Pacific,Enterprise,Education,SMB,513.27,24,False,8,3,41.7
CUST-000401,2022-09-18,North America,Basic,Healthcare,Startup,27.29,27,False,42,2,26.8
CUST-000402,2022-04-12,Asia Pacific,Enterprise,Education,Mid-Market,510.56,33,False,44,3,42.2
CUST-000403,2022-04-02,Europe,Enterprise,Technology,SMB,504.78,33,False,44,4,39.9
CUST-000404,2021-02-18,Asia Pacific,Basic,Finance,SMB,42.43,47,False,47,2,35.4
CUST-000405,2022-01-31,North America,Basic,Retail,Mid-Market,29.38,35,False,37,3,23.4
CUST-000406,2023-03-28,Asia Pacific,Enterprise,Healthcare,SMB,497.86,21,False,48,1,39.9
CUST-000407,2022-11-04,North America,Enterprise,Finance,Startup,502.64,26,False,56,0,48.4
CUST-000408,2022-07-25,North America,Basic,Retail,SMB,37.93,29,False,39,1,15.7
CUST-000409,2021-05-23,Asia Pacific,Basic,Technology,SMB,61.32,43,False,26,1,23.4
CUST-000410,2022-07-26,North America,Pro,Healthcare,Startup,161.08,29,False,32,0,23.7
CUST-000411,2022-12-21,North America,Pro,Education,Mid-Market,153.68,24,True,18,4,4.4
CUST-000412,2023-11-10,Latin America,Basic,Technology,Startup,35.27,13,False,52,1,43.9
CUST-000413,2023-03-30,Latin America,Pro,Manufacturing,Enterprise,146.38,21,False,2,0,36.0
CUST-000414,2024-01-04,Europe,Basic,Retail,Startup,56.24,12,False,31,3,19.5
CUST-000415,2022-11-10,Europe,Basic,Healthcare,SMB,55.58,26,True,46,5,12.9
CUST-000416,2021-02-26,North America,Basic,Healthcare,SMB,42.01,46,False,14,1,7.7
CUST-000417,2021-08-25,North America,Basic,Technology,Mid-Market,43.48,40,False,7,3,9.7
CUST-000418,2022-06-19,North America,Basic,Healthcare,SMB,41.75,30,False,-10,5,13.4
CUST-000419,2022-01-01,Europe,Basic,Retail,Mid-Market,46.17,36,False,29,3,8.2
CUST-000420,2024-04-04,Asia Pacific,Basic,Technology,Mid-Market,44.13,9,False,12,4,24.1
CUST-000421,2022-06-28,Asia Pacific,Basic,Education,Enterprise,42.31,30,False,52,2,25.0
CUST-000422,2021-03-20,Asia Pacific,Basic,Technology,Mid-Market,47.62,46,True,3,1,14.2
CUST-000423,2021-08-11,North America,Enterprise,Technology,Startup,499.4,41,False,45,2,55.9
CUST-000424,2023-06-09,Europe,Basic,Education,Mid-Market,59.87,19,False,8,2,39.7
CUST-000425,2022-12-09,North America,Basic,Manufacturing,Enterprise,31.19,25,False,4,1,21.5
CUST-000426,2022-10-05,Europe,Pro,Retail,Enterprise,161.19,27,False,10,1,25.2
CUST-000427,2023-06-13,North America,Enterprise,Manufacturing,Startup,491.53,18,False,56,1,53.8
CUST-000428,2023-11-14,Asia Pacific,Basic,Manufacturing,Mid-Market,67.61,13,False,10,2,52.7
CUST-000429,2021-08-25,North America,Pro,Manufacturing,Startup,155.73,40,False,57,3,35.9
CUST-000430,2023-02-28,North America,Pro,Finance,SMB,154.47,22,False,39,3,20.7
CUST-000431,2024-03-26,North America,Pro,Manufacturing,Mid-Market,147.96,9,False,24,3,32.5
CUST-000432,2022-01-25,Asia Pacific,Basic,Finance,Enterprise,69.63,35,False,13,2,5.4
CUST-000433,2022-06-06,Europe,Pro,Education,SMB,148.69,31,False,73,2,44.7
CUST-000434,2021-04-01,North America,Basic,Retail,Mid-Market,64.12,45,False,23,3,30.4
CUST-000435,2023-06-13,North America,Pro,Manufacturing,Startup,143.25,18,False,23,2,35.1
CUST-000436,2021-01-04,Europe,Pro,Healthcare,Startup,156.17,48,False,64,3,25.0
CUST-000437,2023-12-01,North America,Basic,Education,SMB,67.98,13,True,67,1,22.3
CUST-000438,2024-01-08,Asia Pacific,Pro,Finance,SMB,140.52,11,False,32,4,46.3
CUST-000439,2022-02-08,Europe,Basic,Retail,Mid-Market,53.91,35,False,58,2,7.6
CUST-000440,2023-01-16,North America,Pro,Technology,SMB,141.94,23,False,22,3,39.6
CUST-000441,2023-06-03,North America,Basic,Retail,SMB,53.3,19,False,79,1,30.4
CUST-000442,2021-05-24,Latin America,Basic,Retail,SMB,67.94,43,False,8,3,49.9
CUST-000443,2022-11-08,North America,Basic,Manufacturing,SMB,39.67,26,False,16,1,66.8
CUST-000444,2022-10-05,North America,Enterprise,Manufacturing,Enterprise,500.56,27,False,61,2,25.1
CUST-000445,2021-09-13,Asia Pacific,Basic,Finance,SMB,40.66,40,False,29,8,36.2
CUST-000446,2022-09-08,Asia Pacific,Basic,Finance,SMB,47.71,28,False,62,3,11.9
CUST-000447,2023-11-05,Latin America,Basic,Manufacturing,Mid-Market,55.21,14,False,25,3,39.9
CUST-000448,2022-09-26,Asia Pacific,Pro,Manufacturing,SMB,146.02,27,False,48,2,33.2
CUST-000449,2023-04-17,North America,Pro,Healthcare,Mid-Market,164.74,20,False,21,2,19.9
CUST-000450,2022-10-31,North America,Basic,Healthcare,Startup,53.83,26,False,33,1,28.5
CUST-000451,2023-04-05,Asia Pacific,Basic,Education,Startup,35.77,21,False,9,2,56.6
CUST-000452,2022-08-29,Europe,Basic,Manufacturing,Enterprise,52.2,28,False,34,7,39.0
CUST-000453,2024-02-10,North America,Basic,Technology,Mid-Market,63.61,10,False,17,1,34.7
CUST-000454,2021-09-18,Asia Pacific,Basic,Healthcare,SMB,54.42,40,False,76,4,44.5
CUST-000455,2022-01-28,North America,Pro,Finance,Mid-Market,151.61,35,False,28,1,34.8
CUST-000456,2023-05-12,Europe,Basic,Retail,Enterprise,46.02,19,False,11,2,10.3
CUST-000457,2023-02-16,North America,Basic,Education,Startup,48.03,22,False,48,3,20.6
CUST-000458,2021-12-23,Europe,Basic,Healthcare,Startup,49.11,36,False,10,3,18.4
CUST-000459,2024-03-11,North America,Enterprise,Retail,SMB,474.54,9,False,52,1,42.0
CUST-000460,2022-09-09,North America,Enterprise,Retail,Startup,503.64,28,False,23,5,24.4
CUST-000461,2023-04-12,North America,Pro,Healthcare,Startup,158.97,20,False,34,3,29.9
CUST-000462,2024-01-28,Europe,Basic,Technology,Mid-Market,41.52,11,False,31,0,29.7
CUST-000463,2021-01-01,Europe,Basic,Technology,Startup,51.32,48,False,29,5,14.7
CUST-000464,2022-09-15,Europe,Basic,Education,Mid-Market,52.54,27,False,36,1,17.9
CUST-000465,2022-08-11,Latin America,Basic,Technology,SMB,57.1,29,False,21,1,17.3
CUST-000466,2022-03-07,North America,Pro,Education,SMB,149.12,34,False,13,5,31.9
CUST-000467,2023-05-31,North America,Pro,Finance,Mid-Market,154.4,19,False,35,1,20.5
CUST-000468,2024-04-02,Asia Pacific,Enterprise,Healthcare,SMB,487.38,9,False,27,2,35.0
CUST-000469,2022-10-22,North America,Pro,Retail,Startup,138.86,26,False,9,4,27.7
CUST-000470,2023-08-11,Latin America,Basic,Education,Startup,53.31,16,True,47,1,14.7
CUST-000471,2023-06-24,North America,Pro,Technology,Mid-Market,146.7,18,False,34,2,12.3
CUST-000472,2023-06-25,Latin America,Basic,Education,Startup,33.19,18,False,13,0,40.0
CUST-000473,2022-03-14,North America,Basic,Manufacturing,Startup,52.47,34,False,30,2,22.0
CUST-000474,2023-11-13,Asia Pacific,Pro,Education,Enterprise,136.25,13,False,32,3,39.1
CUST-000475,2023-08-28,Europe,Basic,Technology,Enterprise,76.03,16,True,14,1,25.2
CUST-000476,2021-12-14,Latin America,Basic,Manufacturing,SMB,27.24,37,False,98,3,7.4
CUST-000477,2021-06-23,North America,Basic,Manufacturing,Startup,49.53,42,False,34,3,22.7
CUST-000478,2022-08-05,Europe,Pro,Technology,Mid-Market,137.84,29,False,30,0,19.1
CUST-000479,2023-11-22,Latin America,Pro,Manufacturing,Mid-Market,158.16,13,False,83,3,8.8
CUST-000480,2022-11-18,Europe,Basic,Healthcare,Startup,44.97,25,False,44,1,23.8
CUST-000481,2021-07-11,Europe,Pro,Retail,Startup,159.13,42,False,59,2,17.0
CUST-000482,2022-04-27,Europe,Basic,Healthcare,Mid-Market,56.67,32,False,36,2,28.1
CUST-000483,2022-09-28,Europe,Basic,Healthcare,Enterprise,38.32,27,False,36,1,29.1
CUST-000484,2022-04-06,Europe,Pro,Technology,Mid-Market,141.73,33,False,17,3,36.4
CUST-000485,2022-02-12,Europe,Pro,Technology,Startup,145.55,35,True,48,0,7.0
CUST-000486,2021-10-29,Asia Pacific,Enterprise,Retail,SMB,498.32,38,False,71,5,63.4
CUST-000487,2021-02-20,North America,Basic,Education,Mid-Market,47.04,47,False,66,3,24.0
CUST-000488,2021-04-05,North America,Pro,Healthcare,Startup,156.28,45,False,10,1,31.7
CUST-000489,2022-05-17,Latin America,Pro,Manufacturing,Startup,151.34,31,False,72,3,50.3
CUST-000490,2023-09-01,Asia Pacific,Enterprise,Retail,SMB,492.87,16,True,18,0,65.6
CUST-000491,2021-05-30,Europe,Basic,Healthcare,SMB,39.88,43,False,16,3,44.8
CUST-000492,2023-07-22,Europe,Pro,Education,SMB,140.84,17,False,17,1,16.1
CUST-000493,2023-04-29,North America,Pro,Manufacturing,Mid-Market,152.3,20,False,27,2,25.2
CUST-000494,2024-03-24,North America,Basic,Healthcare,Mid-Market,47.07,9,False,-3,3,26.7
CUST-000495,2022-02-03,Europe,Basic,Finance,Enterprise,69.8,35,True,36,2,31.5
CUST-000496,2023-02-26,North America,Basic,Retail,Mid-Market,49.0,22,False,29,3,8.6
CUST-000497,2023-10-10,Europe,Pro,Technology,SMB,150.89,14,False,35,3,47.3
CUST-000498,2023-03-30,North America,Enterprise,Healthcare,SMB,480.99,21,False,25,7,35.2
CUST-000499,2022-05-15,Latin America,Pro,Manufacturing,SMB,135.62,32,True,3,3,20.0
CUST-000500,2021-10-30,Latin America,Pro,Manufacturing,Startup,137.79,38,False,29,4,22.5
CUST-000501,2021-01-12,Europe,Pro,Retail,Enterprise,143.67,48,False,59,1,68.6
CUST-000502,2021-08-07,Europe,Basic,Retail,Startup,34.18,41,False,14,1,33.5
CUST-000503,2023-05-21,North America,Basic,Manufacturing,SMB,37.45,19,False,17,1,13.9
CUST-000504,2022-03-25,Asia Pacific,Basic,Manufacturing,SMB,55.65,33,False,44,2,37.2
CUST-000505,2021-12-27,Europe,Basic,Manufacturing,SMB,40.4,36,False,10,1,19.0
CUST-000506,2023-11-27,North America,Basic,Healthcare,Mid-Market,48.59,13,True,39,5,7.1
CUST-000507,2023-08-10,Asia Pacific,Pro,Manufacturing,SMB,154.92,16,False,43,0,26.4
CUST-000508,2021-04-13,Asia Pacific,Basic,Technology,Startup,58.47,45,False,23,1,41.5
CUST-000509,2024-02-16,Asia Pacific,Basic,Manufacturing,Startup,51.93,10,False,20,2,47.9
CUST-000510,2022-05-26,Europe,Basic,Technology,Enterprise,52.53,31,False,6,1,62.1
CUST-000511,2021-09-06,Europe,Basic,Healthcare,SMB,58.77,40,False,19,0,32.3
CUST-000512,2023-07-24,North America,Enterprise,Retail,SMB,503.14,17,False,46,3,55.4
CUST-000513,2021-10-01,Asia Pacific,Enterprise,Technology,SMB,509.35,39,False,51,3,32.2
CUST-000514,2023-08-10,Asia Pacific,Pro,Healthcare,Startup,127.57,16,False,36,3,34.6
CUST-000515,2023-12-24,North America,Basic,Manufacturing,SMB,48.16,12,False,22,5,4.3
CUST-000516,2024-02-19,North America,Pro,Healthcare,Mid-Market,149.56,10,False,36,1,21.9
CUST-000517,2022-10-12,North America,Pro,Manufacturing,Mid-Market,147.82,27,False,18,2,35.5
CUST-000518,2023-06-26,Asia Pacific,Pro,Healthcare,Mid-Market,150.23,18,False,38,0,20.5
CUST-000519,2023-10-31,Latin America,Basic,Retail,Startup,44.92,14,False,49,2,20.7
CUST-000520,2023-05-24,North America,Pro,Technology,SMB,156.89,19,False,25,2,5.0
CUST-000521,2024-01-28,Europe,Pro,Retail,Startup,143.64,11,False,18,0,28.1
CUST-000522,2023-07-03,North America,Pro,Finance,Startup,146.82,18,False,25,3,46.4
CUST-000523,2021-11-22,Latin America,Pro,Manufacturing,SMB,163.44,37,False,56,3,64.5
CUST-000524,2023-08-31,Asia Pacific,Basic,Technology,SMB,62.04,16,False,90,2,8.6
CUST-000525,2023-07-11,Asia Pacific,Pro,Retail,Mid-Market,150.58,17,False,47,2,4.7
CUST-000526,2022-06-15,Europe,Basic,Technology,Mid-Market,42.63,31,False,33,3,30.8
CUST-000527,2022-05-22,North America,Pro,Finance,Mid-Market,132.66,31,False,15,1,22.4
CUST-000528,2022-07-22,North America,Basic,Education,Mid-Market,47.69,29,False,14,2,16.9
CUST-000529,2023-12-04,North America,Basic,Manufacturing,Startup,54.08,13,False,43,3,11.9
CUST-000530,2023-09-20,Asia Pacific,Basic,Manufacturing,SMB,41.79,15,False,19,2,15.7
CUST-000531,2022-05-05,Asia Pacific,Pro,Healthcare,SMB,149.06,32,False,55,4,24.4
CUST-000532,2022-07-17,Latin America,Basic,Manufacturing,SMB,45.52,29,False,22,3,31.1
CUST-000533,2023-06-20,Latin America,Pro,Manufacturing,Startup,131.78,18,False,63,1,22.3
CUST-000534,2021-06-08,Europe,Pro,Retail,Startup,150.17,43,False,26,0,37.5
CUST-000535,2022-08-09,Asia Pacific,Basic,Manufacturing,SMB,53.35,29,False,57,2,42.7
CUST-000536,2022-04-26,Asia Pacific,Basic,Manufacturing,Mid-Market,50.59,32,False,48,2,25.4
CUST-000537,2022-07-11,Asia Pacific,Basic,Finance,Mid-Market,65.12,30,False,51,3,40.1
CUST-000538,2022-11-19,North America,Enterprise,Finance,SMB,495.78,25,False,33,5,17.4
CUST-000539,2022-10-17,Europe,Pro,Technology,SMB,144.99,26,False,21,2,62.5
CUST-000540,2024-01-12,North America,Basic,Technology,SMB,70.66,11,False,55,4,40.1
CUST-000541,2021-06-15,Latin America,Basic,Manufacturing,Mid-Market,36.51,43,True,70,3,48.9
CUST-000542,2021-10-11,Europe,Pro,Manufacturing,Startup,142.8,39,False,14,0,21.7
CUST-000543,2021-11-05,North America,Enterprise,Healthcare,Mid-Market,502.61,38,False,44,3,34.9
CUST-000544,2022-04-19,Europe,Pro,Technology,SMB,160.25,32,False,44,0,40.6
CUST-000545,2023-02-24,Europe,Pro,Retail,Startup,158.35,22,False,38,1,17.8
CUST-000546,2021-11-09,North America,Basic,Manufacturing,Startup,38.6,38,False,63,2,23.5
CUST-000547,2022-03-15,North America,Basic,Retail,Startup,65.28,34,False,19,0,28.9
CUST-000548,2021-05-12,Europe,Basic,Manufacturing,SMB,53.64,44,False,56,2,35.4
CUST-000549,2023-04-30,Europe,Basic,Retail,Mid-Market,40.81,20,True,29,0,19.3
CUST-000550,2023-04-15,Asia Pacific,Basic,Education,SMB,41.65,20,False,-11,0,6.7
CUST-000551,2022-11-09,Europe,Basic,Retail,SMB,49.72,26,False,5,1,15.5
CUST-000552,2024-01-17,Asia Pacific,Basic,Technology,Enterprise,70.52,11,False,35,2,22.5
CUST-000553,2023-08-13,Europe,Enterprise,Manufacturing,Startup,501.12,16,False,59,5,37.5
CUST-000554,2023-05-02,Europe,Pro,Technology,Startup,170.43,20,False,56,5,33.0
CUST-000555,2021-05-08,Asia Pacific,Pro,Retail,SMB,157.78,44,False,37,2,28.9
CUST-000556,2022-02-28,North America,Pro,Finance,Mid-Market,136.38,34,False,12,2,10.2
CUST-000557,2023-05-11,North America,Basic,Finance,Mid-Market,63.08,20,False,10,4,31.4
CUST-000558,2023-03-09,North America,Pro,Finance,SMB,139.56,22,False,43,1,40.5
CUST-000559,2024-04-11,Asia Pacific,Basic,Manufacturing,Enterprise,42.85,8,False,34,2,20.6
CUST-000560,2021-02-10,Europe,Pro,Healthcare,Mid-Market,151.76,47,False,54,2,3.6
CUST-000561,2024-03-25,Europe,Basic,Education,Startup,48.72,9,False,28,6,71.2
CUST-000562,2023-02-19,North America,Enterprise,Retail,Mid-Market,507.93,22,False,19,3,56.3
CUST-000563,2023-09-04,North America,Basic,Healthcare,Startup,54.02,16,False,29,1,6.1
CUST-000564,2021-01-13,North America,Basic,Finance,Mid-Market,47.82,48,False,34,4,3.5
CUST-000565,2022-12-22,North America,Enterprise,Retail,Startup,515.99,24,False,-5,2,26.2
CUST-000566,2022-09-04,Europe,Basic,Healthcare,Mid-Market,44.25,28,False,44,1,48.7
CUST-000567,2023-03-10,North America,Pro,Technology,SMB,139.0,22,False,37,2,34.3
CUST-000568,2023-05-09,North America,Pro,Finance,Mid-Market,153.63,20,False,53,4,4.5
CUST-000569,2024-01-08,Asia Pacific,Pro,Healthcare,SMB,148.82,11,False,50,1,4.3
CUST-000570,2024-01-24,North America,Enterprise,Manufacturing,Mid-Market,501.45,11,False,56,2,30.3
CUST-000571,2022-03-28,Europe,Enterprise,Technology,SMB,506.38,33,False,68,4,30.2
CUST-000572,2023-09-27,Asia Pacific,Basic,Finance,Enterprise,47.15,15,False,37,3,50.9
CUST-000573,2022-03-26,North America,Pro,Education,Mid-Market,167.59,33,False,-9,1,11.6
CUST-000574,2022-07-13,Europe,Pro,Finance,Startup,151.65,30,False,52,1,54.9
CUST-000575,2023-06-12,Asia Pacific,Pro,Manufacturing,Enterprise,144.5,18,False,58,2,29.9
CUST-000576,2023-09-22,Asia Pacific,Basic,Education,SMB,54.9,15,True,30,1,39.5
CUST-000577,2021-03-01,North America,Pro,Education,Mid-Market,148.15,46,False,-5,5,11.2
CUST-000578,2023-03-08,Asia Pacific,Enterprise,Education,Mid-Market,500.13,22,False,55,7,21.8
CUST-000579,2022-11-20,Europe,Enterprise,Retail,Startup,487.94,25,False,34,3,88.9
CUST-000580,2023-04-09,North America,Basic,Retail,Enterprise,39.07,21,False,8,1,34.9
CUST-000581,2021-12-05,Europe,Basic,Education,SMB,59.62,37,False,29,5,30.5
CUST-000582,2023-08-16,Latin America,Basic,Technology,Startup,36.66,16,False,34,2,14.9
CUST-000583,2021-09-19,Europe,Pro,Education,Mid-Market,147.78,39,False,29,2,6.8
CUST-000584,2023-12-30,North America,Pro,Healthcare,Mid-Market,152.26,12,False,24,3,4.1
CUST-000585,2021-02-25,Europe,Basic,Education,Startup,63.13,46,False,54,1,39.4
CUST-000586,2023-03-18,North America,Basic,Retail,Startup,44.19,21,False,62,4,10.0
CUST-000587,2024-03-01,North America,Basic,Retail,Mid-Market,56.59,10,False,73,1,45.0
CUST-000588,2021-02-25,North America,Basic,Healthcare,Startup,47.79,46,False,14,5,34.6
CUST-000589,2021-06-21,North America,Enterprise,Healthcare,Enterprise,477.2,42,False,61,5,21.4
CUST-000590,2023-05-28,North America,Pro,Finance,Mid-Market,149.46,19,False,38,4,38.4
CUST-000591,2021-10-05,North America,Basic,Technology,SMB,48.33,39,False,42,3,26.5
CUST-000592,2023-08-04,Europe,Pro,Technology,SMB,153.25,17,False,59,0,26.5
CUST-000593,2022-01-08,North America,Basic,Technology,SMB,42.57,36,False,34,1,63.5
CUST-000594,2021-04-13,North America,Enterprise,Manufacturing,SMB,493.64,45,False,31,3,32.3
CUST-000595,2022-06-17,Asia Pacific,Basic,Retail,Mid-Market,61.01,30,False,21,3,6.7
CUST-000596,2023-02-16,Europe,Basic,Technology,Enterprise,45.64,22,False,11,2,12.4
CUST-000597,2022-11-02,Europe,Basic,Finance,SMB,29.87,26,False,22,3,15.6
CUST-000598,2022-03-10,North America,Pro,Finance,SMB,153.9,34,False,38,1,37.6
CUST-000599,2023-07-21,North America,Pro,Technology,Startup,157.63,17,False,33,0,16.6
CUST-000600,2022-11-01,North America,Pro,Healthcare,Mid-Market,157.54,26,False,27,1,15.8
CUST-000601,2022-11-23,North America,Basic,Finance,Mid-Market,42.85,25,False,28,5,15.6
CUST-000602,2023-02-16,North America,Basic,Healthcare,Mid-Market,49.0,22,False,56,3,34.6
CUST-000603,2022-07-24,North America,Basic,Retail,Startup,54.31,29,False,38,0,20.7
CUST-000604,2023-05-14,North America,Pro,Manufacturing,Mid-Market,158.64,19,False,15,4,4.8
CUST-000605,2022-06-01,North America,Basic,Finance,SMB,54.02,31,False,36,2,29.9
CUST-000606,2021-06-17,Europe,Pro,Healthcare,Mid-Market,156.76,43,False,47,0,47.4
CUST-000607,2023-08-22,North America,Enterprise,Technology,Mid-Market,491.68,16,False,54,1,29.8
CUST-000608,2021-02-09,North America,Enterprise,Retail,Mid-Market,476.1,47,False,46,3,44.8
CUST-000609,2024-01-10,Europe,Basic,Education,SMB,59.54,11,False,51,0,11.7
CUST-000610,2021-04-17,Europe,Basic,Education,Mid-Market,39.54,45,False,45,3,18.6
CUST-000611,2022-12-18,North America,Basic,Technology,Startup,47.29,24,False,-5,0,5.9
CUST-000612,2022-04-05,Asia Pacific,Pro,Retail,Mid-Market,157.08,33,False,31,2,26.2
CUST-000613,2021-05-21,Europe,Pro,Retail,Startup,149.27,44,False,33,4,26.0
CUST-000614,2021-03-24,North America,Basic,Retail,SMB,56.03,45,False,75,2,6.6
CUST-000615,2021-03-05,Asia Pacific,Basic,Retail,Startup,73.55,46,False,50,4,53.6
CUST-000616,2022-05-22,Asia Pacific,Pro,Education,Mid-Market,154.52,31,False,29,3,11.8
CUST-000617,2022-02-13,North America,Enterprise,Healthcare,SMB,491.71,35,False,19,4,15.5
CUST-000618,2021-02-11,North America,Basic,Retail,Mid-Market,34.53,47,False,28,1,14.6
CUST-000619,2021-11-09,Asia Pacific,Pro,Healthcare,Mid-Market,155.77,38,False,18,1,35.7
CUST-000620,2022-05-04,Europe,Basic,Retail,Mid-Market,49.82,32,False,78,0,10.6
CUST-000621,2021-09-16,North America,Basic,Finance,Startup,35.21,40,False,34,0,40.7
CUST-000622,2023-08-28,North America,Enterprise,Manufacturing,Mid-Market,510.79,16,False,51,3,27.2
CUST-000623,2021-08-23,North America,Pro,Finance,SMB,156.24,40,False,45,2,19.4
CUST-000624,2024-03-01,Europe,Pro,Manufacturing,Startup,148.88,10,False,48,1,49.1
CUST-000625,2022-03-23,Europe,Basic,Finance,Startup,70.87,33,False,17,2,15.3
CUST-000626,2023-08-11,North America,Pro,Retail,SMB,159.23,16,False,61,0,34.1
CUST-000627,2022-06-09,Europe,Basic,Healthcare,Startup,39.09,31,False,33,3,13.3
CUST-000628,2023-01-26,Europe,Basic,Manufacturing,SMB,60.73,23,True,65,2,34.7
CUST-000629,2021-12-10,North America,Pro,Education,Startup,151.55,37,False,43,1,8.6
CUST-000630,2021-08-23,North America,Basic,Technology,SMB,67.93,40,False,70,3,30.5
CUST-000631,2021-12-02,Europe,Pro,Manufacturing,Startup,158.43,37,False,47,4,13.6
CUST-000632,2022-09-30,Asia Pacific,Pro,Manufacturing,SMB,153.84,27,False,31,1,16.1
CUST-000633,2021-08-10,Europe,Basic,Education,Enterprise,53.27,41,False,63,6,23.4
CUST-000634,2024-03-31,Europe,Basic,Retail,SMB,37.12,9,False,37,0,46.2
CUST-000635,2021-02-22,North America,Basic,Finance,SMB,43.88,46,False,45,3,17.8
CUST-000636,2022-10-01,North America,Basic,Finance,SMB,51.08,27,False,36,1,46.1
CUST-000637,2024-03-25,Europe,Pro,Healthcare,Startup,135.28,9,False,24,4,8.9
CUST-000638,2023-02-08,North America,Pro,Retail,Startup,153.67,23,False,31,5,44.5
CUST-000639,2023-03-24,North America,Basic,Education,Startup,41.57,21,False,49,3,54.8
CUST-000640,2022-02-11,North America,Basic,Retail,Enterprise,45.07,35,True,54,3,9.7
CUST-000641,2021-06-05,North America,Pro,Retail,Mid-Market,156.11,43,False,-5,3,33.1
CUST-000642,2022-05-13,North America,Pro,Finance,Mid-Market,143.44,32,False,41,3,12.0
CUST-000643,2021-07-28,North America,Basic,Education,Enterprise,53.69,41,False,33,0,29.5
CUST-000644,2022-09-10,North America,Basic,Technology,Enterprise,50.45,28,False,7,3,18.9
CUST-000645,2021-09-05,North America,Pro,Manufacturing,Mid-Market,138.41,40,False,52,3,63.1
CUST-000646,2024-03-05,Asia Pacific,Basic,Finance,Mid-Market,57.81,10,False,71,3,38.5
CUST-000647,2021-03-26,Europe,Basic,Education,SMB,58.33,45,False,64,3,13.4
CUST-000648,2022-12-13,Europe,Pro,Healthcare,Startup,158.87,24,False,-11,4,25.5
CUST-000649,2023-12-28,Asia Pacific,Pro,Manufacturing,SMB,168.08,12,False,41,2,22.4
CUST-000650,2023-05-28,Europe,Pro,Manufacturing,SMB,144.89,19,False,22,2,8.0
CUST-000651,2023-01-29,North America,Pro,Finance,Enterprise,129.5,23,False,26,1,5.8
CUST-000652,2021-05-22,Europe,Pro,Healthcare,SMB,142.43,43,False,29,2,13.4
CUST-000653,2023-11-03,Europe,Basic,Finance,Mid-Market,58.59,14,False,-9,4,35.3
CUST-000654,2022-11-30,Europe,Basic,Retail,SMB,48.19,25,False,-6,1,57.2
CUST-000655,2021-01-26,North America,Basic,Education,Startup,34.95,47,False,36,3,33.2
CUST-000656,2023-05-11,North America,Basic,Healthcare,SMB,32.17,20,False,39,2,33.9
CUST-000657,2023-10-01,North America,Pro,Manufacturing,SMB,163.2,15,False,31,3,44.2
CUST-000658,2021-08-05,North America,Enterprise,Finance,SMB,505.09,41,False,10,1,34.3
CUST-000659,2023-06-07,Europe,Enterprise,Manufacturing,SMB,494.03,19,False,26,4,67.6
CUST-000660,2023-01-12,Europe,Pro,Healthcare,Startup,167.83,23,False,63,2,11.3
CUST-000661,2023-07-31,North America,Basic,Manufacturing,SMB,75.49,17,True,27,2,25.8
CUST-000662,2021-11-10,Latin America,Basic,Finance,Mid-Market,59.35,38,False,24,1,33.9
CUST-000663,2023-06-11,Europe,Pro,Finance,SMB,156.55,18,False,59,3,33.3
CUST-000664,2021-12-27,North America,Pro,Technology,SMB,154.28,36,False,30,2,29.9
CUST-000665,2023-12-05,North America,Pro,Manufacturing,Startup,157.56,13,True,48,1,7.9
CUST-000666,2022-07-08,North America,Pro,Technology,Startup,168.58,30,False,44,1,37.1
CUST-000667,2024-01-08,North America,Pro,Technology,SMB,139.27,11,False,17,2,13.9
CUST-000668,2023-09-18,North America,Pro,Manufacturing,SMB,145.61,15,False,15,1,32.2
CUST-000669,2023-08-11,North America,Basic,Healthcare,SMB,48.52,16,False,8,2,24.4
CUST-000670,2023-06-12,North America,Pro,Retail,Mid-Market,154.74,18,False,14,2,4.0
CUST-000671,2022-07-04,North America,Enterprise,Finance,Startup,514.65,30,False,51,2,40.6
CUST-000672,2022-10-23,Asia Pacific,Basic,Education,Startup,53.13,26,False,18,4,43.3
CUST-000673,2022-05-18,North America,Pro,Technology,SMB,155.25,31,False,32,1,8.4
CUST-000674,2021-06-27,Europe,Basic,Healthcare,SMB,55.77,42,False,29,4,15.8
CUST-000675,2022-07-26,North America,Enterprise,Manufacturing,SMB,499.23,29,False,42,1,45.5
CUST-000676,2023-07-13,Latin America,Basic,Healthcare,Mid-Market,44.84,17,False,7,4,27.7
CUST-000677,2022-05-15,North America,Pro,Healthcare,Mid-Market,149.75,32,False,56,6,9.8
CUST-000678,2023-08-10,North America,Basic,Manufacturing,Startup,42.46,16,False,63,4,57.4
CUST-000679,2024-03-13,Latin America,Pro,Education,Enterprise,142.63,9,False,34,3,20.2
CUST-000680,2023-02-16,Asia Pacific,Basic,Manufacturing,Startup,52.68,22,False,-9,0,27.2
CUST-000681,2022-11-20,Asia Pacific,Basic,Education,Mid-Market,44.22,25,False,17,5,40.6
CUST-000682,2021-02-28,North America,Basic,Manufacturing,Mid-Market,67.47,46,False,41,1,27.6
CUST-000683,2023-10-10,North America,Enterprise,Technology,Mid-Market,500.47,14,False,42,5,31.6
CUST-000684,2022-10-28,Europe,Basic,Education,SMB,62.59,26,False,29,4,11.3
CUST-000685,2022-01-08,Asia Pacific,Basic,Technology,SMB,36.55,36,False,57,2,13.0
CUST-000686,2023-09-26,Europe,Pro,Education,SMB,136.86,15,False,23,1,21.8
CUST-000687,2022-03-11,Europe,Pro,Education,Startup,147.89,34,False,54,2,8.4
CUST-000688,2022-12-28,North America,Enterprise,Manufacturing,Startup,508.37,24,False,35,3,52.1
CUST-000689,2022-06-14,Asia Pacific,Basic,Education,SMB,44.1,31,True,23,2,22.8
CUST-000690,2022-11-29,North America,Pro,Technology,SMB,148.0,25,False,49,1,14.0
CUST-000691,2022-07-27,North America,Basic,Manufacturing,Mid-Market,59.0,29,False,34,3,55.2
CUST-000692,2022-07-20,North America,Basic,Finance,Startup,45.12,29,False,52,2,31.5
CUST-000693,2024-02-13,Europe,Pro,Technology,Mid-Market,141.42,10,False,93,2,26.2
CUST-000694,2021-01-21,North America,Pro,Finance,Startup,156.08,48,False,16,2,35.5
CUST-000695,2023-11-25,North America,Pro,Healthcare,Mid-Market,135.96,13,False,52,1,8.4
CUST-000696,2022-01-27,Europe,Basic,Manufacturing,SMB,45.26,35,False,47,4,26.2
CUST-000697,2021-06-25,North America,Basic,Healthcare,SMB,50.14,42,False,70,3,22.1
CUST-000698,2022-05-10,Europe,Basic,Manufacturing,Mid-Market,54.29,32,False,53,1,19.6
CUST-000699,2023-04-13,North America,Enterprise,Manufacturing,SMB,507.23,20,False,66,1,18.2
CUST-000700,2023-09-28,Europe,Basic,Technology,Startup,58.79,15,False,15,1,15.1
CUST-000701,2024-02-12,Europe,Basic,Finance,SMB,45.98,10,False,9,3,38.8
CUST-000702,2022-05-08,North America,Basic,Manufacturing,Startup,58.58,32,False,16,4,20.0
CUST-000703,2023-09-03,North America,Pro,Finance,SMB,154.06,16,False,31,0,60.6
CUST-000704,2023-10-03,North America,Basic,Manufacturing,SMB,56.21,15,False,62,2,22.1
CUST-000705,2023-07-07,North America,Enterprise,Finance,Mid-Market,492.66,18,False,67,1,67.6
CUST-000706,2021-02-05,Latin America,Basic,Healthcare,Mid-Market,55.65,47,False,27,3,28.3
CUST-000707,2021-07-10,North America,Enterprise,Technology,Startup,497.47,42,False,32,2,44.9
CUST-000708,2022-08-26,Asia Pacific,Basic,Manufacturing,Mid-Market,49.48,28,False,11,4,17.8
CUST-000709,2022-03-30,North America,Pro,Retail,SMB,150.65,33,False,36,5,12.4
CUST-000710,2023-04-09,Europe,Enterprise,Finance,SMB,520.13,21,False,31,2,52.7
CUST-000711,2022-05-14,Asia Pacific,Basic,Finance,SMB,39.85,32,False,31,3,26.1
CUST-000712,2022-09-20,Europe,Enterprise,Retail,Mid-Market,510.89,27,False,58,1,57.0
CUST-000713,2024-04-06,Europe,Basic,Technology,SMB,63.3,8,False,43,2,37.0
CUST-000714,2023-01-26,North America,Enterprise,Finance,Mid-Market,507.26,23,False,8,2,52.4
CUST-000715,2023-08-28,North America,Pro,Technology,Startup,143.65,16,False,-16,1,36.2
CUST-000716,2024-02-08,Asia Pacific,Basic,Finance,Enterprise,65.97,10,False,46,1,31.3
CUST-000717,2023-12-24,Asia Pacific,Basic,Education,Mid-Market,45.68,12,False,39,3,47.9
CUST-000718,2022-12-06,Latin America,Basic,Finance,SMB,55.87,25,True,42,3,58.5
CUST-000719,2023-05-22,North America,Basic,Education,Mid-Market,50.21,19,False,39,3,17.6
CUST-000720,2024-02-02,Europe,Basic,Manufacturing,SMB,45.31,11,False,12,1,46.7
CUST-000721,2022-11-09,Asia Pacific,Basic,Technology,Startup,54.47,26,False,31,7,20.2
CUST-000722,2022-12-22,North America,Basic,Finance,Startup,67.79,24,False,28,2,18.1
CUST-000723,2023-07-19,North America,Pro,Healthcare,Startup,151.56,17,False,33,1,34.4
CUST-000724,2022-07-09,Europe,Basic,Healthcare,Mid-Market,68.78,30,False,52,3,41.2
CUST-000725,2022-09-20,Europe,Basic,Retail,SMB,47.17,27,False,23,2,20.8
CUST-000726,2022-05-30,Asia Pacific,Pro,Healthcare,SMB,149.77,31,False,11,4,10.2
CUST-000727,2022-04-18,North America,Basic,Education,Startup,36.74,32,False,61,1,5.1
CUST-000728,2021-09-05,Asia Pacific,Basic,Healthcare,SMB,43.42,40,False,20,2,27.8
CUST-000729,2022-01-30,North America,Basic,Healthcare,SMB,46.82,35,False,58,0,35.0
CUST-000730,2022-10-09,North America,Enterprise,Healthcare,Mid-Market,495.71,27,False,78,1,78.1
CUST-000731,2021-09-02,North America,Pro,Finance,Enterprise,139.4,40,False,65,1,45.2
CUST-000732,2024-01-03,Asia Pacific,Basic,Retail,SMB,41.38,12,False,48,2,10.7
CUST-000733,2022-01-15,Europe,Pro,Technology,SMB,146.13,36,False,31,4,10.2
CUST-000734,2022-01-28,Europe,Pro,Retail,SMB,160.87,35,False,53,3,34.8
CUST-000735,2022-03-20,North America,Pro,Education,Mid-Market,134.04,33,False,34,5,8.8
CUST-000736,2023-09-19,Asia Pacific,Pro,Finance,Startup,128.18,15,False,63,2,30.7
CUST-000737,2022-07-21,North America,Pro,Manufacturing,SMB,131.39,29,False,47,5,30.6
CUST-000738,2023-12-11,Asia Pacific,Basic,Finance,Mid-Market,40.53,12,False,42,1,18.9
CUST-000739,2022-08-03,North America,Basic,Healthcare,Startup,55.37,29,False,35,0,28.2
CUST-000740,2021-07-25,North America,Basic,Healthcare,SMB,45.44,41,False,25,4,13.3
CUST-000741,2022-02-02,Europe,Enterprise,Education,Mid-Market,495.3,35,False,34,2,48.6
CUST-000742,2022-08-30,North America,Pro,Manufacturing,Startup,145.08,28,False,40,3,20.1
CUST-000743,2022-04-11,Europe,Pro,Finance,SMB,130.22,33,False,29,3,55.3
CUST-000744,2023-01-10,Europe,Enterprise,Manufacturing,SMB,507.61,24,False,40,4,35.6
CUST-000745,2022-01-03,North America,Basic,Technology,SMB,62.11,36,True,54,1,35.8
CUST-000746,2022-09-12,Asia Pacific,Pro,Retail,Startup,145.65,28,False,40,2,54.9
CUST-000747,2021-01-29,North America,Pro,Finance,Enterprise,149.85,47,False,24,3,54.7
CUST-000748,2023-12-30,Europe,Enterprise,Manufacturing,Startup,500.19,12,False,-20,4,50.0
CUST-000749,2021-09-17,Asia Pacific,Enterprise,Technology,Mid-Market,488.32,40,False,59,2,64.8
CUST-000750,2022-07-16,Europe,Pro,Technology,Startup,144.59,29,False,32,3,4.5
CUST-000751,2021-04-04,North America,Basic,Retail,SMB,66.86,45,False,39,4,17.2
CUST-000752,2021-04-22,Asia Pacific,Pro,Technology,Startup,148.96,44,False,45,3,14.7
CUST-000753,2024-02-08,Europe,Basic,Education,Startup,51.24,10,False,45,2,18.2
CUST-000754,2022-08-22,North America,Pro,Technology,Startup,142.06,28,False,50,1,32.9
CUST-000755,2021-09-16,North America,Enterprise,Manufacturing,SMB,494.7,40,False,55,7,49.6
CUST-000756,2023-10-03,Asia Pacific,Basic,Education,SMB,55.46,15,False,50,2,28.0
CUST-000757,2021-07-30,Europe,Pro,Technology,Startup,140.6,41,False,-27,3,31.6
CUST-000758,2021-01-26,Europe,Basic,Healthcare,Enterprise,65.2,47,False,42,2,47.2
CUST-000759,2024-03-21,Asia Pacific,Basic,Technology,SMB,32.84,9,False,40,5,49.4
CUST-000760,2022-08-06,Asia Pacific,Basic,Education,SMB,42.67,29,False,29,1,23.1
CUST-000761,2023-08-20,North America,Pro,Technology,Startup,134.2,16,False,44,4,15.6
CUST-000762,2023-09-08,North America,Enterprise,Technology,SMB,512.24,16,False,35,1,60.2
CUST-000763,2023-06-22,North America,Enterprise,Technology,Mid-Market,498.64,18,False,23,3,32.1
CUST-000764,2022-11-29,Europe,Basic,Education,SMB,46.14,25,False,59,0,19.7
CUST-000765,2022-01-13,North America,Enterprise,Technology,SMB,502.98,36,False,41,1,49.8
CUST-000766,2021-04-16,Europe,Pro,Retail,Startup,162.99,45,False,38,1,52.1
CUST-000767,2022-06-02,Asia Pacific,Basic,Manufacturing,Mid-Market,51.16,31,False,-6,1,41.2
CUST-000768,2023-09-06,Asia Pacific,Basic,Retail,Startup,60.43,16,False,77,1,21.7
CUST-000769,2021-08-22,North America,Basic,Education,SMB,46.06,40,True,-2,4,18.9
CUST-000770,2021-05-14,Asia Pacific,Enterprise,Healthcare,Startup,489.39,44,False,45,4,59.5
CUST-000771,2023-04-01,North America,Pro,Retail,SMB,151.32,21,False,49,2,31.1
CUST-000772,2023-10-05,Asia Pacific,Pro,Manufacturing,Startup,142.03,15,False,67,7,20.1
CUST-000773,2021-06-01,North America,Basic,Finance,Mid-Market,55.89,43,False,15,4,17.0
CUST-000774,2024-03-27,North America,Pro,Manufacturing,Mid-Market,144.91,9,False,18,1,22.7
CUST-000775,2021-04-20,Asia Pacific,Basic,Retail,SMB,48.15,45,False,51,4,33.7
CUST-000776,2021-11-07,North America,Basic,Finance,Startup,26.6,38,False,48,4,10.3
CUST-000777,2021-11-02,North America,Pro,Education,SMB,147.75,38,True,69,3,46.5
CUST-000778,2024-02-27,Europe,Basic,Manufacturing,SMB,46.57,10,False,56,3,32.5
CUST-000779,2022-09-15,Europe,Pro,Healthcare,SMB,160.63,27,False,28,0,30.6
CUST-000780,2021-06-24,Europe,Basic,Finance,Startup,57.7,42,False,32,2,50.5
CUST-000781,2022-05-24,Europe,Pro,Finance,Enterprise,149.24,31,False,45,3,48.7
CUST-000782,2021-08-31,Europe,Basic,Manufacturing,SMB,32.7,40,False,4,3,40.0
CUST-000783,2024-02-17,North America,Pro,Retail,Enterprise,144.6,10,False,46,3,15.2
CUST-000784,2023-05-03,North America,Basic,Finance,Startup,60.64,20,False,47,4,1.6
CUST-000785,2022-04-08,North America,Basic,Education,Startup,47.02,33,False,18,3,15.9
CUST-000786,2023-12-07,Asia Pacific,Enterprise,Manufacturing,Startup,488.33,13,False,30,4,82.5
CUST-000787,2023-02-19,Europe,Basic,Education,Mid-Market,60.52,22,False,-4,2,12.7
CUST-000788,2023-07-12,North America,Pro,Manufacturing,SMB,132.76,17,False,53,2,6.4
CUST-000789,2023-06-26,Europe,Enterprise,Education,Mid-Market,497.87,18,False,43,3,53.8
CUST-000790,2022-09-01,Asia Pacific,Basic,Retail,Mid-Market,54.58,28,False,8,2,26.6
CUST-000791,2023-05-29,North America,Basic,Manufacturing,Mid-Market,50.26,19,False,13,4,42.0
CUST-000792,2022-09-18,Europe,Pro,Healthcare,Mid-Market,136.58,27,False,26,5,29.9
CUST-000793,2024-03-10,Europe,Enterprise,Retail,Mid-Market,489.71,9,True,51,2,57.2
CUST-000794,2021-05-04,Europe,Enterprise,Education,Mid-Market,492.02,44,False,45,2,60.8
CUST-000795,2021-07-23,North America,Pro,Manufacturing,SMB,156.84,41,False,18,3,51.9
CUST-000796,2022-03-02,Asia Pacific,Pro,Retail,Mid-Market,150.71,34,False,23,1,25.9
CUST-000797,2022-03-09,Asia Pacific,Basic,Education,Mid-Market,45.12,34,False,36,2,25.6
CUST-000798,2022-06-26,Europe,Enterprise,Technology,SMB,503.09,30,False,18,3,63.0
CUST-000799,2021-06-16,Europe,Enterprise,Technology,Enterprise,491.5,43,False,24,0,29.1
CUST-000800,2021-11-18,Asia Pacific,Basic,Finance,Startup,56.38,37,False,48,4,11.0
CUST-000801,2022-05-07,Europe,Basic,Healthcare,SMB,53.51,32,False,10,1,56.4
CUST-000802,2021-12-22,North America,Basic,Technology,Startup,46.76,36,False,32,3,17.6
CUST-000803,2024-02-05,Europe,Basic,Education,Startup,47.38,11,False,30,2,29.0
CUST-000804,2021-06-03,Europe,Pro,Retail,Mid-Market,145.58,43,False,34,6,36.6
CUST-000805,2021-11-17,North America,Basic,Manufacturing,Enterprise,58.96,38,False,40,3,19.6
CUST-000806,2021-01-06,Europe,Basic,Retail,Mid-Market,51.16,48,False,47,5,7.3
CUST-000807,2023-04-17,Asia Pacific,Basic,Finance,Enterprise,46.84,20,False,50,3,30.3
CUST-000808,2023-07-12,Asia Pacific,Enterprise,Retail,Startup,489.3,17,False,28,0,43.9
CUST-000809,2023-08-21,Europe,Pro,Technology,Startup,154.89,16,False,31,1,24.4
CUST-000810,2022-08-20,North America,Basic,Retail,SMB,54.43,28,False,42,2,27.4
CUST-000811,2021-03-08,Latin America,Basic,Technology,Mid-Market,43.74,46,False,38,0,35.4
CUST-000812,2022-04-20,Asia Pacific,Enterprise,Technology,Startup,494.8,32,False,46,3,30.8
CUST-000813,2022-08-14,North America,Pro,Healthcare,Enterprise,147.83,29,False,43,2,35.9
CUST-000814,2022-08-03,Asia Pacific,Basic,Finance,Mid-Market,37.46,29,False,18,0,36.1
CUST-000815,2023-07-19,Asia Pacific,Basic,Education,Enterprise,49.74,17,False,72,2,36.1
CUST-000816,2021-05-26,Europe,Basic,Technology,SMB,32.55,43,False,35,4,36.7
CUST-000817,2022-04-24,Europe,Basic,Manufacturing,SMB,36.21,32,False,48,2,47.7
CUST-000818,2022-06-26,North America,Pro,Finance,Mid-Market,143.9,30,False,47,2,42.1
CUST-000819,2022-02-10,North America,Enterprise,Education,Mid-Market,492.72,35,False,40,1,42.0
CUST-000820,2023-05-21,North America,Basic,Manufacturing,Startup,53.51,19,False,40,4,41.1
CUST-000821,2021-08-24,Asia Pacific,Pro,Retail,Enterprise,151.83,40,False,53,3,31.4
CUST-000822,2024-01-21,North America,Basic,Finance,Mid-Market,62.77,11,False,30,1,9.9
CUST-000823,2022-04-06,North America,Pro,Manufacturing,Startup,149.93,33,False,50,2,12.8
CUST-000824,2021-11-02,North America,Pro,Finance,Startup,151.06,38,False,45,0,31.8
CUST-000825,2022-06-29,Europe,Basic,Finance,SMB,37.37,30,False,58,1,55.6
CUST-000826,2021-10-19,Asia Pacific,Basic,Retail,SMB,37.39,38,False,25,0,25.8
CUST-000827,2021-05-27,North America,Pro,Retail,Mid-Market,149.64,43,False,36,4,29.9
CUST-000828,2021-05-03,North America,Basic,Finance,Startup,49.82,44,False,17,0,28.5
CUST-000829,2021-12-06,Europe,Basic,Manufacturing,Mid-Market,51.9,37,False,57,3,11.5
CUST-000830,2022-09-22,Europe,Pro,Healthcare,Mid-Market,161.7,27,False,20,4,32.7
CUST-000831,2024-03-11,North America,Enterprise,Technology,Startup,487.83,9,False,41,3,25.9
CUST-000832,2022-08-15,Europe,Basic,Retail,SMB,65.9,28,True,25,1,66.7
CUST-000833,2023-06-19,North America,Pro,Healthcare,Startup,134.1,18,False,57,0,24.3
CUST-000834,2021-09-12,North America,Basic,Retail,Startup,52.73,40,False,33,3,31.2
CUST-000835,2023-08-18,Europe,Pro,Finance,SMB,136.54,16,False,48,1,16.9
CUST-000836,2022-09-15,North America,Pro,Healthcare,Enterprise,156.24,27,False,13,2,38.0
CUST-000837,2023-04-05,Asia Pacific,Enterprise,Manufacturing,Startup,484.16,21,False,22,3,81.7
CUST-000838,2022-07-12,North America,Basic,Manufacturing,SMB,21.68,30,False,47,3,13.9
CUST-000839,2023-10-22,Europe,Pro,Education,SMB,150.46,14,True,60,2,2.9
CUST-000840,2024-01-11,Europe,Pro,Technology,SMB,147.75,11,False,45,4,19.7
CUST-000841,2023-10-09,North America,Basic,Technology,SMB,60.06,14,False,82,1,51.9
CUST-000842,2023-06-16,Europe,Basic,Retail,Mid-Market,49.78,18,False,50,1,16.5
CUST-000843,2021-06-14,North America,Basic,Technology,Startup,41.55,43,True,35,3,5.2
CUST-000844,2021-03-23,Latin America,Basic,Education,Enterprise,43.6,45,False,28,4,53.0
CUST-000845,2023-06-04,North America,Enterprise,Manufacturing,Startup,531.16,19,False,71,3,34.2
CUST-000846,2022-10-23,North America,Basic,Healthcare,Mid-Market,40.25,26,False,51,1,19.5
CUST-000847,2022-05-28,North America,Basic,Healthcare,Mid-Market,54.25,31,True,24,5,55.4
CUST-000848,2021-02-22,Latin America,Pro,Manufacturing,SMB,153.02,46,False,21,1,51.3
CUST-000849,2021-07-07,Europe,Basic,Finance,Startup,54.48,42,False,21,1,23.0
CUST-000850,2022-04-14,Europe,Pro,Manufacturing,SMB,153.66,33,False,45,2,39.2
CUST-000851,2024-03-24,North America,Basic,Healthcare,Mid-Market,46.32,9,False,4,5,12.3
CUST-000852,2021-02-12,Europe,Enterprise,Retail,Mid-Market,481.38,47,False,24,3,33.9
CUST-000853,2022-07-06,North America,Enterprise,Education,SMB,500.56,30,False,40,3,52.7
CUST-000854,2024-03-26,Asia Pacific,Enterprise,Manufacturing,SMB,498.87,9,False,35,1,20.1
CUST-000855,2021-03-24,North America,Basic,Finance,Mid-Market,50.24,45,False,25,0,36.1
CUST-000856,2021-12-25,North America,Pro,Retail,Enterprise,154.65,36,False,48,2,44.1
CUST-000857,2023-08-22,North America,Basic,Manufacturing,Mid-Market,44.86,16,False,48,2,33.8
CUST-000858,2023-11-29,Europe,Basic,Retail,Mid-Market,42.8,13,False,30,2,26.0
CUST-000859,2023-06-25,Europe,Basic,Manufacturing,SMB,58.01,18,False,24,2,61.7
CUST-000860,2022-07-24,North America,Pro,Retail,Mid-Market,145.71,29,True,52,2,17.9
CUST-000861,2022-01-07,Asia Pacific,Basic,Technology,Mid-Market,44.06,36,True,31,2,33.8
CUST-000862,2024-04-13,Europe,Pro,Retail,Mid-Market,143.2,8,False,35,5,26.1
CUST-000863,2023-06-12,Europe,Basic,Technology,SMB,54.95,18,False,50,3,53.2
CUST-000864,2023-10-05,North America,Basic,Healthcare,SMB,46.9,15,False,12,1,20.9
CUST-000865,2021-07-06,North America,Pro,Technology,SMB,171.13,42,False,24,2,24.8
CUST-000866,2023-08-21,Europe,Basic,Retail,SMB,49.57,16,False,29,2,32.0
CUST-000867,2022-12-14,North America,Pro,Education,SMB,136.93,24,False,73,2,48.7
CUST-000868,2023-04-17,North America,Basic,Education,Mid-Market,44.63,20,False,9,3,32.9
CUST-000869,2022-11-14,Asia Pacific,Pro,Healthcare,SMB,155.55,25,False,35,1,14.8
CUST-000870,2022-10-20,Asia Pacific,Pro,Retail,Startup,143.0,26,False,17,1,19.8
CUST-000871,2021-08-03,North America,Basic,Technology,Mid-Market,48.83,41,True,81,2,42.8
CUST-000872,2021-11-26,North America,Basic,Education,Mid-Market,58.78,37,False,40,1,32.8
CUST-000873,2022-11-07,Europe,Pro,Manufacturing,SMB,160.29,26,False,15,2,10.7
CUST-000874,2023-04-24,North America,Pro,Finance,Startup,143.76,20,False,2,3,9.4
CUST-000875,2023-10-12,North America,Basic,Retail,Enterprise,46.43,14,True,47,1,33.9
CUST-000876,2022-08-14,North America,Basic,Manufacturing,Mid-Market,49.97,29,False,38,2,37.8
CUST-000877,2023-04-01,Europe,Enterprise,Manufacturing,Startup,512.42,21,False,47,5,23.4
CUST-000878,2024-02-01,Europe,Pro,Retail,Startup,138.0,11,False,14,4,37.3
CUST-000879,2021-03-17,North America,Basic,Finance,SMB,52.6,46,False,72,5,38.3
CUST-000880,2023-07-21,North America,Basic,Education,Mid-Market,49.55,17,True,36,3,45.8
CUST-000881,2021-06-30,North America,Basic,Finance,Startup,40.03,42,False,43,0,9.2
CUST-000882,2022-10-07,Europe,Pro,Healthcare,SMB,161.37,27,False,47,2,14.8
CUST-000883,2022-06-01,North America,Basic,Technology,SMB,58.9,31,False,37,5,40.1
CUST-000884,2022-10-25,North America,Enterprise,Technology,Mid-Market,514.38,26,False,61,4,29.3
CUST-000885,2021-08-26,Asia Pacific,Basic,Manufacturing,SMB,60.8,40,False,24,1,26.0
CUST-000886,2023-04-08,North America,Basic,Education,SMB,49.1,21,False,55,1,31.7
CUST-000887,2023-11-20,Europe,Pro,Finance,Enterprise,155.19,13,False,61,2,44.6
CUST-000888,2021-01-03,North America,Enterprise,Manufacturing,SMB,502.32,48,False,55,2,41.4
CUST-000889,2024-01-17,North America,Pro,Retail,SMB,139.93,11,False,63,1,10.9
CUST-000890,2023-08-05,North America,Basic,Manufacturing,Mid-Market,35.96,17,False,20,1,23.2
CUST-000891,2023-04-27,Europe,Pro,Retail,SMB,152.69,20,False,44,2,24.5
CUST-000892,2021-04-22,Asia Pacific,Pro,Retail,Mid-Market,149.96,44,False,43,2,23.8
CUST-000893,2022-01-20,Asia Pacific,Basic,Healthcare,Startup,45.64,35,False,36,2,11.1
CUST-000894,2023-11-28,North America,Basic,Healthcare,Startup,48.08,13,False,47,6,7.6
CUST-000895,2023-01-11,Europe,Basic,Retail,Enterprise,66.69,24,False,59,3,12.8
CUST-000896,2023-10-18,North America,Basic,Education,SMB,27.2,14,False,20,4,12.4
CUST-000897,2023-06-25,North America,Enterprise,Healthcare,Mid-Market,505.4,18,False,10,1,22.9
CUST-000898,2021-04-16,Asia Pacific,Basic,Healthcare,Startup,57.43,45,False,30,2,15.6
CUST-000899,2022-02-21,North America,Enterprise,Technology,Startup,508.68,34,False,-14,0,58.8
CUST-000900,2022-07-01,North America,Pro,Manufacturing,Mid-Market,135.22,30,False,33,0,49.7
CUST-000901,2024-01-30,North America,Pro,Technology,SMB,146.07,11,False,63,2,21.4
CUST-000902,2021-09-26,North America,Pro,Education,SMB,145.57,39,False,6,3,12.3
CUST-000903,2022-08-13,North America,Basic,Healthcare,Startup,51.92,29,False,26,2,28.6
CUST-000904,2023-06-17,Europe,Basic,Healthcare,SMB,37.71,18,False,12,2,55.5
CUST-000905,2023-09-20,North America,Basic,Finance,Mid-Market,52.78,15,False,42,2,16.7
CUST-000906,2021-09-06,Asia Pacific,Pro,Education,Mid-Market,140.15,40,False,47,4,30.6
CUST-000907,2021-03-01,Asia Pacific,Basic,Manufacturing,Mid-Market,46.02,46,False,35,10,13.3
CUST-000908,2022-05-06,North America,Pro,Manufacturing,Mid-Market,162.45,32,False,21,2,43.9
CUST-000909,2021-11-21,North America,Basic,Manufacturing,SMB,57.42,37,False,38,3,9.2
CUST-000910,2022-09-29,North America,Basic,Education,SMB,50.24,27,False,59,2,28.0
CUST-000911,2024-02-03,Europe,Basic,Finance,Mid-Market,35.08,11,False,52,2,25.0
CUST-000912,2021-01-29,North America,Enterprise,Finance,Startup,502.32,47,False,26,3,62.8
CUST-000913,2024-02-06,Europe,Pro,Technology,Startup,153.0,10,False,28,3,20.2
CUST-000914,2023-04-16,North America,Basic,Education,Enterprise,28.01,20,False,27,1,8.4
CUST-000915,2021-07-10,Europe,Pro,Education,Startup,152.51,42,False,44,1,22.6
CUST-000916,2022-04-06,North America,Basic,Finance,Startup,38.24,33,False,7,4,45.0
CUST-000917,2021-08-21,North America,Enterprise,Retail,SMB,484.2,40,False,45,3,22.8
CUST-000918,2023-08-04,Asia Pacific,Pro,Retail,Mid-Market,137.78,17,False,24,2,12.4
CUST-000919,2021-08-29,Asia Pacific,Basic,Technology,SMB,27.39,40,False,29,2,43.7
CUST-000920,2021-11-12,North America,Pro,Retail,SMB,144.92,38,False,20,0,23.3
CUST-000921,2023-10-18,Asia Pacific,Basic,Retail,Enterprise,38.95,14,False,49,3,41.9
CUST-000922,2022-08-21,Europe,Enterprise,Retail,Mid-Market,510.41,28,False,23,2,52.2
CUST-000923,2023-11-09,Asia Pacific,Basic,Healthcare,Mid-Market,45.41,13,True,15,1,50.6
CUST-000924,2022-07-14,Asia Pacific,Pro,Technology,Startup,141.8,30,False,23,0,9.3
CUST-000925,2023-05-01,North America,Basic,Finance,Startup,33.07,20,False,13,1,5.0
CUST-000926,2023-09-16,North America,Pro,Retail,SMB,144.72,15,False,52,2,25.3
CUST-000927,2023-08-26,North America,Pro,Manufacturing,Startup,162.53,16,False,12,3,7.5
CUST-000928,2022-05-15,Europe,Pro,Healthcare,Startup,164.47,32,False,34,1,21.0
CUST-000929,2023-07-25,Europe,Pro,Retail,Startup,145.35,17,False,21,1,17.2
CUST-000930,2024-02-03,North America,Enterprise,Healthcare,SMB,498.3,11,False,66,1,13.3
CUST-000931,2021-10-24,North America,Basic,Technology,Mid-Market,56.03,38,False,43,1,11.8
CUST-000932,2023-02-25,Asia Pacific,Basic,Manufacturing,Mid-Market,38.74,22,True,22,2,14.2
CUST-000933,2022-01-26,Latin America,Basic,Manufacturing,Startup,52.69,35,True,38,1,22.9
CUST-000934,2023-11-07,Europe,Enterprise,Manufacturing,SMB,522.67,14,False,16,3,48.8
CUST-000935,2021-10-07,North America,Basic,Retail,Startup,56.65,39,False,48,1,36.8
CUST-000936,2021-05-23,North America,Pro,Healthcare,SMB,156.33,43,True,38,2,28.1
CUST-000937,2022-07-20,North America,Pro,Manufacturing,SMB,162.44,29,True,43,1,31.6
CUST-000938,2023-04-30,Asia Pacific,Basic,Education,SMB,58.04,20,False,15,1,12.9
CUST-000939,2022-11-28,North America,Basic,Education,Mid-Market,46.47,25,False,7,4,32.1
CUST-000940,2023-11-06,Europe,Basic,Healthcare,Mid-Market,37.2,14,False,1,1,18.5
CUST-000941,2022-07-02,North America,Basic,Retail,Mid-Market,47.67,30,False,3,4,37.7
CUST-000942,2021-01-06,Europe,Basic,Retail,Mid-Market,39.3,48,False,35,6,42.9
CUST-000943,2022-08-03,Europe,Basic,Technology,Mid-Market,46.18,29,False,73,2,28.2
CUST-000944,2022-09-04,Asia Pacific,Enterprise,Technology,Mid-Market,490.29,28,False,27,1,52.3
CUST-000945,2024-04-02,North America,Enterprise,Manufacturing,SMB,495.1,9,False,23,3,25.2
CUST-000946,2023-09-30,North America,Basic,Finance,SMB,34.15,15,False,33,2,20.0
CUST-000947,2021-11-01,North America,Basic,Technology,Mid-Market,42.07,38,False,19,3,31.9
CUST-000948,2023-07-04,Asia Pacific,Basic,Retail,Startup,53.06,18,False,9,1,3.4
CUST-000949,2024-01-09,Asia Pacific,Pro,Finance,Mid-Market,155.58,11,False,21,4,33.9
CUST-000950,2023-09-19,Europe,Pro,Technology,Enterprise,153.41,15,True,30,2,9.9
CUST-000951,2022-12-08,Europe,Basic,Healthcare,Mid-Market,45.24,25,False,72,2,23.8
CUST-000952,2022-11-12,Europe,Basic,Education,Startup,50.25,26,False,25,3,30.0
CUST-000953,2024-02-05,North America,Pro,Technology,SMB,168.44,11,False,38,3,7.4
CUST-000954,2024-01-18,Asia Pacific,Pro,Technology,Mid-Market,141.79,11,False,7,1,29.5
CUST-000955,2023-02-12,North America,Basic,Healthcare,Enterprise,65.05,22,False,48,3,12.8
CUST-000956,2023-07-22,North America,Pro,Retail,SMB,134.56,17,False,20,4,54.0
CUST-000957,2022-10-22,Europe,Basic,Manufacturing,Mid-Market,31.91,26,False,12,0,42.4
CUST-000958,2022-01-22,North America,Basic,Healthcare,Mid-Market,47.53,35,False,14,3,44.0
CUST-000959,2022-05-05,North America,Pro,Manufacturing,Startup,148.63,32,False,22,0,53.4
CUST-000960,2024-03-17,Europe,Pro,Technology,Mid-Market,137.69,9,False,11,3,14.3
CUST-000961,2023-02-24,North America,Basic,Retail,SMB,45.71,22,False,40,4,16.9
CUST-000962,2022-04-24,Europe,Enterprise,Finance,SMB,503.03,32,False,13,3,35.8
CUST-000963,2023-04-22,North America,Basic,Technology,SMB,39.25,20,True,47,2,28.3
CUST-000964,2021-03-31,North America,Pro,Healthcare,Mid-Market,159.16,45,False,24,5,9.1
CUST-000965,2022-10-14,North America,Basic,Finance,Mid-Market,60.25,26,False,16,0,3.7
CUST-000966,2023-08-27,North America,Enterprise,Education,SMB,511.45,16,False,21,5,46.7
CUST-000967,2023-02-20,Europe,Enterprise,Finance,Mid-Market,489.92,22,False,14,2,52.4
CUST-000968,2023-03-02,North America,Basic,Healthcare,Mid-Market,41.22,22,False,35,2,35.2
CUST-000969,2021-11-08,Europe,Enterprise,Finance,Mid-Market,497.27,38,False,24,2,38.5
CUST-000970,2023-10-12,Europe,Pro,Healthcare,SMB,146.28,14,False,57,2,31.9
CUST-000971,2021-03-17,Europe,Pro,Technology,Startup,145.74,46,False,-11,5,46.6
CUST-000972,2021-09-16,Asia Pacific,Basic,Retail,SMB,56.56,40,False,58,3,9.8
CUST-000973,2023-10-26,Europe,Pro,Education,Mid-Market,155.12,14,False,21,2,11.3
CUST-000974,2022-11-11,North America,Enterprise,Retail,Startup,490.25,26,False,67,2,32.2
CUST-000975,2021-07-25,North America,Basic,Retail,Enterprise,37.59,41,False,37,7,64.2
CUST-000976,2023-06-21,North America,Enterprise,Retail,Mid-Market,486.61,18,False,58,0,76.6
CUST-000977,2021-07-24,Europe,Basic,Healthcare,Mid-Market,40.21,41,False,33,3,32.6
CUST-000978,2023-12-14,North America,Basic,Healthcare,Mid-Market,57.46,12,False,32,2,10.1
CUST-000979,2023-07-25,Europe,Pro,Education,SMB,150.43,17,False,16,3,10.8
CUST-000980,2021-02-01,Europe,Pro,Healthcare,Mid-Market,158.26,47,False,33,4,17.1
CUST-000981,2021-10-23,North America,Pro,Manufacturing,SMB,132.0,38,False,15,4,9.5
CUST-000982,2023-04-20,Asia Pacific,Basic,Healthcare,Mid-Market,51.73,20,False,38,1,48.5
CUST-000983,2021-11-13,North America,Enterprise,Healthcare,Mid-Market,501.61,38,True,38,1,52.0
CUST-000984,2021-06-03,North America,Basic,Healthcare,Mid-Market,61.0,43,False,32,3,36.2
CUST-000985,2023-08-20,Europe,Basic,Technology,Mid-Market,44.91,16,False,59,0,18.9
CUST-000986,2022-06-27,Europe,Basic,Education,Startup,44.2,30,False,44,2,46.2
CUST-000987,2022-11-25,Europe,Pro,Manufacturing,Startup,164.06,25,False,16,3,88.3
CUST-000988,2023-03-26,North America,Enterprise,Healthcare,Mid-Market,497.29,21,False,46,1,42.5
CUST-000989,2021-06-14,North America,Pro,Education,SMB,150.77,43,False,54,2,15.6
CUST-000990,2022-11-04,Asia Pacific,Pro,Finance,SMB,153.76,26,False,-12,1,15.7
CUST-000991,2023-12-29,Asia Pacific,Basic,Technology,SMB,32.32,12,False,13,4,22.8
CUST-000992,2023-02-18,Europe,Pro,Healthcare,Startup,149.41,22,False,25,5,31.5
CUST-000993,2022-10-11,North America,Basic,Manufacturing,Startup,36.55,27,False,18,5,17.8
CUST-000994,2023-09-27,Europe,Basic,Technology,Mid-Market,48.12,15,True,47,3,30.1
CUST-000995,2024-01-14,North America,Basic,Manufacturing,Mid-Market,46.05,11,False,17,4,17.7
CUST-000996,2021-03-15,North America,Pro,Technology,SMB,143.94,46,False,15,6,51.5
CUST-000997,2021-05-21,Asia Pacific,Pro,Finance,Enterprise,155.27,44,False,39,3,13.3
CUST-000998,2022-04-26,North America,Pro,Education,Startup,149.97,32,False,30,4,17.2
CUST-000999,2022-08-12,Latin America,Basic,Technology,SMB,38.39,29,False,57,1,42.7
CUST-001000,2022-04-11,North America,Basic,Retail,Mid-Market,38.05,33,False,42,3,57.5
CUST-001001,2021-07-05,North America,Pro,Finance,Mid-Market,157.4,42,False,100,1,26.6
CUST-001002,2023-06-08,Europe,Basic,Retail,SMB,48.62,19,False,13,2,50.9
CUST-001003,2021-07-21,Asia Pacific,Enterprise,Finance,Enterprise,484.76,41,False,4,3,35.9
CUST-001004,2021-07-25,Europe,Pro,Retail,Enterprise,144.84,41,False,62,1,60.1
CUST-001005,2023-06-28,Asia Pacific,Basic,Retail,Startup,47.43,18,False,96,1,23.1
CUST-001006,2021-12-07,Europe,Enterprise,Manufacturing,Startup,486.66,37,False,30,2,50.4
CUST-001007,2022-09-06,Europe,Pro,Technology,Mid-Market,142.63,28,False,28,3,16.4
CUST-001008,2021-03-01,Asia Pacific,Basic,Technology,SMB,58.18,46,False,37,4,15.5
CUST-001009,2021-04-05,North America,Pro,Finance,Startup,173.9,45,False,17,4,54.6
CUST-001010,2022-10-27,Europe,Basic,Education,Mid-Market,52.03,26,False,-3,3,26.5
CUST-001011,2021-04-25,North America,Pro,Manufacturing,SMB,135.45,44,False,39,0,12.4
CUST-001012,2022-08-24,Latin America,Pro,Technology,SMB,146.82,28,False,35,0,53.1
CUST-001013,2023-01-05,Asia Pacific,Enterprise,Technology,Startup,500.22,24,False,7,3,43.1
CUST-001014,2023-02-07,North America,Pro,Manufacturing,Mid-Market,156.86,23,False,22,1,22.0
CUST-001015,2023-06-02,Europe,Basic,Healthcare,SMB,57.1,19,False,6,1,30.9
CUST-001016,2021-10-26,Asia Pacific,Pro,Manufacturing,Startup,162.64,38,False,42,1,42.5
CUST-001017,2022-05-16,North America,Basic,Technology,SMB,48.98,32,False,34,2,14.5
CUST-001018,2023-12-24,Europe,Pro,Education,SMB,149.18,12,False,38,0,47.6
CUST-001019,2023-04-24,Asia Pacific,Pro,Healthcare,Enterprise,130.12,20,False,45,3,20.2
CUST-001020,2024-03-05,North America,Basic,Retail,Enterprise,38.87,10,False,56,2,4.1
CUST-001021,2022-01-04,Europe,Basic,Manufacturing,SMB,35.38,36,True,38,3,14.7
CUST-001022,2021-12-15,North America,Enterprise,Retail,Mid-Market,490.59,37,False,47,4,36.3
CUST-001023,2021-12-25,Asia Pacific,Enterprise,Healthcare,Mid-Market,487.48,36,True,71,4,21.8
CUST-001024,2021-06-11,Latin America,Basic,Healthcare,Mid-Market,38.16,43,False,54,1,37.2
CUST-001025,2023-02-23,Asia Pacific,Basic,Healthcare,SMB,59.89,22,False,39,3,42.9
CUST-001026,2022-05-09,Europe,Basic,Finance,Startup,29.76,32,False,38,3,35.3
CUST-001027,2023-10-17,Asia Pacific,Enterprise,Manufacturing,Mid-Market,497.02,14,False,18,3,50.5
CUST-001028,2024-04-09,Asia Pacific,Basic,Education,Startup,57.64,8,False,22,4,22.3
CUST-001029,2021-10-21,North America,Pro,Education,Startup,145.99,38,False,33,4,14.9
CUST-001030,2022-04-21,Asia Pacific,Basic,Retail,Mid-Market,62.27,32,False,27,2,29.8
CUST-001031,2023-08-03,North America,Pro,Retail,Enterprise,143.0,17,False,72,2,13.4
CUST-001032,2022-06-05,Europe,Basic,Retail,Startup,66.51,31,False,42,0,39.1
CUST-001033,2023-07-31,North America,Pro,Manufacturing,Mid-Market,133.31,17,False,40,2,50.9
CUST-001034,2022-06-07,North America,Basic,Technology,SMB,62.29,31,False,58,4,35.7
CUST-001035,2021-01-20,North America,Pro,Retail,Mid-Market,140.06,48,False,38,2,38.4
CUST-001036,2023-08-11,Europe,Basic,Healthcare,SMB,63.45,16,False,29,5,12.6
CUST-001037,2022-08-13,North America,Pro,Retail,Startup,144.32,29,True,40,2,16.0
CUST-001038,2024-01-25,Europe,Enterprise,Healthcare,SMB,510.05,11,False,43,1,43.7
CUST-001039,2021-11-20,North America,Basic,Finance,SMB,61.74,37,False,63,0,27.5
CUST-001040,2021-06-01,North America,Enterprise,Technology,Startup,493.22,43,False,7,3,19.3
CUST-001041,2023-06-24,Europe,Pro,Technology,Startup,159.22,18,False,20,1,30.3
CUST-001042,2022-12-09,Asia Pacific,Basic,Manufacturing,Mid-Market,48.72,25,True,33,2,27.8
CUST-001043,2022-09-05,North America,Basic,Manufacturing,SMB,34.37,28,False,53,2,25.8
CUST-001044,2023-05-19,Europe,Basic,Education,Mid-Market,54.08,19,False,50,2,34.1
CUST-001045,2022-05-28,Asia Pacific,Pro,Finance,Startup,138.83,31,False,37,5,28.0
CUST-001046,2023-07-25,Europe,Pro,Manufacturing,Mid-Market,142.47,17,False,55,0,27.3
CUST-001047,2022-09-11,North America,Basic,Healthcare,SMB,40.07,28,False,21,1,25.7
CUST-001048,2022-02-12,North America,Pro,Finance,Startup,152.78,35,False,72,5,7.7
CUST-001049,2023-02-27,Asia Pacific,Pro,Technology,SMB,139.14,22,False,18,4,20.0
CUST-001050,2023-09-17,North America,Enterprise,Healthcare,Startup,486.74,15,False,0,2,65.6
CUST-001051,2021-08-07,Asia Pacific,Pro,Finance,Mid-Market,138.57,41,False,47,2,17.3
CUST-001052,2022-05-01,Europe,Enterprise,Technology,Mid-Market,491.9,32,False,6,1,43.4
CUST-001053,2023-02-21,Asia Pacific,Pro,Manufacturing,SMB,153.97,22,False,24,2,29.4
CUST-001054,2024-03-17,Asia Pacific,Basic,Healthcare,Startup,58.09,9,False,32,0,40.4
CUST-001055,2023-01-06,Latin America,Pro,Healthcare,SMB,157.95,24,False,43,2,11.8
CUST-001056,2024-03-23,North America,Basic,Technology,SMB,48.65,9,False,55,2,31.1
CUST-001057,2022-08-29,Asia Pacific,Basic,Healthcare,Mid-Market,48.39,28,False,8,1,28.2
CUST-001058,2022-08-28,North America,Basic,Manufacturing,Startup,47.16,28,False,12,1,26.3
CUST-001059,2021-02-14,Europe,Pro,Manufacturing,Startup,153.44,47,True,100,3,28.6
CUST-001060,2023-03-22,Europe,Pro,Manufacturing,SMB,160.2,21,False,30,3,50.5
CUST-001061,2022-07-17,Asia Pacific,Basic,Technology,SMB,47.49,29,True,2,2,11.1
CUST-001062,2021-01-17,Latin America,Basic,Retail,Startup,54.33,48,False,14,5,48.1
CUST-001063,2024-03-05,Asia Pacific,Basic,Retail,SMB,36.6,10,False,24,3,8.1
CUST-001064,2021-04-11,North America,Pro,Healthcare,SMB,157.53,45,True,35,5,5.5
CUST-001065,2023-10-15,North America,Basic,Manufacturing,SMB,51.16,14,False,58,3,50.3
CUST-001066,2022-08-10,Europe,Pro,Healthcare,SMB,138.67,29,False,67,1,52.7
CUST-001067,2022-04-17,North America,Basic,Technology,Mid-Market,59.69,32,False,18,2,75.5
CUST-001068,2022-12-23,North America,Basic,Healthcare,Startup,36.59,24,False,23,2,18.8
CUST-001069,2022-03-25,North America,Basic,Education,Startup,26.25,33,False,37,3,26.0
CUST-001070,2022-01-25,North America,Basic,Retail,SMB,57.47,35,False,20,2,33.7
CUST-001071,2022-05-29,North America,Enterprise,Healthcare,SMB,502.85,31,False,58,1,27.0
CUST-001072,2021-10-08,North America,Basic,Healthcare,SMB,36.89,39,False,84,2,19.5
CUST-001073,2021-07-18,North America,Basic,Finance,Mid-Market,52.55,42,False,35,2,28.1
CUST-001074,2021-03-22,North America,Basic,Healthcare,Mid-Market,60.7,46,True,41,1,55.3
CUST-001075,2022-09-25,Latin America,Basic,Education,Startup,51.61,27,False,23,4,48.5
CUST-001076,2023-06-22,North America,Basic,Retail,Mid-Market,73.39,18,False,41,4,27.3
CUST-001077,2021-03-10,North America,Basic,Finance,SMB,40.49,46,False,13,2,20.5
CUST-001078,2024-04-01,Europe,Pro,Technology,SMB,126.64,9,False,16,1,36.2
CUST-001079,2023-01-18,North America,Pro,Technology,Enterprise,134.89,23,True,-1,3,47.3
CUST-001080,2021-09-27,Asia Pacific,Basic,Retail,Mid-Market,26.06,39,False,51,3,44.8
CUST-001081,2021-07-04,Asia Pacific,Basic,Technology,Enterprise,70.39,42,False,62,1,14.1
CUST-001082,2022-08-28,North America,Enterprise,Education,Startup,498.95,28,False,55,4,34.5
CUST-001083,2022-11-01,North America,Basic,Healthcare,Startup,68.39,26,False,36,5,34.0
CUST-001084,2023-05-01,Asia Pacific,Basic,Retail,SMB,45.45,20,False,28,3,17.9
CUST-001085,2021-12-26,Asia Pacific,Basic,Finance,Mid-Market,39.95,36,False,33,2,17.9
CUST-001086,2022-02-16,Europe,Basic,Healthcare,Startup,31.7,34,True,14,2,47.6
CUST-001087,2021-09-28,Europe,Pro,Technology,Mid-Market,145.03,39,False,53,0,28.6
CUST-001088,2024-01-10,North America,Basic,Technology,SMB,57.44,11,True,55,1,37.8
CUST-001089,2023-01-20,Latin America,Pro,Finance,SMB,146.75,23,False,13,3,26.5
CUST-001090,2023-12-24,North America,Basic,Education,Mid-Market,33.02,12,False,16,3,59.8
CUST-001091,2023-10-25,Asia Pacific,Basic,Finance,Mid-Market,55.53,14,False,8,3,40.5
CUST-001092,2022-07-13,Europe,Pro,Retail,Startup,157.39,30,False,29,4,9.8
CUST-001093,2021-12-03,Europe,Basic,Finance,Enterprise,43.7,37,False,34,1,15.5
CUST-001094,2022-06-11,Europe,Pro,Technology,SMB,142.45,31,False,36,1,13.5
CUST-001095,2023-09-14,North America,Basic,Education,Startup,31.91,15,False,8,0,24.8
CUST-001096,2022-08-28,North America,Pro,Education,Mid-Market,155.28,28,False,20,2,47.4
CUST-001097,2022-11-25,North America,Basic,Manufacturing,Enterprise,44.38,25,False,20,4,24.1
CUST-001098,2021-08-24,North America,Enterprise,Finance,Mid-Market,472.21,40,False,49,2,47.7
CUST-001099,2023-08-18,Asia Pacific,Basic,Retail,Mid-Market,34.15,16,False,15,2,34.4
CUST-001100,2021-06-04,North America,Enterprise,Technology,Mid-Market,504.62,43,False,36,3,26.7
CUST-001101,2021-10-16,North America,Basic,Healthcare,Enterprise,45.58,39,True,20,1,45.4
CUST-001102,2022-04-08,Latin America,Pro,Education,Startup,137.65,33,False,31,3,19.9
CUST-001103,2023-03-25,Asia Pacific,Basic,Finance,Mid-Market,49.54,21,False,53,2,52.4
CUST-001104,2024-02-16,Asia Pacific,Enterprise,Manufacturing,Mid-Market,490.6,10,False,10,4,22.2
CUST-001105,2023-01-20,Latin America,Basic,Retail,Startup,42.57,23,False,-17,2,7.4
CUST-001106,2021-07-04,North America,Basic,Retail,SMB,46.3,42,False,8,6,32.5
CUST-001107,2023-03-20,North America,Basic,Technology,SMB,65.85,21,False,43,1,10.0
CUST-001108,2021-01-29,Asia Pacific,Basic,Education,Mid-Market,65.81,47,False,11,7,11.1
CUST-001109,2022-06-26,Europe,Basic,Technology,Startup,29.29,30,False,20,1,21.6
CUST-001110,2024-01-04,North America,Enterprise,Manufacturing,Mid-Market,498.35,12,False,44,3,40.9
CUST-001111,2021-09-11,Asia Pacific,Enterprise,Healthcare,Startup,484.48,40,False,51,4,39.5
CUST-001112,2023-07-21,North America,Basic,Healthcare,SMB,38.37,17,False,55,4,25.1
CUST-001113,2023-01-25,North America,Enterprise,Healthcare,Mid-Market,480.41,23,True,46,3,65.8
CUST-001114,2022-06-21,Europe,Pro,Retail,SMB,140.32,30,False,12,1,59.6
CUST-001115,2024-04-12,Europe,Basic,Education,SMB,37.07,8,False,67,3,40.2
CUST-001116,2023-02-20,Europe,Pro,Technology,Startup,159.26,22,False,16,2,57.2
CUST-001117,2023-01-31,North America,Pro,Technology,Mid-Market,140.58,23,False,22,3,25.0
CUST-001118,2021-08-10,Asia Pacific,Enterprise,Manufacturing,Enterprise,479.54,41,False,34,3,27.8
CUST-001119,2022-04-24,North America,Basic,Healthcare,Enterprise,48.97,32,False,40,3,35.0
CUST-001120,2023-08-24,North America,Pro,Education,Mid-Market,147.23,16,False,63,6,37.0
CUST-001121,2021-02-21,Asia Pacific,Basic,Education,Startup,46.36,46,False,22,2,46.6
CUST-001122,2024-02-24,Latin America,Basic,Manufacturing,Startup,55.1,10,False,42,3,10.2
CUST-001123,2022-11-03,Asia Pacific,Basic,Finance,Startup,61.32,26,False,22,5,18.9
CUST-001124,2022-03-30,Asia Pacific,Enterprise,Education,SMB,496.22,33,False,67,2,33.8
CUST-001125,2021-05-10,Europe,Pro,Education,Startup,151.66,44,False,43,2,16.1
CUST-001126,2023-08-09,Europe,Pro,Technology,Startup,146.47,17,False,60,0,18.3
CUST-001127,2022-09-11,North America,Pro,Manufacturing,Mid-Market,154.06,28,False,11,4,36.9
CUST-001128,2023-04-17,North America,Basic,Education,SMB,34.3,20,False,23,2,34.3
CUST-001129,2021-08-27,North America,Basic,Education,Mid-Market,55.17,40,False,39,1,44.1
CUST-001130,2021-10-14,North America,Basic,Technology,Enterprise,51.83,39,False,61,5,17.5
CUST-001131,2021-04-03,Europe,Basic,Education,Mid-Market,39.4,45,False,54,3,22.6
CUST-001132,2021-03-18,Europe,Pro,Technology,Mid-Market,171.08,46,False,65,5,24.3
CUST-001133,2022-09-16,North America,Pro,Finance,Mid-Market,135.41,27,False,61,3,26.8
CUST-001134,2023-10-06,North America,Basic,Retail,SMB,52.3,15,False,50,3,8.5
CUST-001135,2021-08-26,Europe,Basic,Technology,Startup,39.43,40,False,38,0,10.0
CUST-001136,2021-07-19,North America,Basic,Technology,Startup,54.78,42,False,12,4,51.0
CUST-001137,2022-04-26,Asia Pacific,Basic,Education,SMB,69.0,32,False,-7,1,58.8
CUST-001138,2024-01-06,Europe,Enterprise,Technology,Mid-Market,506.76,12,False,37,1,52.0
CUST-001139,2021-10-05,Europe,Pro,Manufacturing,Enterprise,147.84,39,False,51,5,37.4
CUST-001140,2023-03-07,Europe,Pro,Healthcare,Enterprise,158.29,22,False,-19,1,5.9
CUST-001141,2023-07-19,Asia Pacific,Basic,Healthcare,Startup,43.1,17,False,11,1,34.3
CUST-001142,2023-01-30,North America,Basic,Finance,Enterprise,53.89,23,False,14,0,41.6
CUST-001143,2024-01-12,Europe,Basic,Technology,SMB,49.88,11,False,31,0,4.9
CUST-001144,2023-05-09,Europe,Enterprise,Manufacturing,Mid-Market,486.83,20,False,37,4,39.3
CUST-001145,2021-11-13,North America,Pro,Education,Startup,166.09,38,False,56,1,43.0
CUST-001146,2023-04-30,Asia Pacific,Basic,Education,Startup,61.44,20,False,8,2,6.0
CUST-001147,2021-07-22,Asia Pacific,Pro,Retail,SMB,140.44,41,False,41,6,17.0
CUST-001148,2023-09-30,Europe,Basic,Finance,Mid-Market,59.26,15,False,7,2,31.5
CUST-001149,2023-04-16,Asia Pacific,Pro,Manufacturing,Startup,137.23,20,False,51,1,20.8
CUST-001150,2022-07-27,Asia Pacific,Enterprise,Manufacturing,Startup,503.63,29,True,25,1,34.7
CUST-001151,2021-03-09,Europe,Pro,Education,Enterprise,149.48,46,False,10,4,15.5
CUST-001152,2023-01-29,Asia Pacific,Pro,Retail,Enterprise,165.78,23,False,21,3,47.9
CUST-001153,2022-03-21,Europe,Basic,Education,Startup,52.32,33,False,12,2,14.3
CUST-001154,2023-06-28,Europe,Basic,Retail,Mid-Market,33.55,18,True,36,4,30.8
CUST-001155,2023-06-30,Europe,Basic,Healthcare,SMB,59.19,18,False,47,1,21.6
CUST-001156,2022-04-29,Asia Pacific,Basic,Manufacturing,SMB,44.59,32,False,55,4,16.6
CUST-001157,2023-01-13,North America,Pro,Healthcare,SMB,144.12,23,False,24,1,22.9
CUST-001158,2021-07-23,Asia Pacific,Pro,Education,SMB,149.29,41,True,62,0,11.1
CUST-001159,2023-01-23,Asia Pacific,Basic,Finance,SMB,43.25,23,False,34,1,21.5
CUST-001160,2024-01-21,North America,Pro,Technology,SMB,166.95,11,True,60,1,42.0
CUST-001161,2023-01-05,Asia Pacific,Basic,Finance,SMB,57.05,24,False,31,1,32.1
CUST-001162,2021-05-05,North America,Basic,Finance,Mid-Market,37.56,44,False,30,1,19.3
CUST-001163,2023-03-27,North America,Basic,Technology,Mid-Market,41.72,21,False,46,3,21.5
CUST-001164,2022-07-20,Europe,Basic,Manufacturing,SMB,35.9,29,False,41,4,22.3
CUST-001165,2022-01-24,North America,Basic,Healthcare,Startup,58.68,35,False,23,5,41.3
CUST-001166,2021-09-08,Asia Pacific,Basic,Healthcare,Mid-Market,48.33,40,False,58,4,10.8
CUST-001167,2023-07-21,Asia Pacific,Basic,Manufacturing,Mid-Market,39.23,17,False,15,2,35.6
CUST-001168,2021-07-07,Europe,Enterprise,Technology,Mid-Market,514.72,42,False,46,3,42.9
CUST-001169,2022-03-11,North America,Basic,Retail,SMB,54.05,34,False,45,3,51.2
CUST-001170,2021-02-13,North America,Basic,Finance,Startup,50.86,47,False,56,2,18.0
CUST-001171,2021-04-14,Europe,Basic,Education,Mid-Market,50.38,45,True,56,2,42.7
CUST-001172,2022-11-15,Latin America,Pro,Healthcare,SMB,135.42,25,False,31,1,15.7
CUST-001173,2022-05-14,Europe,Basic,Manufacturing,Enterprise,54.59,32,False,35,1,11.7
CUST-001174,2021-09-15,North America,Pro,Education,Mid-Market,144.81,40,False,34,4,41.6
CUST-001175,2024-03-02,Europe,Pro,Technology,SMB,157.71,10,False,69,2,23.0
CUST-001176,2022-02-25,Europe,Pro,Education,SMB,155.39,34,False,48,3,58.6
CUST-001177,2021-05-21,Asia Pacific,Pro,Education,Mid-Market,148.39,44,False,55,0,30.9
CUST-001178,2024-02-10,North America,Basic,Finance,SMB,47.68,10,False,29,1,16.8
CUST-001179,2022-03-01,Asia Pacific,Basic,Technology,SMB,65.59,34,False,12,1,19.3
CUST-001180,2024-04-15,Europe,Basic,Education,Mid-Market,35.63,8,False,16,1,54.0
CUST-001181,2022-03-19,Latin America,Pro,Healthcare,Mid-Market,143.27,33,False,55,2,20.4
CUST-001182,2022-04-23,North America,Basic,Technology,Startup,60.37,32,False,20,3,28.3
CUST-001183,2022-11-04,Europe,Basic,Healthcare,SMB,63.85,26,False,98,4,17.6
CUST-001184,2021-10-30,Asia Pacific,Enterprise,Manufacturing,Enterprise,497.62,38,False,26,0,44.0
CUST-001185,2021-01-06,North America,Basic,Manufacturing,Enterprise,42.01,48,False,42,1,66.1
CUST-001186,2022-07-22,Asia Pacific,Pro,Retail,Mid-Market,142.21,29,False,41,2,32.4
CUST-001187,2021-10-24,Europe,Pro,Manufacturing,Enterprise,134.66,38,False,38,1,11.5
CUST-001188,2021-09-24,North America,Basic,Education,SMB,69.02,39,False,10,3,16.7
CUST-001189,2024-01-12,North America,Basic,Technology,SMB,47.52,11,False,39,0,29.8
CUST-001190,2022-05-29,Europe,Basic,Manufacturing,SMB,53.65,31,False,39,1,32.5
CUST-001191,2021-12-24,North America,Pro,Healthcare,Startup,153.75,36,False,29,1,47.5
CUST-001192,2021-08-14,Europe,Pro,Education,SMB,163.84,41,False,72,3,34.1
CUST-001193,2021-02-22,North America,Pro,Manufacturing,SMB,144.81,46,False,1,0,43.4
CUST-001194,2021-09-27,Europe,Enterprise,Finance,Mid-Market,495.51,39,False,4,4,32.4
CUST-001195,2021-01-31,North America,Pro,Healthcare,Mid-Market,157.31,47,False,50,3,15.5
CUST-001196,2023-01-04,Asia Pacific,Basic,Healthcare,Mid-Market,31.05,24,False,33,2,28.7
CUST-001197,2022-05-03,Latin America,Basic,Retail,SMB,63.9,32,False,17,1,28.1
CUST-001198,2022-10-26,Latin America,Pro,Finance,Startup,166.38,26,False,38,2,11.5
CUST-001199,2021-02-02,Europe,Basic,Retail,SMB,51.46,47,False,54,3,15.4
CUST-001200,2021-12-23,North America,Basic,Manufacturing,Mid-Market,39.62,36,True,2,3,63.9
CUST-001201,2022-06-28,Asia Pacific,Pro,Finance,SMB,157.53,30,False,49,3,24.4
CUST-001202,2021-04-18,North America,Basic,Healthcare,SMB,47.09,45,False,41,2,22.0
CUST-001203,2021-09-17,North America,Enterprise,Retail,SMB,500.42,40,False,30,3,45.2
CUST-001204,2023-05-13,North America,Pro,Education,Mid-Market,151.18,19,False,39,0,40.6
CUST-001205,2023-12-14,Europe,Basic,Finance,Mid-Market,42.42,12,False,40,2,27.6
CUST-001206,2021-08-21,Asia Pacific,Enterprise,Healthcare,Mid-Market,502.47,40,False,45,5,21.1
CUST-001207,2021-05-11,Europe,Basic,Technology,SMB,34.37,44,False,15,0,34.1
CUST-001208,2023-09-03,North America,Basic,Finance,SMB,27.04,16,False,56,5,24.5
CUST-001209,2023-07-08,North America,Basic,Finance,Startup,52.64,18,True,54,4,73.2
CUST-001210,2023-01-12,Latin America,Basic,Manufacturing,Startup,59.44,23,False,55,0,47.7
CUST-001211,2023-11-18,North America,Basic,Education,Startup,43.86,13,False,0,0,7.7
CUST-001212,2021-08-12,Europe,Basic,Manufacturing,Startup,43.3,41,True,57,3,28.0
CUST-001213,2023-07-15,North America,Basic,Finance,Startup,55.48,17,False,27,1,34.8
CUST-001214,2023-10-29,Asia Pacific,Basic,Finance,Startup,48.79,14,False,45,1,20.7
CUST-001215,2022-03-30,Europe,Pro,Education,Startup,143.34,33,False,-4,3,47.4
CUST-001216,2021-03-30,North America,Pro,Education,Mid-Market,152.05,45,False,21,4,24.4
CUST-001217,2023-12-04,North America,Basic,Retail,Enterprise,49.06,13,False,51,2,18.1
CUST-001218,2022-09-10,Europe,Basic,Healthcare,Mid-Market,36.51,28,False,45,2,39.7
CUST-001219,2023-07-28,Europe,Basic,Healthcare,Startup,47.91,17,False,13,5,50.5
CUST-001220,2021-03-05,North America,Basic,Retail,SMB,50.83,46,False,48,6,47.5
CUST-001221,2021-05-05,Latin America,Pro,Healthcare,Mid-Market,143.66,44,True,18,1,12.5
CUST-001222,2023-09-08,North America,Pro,Finance,Startup,158.26,16,False,29,1,22.5
CUST-001223,2023-04-03,North America,Basic,Retail,Mid-Market,53.83,21,False,11,3,28.4
CUST-001224,2023-05-24,Asia Pacific,Basic,Retail,SMB,46.23,19,False,41,1,50.9
CUST-001225,2021-08-10,North America,Basic,Healthcare,Enterprise,50.34,41,False,56,3,13.6
CUST-001226,2023-10-02,Europe,Pro,Technology,Mid-Market,145.24,15,False,52,2,20.0
CUST-001227,2023-06-28,North America,Basic,Healthcare,Mid-Market,46.76,18,False,16,1,32.5
CUST-001228,2021-05-31,North America,Enterprise,Manufacturing,Mid-Market,497.12,43,False,34,2,55.6
CUST-001229,2021-06-15,Latin America,Pro,Technology,Startup,131.3,43,False,3,3,10.8
CUST-001230,2022-10-22,North America,Basic,Retail,Startup,49.27,26,False,62,3,9.0
CUST-001231,2021-10-31,Asia Pacific,Pro,Technology,SMB,152.18,38,False,35,2,35.8
CUST-001232,2021-05-15,North America,Enterprise,Finance,Startup,523.61,44,True,47,6,28.0
CUST-001233,2021-09-16,North America,Pro,Education,Startup,153.4,40,False,38,2,21.4
CUST-001234,2022-07-18,North America,Basic,Technology,SMB,42.47,29,False,22,6,24.4
CUST-001235,2024-04-13,Europe,Basic,Manufacturing,Mid-Market,32.59,8,False,23,1,23.1
CUST-001236,2024-01-29,North America,Pro,Education,Startup,138.44,11,False,44,2,58.1
CUST-001237,2022-10-28,Asia Pacific,Pro,Finance,SMB,144.01,26,False,67,5,26.3
CUST-001238,2023-02-20,Europe,Pro,Manufacturing,SMB,144.19,22,False,28,4,63.3
CUST-001239,2023-12-23,Latin America,Enterprise,Education,SMB,496.63,12,False,58,1,36.1
CUST-001240,2022-08-27,North America,Enterprise,Finance,Startup,494.98,28,False,53,6,43.8
CUST-001241,2023-07-19,Asia Pacific,Enterprise,Education,Enterprise,496.69,17,False,28,2,62.6
CUST-001242,2023-11-02,Asia Pacific,Basic,Education,SMB,44.78,14,True,57,2,42.4
CUST-001243,2023-06-01,Asia Pacific,Pro,Healthcare,SMB,149.18,19,False,55,1,52.9
CUST-001244,2021-07-23,Asia Pacific,Pro,Manufacturing,Startup,139.97,41,False,-7,0,19.0
CUST-001245,2021-08-23,Asia Pacific,Pro,Manufacturing,SMB,136.41,40,False,49,4,24.4
CUST-001246,2024-02-04,Europe,Pro,Technology,Mid-Market,146.62,11,False,60,4,61.5
CUST-001247,2022-03-17,North America,Basic,Manufacturing,Startup,53.34,34,False,11,1,19.2
CUST-001248,2023-05-31,North America,Pro,Manufacturing,SMB,137.81,19,False,8,4,13.4
CUST-001249,2023-07-14,Asia Pacific,Pro,Education,Startup,143.25,17,False,39,1,32.8
CUST-001250,2022-04-13,Europe,Basic,Retail,Enterprise,47.54,33,False,66,0,45.8
CUST-001251,2023-04-28,Asia Pacific,Basic,Healthcare,Startup,47.3,20,False,13,3,12.9
CUST-001252,2022-11-26,Europe,Basic,Technology,Mid-Market,56.53,25,False,3,0,35.7
CUST-001253,2023-07-18,North America,Basic,Healthcare,SMB,58.4,17,False,25,3,7.0
CUST-001254,2023-03-28,North America,Basic,Technology,SMB,51.22,21,True,23,3,17.0
CUST-001255,2023-05-02,Europe,Basic,Finance,Mid-Market,61.09,20,False,1,1,22.7
CUST-001256,2021-07-14,North America,Pro,Education,Startup,145.31,42,False,23,5,58.3
CUST-001257,2022-10-03,North America,Pro,Manufacturing,SMB,157.4,27,False,41,1,35.0
CUST-001258,2023-05-25,Europe,Pro,Manufacturing,SMB,142.87,19,False,72,1,42.1
CUST-001259,2022-10-03,North America,Pro,Retail,Startup,151.96,27,False,46,0,55.0
CUST-001260,2022-06-07,Europe,Basic,Healthcare,Mid-Market,55.44,31,False,51,2,18.2
CUST-001261,2023-02-06,North America,Basic,Healthcare,Startup,49.56,23,False,13,4,30.9
CUST-001262,2021-11-09,Asia Pacific,Enterprise,Healthcare,Mid-Market,489.35,38,False,33,0,40.6
CUST-001263,2023-08-30,North America,Basic,Manufacturing,SMB,32.27,16,False,30,0,50.7
CUST-001264,2021-05-18,Europe,Enterprise,Healthcare,Startup,504.57,44,False,41,2,28.4
CUST-001265,2021-07-06,North America,Pro,Education,Mid-Market,146.27,42,False,46,1,55.7
CUST-001266,2021-06-24,North America,Pro,Technology,SMB,146.97,42,False,54,5,15.2
CUST-001267,2021-07-10,North America,Enterprise,Manufacturing,SMB,514.0,42,False,35,2,67.5
CUST-001268,2023-06-04,Europe,Basic,Education,SMB,39.54,19,False,24,5,21.3
CUST-001269,2021-07-17,Europe,Basic,Finance,Startup,56.4,42,False,59,1,42.4
CUST-001270,2023-02-03,North America,Pro,Education,Mid-Market,141.62,23,True,49,1,2.6
CUST-001271,2021-09-24,Europe,Basic,Education,SMB,47.23,39,False,47,2,29.5
CUST-001272,2024-02-14,Asia Pacific,Enterprise,Finance,Startup,488.14,10,False,34,4,38.2
CUST-001273,2021-05-03,Asia Pacific,Basic,Education,Mid-Market,41.55,44,False,59,3,9.9
CUST-001274,2024-02-25,North America,Pro,Technology,Startup,153.13,10,False,9,1,52.1
CUST-001275,2024-02-25,Europe,Pro,Manufacturing,SMB,161.94,10,False,52,1,37.3
CUST-001276,2022-11-07,North America,Pro,Retail,SMB,153.24,26,False,52,0,20.1
CUST-001277,2021-09-08,North America,Basic,Finance,Mid-Market,52.06,40,False,16,2,11.8
CUST-001278,2023-04-22,Latin America,Basic,Manufacturing,Enterprise,74.49,20,False,21,2,19.8
CUST-001279,2022-12-26,North America,Pro,Healthcare,Mid-Market,154.61,24,False,9,8,37.1
CUST-001280,2023-05-17,Europe,Basic,Technology,SMB,39.66,19,False,45,1,51.1
CUST-001281,2021-04-16,Europe,Pro,Retail,Mid-Market,132.17,45,False,-16,3,55.9
CUST-001282,2022-08-13,Europe,Pro,Technology,SMB,152.79,29,False,39,3,48.7
CUST-001283,2022-10-02,Europe,Pro,Technology,SMB,134.93,27,True,19,2,26.3
CUST-001284,2022-12-22,North America,Pro,Healthcare,Enterprise,138.99,24,False,15,3,10.5
CUST-001285,2021-08-01,North America,Basic,Retail,Startup,52.03,41,False,-2,1,24.7
CUST-001286,2024-03-29,Europe,Pro,Technology,SMB,159.4,9,False,17,1,28.5
CUST-001287,2023-11-06,North America,Enterprise,Healthcare,Mid-Market,496.14,14,False,63,2,25.0
CUST-001288,2022-03-12,North America,Basic,Finance,Mid-Market,36.94,34,False,20,3,31.7
CUST-001289,2021-11-13,North America,Enterprise,Healthcare,Startup,497.54,38,False,43,1,65.0
CUST-001290,2023-09-15,North America,Basic,Education,Startup,46.28,15,False,13,3,5.0
CUST-001291,2022-04-05,North America,Basic,Manufacturing,SMB,50.18,33,False,55,3,59.9
CUST-001292,2021-08-10,North America,Basic,Healthcare,SMB,36.98,41,False,47,1,5.2
CUST-001293,2022-12-19,Europe,Enterprise,Healthcare,SMB,490.63,24,False,30,4,59.2
CUST-001294,2024-02-14,Europe,Basic,Healthcare,SMB,59.24,10,False,39,2,63.8
CUST-001295,2023-01-23,Asia Pacific,Enterprise,Technology,Enterprise,506.61,23,False,41,3,39.6
CUST-001296,2021-08-24,North America,Enterprise,Retail,SMB,510.64,40,False,14,4,82.6
CUST-001297,2022-07-25,North America,Basic,Healthcare,SMB,30.5,29,True,18,3,6.3
CUST-001298,2024-03-21,North America,Basic,Healthcare,SMB,40.14,9,False,53,2,25.4
CUST-001299,2022-04-09,Europe,Pro,Education,Startup,158.91,33,True,65,3,16.4
CUST-001300,2023-05-29,Europe,Basic,Education,Startup,54.92,19,False,37,4,24.3
CUST-001301,2024-02-23,North America,Pro,Finance,Enterprise,153.07,10,False,48,4,37.7
CUST-001302,2024-02-15,Asia Pacific,Basic,Finance,Mid-Market,45.38,10,False,59,2,45.2
CUST-001303,2021-02-23,North America,Basic,Education,Startup,42.8,46,False,28,1,62.8
CUST-001304,2022-07-02,Europe,Pro,Retail,Mid-Market,149.32,30,False,33,2,30.5
CUST-001305,2021-03-01,Europe,Basic,Finance,Startup,44.51,46,True,49,3,12.7
CUST-001306,2022-01-05,Asia Pacific,Basic,Manufacturing,Mid-Market,54.28,36,False,78,4,52.9
CUST-001307,2022-07-14,Europe,Basic,Manufacturing,Startup,49.37,30,False,49,5,5.9
CUST-001308,2022-09-25,Asia Pacific,Basic,Retail,Mid-Market,39.29,27,False,41,3,45.1
CUST-001309,2022-11-27,North America,Pro,Education,Startup,155.35,25,False,23,0,49.4
CUST-001310,2022-12-20,Asia Pacific,Pro,Finance,SMB,161.54,24,False,33,2,5.1
CUST-001311,2021-01-13,North America,Basic,Healthcare,Mid-Market,62.21,48,False,48,0,47.0
CUST-001312,2022-01-07,Asia Pacific,Pro,Education,Startup,155.73,36,False,46,3,17.9
CUST-001313,2021-10-21,Europe,Pro,Finance,SMB,155.87,38,False,23,4,24.8
CUST-001314,2024-03-05,Asia Pacific,Basic,Retail,Startup,37.39,10,True,61,2,43.8
CUST-001315,2023-04-01,Europe,Basic,Manufacturing,Mid-Market,42.29,21,False,61,4,33.3
CUST-001316,2021-05-23,Europe,Enterprise,Retail,SMB,497.32,43,False,32,3,52.6
CUST-001317,2021-10-18,Europe,Pro,Finance,SMB,154.93,39,True,40,2,19.0
CUST-001318,2021-03-04,Europe,Pro,Retail,Enterprise,143.0,46,False,22,3,32.1
CUST-001319,2021-07-07,North America,Pro,Finance,SMB,145.93,42,False,18,5,36.9
CUST-001320,2023-12-23,North America,Basic,Finance,Startup,54.6,12,True,41,1,41.6
CUST-001321,2022-03-17,North America,Pro,Retail,Mid-Market,150.37,34,False,19,1,39.4
CUST-001322,2023-02-10,North America,Pro,Technology,Mid-Market,152.34,23,False,47,3,19.6
CUST-001323,2023-05-10,Asia Pacific,Pro,Healthcare,Enterprise,141.22,20,False,27,5,46.2
CUST-001324,2023-07-19,North America,Basic,Education,Startup,45.8,17,False,56,1,17.6
CUST-001325,2022-11-30,Latin America,Basic,Manufacturing,SMB,44.3,25,False,33,2,38.7
CUST-001326,2021-11-19,North America,Basic,Healthcare,Mid-Market,48.99,37,False,-3,3,9.7
CUST-001327,2023-01-28,North America,Enterprise,Education,Mid-Market,494.67,23,False,27,2,30.9
CUST-001328,2022-10-01,Asia Pacific,Basic,Education,Mid-Market,43.31,27,False,37,5,16.0
CUST-001329,2022-10-27,Europe,Basic,Manufacturing,SMB,50.25,26,False,0,4,33.2
CUST-001330,2024-03-08,Europe,Basic,Healthcare,SMB,69.97,9,False,2,3,26.1
CUST-001331,2021-06-23,Europe,Basic,Manufacturing,Startup,54.84,42,False,31,4,19.7
CUST-001332,2021-04-18,Europe,Pro,Finance,Enterprise,131.2,45,False,55,1,22.0
CUST-001333,2021-11-15,North America,Pro,Manufacturing,Startup,152.51,38,False,47,1,31.7
CUST-001334,2021-11-19,Latin America,Pro,Retail,SMB,143.85,37,False,34,1,32.0
CUST-001335,2021-04-12,Latin America,Basic,Technology,SMB,39.59,45,False,17,2,12.7
CUST-001336,2021-06-17,Europe,Pro,Technology,SMB,156.04,43,False,16,2,61.3
CUST-001337,2022-07-12,North America,Basic,Technology,SMB,49.77,30,False,47,2,23.1
CUST-001338,2023-06-27,Europe,Basic,Healthcare,Mid-Market,73.86,18,False,38,2,21.9
CUST-001339,2023-05-19,North America,Basic,Healthcare,SMB,47.86,19,False,52,0,69.9
CUST-001340,2023-09-22,North America,Basic,Finance,SMB,46.74,15,False,59,4,22.5
CUST-001341,2023-06-25,North America,Basic,Technology,SMB,60.97,18,False,25,1,1.4
CUST-001342,2023-04-29,Europe,Pro,Finance,Mid-Market,149.22,20,False,43,0,50.5
CUST-001343,2022-07-14,Asia Pacific,Pro,Technology,Enterprise,138.43,30,False,46,1,37.8
CUST-001344,2022-03-18,Europe,Pro,Healthcare,Mid-Market,140.19,33,False,21,2,40.0
CUST-001345,2023-11-16,Europe,Basic,Retail,Mid-Market,45.72,13,False,22,2,34.4
CUST-001346,2021-08-22,North America,Basic,Retail,SMB,55.58,40,True,49,6,21.3
CUST-001347,2022-12-08,North America,Basic,Retail,Mid-Market,61.72,25,True,35,3,37.6
CUST-001348,2023-05-31,North America,Enterprise,Manufacturing,Enterprise,507.02,19,False,17,2,50.8
CUST-001349,2021-08-16,Latin America,Pro,Retail,SMB,154.68,41,False,18,3,39.1
CUST-001350,2022-08-04,North America,Pro,Education,Startup,159.97,29,False,9,3,17.9
CUST-001351,2023-09-24,Asia Pacific,Basic,Technology,Enterprise,55.21,15,False,27,2,39.4
CUST-001352,2023-12-16,Europe,Pro,Retail,Mid-Market,139.97,12,False,14,0,50.9
CUST-001353,2022-09-24,North America,Basic,Education,SMB,46.79,27,False,37,6,12.5
CUST-001354,2021-04-04,Europe,Pro,Education,Enterprise,143.85,45,False,80,2,71.1
CUST-001355,2022-03-28,Europe,Enterprise,Education,SMB,511.62,33,False,44,1,29.5
CUST-001356,2023-03-21,Asia Pacific,Enterprise,Finance,SMB,489.45,21,False,56,4,27.6
CUST-001357,2021-04-23,Asia Pacific,Pro,Finance,Mid-Market,139.65,44,False,43,1,64.8
CUST-001358,2021-01-16,North America,Basic,Education,SMB,50.7,48,False,2,2,49.2
CUST-001359,2022-02-23,North America,Enterprise,Manufacturing,Mid-Market,518.29,34,False,37,5,37.1
CUST-001360,2022-09-10,Europe,Pro,Retail,Startup,156.35,28,False,21,3,33.7
CUST-001361,2022-03-09,Asia Pacific,Basic,Technology,Startup,59.42,34,False,18,1,4.1
CUST-001362,2021-10-09,North America,Basic,Manufacturing,SMB,37.93,39,False,30,1,4.0
CUST-001363,2022-06-08,Europe,Basic,Healthcare,SMB,55.69,31,False,47,4,64.3
CUST-001364,2022-08-16,Europe,Basic,Finance,Startup,37.89,28,False,28,1,24.8
CUST-001365,2022-11-03,Europe,Basic,Retail,Enterprise,56.31,26,False,52,5,36.2
CUST-001366,2021-09-03,North America,Pro,Retail,SMB,133.29,40,False,38,4,16.1
CUST-001367,2021-01-16,Europe,Basic,Healthcare,Startup,45.61,48,False,41,2,23.3
CUST-001368,2023-10-16,Asia Pacific,Basic,Healthcare,SMB,28.47,14,False,33,3,13.8
CUST-001369,2023-06-01,North America,Pro,Retail,Mid-Market,140.15,19,True,60,0,31.7
CUST-001370,2021-12-26,North America,Pro,Healthcare,SMB,134.75,36,False,20,3,5.8
CUST-001371,2021-09-22,Latin America,Pro,Retail,Startup,155.51,39,False,22,1,5.6
CUST-001372,2023-02-18,North America,Basic,Manufacturing,Startup,49.94,22,False,28,4,27.0
CUST-001373,2023-12-27,Asia Pacific,Enterprise,Healthcare,SMB,494.32,12,False,45,4,31.2
CUST-001374,2022-04-17,Europe,Enterprise,Manufacturing,SMB,500.17,32,False,47,5,63.2
CUST-001375,2023-10-22,North America,Basic,Manufacturing,Mid-Market,40.69,14,False,23,1,45.5
CUST-001376,2024-02-19,Asia Pacific,Basic,Healthcare,Enterprise,52.22,10,False,52,1,59.6
CUST-001377,2022-12-27,North America,Pro,Retail,Startup,148.22,24,False,15,1,45.1
CUST-001378,2021-05-28,Europe,Pro,Education,Mid-Market,171.81,43,False,49,0,17.6
CUST-001379,2023-03-25,North America,Enterprise,Retail,Enterprise,515.34,21,False,42,4,46.3
CUST-001380,2021-03-28,Europe,Enterprise,Technology,Enterprise,508.41,45,True,35,0,23.2
CUST-001381,2023-06-13,North America,Pro,Healthcare,Enterprise,151.92,18,False,44,0,47.4
CUST-001382,2021-02-08,North America,Pro,Finance,Mid-Market,153.2,47,False,32,3,52.2
CUST-001383,2023-07-31,Latin America,Basic,Healthcare,SMB,61.41,17,False,40,3,35.9
CUST-001384,2021-06-09,North America,Basic,Technology,SMB,51.88,43,False,83,1,38.3
CUST-001385,2022-10-04,Europe,Basic,Manufacturing,SMB,52.5,27,False,52,0,11.8
CUST-001386,2024-03-25,North America,Pro,Finance,Mid-Market,143.24,9,False,24,2,18.4
CUST-001387,2023-05-30,Asia Pacific,Pro,Finance,SMB,142.13,19,False,28,1,31.1
CUST-001388,2024-03-20,North America,Pro,Retail,Startup,147.93,9,False,59,1,39.6
CUST-001389,2023-04-09,Latin America,Basic,Education,Startup,22.85,21,False,27,2,4.4
CUST-001390,2023-05-06,Europe,Pro,Retail,Mid-Market,148.71,20,False,69,1,14.8
CUST-001391,2022-08-16,North America,Basic,Finance,Mid-Market,46.58,28,False,50,0,32.8
CUST-001392,2021-08-24,North America,Basic,Finance,SMB,57.79,40,False,7,2,2.0
CUST-001393,2023-04-10,North America,Pro,Education,SMB,161.25,21,False,52,3,55.1
CUST-001394,2021-02-12,Europe,Pro,Healthcare,Mid-Market,174.71,47,False,-8,4,24.5
CUST-001395,2022-10-28,North America,Enterprise,Education,Startup,504.8,26,False,28,0,57.3
CUST-001396,2021-12-18,Asia Pacific,Basic,Manufacturing,SMB,50.52,36,False,52,3,21.0
CUST-001397,2023-08-01,North America,Basic,Retail,SMB,43.34,17,False,-2,2,64.0
CUST-001398,2023-01-12,North America,Basic,Healthcare,Enterprise,38.51,23,True,75,4,45.8
CUST-001399,2021-06-30,Europe,Basic,Retail,SMB,58.14,42,True,54,0,47.9
CUST-001400,2023-06-14,Europe,Enterprise,Education,SMB,498.73,18,False,15,1,38.3
CUST-001401,2021-08-05,North America,Pro,Healthcare,Mid-Market,153.25,41,True,65,2,30.3
CUST-001402,2022-05-14,North America,Enterprise,Education,SMB,499.19,32,False,-3,2,44.1
CUST-001403,2023-06-12,North America,Basic,Manufacturing,Startup,49.45,18,False,14,3,31.6
CUST-001404,2023-04-01,Europe,Enterprise,Technology,SMB,501.19,21,False,6,1,22.0
CUST-001405,2023-12-10,Europe,Basic,Finance,Enterprise,53.22,12,False,-4,4,7.5
CUST-001406,2021-06-11,Europe,Enterprise,Healthcare,SMB,508.41,43,True,28,2,62.0
CUST-001407,2023-03-22,Asia Pacific,Basic,Finance,Mid-Market,36.68,21,False,38,4,18.1
CUST-001408,2022-09-28,Asia Pacific,Basic,Technology,Enterprise,54.86,27,False,38,1,48.7
CUST-001409,2022-11-27,Europe,Pro,Healthcare,Mid-Market,136.12,25,False,37,1,15.7
CUST-001410,2022-03-30,Asia Pacific,Enterprise,Finance,Mid-Market,506.01,33,False,36,4,40.9
CUST-001411,2022-11-14,North America,Basic,Finance,Mid-Market,52.2,25,False,11,2,71.7
CUST-001412,2021-12-11,North America,Basic,Healthcare,Enterprise,48.23,37,False,24,5,34.8
CUST-001413,2021-06-06,North America,Enterprise,Finance,Enterprise,498.62,43,False,-20,7,17.8
CUST-001414,2023-11-12,North America,Basic,Finance,Enterprise,50.37,13,False,56,1,29.7
CUST-001415,2021-08-22,Europe,Basic,Healthcare,Mid-Market,59.91,40,False,36,3,29.3
CUST-001416,2023-12-23,Asia Pacific,Basic,Finance,SMB,59.02,12,False,36,2,36.5
CUST-001417,2023-11-11,North America,Basic,Finance,Startup,57.85,13,False,50,2,4.3
CUST-001418,2022-02-02,North America,Enterprise,Retail,SMB,485.54,35,False,52,2,55.7
CUST-001419,2022-12-17,Europe,Pro,Manufacturing,Enterprise,154.76,24,False,27,2,16.5
CUST-001420,2022-12-21,Asia Pacific,Pro,Retail,Mid-Market,125.02,24,False,32,1,38.2
CUST-001421,2021-10-30,North America,Enterprise,Technology,SMB,477.69,38,False,66,2,48.4
CUST-001422,2022-04-29,Europe,Basic,Retail,SMB,60.24,32,False,23,0,30.9
CUST-001423,2021-07-30,North America,Basic,Retail,SMB,34.53,41,False,66,3,27.4
CUST-001424,2021-10-27,North America,Basic,Technology,SMB,47.21,38,False,27,0,19.4
CUST-001425,2022-06-09,Latin America,Basic,Finance,Mid-Market,63.04,31,False,-3,2,48.6
CUST-001426,2022-02-09,Latin America,Basic,Finance,SMB,54.84,35,False,36,1,6.1
CUST-001427,2021-12-22,North America,Enterprise,Retail,Startup,502.7,36,False,27,4,70.4
CUST-001428,2021-11-10,Latin America,Pro,Technology,SMB,148.46,38,False,8,5,41.3
CUST-001429,2021-06-04,Europe,Basic,Finance,Startup,50.26,43,False,33,1,27.0
CUST-001430,2021-12-29,Asia Pacific,Pro,Education,Enterprise,142.75,36,False,25,3,31.4
CUST-001431,2023-10-09,Europe,Pro,Healthcare,SMB,144.2,14,False,72,2,25.9
CUST-001432,2023-08-09,Europe,Enterprise,Healthcare,Enterprise,499.86,17,False,54,0,32.6
CUST-001433,2024-02-29,Europe,Enterprise,Manufacturing,Startup,501.32,10,False,15,2,36.6
CUST-001434,2024-04-01,Europe,Pro,Healthcare,Startup,147.42,9,False,20,1,20.0
CUST-001435,2023-07-09,North America,Pro,Retail,Mid-Market,126.64,18,False,55,1,32.8
CUST-001436,2024-03-02,North America,Pro,Healthcare,Mid-Market,164.65,10,False,59,1,5.1
CUST-001437,2022-10-24,North America,Pro,Healthcare,SMB,158.37,26,False,28,3,45.1
CUST-001438,2022-10-10,Europe,Basic,Education,Startup,46.96,27,False,25,2,13.1
CUST-001439,2021-11-06,North America,Basic,Finance,Startup,58.68,38,False,32,3,14.9
CUST-001440,2023-06-20,Europe,Pro,Education,Mid-Market,145.41,18,False,40,4,16.4
CUST-001441,2021-05-20,Latin America,Basic,Retail,Startup,52.18,44,False,49,2,12.2
CUST-001442,2023-08-19,North America,Basic,Healthcare,SMB,29.77,16,False,50,6,17.5
CUST-001443,2023-06-25,Europe,Pro,Finance,Mid-Market,151.57,18,False,13,2,26.2
CUST-001444,2022-09-13,North America,Basic,Manufacturing,Startup,46.19,28,False,27,3,24.0
CUST-001445,2022-07-17,Asia Pacific,Pro,Manufacturing,Startup,151.18,29,False,-6,1,44.4
CUST-001446,2021-04-26,North America,Pro,Healthcare,Startup,166.1,44,False,34,1,20.3
CUST-001447,2022-12-22,Europe,Enterprise,Healthcare,Enterprise,498.82,24,False,7,4,54.6
CUST-001448,2023-11-06,Asia Pacific,Basic,Manufacturing,SMB,44.42,14,False,20,3,31.6
CUST-001449,2021-06-01,Asia Pacific,Basic,Manufacturing,Enterprise,44.54,43,False,57,3,22.5
CUST-001450,2022-09-28,Europe,Pro,Retail,SMB,134.84,27,False,42,2,23.3
CUST-001451,2023-08-04,Europe,Pro,Healthcare,Mid-Market,153.04,17,False,41,0,48.1
CUST-001452,2023-07-15,Europe,Enterprise,Manufacturing,Startup,504.34,17,True,35,2,58.4
CUST-001453,2021-03-19,Asia Pacific,Basic,Technology,SMB,49.65,46,False,63,4,19.5
CUST-001454,2021-04-27,Europe,Basic,Manufacturing,Mid-Market,58.2,44,False,22,1,33.3
CUST-001455,2023-01-26,North America,Enterprise,Finance,Mid-Market,508.29,23,False,38,3,32.5
CUST-001456,2022-08-11,Asia Pacific,Basic,Finance,Mid-Market,49.7,29,False,37,1,45.3
CUST-001457,2021-06-07,Europe,Pro,Technology,Mid-Market,154.85,43,False,28,1,37.8
CUST-001458,2021-07-04,Europe,Basic,Retail,Startup,70.73,42,False,77,2,34.7
CUST-001459,2023-11-05,North America,Basic,Healthcare,SMB,40.78,14,False,10,2,43.6
CUST-001460,2023-02-27,Europe,Basic,Healthcare,SMB,56.73,22,False,-1,3,21.1
CUST-001461,2023-08-06,North America,Basic,Manufacturing,Mid-Market,49.87,17,False,37,2,27.6
CUST-001462,2024-04-03,Europe,Pro,Finance,SMB,159.46,9,False,22,2,27.4
CUST-001463,2024-02-10,North America,Enterprise,Retail,Enterprise,491.07,10,False,-11,1,28.2
CUST-001464,2021-03-26,Europe,Basic,Retail,SMB,51.0,45,False,42,2,23.2
CUST-001465,2023-07-11,Latin America,Pro,Retail,Mid-Market,142.2,17,False,39,4,16.0
CUST-001466,2024-03-16,North America,Basic,Manufacturing,SMB,31.33,9,False,57,2,20.9
CUST-001467,2022-01-21,Latin America,Pro,Healthcare,SMB,163.04,35,False,23,2,24.7
CUST-001468,2022-10-21,North America,Basic,Retail,Mid-Market,44.66,26,True,-2,2,49.6
CUST-001469,2023-09-02,Asia Pacific,Enterprise,Manufacturing,SMB,490.58,16,False,16,2,51.1
CUST-001470,2023-10-24,Asia Pacific,Pro,Manufacturing,Enterprise,143.23,14,True,-3,1,15.6
CUST-001471,2021-11-05,Europe,Pro,Technology,Mid-Market,167.24,38,False,64,3,21.1
CUST-001472,2021-05-07,Europe,Pro,Education,SMB,162.11,44,True,55,6,36.3
CUST-001473,2023-07-12,Asia Pacific,Pro,Retail,Mid-Market,146.82,17,False,60,1,28.5
CUST-001474,2021-07-31,North America,Enterprise,Education,Mid-Market,507.61,41,False,48,1,35.5
CUST-001475,2022-12-05,North America,Pro,Healthcare,Mid-Market,138.25,25,False,6,3,21.6
CUST-001476,2021-06-22,Europe,Enterprise,Manufacturing,Startup,504.24,42,False,26,3,31.7
CUST-001477,2023-10-31,Asia Pacific,Pro,Retail,SMB,144.69,14,False,50,1,25.0
CUST-001478,2021-12-20,Asia Pacific,Basic,Finance,Mid-Market,53.36,36,False,1,4,16.4
CUST-001479,2021-03-22,Asia Pacific,Pro,Healthcare,Mid-Market,135.26,46,False,43,3,8.9
CUST-001480,2022-05-23,North America,Basic,Technology,SMB,43.05,31,False,50,3,58.1
CUST-001481,2023-06-16,Asia Pacific,Pro,Technology,Startup,150.82,18,False,80,0,28.7
CUST-001482,2023-06-19,North America,Basic,Education,SMB,50.71,18,False,54,2,5.3
CUST-001483,2023-12-10,Europe,Pro,Manufacturing,Startup,134.37,12,False,44,5,52.0
CUST-001484,2023-12-07,North America,Basic,Education,Mid-Market,39.28,13,False,35,0,27.0
CUST-001485,2021-11-22,North America,Basic,Finance,Mid-Market,53.23,37,False,45,1,5.6
CUST-001486,2023-01-16,North America,Basic,Finance,SMB,52.06,23,False,47,4,31.4
CUST-001487,2023-02-03,North America,Enterprise,Technology,Mid-Market,505.55,23,False,-6,4,34.1
CUST-001488,2022-08-03,Europe,Basic,Retail,SMB,50.9,29,False,39,2,29.1
CUST-001489,2023-03-05,North America,Basic,Technology,Mid-Market,38.47,22,False,-17,3,42.2
CUST-001490,2023-04-18,North America,Pro,Technology,Startup,145.46,20,False,-10,1,18.1
CUST-001491,2022-11-24,North America,Pro,Finance,SMB,154.31,25,False,35,0,10.0
CUST-001492,2021-04-18,North America,Basic,Education,Mid-Market,38.98,45,False,44,4,35.8
CUST-001493,2022-11-17,North America,Basic,Finance,Startup,37.74,25,False,8,1,34.7
CUST-001494,2021-05-15,North America,Basic,Manufacturing,SMB,45.97,44,False,56,4,17.1
CUST-001495,2022-11-07,Europe,Enterprise,Finance,SMB,501.71,26,False,65,1,23.0
CUST-001496,2021-07-13,Europe,Basic,Finance,Startup,30.57,42,False,51,5,30.5
CUST-001497,2024-02-17,Europe,Basic,Technology,SMB,46.58,10,False,34,0,57.4
CUST-001498,2023-03-03,Europe,Basic,Retail,Startup,54.19,22,True,41,3,21.1
CUST-001499,2022-08-05,North America,Basic,Technology,Enterprise,56.15,29,False,37,0,68.1
CUST-001500,2022-06-01,Asia Pacific,Pro,Healthcare,Mid-Market,138.96,31,True,39,5,56.9
CUST-001501,2021-11-04,Europe,Basic,Finance,SMB,52.72,38,False,14,1,29.4
CUST-001502,2022-11-14,Europe,Basic,Finance,Mid-Market,58.94,25,True,27,3,65.8
CUST-001503,2021-06-16,North America,Basic,Healthcare,Startup,55.07,43,False,36,1,19.5
CUST-001504,2024-04-08,North America,Basic,Finance,SMB,44.88,8,False,41,2,42.6
CUST-001505,2021-10-17,North America,Basic,Finance,SMB,25.15,39,False,46,6,34.6
CUST-001506,2022-12-18,North America,Pro,Manufacturing,Startup,151.09,24,False,15,2,60.8
CUST-001507,2022-09-28,Europe,Pro,Finance,Mid-Market,164.79,27,True,31,0,18.4
CUST-001508,2023-03-14,Europe,Enterprise,Healthcare,Startup,507.24,21,False,29,1,53.0
CUST-001509,2021-09-22,Europe,Enterprise,Technology,Mid-Market,506.55,39,False,74,4,35.6
CUST-001510,2021-06-23,Asia Pacific,Pro,Finance,SMB,150.68,42,False,39,1,41.8
CUST-001511,2022-09-27,Asia Pacific,Basic,Retail,Startup,57.97,27,False,48,1,44.6
CUST-001512,2024-02-19,Europe,Pro,Healthcare,Mid-Market,152.03,10,False,54,2,48.6
CUST-001513,2023-02-11,Latin America,Pro,Education,SMB,131.54,22,False,52,1,47.0
CUST-001514,2022-11-04,North America,Pro,Manufacturing,SMB,157.92,26,False,-5,4,16.3
CUST-001515,2021-09-19,North America,Pro,Healthcare,SMB,140.39,39,False,31,1,49.0
CUST-001516,2023-12-15,North America,Basic,Technology,Startup,49.67,12,False,48,1,5.1
CUST-001517,2021-07-11,Europe,Pro,Healthcare,Enterprise,156.39,42,False,37,1,36.4
CUST-001518,2023-05-18,Asia Pacific,Pro,Education,SMB,141.51,19,False,1,4,8.8
CUST-001519,2023-11-08,North America,Enterprise,Manufacturing,Startup,489.15,13,False,14,1,26.8
CUST-001520,2023-01-12,Asia Pacific,Basic,Retail,Mid-Market,53.77,23,False,17,3,43.4
CUST-001521,2021-02-07,North America,Basic,Education,SMB,37.86,47,False,41,2,11.3
CUST-001522,2023-01-13,Asia Pacific,Basic,Healthcare,Startup,47.07,23,False,39,4,15.1
CUST-001523,2022-09-25,North America,Pro,Education,SMB,160.28,27,False,65,1,19.4
CUST-001524,2022-01-05,North America,Basic,Healthcare,SMB,65.26,36,False,35,1,30.4
CUST-001525,2022-03-15,Europe,Basic,Retail,Startup,31.18,34,False,39,2,8.2
CUST-001526,2022-12-01,North America,Enterprise,Retail,SMB,496.81,25,False,8,2,46.4
CUST-001527,2023-09-23,North America,Basic,Technology,Mid-Market,61.7,15,False,31,2,35.2
CUST-001528,2022-01-29,North America,Pro,Retail,Startup,145.02,35,False,80,2,4.6
CUST-001529,2022-04-09,Asia Pacific,Basic,Finance,SMB,56.92,33,False,41,2,26.7
CUST-001530,2021-10-09,Europe,Pro,Education,SMB,157.67,39,False,23,1,40.3
CUST-001531,2021-11-14,North America,Pro,Education,SMB,142.89,38,False,43,3,62.7
CUST-001532,2021-06-08,Europe,Enterprise,Healthcare,Enterprise,503.29,43,False,55,3,21.3
CUST-001533,2022-08-29,Europe,Enterprise,Retail,SMB,503.89,28,False,44,1,37.1
CUST-001534,2021-07-27,North America,Basic,Technology,Startup,58.1,41,False,51,1,31.6
CUST-001535,2023-11-06,North America,Basic,Technology,SMB,32.75,14,False,54,1,55.3
CUST-001536,2024-01-11,North America,Basic,Technology,Startup,61.93,11,False,38,3,17.3
CUST-001537,2023-12-15,North America,Pro,Manufacturing,Mid-Market,155.87,12,True,41,2,27.6
CUST-001538,2021-03-19,Europe,Enterprise,Finance,Startup,487.7,46,False,23,1,54.0
CUST-001539,2022-11-21,North America,Basic,Retail,SMB,47.72,25,False,22,0,20.4
CUST-001540,2021-09-26,Europe,Pro,Technology,SMB,157.38,39,False,33,4,48.8
CUST-001541,2023-02-11,Europe,Basic,Finance,SMB,38.23,22,False,8,4,34.9
CUST-001542,2021-11-12,North America,Pro,Education,SMB,139.75,38,False,42,0,30.7
CUST-001543,2021-11-29,Europe,Enterprise,Healthcare,Startup,499.19,37,False,19,2,25.0
CUST-001544,2022-01-06,North America,Basic,Retail,Enterprise,44.64,36,False,38,1,3.0
CUST-001545,2021-12-06,Latin America,Basic,Retail,SMB,51.51,37,True,45,1,11.1
CUST-001546,2023-06-16,Europe,Basic,Manufacturing,Enterprise,57.23,18,False,8,1,15.7
CUST-001547,2021-03-31,Asia Pacific,Pro,Education,SMB,151.72,45,False,43,2,12.1
CUST-001548,2023-04-22,Europe,Pro,Retail,Mid-Market,148.9,20,False,-6,4,17.9
CUST-001549,2023-01-17,North America,Basic,Manufacturing,Startup,57.28,23,False,46,3,14.5
CUST-001550,2022-05-02,Europe,Basic,Manufacturing,Mid-Market,47.95,32,False,47,2,33.9
CUST-001551,2023-06-29,Latin America,Basic,Manufacturing,SMB,41.54,18,False,48,1,11.5
CUST-001552,2022-08-07,Europe,Pro,Retail,SMB,160.55,29,True,41,3,16.2
CUST-001553,2023-07-09,Asia Pacific,Pro,Retail,Mid-Market,124.81,18,False,24,2,70.2
CUST-001554,2022-04-25,Asia Pacific,Basic,Retail,SMB,49.64,32,False,25,3,32.5
CUST-001555,2023-12-30,North America,Pro,Finance,SMB,145.37,12,False,22,3,25.5
CUST-001556,2022-05-05,North America,Pro,Manufacturing,Startup,139.77,32,False,55,2,3.7
CUST-001557,2022-09-26,Europe,Basic,Finance,Startup,51.99,27,False,68,2,46.1
CUST-001558,2023-08-19,North America,Basic,Healthcare,SMB,53.6,16,False,36,2,26.7
CUST-001559,2022-02-02,Asia Pacific,Pro,Retail,Startup,140.71,35,False,15,2,45.8
CUST-001560,2023-01-24,Asia Pacific,Enterprise,Education,SMB,485.04,23,False,29,3,14.8
CUST-001561,2024-03-14,North America,Basic,Technology,Startup,35.94,9,False,54,1,21.7
CUST-001562,2023-06-22,North America,Basic,Healthcare,Startup,67.13,18,False,46,6,57.5
CUST-001563,2023-08-04,Asia Pacific,Basic,Technology,SMB,68.24,17,False,35,4,59.0
CUST-001564,2022-08-01,North America,Pro,Technology,SMB,149.3,29,False,29,3,28.7
CUST-001565,2023-02-22,Asia Pacific,Basic,Retail,Enterprise,35.28,22,False,1,3,25.1
CUST-001566,2023-10-27,North America,Basic,Education,SMB,47.55,14,False,30,8,4.1
CUST-001567,2023-12-17,Europe,Pro,Technology,Enterprise,126.99,12,False,27,2,29.4
CUST-001568,2023-05-08,North America,Pro,Manufacturing,Mid-Market,152.15,20,False,26,2,16.6
CUST-001569,2021-11-28,Europe,Basic,Technology,Enterprise,39.06,37,False,40,0,33.5
CUST-001570,2022-02-13,Europe,Basic,Healthcare,Mid-Market,36.9,35,False,70,2,45.4
CUST-001571,2021-10-11,Europe,Pro,Education,Mid-Market,158.78,39,False,35,5,35.1
CUST-001572,2022-05-28,North America,Basic,Education,SMB,47.46,31,False,46,4,4.6
CUST-001573,2021-04-17,Europe,Basic,Technology,Startup,57.66,45,True,33,6,11.0
CUST-001574,2023-09-12,Asia Pacific,Enterprise,Education,Startup,511.07,15,False,33,6,77.9
CUST-001575,2023-01-31,North America,Basic,Healthcare,Enterprise,48.11,23,False,57,0,25.7
CUST-001576,2024-02-10,North America,Pro,Healthcare,Enterprise,148.95,10,False,42,2,27.4
CUST-001577,2021-07-30,North America,Enterprise,Healthcare,Mid-Market,509.58,41,False,50,3,52.4
CUST-001578,2023-11-23,Europe,Basic,Manufacturing,Mid-Market,43.61,13,False,59,0,17.0
CUST-001579,2021-09-13,Europe,Basic,Retail,Enterprise,60.55,40,False,42,2,23.1
CUST-001580,2022-08-07,Europe,Pro,Technology,SMB,128.77,29,False,39,4,14.2
CUST-001581,2021-06-21,North America,Enterprise,Education,Mid-Market,495.45,42,False,49,3,63.7
CUST-001582,2021-11-25,North America,Enterprise,Healthcare,SMB,500.87,37,False,22,4,42.5
CUST-001583,2022-07-13,Europe,Pro,Technology,SMB,136.95,30,False,22,1,64.2
CUST-001584,2023-07-10,Europe,Basic,Technology,Startup,52.7,18,False,19,1,47.1
CUST-001585,2023-11-18,Latin America,Pro,Retail,SMB,150.72,13,False,25,2,20.1
CUST-001586,2021-10-29,North America,Basic,Manufacturing,Mid-Market,41.68,38,True,11,3,35.3
CUST-001587,2023-06-15,Europe,Basic,Education,SMB,41.3,18,False,1,3,41.1
CUST-001588,2021-07-07,North America,Basic,Manufacturing,Mid-Market,40.28,42,True,18,3,12.0
CUST-001589,2022-03-31,North America,Basic,Education,SMB,33.33,33,False,-12,2,12.7
CUST-001590,2023-07-13,Europe,Pro,Healthcare,Startup,165.1,17,False,40,3,32.9
CUST-001591,2022-12-17,Europe,Basic,Healthcare,Mid-Market,46.9,24,False,36,5,18.4
CUST-001592,2021-02-24,Latin America,Basic,Technology,Mid-Market,35.47,46,False,49,3,29.4
CUST-001593,2023-04-30,North America,Basic,Education,Startup,47.78,20,False,16,2,59.8
CUST-001594,2021-04-20,North America,Enterprise,Education,SMB,501.4,45,False,44,2,41.2
CUST-001595,2023-03-23,Europe,Pro,Manufacturing,SMB,140.82,21,False,18,3,4.5
CUST-001596,2023-10-26,Europe,Basic,Healthcare,Enterprise,45.35,14,False,50,2,36.9
CUST-001597,2023-02-05,North America,Basic,Finance,Mid-Market,62.04,23,False,-1,1,17.1
CUST-001598,2022-04-28,North America,Basic,Technology,Startup,37.32,32,False,30,4,12.7
CUST-001599,2023-03-02,North America,Enterprise,Education,SMB,493.18,22,False,27,5,25.2
CUST-001600,2021-06-17,Asia Pacific,Pro,Retail,Mid-Market,128.95,43,False,50,2,36.7
CUST-001601,2023-02-07,North America,Pro,Retail,Mid-Market,167.23,23,False,50,1,41.0
CUST-001602,2022-04-05,North America,Pro,Finance,Mid-Market,155.58,33,False,59,1,36.1
CUST-001603,2021-02-27,North America,Basic,Healthcare,SMB,48.5,46,False,-5,2,11.0
CUST-001604,2022-10-15,North America,Pro,Healthcare,Mid-Market,141.82,26,False,64,3,34.5
CUST-001605,2021-07-22,North America,Pro,Healthcare,Mid-Market,141.32,41,False,16,0,35.0
CUST-001606,2022-11-18,Europe,Basic,Manufacturing,Mid-Market,46.31,25,False,69,2,32.5
CUST-001607,2021-10-27,North America,Basic,Retail,SMB,53.96,38,False,79,2,26.5
CUST-001608,2021-10-09,Asia Pacific,Pro,Healthcare,Mid-Market,138.36,39,False,58,8,47.7
CUST-001609,2021-03-20,North America,Enterprise,Retail,Mid-Market,494.37,46,False,17,2,33.9
CUST-001610,2022-08-11,Europe,Basic,Finance,Mid-Market,57.57,29,False,10,2,45.5
CUST-001611,2023-08-26,Asia Pacific,Enterprise,Technology,SMB,515.09,16,False,20,5,26.0
CUST-001612,2021-10-12,Europe,Pro,Manufacturing,Startup,154.44,39,True,46,4,25.3
CUST-001613,2023-08-19,Europe,Basic,Education,SMB,42.38,16,False,13,3,12.4
CUST-001614,2023-07-08,North America,Basic,Finance,SMB,47.45,18,False,-2,4,13.2
CUST-001615,2021-01-11,North America,Basic,Retail,SMB,53.12,48,False,56,5,19.8
CUST-001616,2021-06-12,Europe,Pro,Finance,SMB,146.09,43,False,22,2,34.0
CUST-001617,2021-02-08,Latin America,Basic,Education,SMB,56.12,47,False,53,3,15.5
CUST-001618,2022-06-09,Europe,Basic,Manufacturing,Mid-Market,41.7,31,False,50,3,42.9
CUST-001619,2022-03-18,Europe,Pro,Technology,Startup,165.13,33,False,38,0,19.5
CUST-001620,2021-11-03,Europe,Pro,Education,SMB,148.12,38,False,51,3,20.3
CUST-001621,2024-01-29,Europe,Basic,Manufacturing,Mid-Market,42.69,11,False,64,3,13.5
CUST-001622,2023-12-17,North America,Basic,Retail,SMB,54.92,12,False,50,2,24.9
CUST-001623,2023-05-17,Europe,Basic,Education,SMB,39.21,19,False,50,3,29.6
CUST-001624,2021-08-16,Latin America,Pro,Finance,SMB,150.48,41,False,42,1,5.2
CUST-001625,2022-08-14,North America,Pro,Healthcare,SMB,163.01,29,False,26,2,56.2
CUST-001626,2022-05-02,Europe,Basic,Finance,Startup,36.83,32,False,41,1,10.9
CUST-001627,2022-09-09,North America,Pro,Retail,SMB,160.91,28,False,39,5,29.2
CUST-001628,2021-09-07,Europe,Pro,Technology,Enterprise,136.09,40,False,44,4,17.6
CUST-001629,2021-04-08,North America,Pro,Education,SMB,157.2,45,True,41,6,18.7
CUST-001630,2022-05-04,Europe,Pro,Technology,Startup,139.53,32,False,25,2,9.1
CUST-001631,2023-05-10,Asia Pacific,Basic,Retail,Mid-Market,60.92,20,False,57,2,15.0
CUST-001632,2023-07-26,North America,Basic,Education,SMB,43.24,17,False,24,4,69.4
CUST-001633,2021-05-09,Europe,Pro,Manufacturing,Startup,145.43,44,False,42,6,38.1
CUST-001634,2021-08-16,Asia Pacific,Pro,Manufacturing,Mid-Market,139.62,41,False,45,3,13.1
CUST-001635,2023-10-21,Asia Pacific,Pro,Finance,Startup,124.88,14,False,14,1,6.8
CUST-001636,2024-01-03,North America,Basic,Finance,Enterprise,37.58,12,False,66,1,14.8
CUST-001637,2021-02-03,North America,Enterprise,Retail,SMB,482.15,47,False,34,2,43.3
CUST-001638,2023-11-22,North America,Pro,Manufacturing,Mid-Market,128.58,13,True,15,3,8.7
CUST-001639,2024-03-23,Latin America,Basic,Education,SMB,51.94,9,False,35,1,24.0
CUST-001640,2022-05-11,Asia Pacific,Basic,Manufacturing,SMB,64.25,32,False,15,4,8.1
CUST-001641,2021-10-22,Europe,Pro,Finance,Mid-Market,166.97,38,False,23,3,46.9
CUST-001642,2022-08-20,Asia Pacific,Pro,Retail,Enterprise,137.37,28,False,23,2,45.6
CUST-001643,2023-05-30,Europe,Basic,Manufacturing,Mid-Market,47.9,19,False,32,1,23.6
CUST-001644,2021-01-04,Europe,Enterprise,Retail,Mid-Market,510.65,48,False,62,5,39.1
CUST-001645,2022-12-24,North America,Basic,Manufacturing,Enterprise,35.88,24,False,37,2,22.2
CUST-001646,2022-05-08,Asia Pacific,Basic,Technology,SMB,61.04,32,False,38,4,42.0
CUST-001647,2024-03-14,North America,Enterprise,Manufacturing,Startup,511.2,9,False,25,3,48.9
CUST-001648,2023-05-04,Asia Pacific,Enterprise,Finance,Startup,479.54,20,False,40,2,56.1
CUST-001649,2022-01-19,Asia Pacific,Pro,Education,Mid-Market,125.44,35,False,34,4,27.6
CUST-001650,2021-06-25,Europe,Enterprise,Finance,Mid-Market,495.0,42,False,33,1,29.9
CUST-001651,2023-12-09,North America,Basic,Finance,Mid-Market,58.38,12,False,49,2,20.6
CUST-001652,2023-01-09,North America,Enterprise,Finance,Enterprise,483.8,24,False,16,2,26.0
CUST-001653,2021-05-19,North America,Basic,Retail,Mid-Market,28.62,44,False,60,3,3.0
CUST-001654,2023-12-14,North America,Basic,Healthcare,SMB,49.64,12,False,-18,2,33.2
CUST-001655,2024-01-20,North America,Basic,Healthcare,Startup,55.33,11,False,33,6,33.7
CUST-001656,2023-11-06,Asia Pacific,Basic,Technology,Enterprise,42.2,14,False,62,2,15.5
CUST-001657,2023-11-06,Europe,Basic,Finance,Startup,43.02,14,False,59,4,63.1
CUST-001658,2024-02-09,North America,Basic,Healthcare,SMB,55.27,10,False,38,2,33.2
CUST-001659,2021-02-11,North America,Basic,Technology,SMB,40.3,47,False,18,5,20.5
CUST-001660,2023-03-11,North America,Basic,Retail,SMB,41.05,22,False,32,2,18.2
CUST-001661,2023-08-21,Europe,Pro,Finance,Mid-Market,151.77,16,False,86,3,52.8
CUST-001662,2021-03-31,Europe,Basic,Education,Startup,52.89,45,False,49,2,50.4
CUST-001663,2023-03-04,Asia Pacific,Basic,Retail,Enterprise,46.76,22,False,0,6,26.7
CUST-001664,2023-02-04,Europe,Pro,Technology,SMB,163.84,23,False,36,1,11.3
CUST-001665,2022-06-04,Latin America,Enterprise,Retail,Mid-Market,506.5,31,False,23,2,46.1
CUST-001666,2021-02-03,Asia Pacific,Pro,Education,Mid-Market,145.49,47,False,9,3,39.6
CUST-001667,2023-01-02,North America,Basic,Retail,Mid-Market,36.09,24,False,44,4,36.3
CUST-001668,2021-05-19,Asia Pacific,Pro,Technology,Enterprise,158.91,44,False,15,4,26.9
CUST-001669,2022-12-08,North America,Basic,Education,Startup,59.26,25,False,65,2,3.7
CUST-001670,2022-05-09,Asia Pacific,Basic,Education,Startup,48.01,32,False,61,3,32.0
CUST-001671,2021-08-01,North America,Basic,Retail,Startup,51.77,41,False,20,2,50.0
CUST-001672,2024-04-06,Asia Pacific,Pro,Education,Mid-Market,156.01,8,False,19,2,10.4
CUST-001673,2022-11-12,Asia Pacific,Basic,Retail,Enterprise,65.03,26,False,48,1,57.1
CUST-001674,2021-10-01,Asia Pacific,Basic,Finance,SMB,57.87,39,False,55,2,40.5
CUST-001675,2021-04-01,Asia Pacific,Basic,Education,Mid-Market,53.45,45,False,29,4,34.1
CUST-001676,2022-12-23,North America,Enterprise,Retail,Startup,508.3,24,True,54,1,67.1
CUST-001677,2024-01-24,North America,Pro,Finance,Startup,160.51,11,False,68,5,22.9
CUST-001678,2022-11-25,North America,Basic,Education,Mid-Market,51.71,25,False,41,1,11.5
CUST-001679,2021-12-25,North America,Pro,Finance,Startup,158.18,36,False,14,0,40.4
CUST-001680,2023-08-10,Europe,Pro,Manufacturing,SMB,142.24,16,False,50,2,37.7
CUST-001681,2023-09-08,North America,Pro,Education,Mid-Market,159.35,16,False,37,0,40.1
CUST-001682,2022-01-09,Latin America,Basic,Manufacturing,Mid-Market,42.32,36,False,28,1,15.1
CUST-001683,2021-10-04,Europe,Enterprise,Technology,SMB,488.92,39,False,50,2,42.2
CUST-001684,2021-05-10,Asia Pacific,Basic,Technology,Mid-Market,47.71,44,False,59,1,14.5
CUST-001685,2023-07-27,North America,Pro,Retail,SMB,135.58,17,False,38,1,30.0
CUST-001686,2021-03-17,Asia Pacific,Basic,Healthcare,Startup,43.03,46,False,-10,1,6.4
CUST-001687,2022-08-24,Asia Pacific,Basic,Manufacturing,Mid-Market,52.78,28,False,37,5,28.7
CUST-001688,2022-02-17,Europe,Basic,Manufacturing,Startup,51.78,34,False,39,0,19.5
CUST-001689,2021-03-31,Europe,Pro,Technology,Startup,155.4,45,False,86,2,23.3
CUST-001690,2022-02-13,Asia Pacific,Basic,Manufacturing,SMB,55.55,35,False,37,3,12.5
CUST-001691,2021-03-27,North America,Pro,Healthcare,Mid-Market,152.74,45,False,31,0,8.8
CUST-001692,2022-10-09,Europe,Basic,Finance,Startup,40.48,27,False,48,3,16.3
CUST-001693,2022-09-28,North America,Pro,Finance,Startup,158.23,27,False,28,2,15.2
CUST-001694,2023-11-22,North America,Pro,Healthcare,Startup,147.9,13,False,21,1,42.1
CUST-001695,2023-03-27,North America,Pro,Manufacturing,SMB,151.4,21,False,3,2,30.5
CUST-001696,2024-01-18,North America,Pro,Manufacturing,SMB,150.04,11,False,23,3,18.9
CUST-001697,2023-08-28,North America,Pro,Manufacturing,Startup,164.75,16,False,-3,1,9.0
CUST-001698,2022-06-03,North America,Basic,Retail,Mid-Market,37.05,31,False,40,1,13.4
CUST-001699,2021-03-16,Latin America,Pro,Education,Mid-Market,145.57,46,False,39,2,9.1
CUST-001700,2022-01-27,Europe,Basic,Healthcare,Mid-Market,54.31,35,False,48,1,12.1
CUST-001701,2022-08-09,Latin America,Pro,Healthcare,SMB,149.22,29,False,14,0,23.3
CUST-001702,2023-01-02,North America,Pro,Healthcare,SMB,144.15,24,False,6,3,25.5
CUST-001703,2021-04-08,North America,Basic,Healthcare,SMB,29.82,45,False,76,4,52.3
CUST-001704,2022-11-11,Europe,Basic,Healthcare,SMB,46.13,26,False,33,2,1.2
CUST-001705,2022-07-14,North America,Basic,Manufacturing,Startup,52.62,30,False,48,2,30.0
CUST-001706,2021-09-12,North America,Pro,Retail,Mid-Market,154.44,40,False,37,0,18.3
CUST-001707,2023-01-24,Europe,Enterprise,Technology,SMB,497.32,23,False,49,4,74.2
CUST-001708,2023-06-14,North America,Pro,Manufacturing,Startup,150.78,18,False,39,4,17.4
CUST-001709,2023-03-31,Europe,Pro,Manufacturing,SMB,137.57,21,False,18,1,10.5
CUST-001710,2023-06-20,Europe,Enterprise,Education,Startup,502.89,18,False,45,2,59.6
CUST-001711,2023-03-03,North America,Basic,Technology,Enterprise,49.09,22,False,41,1,19.2
CUST-001712,2022-11-26,North America,Basic,Healthcare,Startup,50.65,25,False,1,3,2.9
CUST-001713,2022-01-18,Asia Pacific,Pro,Technology,Mid-Market,146.81,35,False,40,3,25.1
CUST-001714,2023-10-14,Europe,Pro,Retail,SMB,151.13,14,False,27,1,36.6
CUST-001715,2023-10-16,North America,Enterprise,Finance,Mid-Market,505.35,14,False,21,7,49.0
CUST-001716,2023-01-23,Latin America,Basic,Manufacturing,SMB,51.55,23,False,54,3,8.8
CUST-001717,2023-11-30,North America,Basic,Technology,Enterprise,30.77,13,False,33,0,29.3
CUST-001718,2022-07-01,Europe,Basic,Education,Startup,51.76,30,False,34,3,32.9
CUST-001719,2021-06-19,Latin America,Basic,Retail,SMB,45.12,43,False,36,4,46.1
CUST-001720,2023-05-20,North America,Basic,Finance,Startup,41.92,19,False,34,3,5.6
CUST-001721,2021-06-11,North America,Pro,Retail,SMB,162.49,43,False,33,4,30.7
CUST-001722,2023-06-01,North America,Basic,Healthcare,SMB,39.67,19,False,64,1,47.4
CUST-001723,2022-01-05,North America,Pro,Finance,Mid-Market,140.8,36,False,21,1,23.1
CUST-001724,2024-01-23,North America,Basic,Education,SMB,26.59,11,False,0,2,20.0
CUST-001725,2022-08-25,Europe,Pro,Finance,Startup,163.41,28,False,35,1,31.8
CUST-001726,2022-10-20,North America,Basic,Education,Mid-Market,57.91,26,False,16,3,16.8
CUST-001727,2021-07-30,Europe,Basic,Healthcare,SMB,45.68,41,False,13,2,40.8
CUST-001728,2021-06-13,Latin America,Basic,Education,Startup,55.13,43,True,34,1,37.9
CUST-001729,2022-11-03,Asia Pacific,Enterprise,Retail,Enterprise,476.74,26,False,40,5,61.7
CUST-001730,2022-08-29,Europe,Pro,Technology,Enterprise,153.75,28,False,31,3,16.8
CUST-001731,2022-09-20,North America,Basic,Retail,Mid-Market,40.43,27,False,25,0,14.1
CUST-001732,2023-07-03,Europe,Basic,Manufacturing,Mid-Market,65.74,18,False,30,1,32.4
CUST-001733,2023-05-23,Europe,Enterprise,Retail,Startup,502.68,19,False,33,3,50.8
CUST-001734,2021-12-08,North America,Basic,Finance,Enterprise,50.31,37,False,34,2,9.2
CUST-001735,2023-06-29,North America,Basic,Healthcare,SMB,40.79,18,False,0,2,7.3
CUST-001736,2022-12-21,Asia Pacific,Pro,Manufacturing,Startup,140.86,24,False,52,2,29.1
CUST-001737,2023-07-05,North America,Enterprise,Manufacturing,Mid-Market,504.93,18,False,5,1,31.7
CUST-001738,2021-03-28,North America,Basic,Manufacturing,Startup,40.7,45,False,21,8,23.6
CUST-001739,2022-12-24,North America,Basic,Technology,SMB,40.31,24,False,3,0,6.4
CUST-001740,2023-06-10,North America,Enterprise,Education,Startup,513.07,19,True,38,3,33.6
CUST-001741,2022-07-17,Asia Pacific,Basic,Finance,SMB,51.88,29,False,20,2,25.3
CUST-001742,2021-04-28,Europe,Basic,Healthcare,SMB,38.04,44,False,31,4,45.7
CUST-001743,2021-06-03,Asia Pacific,Pro,Technology,SMB,154.52,43,False,20,1,21.1
CUST-001744,2023-04-12,North America,Enterprise,Retail,Startup,496.21,20,False,13,5,20.8
CUST-001745,2023-01-15,North America,Basic,Healthcare,SMB,31.34,23,True,-15,4,31.2
CUST-001746,2023-11-17,Europe,Enterprise,Manufacturing,SMB,494.01,13,False,23,1,40.8
CUST-001747,2021-11-24,North America,Pro,Healthcare,SMB,138.51,37,False,10,2,48.3
CUST-001748,2021-03-05,North America,Basic,Healthcare,Enterprise,51.56,46,False,45,3,27.9
CUST-001749,2021-10-20,Asia Pacific,Enterprise,Retail,SMB,492.44,38,False,76,5,19.3
CUST-001750,2023-06-17,North America,Basic,Education,Mid-Market,49.91,18,False,71,2,14.6
CUST-001751,2021-03-13,Europe,Basic,Finance,Startup,55.66,46,False,33,1,35.6
CUST-001752,2021-09-16,North America,Pro,Manufacturing,SMB,172.61,40,False,19,0,21.4
CUST-001753,2021-05-18,North America,Basic,Education,Startup,68.8,44,False,-3,2,13.6
CUST-001754,2022-04-29,North America,Basic,Technology,SMB,51.23,32,False,26,2,11.0
CUST-001755,2023-01-21,Latin America,Basic,Manufacturing,Startup,48.47,23,False,16,3,28.4
CUST-001756,2023-01-12,Asia Pacific,Basic,Finance,SMB,43.05,23,False,20,5,39.0
CUST-001757,2023-02-24,Latin America,Pro,Technology,SMB,132.57,22,False,2,4,30.5
CUST-001758,2024-03-07,Europe,Pro,Retail,Startup,126.14,9,False,49,2,24.0
CUST-001759,2021-03-08,North America,Enterprise,Education,Mid-Market,490.57,46,False,45,4,24.1
CUST-001760,2021-11-11,Europe,Basic,Manufacturing,Enterprise,65.37,38,False,16,4,33.6
CUST-001761,2023-07-11,Europe,Basic,Healthcare,Startup,65.03,17,False,52,1,13.1
CUST-001762,2023-01-30,Asia Pacific,Basic,Finance,Mid-Market,49.72,23,False,36,0,21.5
CUST-001763,2023-02-01,North America,Basic,Manufacturing,Mid-Market,53.65,23,False,45,4,53.6
CUST-001764,2023-06-29,Europe,Basic,Healthcare,SMB,42.95,18,False,50,1,20.3
CUST-001765,2021-06-07,North America,Pro,Manufacturing,Mid-Market,148.7,43,False,42,2,9.2
CUST-001766,2024-03-21,North America,Enterprise,Technology,Enterprise,491.24,9,False,18,3,53.8
CUST-001767,2021-10-09,Europe,Enterprise,Healthcare,SMB,491.22,39,False,55,3,59.5
CUST-001768,2023-12-21,Europe,Basic,Healthcare,Mid-Market,55.13,12,False,50,1,13.5
CUST-001769,2023-01-22,North America,Enterprise,Manufacturing,Mid-Market,492.95,23,False,50,3,36.6
CUST-001770,2023-03-27,North America,Basic,Retail,SMB,53.92,21,False,8,2,18.6
CUST-001771,2022-10-06,Europe,Basic,Retail,SMB,47.53,27,False,5,0,14.4
CUST-001772,2022-07-25,Asia Pacific,Enterprise,Education,Enterprise,513.18,29,False,65,3,24.1
CUST-001773,2022-05-27,Asia Pacific,Pro,Technology,Mid-Market,154.52,31,False,22,2,27.0
CUST-001774,2021-08-21,Latin America,Basic,Retail,Startup,51.44,40,True,40,1,23.0
CUST-001775,2021-02-23,Asia Pacific,Basic,Manufacturing,Startup,34.7,46,False,59,1,34.2
CUST-001776,2022-01-17,North America,Basic,Retail,Enterprise,44.09,35,False,67,0,35.1
CUST-001777,2023-10-20,Europe,Pro,Education,Startup,148.5,14,False,46,0,8.9
CUST-001778,2023-11-27,North America,Basic,Finance,Mid-Market,49.55,13,False,24,2,61.2
CUST-001779,2023-03-04,North America,Enterprise,Education,Startup,505.63,22,False,29,2,100.0
CUST-001780,2024-02-25,Asia Pacific,Basic,Healthcare,Startup,51.06,10,False,42,0,40.7
CUST-001781,2021-08-30,North America,Basic,Healthcare,Startup,38.67,40,False,38,3,24.5
CUST-001782,2022-06-21,Asia Pacific,Basic,Retail,SMB,54.92,30,False,20,0,51.4
CUST-001783,2022-06-18,Europe,Pro,Retail,Startup,144.39,30,False,-18,2,7.4
CUST-001784,2023-07-03,Europe,Basic,Education,SMB,42.52,18,False,20,3,32.6
CUST-001785,2022-03-16,Europe,Pro,Education,Mid-Market,137.97,34,False,30,4,48.2
CUST-001786,2022-08-08,Asia Pacific,Enterprise,Manufacturing,SMB,495.49,29,False,34,2,35.6
CUST-001787,2023-10-03,Europe,Enterprise,Technology,Mid-Market,493.43,15,False,69,2,47.3
CUST-001788,2022-02-14,Europe,Pro,Manufacturing,SMB,160.61,35,False,56,4,36.3
CUST-001789,2021-09-09,North America,Enterprise,Healthcare,SMB,496.32,40,False,25,3,70.6
CUST-001790,2021-10-05,Europe,Pro,Manufacturing,SMB,154.32,39,False,45,3,20.7
CUST-001791,2021-06-01,North America,Pro,Education,SMB,130.97,43,False,-18,3,31.0
CUST-001792,2023-07-15,Europe,Basic,Manufacturing,Enterprise,56.44,17,True,59,2,12.3
CUST-001793,2021-12-20,Europe,Basic,Finance,Mid-Market,55.41,36,False,25,2,26.6
CUST-001794,2023-07-01,Europe,Basic,Technology,SMB,34.44,18,False,38,3,44.0
CUST-001795,2021-06-29,North America,Basic,Education,Mid-Market,40.28,42,False,35,2,47.1
CUST-001796,2022-10-17,North America,Basic,Retail,SMB,42.37,26,False,55,1,18.3
CUST-001797,2022-12-13,Europe,Enterprise,Manufacturing,Startup,496.97,24,False,28,2,50.6
CUST-001798,2021-05-13,North America,Basic,Education,SMB,41.95,44,False,51,0,35.1
CUST-001799,2024-02-01,North America,Basic,Retail,Mid-Market,46.55,11,False,42,4,8.5
CUST-001800,2024-01-16,North America,Pro,Retail,SMB,155.54,11,False,37,0,30.1
CUST-001801,2022-08-18,Latin America,Basic,Healthcare,Mid-Market,43.42,28,False,32,1,14.5
CUST-001802,2022-09-07,Europe,Basic,Healthcare,SMB,51.97,28,False,24,3,17.6
CUST-001803,2021-11-19,North America,Basic,Education,SMB,50.76,37,False,31,5,17.1
CUST-001804,2021-12-23,North America,Basic,Education,Enterprise,20.0,36,False,27,0,18.5
CUST-001805,2023-01-11,North America,Basic,Finance,SMB,40.92,24,False,43,4,35.8
CUST-001806,2023-11-08,Asia Pacific,Pro,Technology,Mid-Market,158.86,13,False,12,1,22.1
CUST-001807,2022-04-05,Europe,Pro,Technology,Mid-Market,140.05,33,False,36,5,25.3
CUST-001808,2021-09-06,North America,Basic,Education,Enterprise,38.29,40,False,65,0,28.8
CUST-001809,2022-02-16,North America,Basic,Healthcare,Startup,59.36,34,False,26,1,17.9
CUST-001810,2021-10-12,North America,Basic,Manufacturing,SMB,50.53,39,False,43,4,52.8
CUST-001811,2022-04-30,Europe,Pro,Finance,Mid-Market,163.57,32,False,-11,4,34.8
CUST-001812,2023-10-09,Asia Pacific,Basic,Technology,SMB,44.35,14,True,3,2,15.1
CUST-001813,2021-02-23,North America,Basic,Education,SMB,61.02,46,False,32,4,30.8
CUST-001814,2023-01-10,North America,Pro,Healthcare,Startup,140.11,24,False,33,4,12.6
CUST-001815,2024-02-09,North America,Basic,Healthcare,SMB,23.32,10,False,35,2,44.3
CUST-001816,2024-03-18,Latin America,Basic,Healthcare,SMB,55.73,9,False,78,5,17.5
CUST-001817,2023-01-26,North America,Basic,Manufacturing,SMB,54.73,23,False,23,0,21.5
CUST-001818,2023-08-16,Asia Pacific,Enterprise,Retail,Startup,505.73,16,False,36,1,41.4
CUST-001819,2024-02-04,Europe,Enterprise,Manufacturing,Startup,496.93,11,False,20,2,38.0
CUST-001820,2021-09-23,North America,Pro,Healthcare,Startup,163.67,39,False,49,4,50.0
CUST-001821,2021-06-26,North America,Basic,Education,Mid-Market,57.66,42,False,11,1,12.4
CUST-001822,2021-05-15,North America,Pro,Finance,Mid-Market,157.25,44,False,21,3,21.2
CUST-001823,2022-09-26,Europe,Enterprise,Manufacturing,Startup,500.22,27,False,16,6,40.6
CUST-001824,2023-03-27,Asia Pacific,Enterprise,Education,Startup,485.53,21,False,51,4,33.6
CUST-001825,2023-09-08,Europe,Basic,Healthcare,SMB,49.68,16,True,37,1,38.5
CUST-001826,2023-12-13,Europe,Pro,Finance,SMB,152.59,12,False,40,1,34.9
CUST-001827,2023-04-22,North America,Basic,Technology,Mid-Market,69.33,20,False,31,3,6.2
CUST-001828,2023-04-19,Latin America,Basic,Technology,Mid-Market,51.66,20,False,59,1,45.1
CUST-001829,2024-03-23,Asia Pacific,Pro,Education,Mid-Market,138.54,9,False,31,2,9.1
CUST-001830,2021-06-01,North America,Basic,Finance,SMB,53.67,43,False,74,4,11.9
CUST-001831,2021-09-14,Latin America,Enterprise,Education,SMB,511.58,40,False,60,4,58.5
CUST-001832,2022-10-12,Europe,Basic,Finance,Mid-Market,66.09,27,False,5,2,32.8
CUST-001833,2021-06-01,Europe,Pro,Finance,Startup,147.93,43,False,47,2,6.5
CUST-001834,2023-07-11,Europe,Enterprise,Education,Startup,497.0,17,False,60,1,19.8
CUST-001835,2023-08-13,Asia Pacific,Enterprise,Finance,Startup,484.89,16,False,26,4,45.9
CUST-001836,2023-11-26,Europe,Basic,Manufacturing,SMB,42.97,13,False,43,4,37.0
CUST-001837,2022-12-07,North America,Basic,Healthcare,Startup,53.33,25,False,5,5,13.6
CUST-001838,2021-09-20,North America,Pro,Finance,Startup,133.76,39,False,15,3,6.6
CUST-001839,2024-02-04,Asia Pacific,Basic,Manufacturing,Mid-Market,69.48,11,False,29,3,23.6
CUST-001840,2022-01-08,North America,Enterprise,Finance,Enterprise,495.43,36,False,7,6,34.5
CUST-001841,2021-09-22,North America,Enterprise,Manufacturing,Startup,500.2,39,False,36,3,31.6
CUST-001842,2023-06-06,North America,Basic,Education,SMB,52.42,19,False,48,2,25.5
CUST-001843,2023-10-27,North America,Basic,Technology,Startup,60.29,14,False,16,3,37.7
CUST-001844,2021-04-24,Europe,Basic,Retail,Enterprise,51.67,44,False,8,4,47.6
CUST-001845,2021-09-12,Asia Pacific,Enterprise,Finance,SMB,488.32,40,False,3,3,34.5
CUST-001846,2023-11-28,North America,Basic,Retail,Mid-Market,53.22,13,False,59,2,24.9
CUST-001847,2021-11-10,North America,Basic,Finance,SMB,60.27,38,False,0,3,18.7
CUST-001848,2022-09-15,North America,Basic,Education,Mid-Market,40.05,27,False,40,1,76.4
CUST-001849,2021-12-04,Asia Pacific,Pro,Education,Startup,157.0,37,False,61,2,7.8
CUST-001850,2021-11-28,Europe,Basic,Manufacturing,SMB,51.54,37,False,15,1,36.3
CUST-001851,2022-10-23,North America,Basic,Finance,Startup,49.95,26,False,18,5,34.5
CUST-001852,2022-04-07,Asia Pacific,Enterprise,Education,SMB,492.6,33,False,38,4,39.8
CUST-001853,2022-12-10,Asia Pacific,Enterprise,Education,Mid-Market,496.78,25,False,39,1,25.7
CUST-001854,2023-11-29,Asia Pacific,Pro,Finance,Mid-Market,153.39,13,False,25,1,10.4
CUST-001855,2022-08-05,Asia Pacific,Basic,Manufacturing,SMB,44.76,29,False,29,2,41.4
CUST-001856,2021-06-11,North America,Basic,Manufacturing,Enterprise,39.21,43,False,36,1,66.9
CUST-001857,2022-05-29,Asia Pacific,Pro,Manufacturing,SMB,138.8,31,False,26,6,8.0
CUST-001858,2022-02-07,Europe,Basic,Manufacturing,Enterprise,51.81,35,False,27,4,18.4
CUST-001859,2024-02-03,Asia Pacific,Enterprise,Technology,Startup,503.89,11,False,73,3,32.0
CUST-001860,2022-07-17,Europe,Pro,Finance,Enterprise,148.32,29,False,55,3,39.0
CUST-001861,2021-09-14,Asia Pacific,Basic,Technology,Startup,67.15,40,True,56,2,46.3
CUST-001862,2022-09-13,Europe,Enterprise,Education,SMB,481.99,28,False,28,1,27.2
CUST-001863,2023-12-29,North America,Enterprise,Technology,SMB,502.8,12,False,0,6,53.1
CUST-001864,2021-07-11,Europe,Basic,Manufacturing,SMB,30.59,42,False,84,2,18.9
CUST-001865,2023-10-27,Latin America,Pro,Education,SMB,147.96,14,False,22,1,53.0
CUST-001866,2021-12-12,Asia Pacific,Basic,Technology,SMB,51.5,37,False,41,4,56.4
CUST-001867,2024-04-04,North America,Basic,Technology,Enterprise,47.23,9,False,50,3,16.5
CUST-001868,2021-11-12,North America,Basic,Finance,Enterprise,29.48,38,False,23,4,7.6
CUST-001869,2021-12-17,North America,Pro,Technology,Enterprise,148.05,37,True,53,2,13.7
CUST-001870,2022-11-23,Europe,Enterprise,Education,Enterprise,499.03,25,False,35,4,36.3
CUST-001871,2024-02-29,Asia Pacific,Pro,Manufacturing,Mid-Market,157.97,10,False,29,1,46.4
CUST-001872,2021-03-26,North America,Basic,Finance,Enterprise,34.73,45,False,23,3,37.8
CUST-001873,2021-02-28,Europe,Pro,Technology,Mid-Market,163.41,46,False,15,3,2.7
CUST-001874,2021-06-16,Asia Pacific,Basic,Finance,SMB,23.82,43,False,-2,2,13.7
CUST-001875,2021-04-04,Europe,Enterprise,Retail,Mid-Market,486.04,45,False,91,2,56.1
CUST-001876,2024-03-27,Europe,Basic,Finance,Enterprise,50.76,9,False,64,3,25.7
CUST-001877,2022-06-27,Europe,Basic,Manufacturing,Mid-Market,52.11,30,False,37,3,15.6
CUST-001878,2022-03-08,Europe,Basic,Retail,SMB,64.12,34,False,66,1,12.0
CUST-001879,2024-03-17,North America,Pro,Retail,Startup,150.93,9,False,63,2,51.5
CUST-001880,2023-05-04,Europe,Basic,Finance,Mid-Market,47.98,20,False,46,2,29.5
CUST-001881,2021-03-04,Europe,Pro,Education,Enterprise,153.44,46,False,28,3,42.3
CUST-001882,2023-10-17,Asia Pacific,Basic,Manufacturing,SMB,25.59,14,False,56,4,20.2
CUST-001883,2024-01-23,Europe,Basic,Education,Startup,38.92,11,False,53,1,10.7
CUST-001884,2022-08-17,Asia Pacific,Basic,Manufacturing,SMB,37.25,28,False,50,6,10.4
CUST-001885,2022-09-11,North America,Enterprise,Manufacturing,SMB,508.52,28,False,28,4,28.1
CUST-001886,2023-09-17,Europe,Enterprise,Education,SMB,512.0,15,False,42,3,22.9
CUST-001887,2022-05-17,North America,Basic,Healthcare,Mid-Market,67.65,31,False,40,2,48.1
CUST-001888,2023-04-12,North America,Basic,Retail,Enterprise,54.7,20,True,27,6,17.1
CUST-001889,2022-09-02,Europe,Basic,Finance,Mid-Market,57.92,28,False,42,5,30.0
CUST-001890,2023-07-18,Latin America,Pro,Education,SMB,149.94,17,False,60,2,25.1
CUST-001891,2021-05-30,North America,Basic,Education,Enterprise,44.01,43,False,65,2,54.2
CUST-001892,2021-05-03,North America,Enterprise,Finance,SMB,488.2,44,False,44,1,27.5
CUST-001893,2021-11-20,Asia Pacific,Enterprise,Retail,Startup,487.31,37,False,31,4,66.8
CUST-001894,2023-06-20,North America,Basic,Finance,SMB,35.29,18,False,52,1,14.4
CUST-001895,2023-05-02,Europe,Basic,Manufacturing,Mid-Market,56.31,20,False,17,3,9.6
CUST-001896,2023-09-19,Europe,Enterprise,Healthcare,Mid-Market,494.9,15,False,27,0,43.5
CUST-001897,2023-08-10,Europe,Pro,Manufacturing,Enterprise,141.76,16,False,60,2,15.0
CUST-001898,2022-02-22,North America,Basic,Healthcare,SMB,28.73,34,False,72,3,33.1
CUST-001899,2022-11-28,North America,Basic,Finance,Startup,39.87,25,False,57,0,37.6
CUST-001900,2021-10-22,Asia Pacific,Basic,Manufacturing,Startup,46.13,38,False,33,6,53.0
CUST-001901,2022-10-03,Europe,Basic,Retail,Mid-Market,33.64,27,False,-8,1,0.6
CUST-001902,2022-10-16,North America,Basic,Manufacturing,Mid-Market,75.6,26,False,50,3,12.9
CUST-001903,2022-12-09,Asia Pacific,Basic,Education,SMB,35.6,25,False,45,1,11.3
CUST-001904,2023-03-28,North America,Pro,Healthcare,SMB,160.53,21,False,46,1,19.1
CUST-001905,2021-09-25,Europe,Basic,Healthcare,Enterprise,47.79,39,False,6,0,7.9
CUST-001906,2023-01-29,North America,Basic,Retail,Enterprise,43.34,23,False,28,1,37.4
CUST-001907,2023-11-21,Latin America,Basic,Healthcare,Startup,46.51,13,False,72,2,54.1
CUST-001908,2024-02-25,North America,Pro,Healthcare,Mid-Market,149.14,10,False,14,1,19.5
CUST-001909,2021-08-06,North America,Enterprise,Retail,Mid-Market,501.27,41,True,46,4,62.5
CUST-001910,2022-10-16,North America,Basic,Manufacturing,Startup,39.18,26,False,21,0,33.5
CUST-001911,2022-05-11,North America,Basic,Finance,SMB,54.59,32,False,45,2,68.0
CUST-001912,2023-08-14,Asia Pacific,Enterprise,Manufacturing,Startup,496.21,16,False,31,5,39.1
CUST-001913,2021-09-08,Latin America,Basic,Education,SMB,35.69,40,False,59,2,17.1
CUST-001914,2022-07-02,North America,Basic,Education,Mid-Market,44.72,30,False,35,2,10.9
CUST-001915,2023-07-10,North America,Basic,Healthcare,SMB,63.2,18,False,54,2,31.7
CUST-001916,2022-05-23,Europe,Basic,Education,SMB,51.19,31,False,77,3,15.4
CUST-001917,2021-10-16,Asia Pacific,Basic,Finance,SMB,49.05,39,False,54,3,22.6
CUST-001918,2021-07-18,Europe,Enterprise,Healthcare,Startup,495.02,42,False,46,2,29.1
CUST-001919,2021-04-14,North America,Pro,Education,Mid-Market,145.81,45,False,58,5,35.9
CUST-001920,2022-08-18,North America,Basic,Technology,SMB,51.2,28,False,46,3,28.0
CUST-001921,2023-02-26,Europe,Enterprise,Technology,SMB,496.35,22,False,22,3,34.4
CUST-001922,2023-05-07,North America,Basic,Technology,Enterprise,53.54,20,False,18,2,44.2
CUST-001923,2022-05-24,Europe,Basic,Technology,SMB,52.23,31,False,48,3,25.6
CUST-001924,2021-11-24,North America,Pro,Manufacturing,Mid-Market,137.07,37,False,22,2,41.2
CUST-001925,2022-11-02,Asia Pacific,Pro,Technology,SMB,154.28,26,False,20,4,43.5
CUST-001926,2024-03-29,North America,Basic,Healthcare,Mid-Market,39.45,9,False,31,0,47.5
CUST-001927,2022-10-03,Europe,Basic,Retail,Mid-Market,39.04,27,False,0,0,47.2
CUST-001928,2022-01-24,Europe,Pro,Manufacturing,Startup,148.75,35,False,21,1,45.6
CUST-001929,2021-11-23,Europe,Pro,Retail,Mid-Market,151.58,37,False,20,2,48.5
CUST-001930,2023-10-18,North America,Pro,Healthcare,Startup,155.15,14,False,84,1,36.0
CUST-001931,2023-11-21,Europe,Basic,Healthcare,Enterprise,27.44,13,False,50,4,29.8
CUST-001932,2023-08-15,Europe,Basic,Finance,SMB,56.89,16,False,26,4,25.6
CUST-001933,2023-10-19,Europe,Basic,Manufacturing,Mid-Market,53.13,14,False,19,3,35.9
CUST-001934,2022-09-24,Europe,Basic,Retail,SMB,41.74,27,False,-13,4,13.6
CUST-001935,2023-10-16,Europe,Enterprise,Technology,Mid-Market,496.64,14,True,5,1,46.0
CUST-001936,2021-02-17,Asia Pacific,Basic,Healthcare,Enterprise,50.98,47,False,1,3,19.9
CUST-001937,2021-07-04,North America,Basic,Technology,Mid-Market,20.0,42,False,15,1,51.7
CUST-001938,2023-03-17,Asia Pacific,Pro,Retail,Startup,136.49,21,False,34,4,37.0
CUST-001939,2023-11-02,Europe,Basic,Manufacturing,SMB,60.61,14,False,31,2,37.1
CUST-001940,2023-07-26,North America,Basic,Education,SMB,42.98,17,False,17,2,29.7
CUST-001941,2022-05-09,North America,Pro,Education,SMB,148.14,32,False,33,2,38.3
CUST-001942,2022-03-17,North America,Enterprise,Healthcare,SMB,497.83,34,False,6,5,49.2
CUST-001943,2024-04-09,Asia Pacific,Pro,Finance,SMB,156.15,8,False,43,5,23.1
CUST-001944,2022-12-24,Europe,Basic,Technology,SMB,44.93,24,False,50,1,25.9
CUST-001945,2021-04-10,Asia Pacific,Pro,Healthcare,Startup,145.78,45,True,44,3,33.5
CUST-001946,2021-04-14,Europe,Pro,Finance,SMB,150.91,45,False,56,3,32.1
CUST-001947,2022-07-31,North America,Basic,Technology,SMB,57.47,29,True,4,2,8.8
CUST-001948,2023-10-11,North America,Basic,Retail,SMB,60.63,14,False,35,2,25.3
CUST-001949,2023-08-22,North America,Enterprise,Education,Mid-Market,495.81,16,False,15,6,33.5
CUST-001950,2022-08-09,North America,Basic,Finance,Startup,44.09,29,False,11,2,27.7
CUST-001951,2024-01-05,North America,Pro,Technology,SMB,147.54,12,False,6,1,37.0
CUST-001952,2021-01-17,North America,Basic,Healthcare,SMB,62.35,48,False,84,3,14.8
CUST-001953,2021-08-09,Europe,Basic,Technology,SMB,56.78,41,False,53,1,23.2
CUST-001954,2023-06-02,Europe,Basic,Healthcare,Mid-Market,44.2,19,False,67,1,59.0
CUST-001955,2021-10-02,Latin America,Pro,Education,SMB,132.86,39,False,42,3,35.1
CUST-001956,2022-06-26,Asia Pacific,Basic,Education,Startup,60.07,30,False,18,1,18.7
CUST-001957,2023-01-20,Europe,Pro,Technology,Mid-Market,161.19,23,False,48,3,21.9
CUST-001958,2023-04-06,North America,Pro,Technology,Enterprise,137.89,21,False,81,4,24.7
CUST-001959,2023-01-20,Europe,Pro,Healthcare,Startup,144.55,23,False,45,2,7.3
CUST-001960,2021-04-03,Asia Pacific,Enterprise,Healthcare,SMB,507.77,45,False,32,2,61.5
CUST-001961,2023-04-01,North America,Pro,Finance,SMB,152.86,21,False,40,2,45.8
CUST-001962,2021-04-15,North America,Basic,Finance,SMB,29.06,45,False,57,2,33.3
CUST-001963,2024-03-13,Asia Pacific,Enterprise,Finance,SMB,487.72,9,False,34,4,17.3
CUST-001964,2024-02-25,North America,Pro,Technology,Mid-Market,154.82,10,False,32,3,29.9
CUST-001965,2022-02-03,Europe,Basic,Manufacturing,Startup,51.49,35,False,21,2,12.3
CUST-001966,2023-01-13,Europe,Basic,Manufacturing,Enterprise,55.66,23,False,42,3,39.4
CUST-001967,2024-02-08,North America,Pro,Manufacturing,SMB,156.81,10,False,9,3,28.6
CUST-001968,2022-08-15,North America,Basic,Manufacturing,SMB,51.42,28,False,27,1,21.0
CUST-001969,2021-05-31,North America,Pro,Finance,Mid-Market,153.2,43,True,32,5,43.3
CUST-001970,2023-03-03,North America,Basic,Technology,Startup,43.3,22,False,13,3,35.6
CUST-001971,2023-10-30,North America,Basic,Manufacturing,SMB,50.14,14,False,34,4,8.2
CUST-001972,2023-07-12,Asia Pacific,Pro,Education,SMB,152.13,17,False,54,0,63.8
CUST-001973,2024-02-01,North America,Basic,Retail,SMB,66.06,11,False,64,3,20.6
CUST-001974,2022-07-27,Europe,Basic,Education,SMB,40.75,29,False,30,4,15.5
CUST-001975,2021-09-01,North America,Pro,Technology,Startup,156.24,40,False,25,0,7.9
CUST-001976,2021-09-21,Asia Pacific,Basic,Technology,Startup,47.84,39,False,29,5,19.7
CUST-001977,2021-07-18,North America,Pro,Retail,Startup,156.45,42,True,47,1,27.3
CUST-001978,2023-03-18,North America,Pro,Healthcare,Enterprise,147.8,21,False,22,3,9.8
CUST-001979,2023-02-04,Asia Pacific,Pro,Healthcare,Startup,160.77,23,False,22,2,12.4
CUST-001980,2022-11-26,Asia Pacific,Basic,Healthcare,Startup,41.57,25,False,40,1,4.5
CUST-001981,2024-02-17,North America,Basic,Finance,Enterprise,50.42,10,False,45,4,33.3
CUST-001982,2023-01-19,Asia Pacific,Pro,Healthcare,Mid-Market,153.39,23,False,39,4,13.1
CUST-001983,2021-10-23,Europe,Enterprise,Finance,SMB,492.19,38,False,37,1,56.9
CUST-001984,2022-02-12,Europe,Pro,Finance,Startup,152.05,35,False,25,0,20.9
CUST-001985,2023-11-09,North America,Pro,Healthcare,Mid-Market,159.07,13,False,35,3,40.7
CUST-001986,2023-04-03,North America,Basic,Healthcare,Startup,48.33,21,False,-12,0,28.6
CUST-001987,2023-10-22,Europe,Basic,Retail,Mid-Market,56.5,14,False,65,4,59.0
CUST-001988,2021-03-24,Europe,Basic,Manufacturing,Enterprise,42.26,45,False,38,6,19.9
CUST-001989,2021-04-03,North America,Basic,Retail,SMB,38.04,45,False,77,4,19.3
CUST-001990,2021-03-21,Europe,Basic,Finance,Startup,55.95,46,True,60,2,21.6
CUST-001991,2021-10-08,Asia Pacific,Enterprise,Retail,Mid-Market,493.41,39,False,18,1,31.6
CUST-001992,2022-11-14,North America,Basic,Finance,SMB,32.23,25,False,27,0,11.3
CUST-001993,2023-08-29,Europe,Basic,Technology,SMB,41.4,16,False,12,2,12.0
CUST-001994,2023-11-30,North America,Basic,Finance,SMB,62.48,13,False,21,3,28.1
CUST-001995,2023-07-25,Asia Pacific,Enterprise,Finance,Mid-Market,509.6,17,False,3,5,26.0
CUST-001996,2021-11-02,Europe,Pro,Retail,SMB,137.8,38,False,16,1,47.0
CUST-001997,2023-11-22,Latin America,Pro,Manufacturing,Enterprise,134.38,13,False,14,1,22.1
CUST-001998,2021-10-14,North America,Enterprise,Technology,Mid-Market,494.91,39,False,52,3,65.0
CUST-001999,2022-11-03,North America,Basic,Education,SMB,59.4,26,False,2,1,36.4
CUST-002000,2022-10-15,North America,Pro,Education,Mid-Market,147.04,26,False,79,4,12.3
CUST-002001,2021-11-29,North America,Basic,Manufacturing,Startup,47.13,37,False,28,2,39.6
CUST-002002,2023-03-16,North America,Basic,Education,Mid-Market,42.86,21,False,61,0,14.1
CUST-002003,2022-09-05,Asia Pacific,Pro,Technology,Startup,146.28,28,False,15,0,3.0
CUST-002004,2022-11-20,North America,Pro,Healthcare,SMB,157.47,25,True,50,1,21.8
CUST-002005,2023-11-05,North America,Basic,Technology,Mid-Market,49.85,14,True,5,1,53.5
CUST-002006,2023-11-10,Asia Pacific,Basic,Retail,SMB,46.98,13,False,5,4,19.8
CUST-002007,2023-12-27,North America,Pro,Finance,Mid-Market,155.51,12,False,56,1,18.6
CUST-002008,2023-10-01,Asia Pacific,Basic,Finance,Mid-Market,49.72,15,False,32,1,33.0
CUST-002009,2024-02-27,North America,Basic,Retail,SMB,58.5,10,False,31,0,12.2
CUST-002010,2022-09-06,Europe,Basic,Retail,SMB,42.2,28,False,14,4,56.2
CUST-002011,2023-08-31,North America,Basic,Finance,Enterprise,51.72,16,True,17,0,6.5
CUST-002012,2021-02-04,North America,Pro,Manufacturing,Startup,157.88,47,False,3,3,23.8
CUST-002013,2023-01-25,Asia Pacific,Basic,Healthcare,Mid-Market,64.53,23,False,24,4,25.4
CUST-002014,2022-11-10,North America,Basic,Healthcare,Mid-Market,38.06,26,False,40,5,9.3
CUST-002015,2021-08-13,Europe,Pro,Healthcare,Enterprise,147.26,41,False,36,2,9.1
CUST-002016,2023-05-04,North America,Enterprise,Retail,Mid-Market,485.84,20,False,36,2,31.3
CUST-002017,2024-04-10,North America,Basic,Finance,SMB,39.3,8,False,-6,2,22.0
CUST-002018,2022-09-23,Asia Pacific,Basic,Manufacturing,Enterprise,49.19,27,True,38,1,60.2
CUST-002019,2021-02-24,North America,Basic,Finance,Mid-Market,28.73,46,False,28,2,27.2
CUST-002020,2023-08-30,Europe,Pro,Finance,Mid-Market,153.19,16,False,19,2,19.5
CUST-002021,2022-06-28,Latin America,Pro,Manufacturing,Startup,154.57,30,False,10,1,36.9
CUST-002022,2024-03-30,Europe,Pro,Technology,SMB,148.24,9,False,48,1,31.1
CUST-002023,2024-03-28,Asia Pacific,Enterprise,Manufacturing,Mid-Market,490.6,9,False,-7,0,19.8
CUST-002024,2022-04-12,North America,Pro,Technology,SMB,146.56,33,False,10,0,17.4
CUST-002025,2021-04-16,North America,Pro,Education,SMB,170.17,45,True,37,3,18.5
CUST-002026,2024-04-10,North America,Basic,Technology,Startup,43.8,8,False,24,3,45.1
CUST-002027,2023-09-11,Europe,Basic,Healthcare,SMB,41.12,15,False,42,5,29.1
CUST-002028,2021-12-16,Latin America,Enterprise,Healthcare,SMB,475.88,37,False,36,0,35.6
CUST-002029,2023-12-10,North America,Basic,Manufacturing,Startup,59.44,12,False,21,5,18.3
CUST-002030,2023-02-18,Europe,Basic,Healthcare,SMB,36.6,22,False,1,1,41.2
CUST-002031,2021-10-30,North America,Pro,Healthcare,Mid-Market,149.88,38,True,50,0,32.3
CUST-002032,2022-05-12,Europe,Basic,Education,SMB,70.07,32,False,31,4,15.8
CUST-002033,2021-03-06,Europe,Pro,Healthcare,Startup,152.69,46,False,8,1,11.2
CUST-002034,2024-03-18,Latin America,Pro,Retail,Startup,152.58,9,False,-6,3,16.5
CUST-002035,2021-08-14,Europe,Basic,Retail,SMB,45.74,41,False,41,2,25.3
CUST-002036,2022-01-26,North America,Pro,Retail,Mid-Market,152.14,35,False,22,1,22.2
CUST-002037,2021-02-08,North America,Basic,Technology,Mid-Market,49.76,47,False,12,1,39.1
CUST-002038,2023-06-23,North America,Basic,Manufacturing,Startup,54.4,18,False,58,2,14.8
CUST-002039,2022-10-05,North America,Pro,Manufacturing,SMB,124.83,27,True,-2,2,33.7
CUST-002040,2023-05-08,North America,Pro,Finance,Mid-Market,152.8,20,False,30,1,0.5
CUST-002041,2021-11-07,Asia Pacific,Pro,Education,Startup,153.33,38,False,49,8,27.6
CUST-002042,2023-04-26,Europe,Basic,Retail,SMB,74.47,20,False,44,1,17.3
CUST-002043,2022-02-22,Europe,Pro,Retail,SMB,148.96,34,False,8,8,12.8
CUST-002044,2023-04-21,North America,Basic,Healthcare,Startup,51.22,20,False,61,2,54.8
CUST-002045,2023-10-25,Asia Pacific,Enterprise,Retail,Startup,502.96,14,False,63,2,46.0
CUST-002046,2023-08-24,Europe,Basic,Healthcare,SMB,53.25,16,False,55,3,74.2
CUST-002047,2021-05-08,North America,Pro,Healthcare,Startup,136.66,44,False,17,1,16.0
CUST-002048,2021-10-10,Europe,Basic,Finance,Startup,57.18,39,False,30,5,50.7
CUST-002049,2023-11-29,Europe,Basic,Technology,SMB,39.83,13,False,60,4,13.3
CUST-002050,2022-03-01,North America,Basic,Healthcare,Startup,53.07,34,False,43,1,28.8
CUST-002051,2024-02-23,Europe,Enterprise,Healthcare,SMB,490.41,10,False,22,3,19.7
CUST-002052,2022-10-28,Europe,Pro,Manufacturing,Startup,146.78,26,False,30,5,25.5
CUST-002053,2023-09-07,North America,Enterprise,Finance,SMB,494.3,16,False,4,0,48.0
CUST-002054,2023-12-13,Asia Pacific,Basic,Healthcare,Mid-Market,46.51,12,False,57,3,9.5
CUST-002055,2023-02-11,Asia Pacific,Basic,Education,Mid-Market,48.17,22,False,32,5,36.0
CUST-002056,2022-10-05,Europe,Basic,Technology,SMB,52.72,27,False,69,3,49.0
CUST-002057,2021-12-21,Europe,Pro,Education,Startup,148.04,36,False,-1,5,24.2
CUST-002058,2023-07-31,North America,Basic,Retail,Mid-Market,57.75,17,False,15,0,17.9
CUST-002059,2023-12-28,Europe,Enterprise,Technology,Startup,493.66,12,False,33,2,36.8
CUST-002060,2022-12-03,Europe,Enterprise,Retail,Startup,503.3,25,False,80,4,48.2
CUST-002061,2024-01-24,North America,Enterprise,Manufacturing,Mid-Market,490.68,11,False,36,2,36.0
CUST-002062,2022-12-27,Europe,Pro,Healthcare,Enterprise,166.83,24,False,19,5,20.0
CUST-002063,2022-06-26,Asia Pacific,Pro,Finance,SMB,153.34,30,False,35,2,13.5
CUST-002064,2023-09-19,Europe,Pro,Education,Startup,142.03,15,False,21,4,15.6
CUST-002065,2022-01-29,North America,Basic,Retail,Mid-Market,66.35,35,False,53,2,26.5
CUST-002066,2022-05-20,Asia Pacific,Pro,Healthcare,Startup,154.18,31,False,52,3,27.1
CUST-002067,2022-07-26,North America,Basic,Education,Mid-Market,42.06,29,False,67,2,28.8
CUST-002068,2024-02-17,North America,Basic,Education,SMB,47.69,10,True,2,1,7.4
CUST-002069,2022-09-04,North America,Basic,Manufacturing,SMB,37.62,28,False,-1,1,17.0
CUST-002070,2022-04-06,North America,Basic,Manufacturing,SMB,37.62,33,True,30,1,16.2
CUST-002071,2022-09-02,Asia Pacific,Basic,Retail,Enterprise,61.08,28,False,51,3,52.0
CUST-002072,2022-08-15,Europe,Basic,Healthcare,Mid-Market,40.02,28,False,55,4,19.8
CUST-002073,2022-03-01,North America,Pro,Finance,SMB,135.62,34,False,39,4,48.1
CUST-002074,2023-09-29,Asia Pacific,Basic,Retail,Mid-Market,55.36,15,False,51,2,27.6
CUST-002075,2022-10-12,Asia Pacific,Pro,Education,SMB,165.6,27,False,65,3,16.5
CUST-002076,2023-09-10,Asia Pacific,Basic,Education,Mid-Market,60.57,15,True,19,4,49.5
CUST-002077,2022-12-16,North America,Pro,Technology,Mid-Market,171.91,24,False,64,2,22.7
CUST-002078,2024-02-22,Europe,Pro,Healthcare,Startup,173.22,10,False,64,2,29.6
CUST-002079,2022-07-15,Latin America,Pro,Technology,SMB,140.0,30,False,23,2,39.3
CUST-002080,2022-08-13,Asia Pacific,Pro,Manufacturing,Enterprise,145.89,29,False,16,1,24.9
CUST-002081,2021-09-07,North America,Basic,Finance,Enterprise,33.29,40,False,50,2,15.6
CUST-002082,2024-03-20,North America,Pro,Retail,Startup,137.37,9,False,74,2,31.5
CUST-002083,2024-01-18,Europe,Basic,Education,Startup,59.72,11,False,18,3,33.5
CUST-002084,2023-02-17,Asia Pacific,Basic,Healthcare,Enterprise,51.77,22,False,73,1,7.9
CUST-002085,2023-03-20,Europe,Pro,Education,SMB,163.56,21,False,15,3,48.1
CUST-002086,2022-12-08,Europe,Basic,Manufacturing,SMB,40.35,25,False,30,2,29.1
CUST-002087,2021-10-27,North America,Pro,Technology,Startup,143.51,38,False,12,3,20.7
CUST-002088,2022-08-18,Europe,Pro,Technology,Mid-Market,154.94,28,False,43,3,37.7
CUST-002089,2021-03-28,Asia Pacific,Basic,Retail,Startup,59.57,45,False,37,3,43.0
CUST-002090,2022-08-13,North America,Basic,Healthcare,Startup,32.65,29,False,35,5,7.6
CUST-002091,2021-06-11,Asia Pacific,Basic,Manufacturing,Startup,46.6,43,False,22,3,6.4
CUST-002092,2022-12-11,Latin America,Enterprise,Healthcare,Enterprise,502.99,25,False,26,4,77.1
CUST-002093,2023-06-25,North America,Pro,Retail,Mid-Market,156.83,18,False,33,2,6.2
CUST-002094,2022-06-10,Europe,Basic,Manufacturing,Mid-Market,58.81,31,False,29,4,7.7
CUST-002095,2023-09-09,North America,Basic,Manufacturing,SMB,48.25,15,False,34,3,28.0
CUST-002096,2022-03-15,Asia Pacific,Pro,Technology,Enterprise,136.65,34,False,5,3,14.4
CUST-002097,2022-02-18,Europe,Pro,Technology,Mid-Market,129.75,34,False,-8,3,47.2
CUST-002098,2024-01-09,Europe,Basic,Technology,Mid-Market,47.18,11,True,41,2,18.0
CUST-002099,2022-07-10,Asia Pacific,Basic,Education,Enterprise,46.11,30,False,42,1,30.7
CUST-002100,2024-02-26,North America,Enterprise,Finance,SMB,491.04,10,False,39,5,53.2
CUST-002101,2022-07-11,Asia Pacific,Basic,Technology,Mid-Market,57.93,30,False,45,0,16.7
CUST-002102,2021-10-09,Europe,Basic,Finance,Enterprise,37.52,39,False,25,4,15.0
CUST-002103,2021-08-12,North America,Enterprise,Finance,Mid-Market,492.38,41,False,27,3,55.5
CUST-002104,2022-05-06,Europe,Pro,Healthcare,SMB,160.67,32,False,25,1,5.4
CUST-002105,2022-05-12,Asia Pacific,Basic,Retail,Startup,41.25,32,True,-1,1,26.8
CUST-002106,2021-04-14,North America,Basic,Education,Mid-Market,52.23,45,False,46,1,12.8
CUST-002107,2023-12-24,Asia Pacific,Basic,Finance,SMB,48.9,12,False,50,0,43.0
CUST-002108,2022-04-08,Asia Pacific,Basic,Education,Startup,51.43,33,False,53,2,34.8
CUST-002109,2022-04-22,North America,Enterprise,Healthcare,Mid-Market,507.82,32,False,28,2,60.3
CUST-002110,2021-04-18,Latin America,Basic,Technology,SMB,52.25,45,True,20,5,21.8
CUST-002111,2021-07-25,North America,Pro,Manufacturing,SMB,135.13,41,False,25,3,39.6
CUST-002112,2023-04-27,North America,Enterprise,Finance,Mid-Market,486.83,20,False,24,3,45.1
CUST-002113,2022-11-08,North America,Basic,Retail,SMB,51.95,26,False,-5,1,22.7
CUST-002114,2023-08-26,Asia Pacific,Basic,Manufacturing,Startup,39.81,16,False,40,3,45.6
CUST-002115,2021-07-25,Europe,Pro,Healthcare,SMB,158.55,41,False,51,1,28.2
CUST-002116,2021-10-09,North America,Enterprise,Education,Startup,502.09,39,False,39,7,40.2
CUST-002117,2021-01-11,North America,Pro,Technology,Startup,131.84,48,False,35,2,8.0
CUST-002118,2024-02-02,Europe,Basic,Education,Startup,67.89,11,False,22,1,3.2
CUST-002119,2021-11-20,North America,Pro,Retail,Startup,145.34,37,False,50,1,45.4
CUST-002120,2023-04-14,Asia Pacific,Pro,Finance,SMB,146.91,20,False,33,3,29.6
CUST-002121,2023-09-02,Asia Pacific,Enterprise,Retail,SMB,503.23,16,False,10,1,55.7
CUST-002122,2023-09-05,Europe,Basic,Education,Enterprise,48.13,16,False,61,4,41.0
CUST-002123,2022-02-13,Latin America,Pro,Education,SMB,158.62,35,True,47,3,22.4
CUST-002124,2022-08-12,North America,Enterprise,Manufacturing,Mid-Market,488.82,29,False,68,5,28.7
CUST-002125,2022-10-20,Latin America,Basic,Retail,SMB,60.47,26,False,58,6,21.6
CUST-002126,2022-08-08,Europe,Basic,Retail,Mid-Market,55.81,29,False,22,3,49.1
CUST-002127,2021-05-02,Europe,Basic,Retail,Mid-Market,41.26,44,False,29,4,13.2
CUST-002128,2021-07-03,North America,Basic,Technology,SMB,51.52,42,False,55,1,28.0
CUST-002129,2024-03-21,Asia Pacific,Basic,Education,Startup,61.12,9,True,11,2,25.8
CUST-002130,2022-04-21,North America,Enterprise,Healthcare,SMB,504.22,32,False,68,2,66.5
CUST-002131,2024-01-01,North America,Basic,Technology,Mid-Market,50.47,12,False,41,2,15.5
CUST-002132,2021-03-18,North America,Basic,Technology,SMB,55.22,46,False,51,2,39.1
CUST-002133,2021-12-25,Europe,Pro,Technology,Mid-Market,156.07,36,False,41,3,39.6
CUST-002134,2023-05-06,Europe,Basic,Manufacturing,Startup,43.94,20,False,36,2,45.4
CUST-002135,2021-12-27,Europe,Basic,Healthcare,Startup,50.57,36,False,29,4,19.0
CUST-002136,2021-03-16,Asia Pacific,Pro,Retail,SMB,157.49,46,False,32,5,28.0
CUST-002137,2023-03-25,North America,Enterprise,Manufacturing,Mid-Market,500.33,21,False,-18,0,37.0
CUST-002138,2023-10-12,Europe,Pro,Education,SMB,141.83,14,False,46,0,49.5
CUST-002139,2022-01-17,North America,Pro,Finance,Mid-Market,151.8,35,False,78,4,20.0
CUST-002140,2022-08-16,Asia Pacific,Basic,Manufacturing,Startup,45.1,28,False,18,3,10.7
CUST-002141,2021-03-18,Asia Pacific,Enterprise,Finance,SMB,504.82,46,True,5,2,66.9
CUST-002142,2021-01-19,Europe,Basic,Education,Mid-Market,63.27,48,False,66,1,43.1
CUST-002143,2022-09-04,Europe,Pro,Healthcare,Mid-Market,155.77,28,False,42,4,44.0
CUST-002144,2024-03-09,North America,Basic,Finance,Startup,40.76,9,False,53,2,45.6
CUST-002145,2021-08-08,Europe,Enterprise,Technology,SMB,502.02,41,False,45,2,61.7
CUST-002146,2022-11-18,Asia Pacific,Pro,Manufacturing,Mid-Market,123.2,25,False,16,2,14.3
CUST-002147,2022-08-06,Europe,Pro,Finance,Startup,148.0,29,False,53,2,15.2
CUST-002148,2023-07-20,North America,Basic,Education,Mid-Market,58.4,17,False,25,0,41.8
CUST-002149,2024-01-18,Europe,Basic,Technology,SMB,53.02,11,False,18,2,42.9
CUST-002150,2023-12-10,Asia Pacific,Pro,Finance,SMB,150.1,12,False,47,0,58.9
CUST-002151,2023-10-09,North America,Pro,Education,Mid-Market,170.3,14,False,38,3,24.5
CUST-002152,2021-10-02,North America,Basic,Healthcare,SMB,31.95,39,False,43,6,16.4
CUST-002153,2023-10-30,Europe,Enterprise,Education,Enterprise,484.19,14,False,42,2,33.9
CUST-002154,2023-08-17,Asia Pacific,Enterprise,Healthcare,Mid-Market,503.82,16,False,51,2,20.5
CUST-002155,2022-07-13,North America,Basic,Technology,Mid-Market,57.98,30,False,60,2,21.7
CUST-002156,2022-01-30,North America,Pro,Education,Startup,158.39,35,False,39,3,25.7
CUST-002157,2021-08-19,North America,Pro,Retail,Enterprise,143.27,41,False,63,2,12.3
CUST-002158,2022-11-09,North America,Basic,Manufacturing,Mid-Market,40.56,26,False,57,2,42.7
CUST-002159,2021-11-29,Europe,Basic,Retail,Startup,39.09,37,False,49,3,31.6
CUST-002160,2023-07-29,Europe,Pro,Retail,SMB,152.22,17,False,23,2,18.4
CUST-002161,2022-06-11,Europe,Pro,Retail,SMB,139.17,31,False,54,2,3.1
CUST-002162,2022-01-17,Europe,Basic,Manufacturing,Enterprise,60.15,35,False,43,5,18.7
CUST-002163,2021-01-29,North America,Pro,Retail,Mid-Market,148.78,47,False,8,3,22.8
CUST-002164,2022-11-22,Asia Pacific,Pro,Healthcare,Enterprise,141.96,25,False,11,2,10.8
CUST-002165,2022-08-28,Europe,Pro,Education,Mid-Market,142.0,28,True,10,2,37.9
CUST-002166,2024-03-08,Latin America,Basic,Technology,SMB,33.68,9,False,11,2,20.8
CUST-002167,2022-01-31,Europe,Enterprise,Retail,Startup,491.06,35,False,13,4,41.7
CUST-002168,2021-12-26,North America,Basic,Retail,Startup,43.47,36,False,51,5,6.3
CUST-002169,2023-04-11,Europe,Basic,Technology,Startup,53.08,21,False,36,2,5.0
CUST-002170,2023-05-26,North America,Basic,Technology,SMB,48.01,19,False,52,0,40.1
CUST-002171,2023-11-22,Europe,Basic,Retail,Enterprise,40.4,13,False,12,3,19.9
CUST-002172,2022-11-03,North America,Enterprise,Healthcare,Enterprise,486.75,26,False,4,3,33.3
CUST-002173,2021-06-27,North America,Basic,Technology,SMB,46.63,42,False,17,2,11.5
CUST-002174,2023-04-01,Asia Pacific,Pro,Education,Mid-Market,128.47,21,False,48,2,21.9
CUST-002175,2021-07-15,North America,Basic,Education,SMB,45.82,42,False,49,2,43.4
CUST-002176,2022-01-14,Asia Pacific,Basic,Healthcare,SMB,60.16,36,False,30,3,5.3
CUST-002177,2021-10-15,North America,Enterprise,Manufacturing,Mid-Market,497.0,39,False,41,4,45.1
CUST-002178,2023-09-05,Europe,Pro,Finance,SMB,150.59,16,False,24,2,29.3
CUST-002179,2022-10-25,Europe,Basic,Healthcare,Enterprise,49.38,26,False,20,2,16.0
CUST-002180,2022-05-24,Europe,Pro,Retail,Mid-Market,135.15,31,False,42,1,8.9
CUST-002181,2021-01-14,North America,Basic,Finance,Mid-Market,66.57,48,False,48,2,11.6
CUST-002182,2022-06-19,North America,Basic,Retail,Startup,44.92,30,False,70,1,16.1
CUST-002183,2023-02-25,North America,Pro,Education,Startup,148.97,22,False,15,1,20.1
CUST-002184,2022-04-28,North America,Pro,Technology,SMB,142.44,32,False,12,0,21.2
CUST-002185,2023-07-04,Europe,Basic,Retail,Mid-Market,60.38,18,False,25,1,36.2
CUST-002186,2022-07-01,Asia Pacific,Enterprise,Education,Enterprise,484.41,30,False,47,0,39.0
CUST-002187,2022-11-07,Asia Pacific,Pro,Healthcare,SMB,162.02,26,False,75,2,17.6
CUST-002188,2022-09-11,Asia Pacific,Basic,Retail,Mid-Market,45.96,28,False,37,1,10.0
CUST-002189,2024-04-07,Asia Pacific,Pro,Education,SMB,143.66,8,False,17,2,15.1
CUST-002190,2024-03-19,Europe,Pro,Technology,SMB,142.72,9,False,12,2,38.1
CUST-002191,2021-01-24,North America,Pro,Retail,Mid-Market,167.09,47,False,23,2,59.2
CUST-002192,2022-06-20,Asia Pacific,Basic,Manufacturing,Mid-Market,32.95,30,False,39,1,15.5
CUST-002193,2023-01-07,Europe,Pro,Education,Startup,143.65,24,False,49,6,24.3
CUST-002194,2022-04-29,Europe,Basic,Retail,SMB,36.09,32,False,39,1,35.9
CUST-002195,2021-05-08,North America,Pro,Technology,SMB,130.87,44,False,20,4,46.8
CUST-002196,2021-08-31,North America,Pro,Retail,Startup,162.05,40,False,8,2,23.8
CUST-002197,2023-08-12,Europe,Basic,Retail,Enterprise,48.73,16,False,48,4,11.1
CUST-002198,2022-09-21,Asia Pacific,Pro,Manufacturing,SMB,137.39,27,False,23,2,29.9
CUST-002199,2021-11-24,Europe,Enterprise,Education,Startup,507.29,37,False,25,2,31.1
CUST-002200,2023-04-11,North America,Enterprise,Finance,Startup,494.99,21,False,14,3,51.9
CUST-002201,2023-10-27,Latin America,Basic,Retail,Enterprise,42.53,14,False,3,3,69.8
CUST-002202,2022-09-29,North America,Basic,Finance,Mid-Market,54.75,27,True,67,1,53.2
CUST-002203,2021-08-29,North America,Pro,Healthcare,Mid-Market,144.78,40,False,21,3,42.6
CUST-002204,2022-08-28,North America,Basic,Retail,Startup,39.37,28,False,-4,2,23.2
CUST-002205,2023-01-23,Europe,Enterprise,Finance,Mid-Market,505.95,23,False,38,1,23.8
CUST-002206,2022-03-29,Asia Pacific,Basic,Healthcare,SMB,47.59,33,False,32,2,45.8
CUST-002207,2022-03-25,North America,Basic,Manufacturing,Mid-Market,56.46,33,False,-2,3,31.6
CUST-002208,2021-10-01,Asia Pacific,Basic,Education,Enterprise,44.97,39,False,57,1,12.1
CUST-002209,2023-09-07,North America,Basic,Retail,Startup,59.19,16,False,48,4,46.2
CUST-002210,2021-11-10,Asia Pacific,Pro,Education,SMB,149.14,38,False,51,3,34.9
CUST-002211,2023-07-21,Asia Pacific,Basic,Healthcare,Startup,59.59,17,False,40,1,32.5
CUST-002212,2023-02-05,Asia Pacific,Basic,Education,SMB,59.27,23,False,8,3,25.6
CUST-002213,2023-05-02,North America,Basic,Education,SMB,61.36,20,False,33,2,3.1
CUST-002214,2024-01-30,Latin America,Pro,Technology,Enterprise,149.68,11,False,25,2,17.5
CUST-002215,2023-08-23,Europe,Basic,Healthcare,SMB,52.83,16,False,21,0,21.1
CUST-002216,2024-01-06,North America,Pro,Education,Mid-Market,146.69,12,False,67,4,32.4
CUST-002217,2022-03-24,Asia Pacific,Pro,Finance,Mid-Market,140.02,33,False,15,3,8.2
CUST-002218,2022-05-22,North America,Pro,Healthcare,Enterprise,169.03,31,False,25,2,19.5
CUST-002219,2021-06-17,Asia Pacific,Enterprise,Technology,SMB,491.48,43,False,35,5,21.0
CUST-002220,2023-12-13,North America,Enterprise,Retail,SMB,508.05,12,True,42,2,33.1
CUST-002221,2023-07-04,Europe,Enterprise,Manufacturing,Startup,506.26,18,False,68,2,72.0
CUST-002222,2023-12-18,Europe,Basic,Education,Startup,50.81,12,False,31,2,69.9
CUST-002223,2023-01-11,North America,Basic,Finance,Mid-Market,47.45,24,False,40,0,14.9
CUST-002224,2021-06-09,North America,Basic,Technology,Startup,47.55,43,False,10,3,35.5
CUST-002225,2024-03-01,North America,Enterprise,Healthcare,SMB,492.43,10,False,46,5,47.0
CUST-002226,2021-08-18,Europe,Enterprise,Manufacturing,Startup,499.94,41,False,73,1,40.6
CUST-002227,2021-05-07,North America,Enterprise,Manufacturing,Mid-Market,487.19,44,False,26,1,22.9
CUST-002228,2024-01-27,Europe,Basic,Education,SMB,56.47,11,False,51,1,45.1
CUST-002229,2023-11-02,North America,Enterprise,Technology,Startup,496.71,14,False,6,2,22.6
CUST-002230,2022-02-19,North America,Basic,Technology,SMB,39.38,34,False,28,7,4.3
CUST-002231,2024-03-18,Europe,Basic,Finance,SMB,36.24,9,False,29,2,24.6
CUST-002232,2024-01-05,North America,Basic,Retail,Mid-Market,47.68,12,False,42,0,20.0
CUST-002233,2021-11-03,Asia Pacific,Basic,Retail,SMB,48.03,38,False,32,5,36.2
CUST-002234,2021-12-03,Asia Pacific,Pro,Retail,Mid-Market,143.82,37,False,57,2,31.3
CUST-002235,2022-11-03,Europe,Basic,Manufacturing,Startup,54.02,26,False,24,1,13.7
CUST-002236,2023-12-02,Europe,Basic,Manufacturing,Startup,52.48,13,False,49,1,23.0
CUST-002237,2023-06-24,Asia Pacific,Pro,Healthcare,Startup,149.57,18,False,38,1,16.3
CUST-002238,2021-08-27,North America,Enterprise,Manufacturing,SMB,489.74,40,False,13,2,70.4
CUST-002239,2022-02-25,North America,Pro,Manufacturing,Mid-Market,141.6,34,False,-9,1,51.9
CUST-002240,2024-04-09,North America,Basic,Technology,Startup,35.03,8,False,37,0,31.9
CUST-002241,2023-09-29,Asia Pacific,Pro,Healthcare,Mid-Market,147.09,15,False,21,5,57.7
CUST-002242,2021-07-06,North America,Enterprise,Technology,SMB,504.61,42,False,40,3,34.8
CUST-002243,2023-11-12,Europe,Basic,Finance,Enterprise,36.89,13,False,9,3,16.8
CUST-002244,2023-07-02,Latin America,Pro,Finance,Mid-Market,143.39,18,False,45,1,21.0
CUST-002245,2021-04-24,Asia Pacific,Basic,Healthcare,Mid-Market,48.47,44,False,66,2,20.3
CUST-002246,2023-07-18,Europe,Basic,Healthcare,SMB,54.59,17,False,30,1,43.8
CUST-002247,2021-09-28,North America,Pro,Manufacturing,Enterprise,134.23,39,False,-4,3,23.8
CUST-002248,2023-11-18,Asia Pacific,Enterprise,Finance,Enterprise,521.2,13,False,33,3,43.2
CUST-002249,2023-05-01,Europe,Basic,Education,SMB,56.53,20,False,20,0,74.6
CUST-002250,2023-07-25,North America,Pro,Retail,SMB,143.01,17,False,16,2,1.6
CUST-002251,2024-02-29,North America,Enterprise,Manufacturing,SMB,488.3,10,False,30,3,52.6
CUST-002252,2021-04-29,Asia Pacific,Enterprise,Retail,SMB,501.84,44,False,54,4,21.9
CUST-002253,2024-02-19,Europe,Basic,Finance,SMB,53.72,10,False,23,0,49.0
CUST-002254,2023-08-05,Asia Pacific,Enterprise,Retail,SMB,489.1,17,False,48,2,51.9
CUST-002255,2022-09-24,Asia Pacific,Basic,Education,Enterprise,37.86,27,False,30,3,4.7
CUST-002256,2021-02-14,Europe,Pro,Education,SMB,140.07,47,False,33,2,13.5
CUST-002257,2023-03-22,Europe,Basic,Technology,Mid-Market,49.65,21,False,56,3,36.2
CUST-002258,2022-06-06,North America,Basic,Healthcare,SMB,49.77,31,False,29,5,36.0
CUST-002259,2021-01-07,North America,Pro,Retail,Mid-Market,170.64,48,False,50,1,11.0
CUST-002260,2022-03-23,North America,Basic,Education,SMB,27.35,33,False,30,1,34.4
CUST-002261,2024-03-30,Asia Pacific,Basic,Healthcare,Mid-Market,42.28,9,False,46,0,8.8
CUST-002262,2021-05-30,Europe,Basic,Healthcare,SMB,43.71,43,False,29,2,30.6
CUST-002263,2021-04-03,Asia Pacific,Pro,Technology,SMB,153.86,45,True,38,5,15.6
CUST-002264,2023-05-18,North America,Basic,Healthcare,Mid-Market,54.27,19,False,40,0,56.0
CUST-002265,2022-12-07,Europe,Pro,Healthcare,Startup,147.0,25,False,48,3,20.9
CUST-002266,2021-05-11,Europe,Basic,Manufacturing,SMB,64.11,44,False,44,4,6.7
CUST-002267,2024-01-14,Europe,Basic,Finance,Startup,37.84,11,False,18,4,27.1
CUST-002268,2021-05-04,Europe,Basic,Technology,Mid-Market,42.04,44,False,71,2,23.8
CUST-002269,2021-05-22,North America,Basic,Technology,SMB,35.84,43,False,35,2,57.9
CUST-002270,2023-08-25,Europe,Basic,Retail,Mid-Market,47.53,16,False,53,1,45.2
CUST-002271,2021-03-06,North America,Basic,Healthcare,Startup,45.68,46,False,-12,4,29.4
CUST-002272,2022-08-11,North America,Enterprise,Retail,SMB,506.86,29,False,51,7,24.4
CUST-002273,2023-04-18,Europe,Pro,Manufacturing,Mid-Market,167.53,20,False,50,1,30.0
CUST-002274,2022-01-04,Europe,Basic,Education,Startup,63.91,36,False,39,4,7.0
CUST-002275,2021-10-05,Latin America,Basic,Healthcare,Mid-Market,36.77,39,False,-10,1,40.5
CUST-002276,2023-05-11,Europe,Enterprise,Education,Startup,499.53,20,False,20,2,44.1
CUST-002277,2023-02-06,Europe,Basic,Finance,SMB,56.74,23,False,14,1,9.1
CUST-002278,2023-02-23,Europe,Basic,Manufacturing,SMB,55.68,22,False,58,1,35.9
CUST-002279,2023-07-08,Europe,Pro,Healthcare,SMB,172.14,18,False,10,2,65.9
CUST-002280,2023-02-13,North America,Pro,Retail,Mid-Market,146.8,22,False,46,3,54.1
CUST-002281,2023-02-09,North America,Pro,Retail,Mid-Market,149.78,23,False,29,3,12.6
CUST-002282,2021-06-14,North America,Basic,Healthcare,SMB,71.41,43,False,56,3,46.3
CUST-002283,2024-01-10,Europe,Basic,Retail,SMB,53.2,11,False,39,0,35.5
CUST-002284,2021-09-30,North America,Pro,Healthcare,Startup,143.03,39,False,22,1,42.1
CUST-002285,2022-12-14,North America,Basic,Technology,Mid-Market,39.25,24,False,19,4,44.2
CUST-002286,2021-08-31,North America,Pro,Retail,Mid-Market,151.09,40,False,26,1,27.1
CUST-002287,2022-01-01,Latin America,Pro,Healthcare,Startup,159.67,36,False,-26,0,6.5
CUST-002288,2024-01-06,North America,Basic,Healthcare,Startup,59.54,12,False,70,5,23.0
CUST-002289,2023-03-16,Europe,Enterprise,Retail,Startup,490.28,21,False,61,2,37.8
CUST-002290,2023-12-20,North America,Pro,Technology,Enterprise,150.03,12,False,36,3,65.7
CUST-002291,2021-09-18,Europe,Pro,Retail,Mid-Market,144.49,40,False,53,2,10.2
CUST-002292,2022-04-02,North America,Basic,Healthcare,SMB,47.52,33,False,34,2,36.5
CUST-002293,2021-01-08,North America,Basic,Technology,SMB,58.06,48,False,43,4,24.6
CUST-002294,2021-02-16,Europe,Basic,Education,SMB,48.5,47,False,54,7,25.8
CUST-002295,2022-09-04,North America,Basic,Finance,SMB,55.52,28,True,30,2,22.4
CUST-002296,2023-08-07,North America,Enterprise,Retail,Mid-Market,505.82,17,True,50,2,65.4
CUST-002297,2024-01-21,North America,Basic,Manufacturing,SMB,42.89,11,False,0,6,15.1
CUST-002298,2023-05-19,North America,Basic,Healthcare,Mid-Market,61.29,19,False,39,1,20.1
CUST-002299,2023-12-26,North America,Basic,Technology,SMB,38.05,12,False,34,2,45.3
CUST-002300,2023-02-16,North America,Pro,Technology,Startup,136.37,22,False,28,3,11.8
CUST-002301,2022-04-16,Asia Pacific,Basic,Education,Mid-Market,44.22,33,False,30,4,18.3
CUST-002302,2022-05-22,Europe,Basic,Retail,SMB,39.25,31,False,30,2,9.3
CUST-002303,2023-08-02,Europe,Basic,Manufacturing,Enterprise,55.05,17,False,57,5,53.9
CUST-002304,2022-12-10,North America,Enterprise,Technology,SMB,524.63,25,False,33,2,25.7
CUST-002305,2021-11-14,Asia Pacific,Basic,Education,SMB,60.28,38,False,91,4,8.5
CUST-002306,2022-07-19,North America,Enterprise,Healthcare,Mid-Market,490.83,29,False,16,4,37.1
CUST-002307,2022-01-22,North America,Pro,Education,SMB,139.02,35,False,46,4,9.9
CUST-002308,2021-08-20,Europe,Basic,Retail,SMB,58.77,40,False,52,3,39.8
CUST-002309,2021-03-07,North America,Pro,Education,Enterprise,137.16,46,True,27,2,43.9
CUST-002310,2023-05-09,North America,Basic,Technology,SMB,39.15,20,False,10,6,14.5
CUST-002311,2021-02-02,Europe,Enterprise,Technology,SMB,502.69,47,False,25,3,56.2
CUST-002312,2022-05-08,Asia Pacific,Pro,Finance,Mid-Market,143.58,32,False,8,0,21.6
CUST-002313,2022-02-27,Europe,Basic,Education,Startup,50.19,34,False,18,2,38.1
CUST-002314,2021-05-18,Europe,Basic,Healthcare,Startup,45.69,44,False,42,6,50.4
CUST-002315,2021-07-26,Latin America,Basic,Manufacturing,SMB,48.72,41,False,86,5,14.9
CUST-002316,2021-03-10,North America,Enterprise,Manufacturing,Startup,507.74,46,False,69,5,37.2
CUST-002317,2023-07-04,North America,Basic,Retail,Enterprise,55.22,18,False,22,2,20.5
CUST-002318,2021-04-10,North America,Pro,Finance,SMB,158.17,45,False,53,4,24.6
CUST-002319,2022-05-17,North America,Basic,Education,SMB,55.39,31,False,27,1,41.4
CUST-002320,2021-04-01,North America,Enterprise,Healthcare,Startup,506.08,45,False,17,3,24.2
CUST-002321,2023-04-04,Asia Pacific,Basic,Finance,SMB,48.98,21,False,33,4,29.1
CUST-002322,2023-06-18,Europe,Pro,Technology,Mid-Market,134.46,18,False,-8,1,23.7
CUST-002323,2022-04-25,Europe,Basic,Retail,SMB,47.93,32,False,1,2,71.3
CUST-002324,2024-01-11,North America,Pro,Education,Mid-Market,152.16,11,False,53,3,33.7
CUST-002325,2022-03-21,Asia Pacific,Basic,Manufacturing,SMB,49.74,33,False,62,1,42.7
CUST-002326,2021-04-26,Latin America,Basic,Healthcare,Mid-Market,53.2,44,True,-14,4,19.2
CUST-002327,2021-10-14,Asia Pacific,Basic,Technology,SMB,69.61,39,True,64,2,26.3
CUST-002328,2023-10-29,North America,Pro,Finance,SMB,143.98,14,False,58,3,15.3
CUST-002329,2022-08-16,Europe,Basic,Retail,Mid-Market,44.95,28,False,28,3,32.1
CUST-002330,2022-04-25,North America,Pro,Finance,Startup,161.09,32,False,44,3,72.8
CUST-002331,2024-03-25,North America,Basic,Manufacturing,SMB,50.25,9,False,71,4,22.0
CUST-002332,2022-10-16,North America,Enterprise,Finance,Startup,503.55,26,False,59,2,46.1
CUST-002333,2024-03-28,Europe,Enterprise,Healthcare,SMB,493.08,9,False,44,4,66.6
CUST-002334,2022-10-19,Europe,Pro,Technology,Mid-Market,141.68,26,False,22,3,8.1
CUST-002335,2022-05-01,North America,Basic,Education,Startup,36.93,32,False,26,3,35.4
CUST-002336,2022-09-11,North America,Basic,Healthcare,Enterprise,50.72,28,False,48,2,38.9
CUST-002337,2021-10-21,Europe,Basic,Manufacturing,SMB,39.21,38,False,45,3,29.0
CUST-002338,2023-12-04,North America,Basic,Retail,Enterprise,37.99,13,False,58,2,15.9
CUST-002339,2022-03-29,North America,Pro,Manufacturing,Startup,155.61,33,False,6,0,27.3
CUST-002340,2023-04-27,North America,Pro,Manufacturing,Enterprise,142.65,20,False,43,4,17.2
CUST-002341,2022-09-08,Asia Pacific,Enterprise,Finance,Startup,487.0,28,False,49,4,78.1
CUST-002342,2022-07-18,North America,Basic,Retail,SMB,35.97,29,False,30,3,19.3
CUST-002343,2021-05-05,North America,Pro,Healthcare,Enterprise,158.12,44,False,82,1,37.9
CUST-002344,2024-02-15,North America,Basic,Manufacturing,Startup,47.93,10,False,17,2,12.8
CUST-002345,2021-12-25,Asia Pacific,Pro,Healthcare,Startup,145.01,36,False,33,4,11.4
CUST-002346,2023-05-25,Europe,Basic,Education,Mid-Market,50.71,19,False,49,6,13.5
CUST-002347,2024-02-13,Europe,Basic,Finance,SMB,49.76,10,False,52,2,8.3
CUST-002348,2023-10-13,North America,Basic,Healthcare,SMB,43.71,14,False,30,0,20.2
CUST-002349,2021-04-07,Europe,Pro,Retail,Startup,145.66,45,False,30,3,17.3
CUST-002350,2022-12-07,North America,Enterprise,Manufacturing,Mid-Market,506.31,25,False,48,3,64.7
CUST-002351,2023-02-20,Europe,Basic,Education,Startup,57.25,22,False,44,1,26.2
CUST-002352,2023-12-11,Asia Pacific,Basic,Retail,Enterprise,40.62,12,False,36,1,38.3
CUST-002353,2022-10-15,Europe,Basic,Finance,Mid-Market,61.8,26,False,-2,3,11.8
CUST-002354,2023-05-03,Asia Pacific,Pro,Education,Mid-Market,169.09,20,False,37,1,41.6
CUST-002355,2023-04-17,Europe,Basic,Education,Startup,46.09,20,False,67,2,21.6
CUST-002356,2021-11-02,North America,Pro,Education,Mid-Market,145.85,38,False,46,2,22.3
CUST-002357,2022-09-07,Asia Pacific,Enterprise,Manufacturing,SMB,490.02,28,False,19,3,20.9
CUST-002358,2023-02-10,North America,Enterprise,Technology,Mid-Market,492.31,23,False,5,0,43.3
CUST-002359,2022-01-12,Europe,Basic,Education,SMB,52.23,36,False,54,4,18.7
CUST-002360,2024-01-07,North America,Enterprise,Retail,Mid-Market,522.17,11,False,25,3,23.3
CUST-002361,2023-08-28,North America,Pro,Retail,SMB,156.28,16,False,61,3,11.1
CUST-002362,2022-05-09,North America,Basic,Finance,Startup,45.68,32,False,61,1,33.3
CUST-002363,2022-04-07,North America,Pro,Healthcare,SMB,144.75,33,False,32,5,71.8
CUST-002364,2022-09-08,Europe,Pro,Healthcare,Startup,142.36,28,False,41,1,35.2
CUST-002365,2021-10-23,Europe,Basic,Technology,SMB,59.6,38,False,43,5,50.0
CUST-002366,2023-08-07,North America,Basic,Manufacturing,SMB,46.57,17,False,10,1,30.0
CUST-002367,2021-04-29,North America,Basic,Manufacturing,SMB,53.54,44,False,69,2,34.9
CUST-002368,2024-02-26,Europe,Pro,Education,Mid-Market,146.63,10,False,44,0,75.3
CUST-002369,2023-04-26,North America,Basic,Technology,SMB,70.18,20,False,38,1,39.8
CUST-002370,2023-05-04,Europe,Enterprise,Finance,Startup,493.66,20,False,54,2,23.7
CUST-002371,2024-02-16,Europe,Pro,Finance,Mid-Market,141.97,10,False,41,3,25.0
CUST-002372,2023-12-22,Asia Pacific,Pro,Healthcare,Enterprise,144.18,12,False,13,2,12.3
CUST-002373,2021-10-02,Europe,Basic,Finance,SMB,53.24,39,False,18,3,11.6
CUST-002374,2023-03-07,North America,Pro,Education,Startup,163.35,22,False,-7,1,33.9
CUST-002375,2022-05-13,Europe,Basic,Retail,SMB,53.26,32,False,36,2,37.7
CUST-002376,2022-06-07,North America,Basic,Finance,Mid-Market,56.07,31,False,46,4,74.4
CUST-002377,2022-02-21,North America,Pro,Technology,Mid-Market,154.68,34,False,31,2,18.2
CUST-002378,2022-11-08,Asia Pacific,Basic,Education,Mid-Market,32.35,26,False,11,4,62.4
CUST-002379,2021-06-11,North America,Pro,Finance,Startup,148.84,43,False,25,7,34.1
CUST-002380,2023-07-11,Asia Pacific,Basic,Manufacturing,Mid-Market,45.83,17,False,27,5,25.7
CUST-002381,2023-01-30,Asia Pacific,Basic,Finance,SMB,47.59,23,False,52,0,30.7
CUST-002382,2021-07-09,Asia Pacific,Basic,Manufacturing,Startup,40.77,42,False,63,4,22.2
CUST-002383,2024-01-02,Asia Pacific,Enterprise,Education,Startup,507.68,12,False,-19,1,33.2
CUST-002384,2022-01-26,North America,Pro,Finance,SMB,149.48,35,False,33,3,10.7
CUST-002385,2021-04-16,North America,Pro,Manufacturing,Mid-Market,149.42,45,False,22,0,28.6
CUST-002386,2022-07-04,Europe,Basic,Retail,Mid-Market,47.53,30,True,29,1,36.9
CUST-002387,2023-02-12,North America,Basic,Healthcare,Enterprise,42.71,22,False,51,2,21.9
CUST-002388,2021-03-22,Europe,Enterprise,Education,Startup,481.18,46,False,25,3,100.0
CUST-002389,2021-05-30,Europe,Basic,Manufacturing,Enterprise,51.72,43,True,48,6,18.8
CUST-002390,2022-01-21,Europe,Basic,Technology,Mid-Market,50.14,35,False,74,4,49.3
CUST-002391,2024-02-19,North America,Pro,Finance,SMB,154.34,10,False,25,4,65.9
CUST-002392,2022-03-21,North America,Basic,Manufacturing,Mid-Market,49.72,33,False,30,3,16.2
CUST-002393,2023-09-09,North America,Pro,Manufacturing,Mid-Market,138.21,15,False,30,4,17.1
CUST-002394,2022-03-04,North America,Pro,Manufacturing,SMB,141.05,34,False,82,0,31.8
CUST-002395,2022-11-13,Asia Pacific,Basic,Healthcare,Mid-Market,62.39,25,False,24,1,19.2
CUST-002396,2022-09-13,North America,Basic,Technology,Mid-Market,52.19,28,False,64,2,33.9
CUST-002397,2021-02-01,North America,Basic,Technology,Mid-Market,57.03,47,False,34,0,4.3
CUST-002398,2022-03-10,North America,Enterprise,Retail,Mid-Market,508.19,34,False,38,5,29.4
CUST-002399,2022-01-25,Europe,Pro,Healthcare,SMB,139.16,35,False,51,1,3.7
CUST-002400,2021-08-29,Europe,Basic,Manufacturing,Mid-Market,45.59,40,False,27,2,30.0
CUST-002401,2023-09-08,North America,Basic,Education,Mid-Market,55.81,16,False,54,2,11.9
CUST-002402,2022-05-12,North America,Pro,Healthcare,SMB,140.84,32,False,29,0,45.1
CUST-002403,2022-02-23,North America,Pro,Healthcare,Startup,144.92,34,False,13,1,18.3
CUST-002404,2023-03-24,North America,Basic,Technology,Mid-Market,43.81,21,False,55,1,56.9
CUST-002405,2022-05-06,Europe,Basic,Retail,Startup,41.62,32,False,47,1,56.6
CUST-002406,2024-02-05,Europe,Basic,Retail,Mid-Market,47.7,11,False,23,2,25.5
CUST-002407,2022-10-21,North America,Pro,Healthcare,Enterprise,144.14,26,False,58,2,50.5
CUST-002408,2022-08-03,North America,Enterprise,Healthcare,SMB,495.01,29,True,15,2,22.2
CUST-002409,2023-02-19,Latin America,Basic,Finance,Startup,51.68,22,False,43,2,7.1
CUST-002410,2023-08-13,Europe,Pro,Manufacturing,Startup,158.98,16,False,1,1,2.9
CUST-002411,2023-12-29,Europe,Basic,Technology,SMB,56.65,12,False,27,0,56.1
CUST-002412,2023-01-06,North America,Basic,Manufacturing,Enterprise,50.76,24,False,18,0,27.5
CUST-002413,2022-09-24,Europe,Basic,Education,SMB,65.39,27,False,9,3,22.1
CUST-002414,2022-06-20,North America,Pro,Education,Startup,155.59,30,False,35,1,51.3
CUST-002415,2023-01-07,Europe,Basic,Retail,Mid-Market,57.05,24,False,41,2,37.8
CUST-002416,2023-11-17,Latin America,Pro,Technology,Mid-Market,147.37,13,True,47,1,38.4
CUST-002417,2023-10-16,North America,Basic,Manufacturing,SMB,45.13,14,False,35,4,16.1
CUST-002418,2023-08-13,North America,Basic,Retail,Mid-Market,52.76,16,True,43,3,7.6
CUST-002419,2021-07-21,North America,Basic,Education,SMB,58.06,41,False,12,3,41.3
CUST-002420,2023-08-20,North America,Pro,Healthcare,Mid-Market,150.74,16,False,17,1,29.3
CUST-002421,2022-10-18,North America,Basic,Technology,SMB,42.67,26,False,34,3,24.3
CUST-002422,2022-02-21,North America,Pro,Technology,SMB,136.16,34,False,17,2,24.2
CUST-002423,2023-01-30,Asia Pacific,Basic,Manufacturing,Mid-Market,33.18,23,False,35,0,28.1
CUST-002424,2022-10-03,Europe,Basic,Finance,SMB,49.43,27,False,21,2,13.4
CUST-002425,2023-04-28,North America,Basic,Manufacturing,SMB,57.16,20,False,31,3,13.4
CUST-002426,2021-04-04,Asia Pacific,Basic,Healthcare,Enterprise,25.97,45,False,1,3,18.5
CUST-002427,2024-02-27,North America,Basic,Healthcare,Mid-Market,42.93,10,False,0,1,48.6
CUST-002428,2022-03-30,Latin America,Basic,Retail,Startup,41.29,33,False,20,3,38.2
CUST-002429,2021-10-26,North America,Pro,Technology,Mid-Market,152.79,38,False,8,1,8.6
CUST-002430,2021-02-03,Asia Pacific,Pro,Retail,Mid-Market,142.33,47,True,-17,3,60.1
CUST-002431,2022-06-19,Europe,Basic,Healthcare,Mid-Market,36.7,30,False,44,0,27.3
CUST-002432,2024-02-08,Asia Pacific,Basic,Finance,Startup,42.91,10,False,54,1,34.8
CUST-002433,2024-04-11,Latin America,Basic,Technology,Mid-Market,41.34,8,False,52,1,7.7
CUST-002434,2024-04-01,North America,Basic,Healthcare,Mid-Market,49.13,9,False,32,1,31.3
CUST-002435,2023-05-06,Latin America,Basic,Finance,Mid-Market,46.85,20,False,31,3,37.7
CUST-002436,2022-08-28,North America,Enterprise,Manufacturing,Startup,503.42,28,False,36,5,48.6
CUST-002437,2021-11-09,North America,Basic,Education,Mid-Market,48.94,38,False,21,2,24.7
CUST-002438,2022-02-06,North America,Basic,Healthcare,Startup,59.15,35,True,-1,2,23.4
CUST-002439,2022-11-07,Europe,Basic,Education,Mid-Market,44.52,26,False,58,2,15.8
CUST-002440,2022-04-17,North America,Basic,Retail,Enterprise,55.2,32,False,35,2,37.3
CUST-002441,2023-02-17,Europe,Pro,Education,Startup,152.18,22,False,34,2,29.6
CUST-002442,2024-03-12,Europe,Basic,Healthcare,SMB,46.05,9,False,28,1,23.0
CUST-002443,2022-05-19,Asia Pacific,Basic,Education,SMB,55.88,31,False,46,1,29.3
CUST-002444,2023-10-20,Asia Pacific,Pro,Technology,Mid-Market,140.98,14,False,32,3,13.6
CUST-002445,2024-02-02,North America,Basic,Healthcare,SMB,61.4,11,False,25,1,74.8
CUST-002446,2022-11-23,North America,Pro,Finance,Mid-Market,141.24,25,False,28,3,13.2
CUST-002447,2022-06-12,North America,Pro,Education,Mid-Market,135.59,31,False,36,1,13.8
CUST-002448,2023-09-28,North America,Basic,Technology,Mid-Market,34.81,15,False,11,5,48.9
CUST-002449,2023-10-02,North America,Pro,Retail,Mid-Market,149.91,15,True,63,1,43.5
CUST-002450,2023-08-02,North America,Basic,Retail,SMB,43.36,17,False,22,0,19.7
CUST-002451,2021-12-11,North America,Pro,Education,Enterprise,150.81,37,False,19,3,10.7
CUST-002452,2022-12-23,Latin America,Basic,Retail,SMB,37.97,24,False,27,2,4.0
CUST-002453,2021-12-13,Europe,Basic,Finance,Startup,53.87,37,False,53,3,9.9
CUST-002454,2021-10-14,North America,Pro,Healthcare,SMB,150.84,39,False,29,1,13.8
CUST-002455,2024-01-25,Europe,Enterprise,Technology,Mid-Market,494.43,11,False,58,6,42.4
CUST-002456,2023-09-28,North America,Enterprise,Manufacturing,Mid-Market,505.25,15,False,28,3,58.3
CUST-002457,2022-01-12,North America,Pro,Education,Startup,154.75,36,False,6,1,24.0
CUST-002458,2024-01-16,Europe,Basic,Retail,Mid-Market,49.92,11,False,18,4,24.6
CUST-002459,2021-05-01,Europe,Basic,Healthcare,Mid-Market,57.87,44,False,21,2,45.0
CUST-002460,2023-12-10,North America,Basic,Manufacturing,SMB,60.1,12,False,47,3,28.6
CUST-002461,2021-03-11,Latin America,Basic,Finance,Mid-Market,41.11,46,False,25,4,21.7
CUST-002462,2021-06-02,Asia Pacific,Basic,Retail,Startup,60.32,43,False,11,2,16.1
CUST-002463,2021-04-10,Europe,Enterprise,Retail,Startup,490.01,45,False,6,4,33.6
CUST-002464,2021-01-14,Europe,Basic,Technology,Mid-Market,56.72,48,False,-1,1,35.4
CUST-002465,2023-04-25,Europe,Basic,Finance,SMB,58.47,20,False,88,0,36.4
CUST-002466,2021-10-09,North America,Basic,Finance,Startup,47.25,39,False,20,4,17.3
CUST-002467,2022-04-19,North America,Pro,Education,Mid-Market,148.47,32,False,43,7,26.2
CUST-002468,2021-05-20,North America,Pro,Manufacturing,Mid-Market,146.01,44,False,10,2,42.8
CUST-002469,2021-11-06,Europe,Pro,Technology,Mid-Market,140.76,38,False,59,5,15.0
CUST-002470,2021-01-19,Europe,Basic,Education,SMB,42.62,48,False,17,2,22.7
CUST-002471,2022-03-24,North America,Pro,Technology,SMB,153.97,33,False,72,2,34.9
CUST-002472,2023-11-02,Latin America,Basic,Finance,Mid-Market,57.56,14,False,74,1,42.4
CUST-002473,2023-07-23,Asia Pacific,Enterprise,Technology,Startup,498.86,17,False,12,4,87.4
CUST-002474,2023-02-04,Europe,Pro,Technology,Startup,138.9,23,False,59,2,22.3
CUST-002475,2021-05-04,Europe,Basic,Technology,SMB,37.54,44,False,72,6,36.0
CUST-002476,2023-09-17,Asia Pacific,Basic,Healthcare,Mid-Market,47.94,15,False,2,4,6.2
CUST-002477,2023-09-27,North America,Pro,Healthcare,SMB,143.72,15,False,5,3,24.3
CUST-002478,2021-02-02,Asia Pacific,Basic,Manufacturing,SMB,60.86,47,False,-6,3,5.8
CUST-002479,2021-01-14,North America,Enterprise,Manufacturing,Startup,491.98,48,False,16,1,30.3
CUST-002480,2023-12-26,Asia Pacific,Basic,Finance,Startup,54.97,12,False,14,3,12.3
CUST-002481,2024-02-04,North America,Basic,Technology,SMB,42.79,11,False,28,1,23.6
CUST-002482,2023-04-23,Asia Pacific,Basic,Finance,SMB,46.17,20,False,9,1,18.0
CUST-002483,2021-01-25,Asia Pacific,Basic,Healthcare,SMB,50.72,47,False,48,0,24.2
CUST-002484,2021-02-04,North America,Basic,Technology,SMB,54.2,47,True,35,4,20.9
CUST-002485,2023-12-21,Europe,Basic,Education,SMB,53.23,12,False,43,5,42.0
CUST-002486,2022-07-17,Latin America,Pro,Healthcare,SMB,143.4,29,True,55,3,17.2
CUST-002487,2024-01-03,Europe,Basic,Healthcare,SMB,50.0,12,False,40,1,29.5
CUST-002488,2022-08-11,Asia Pacific,Enterprise,Healthcare,Startup,495.25,29,True,30,2,73.7
CUST-002489,2021-02-05,Europe,Pro,Technology,Startup,134.69,47,False,18,2,32.1
CUST-002490,2023-10-26,North America,Pro,Manufacturing,SMB,151.29,14,False,52,3,25.1
CUST-002491,2023-06-01,North America,Basic,Retail,Enterprise,61.63,19,False,40,0,4.9
CUST-002492,2022-01-03,North America,Basic,Education,SMB,64.44,36,False,39,2,16.3
CUST-002493,2021-08-08,Asia Pacific,Basic,Education,Enterprise,52.17,41,True,22,4,19.7
CUST-002494,2021-07-17,North America,Pro,Finance,SMB,151.52,42,False,41,2,41.9
CUST-002495,2023-12-10,Europe,Enterprise,Technology,SMB,472.81,12,False,19,1,46.8
CUST-002496,2021-11-01,Europe,Basic,Manufacturing,Mid-Market,76.27,38,False,41,1,29.2
CUST-002497,2022-05-09,Europe,Basic,Healthcare,Startup,63.31,32,False,29,1,43.7
CUST-002498,2022-01-29,Asia Pacific,Enterprise,Retail,Startup,506.59,35,False,49,1,49.9
CUST-002499,2023-12-15,Latin America,Basic,Technology,Enterprise,49.72,12,False,8,0,46.6
CUST-002500,2022-06-01,North America,Pro,Technology,SMB,126.69,31,False,35,2,22.9
CUST-002501,2022-12-27,Asia Pacific,Pro,Manufacturing,Startup,150.82,24,False,49,1,38.5
CUST-002502,2022-07-02,Asia Pacific,Pro,Retail,Startup,149.32,30,False,36,2,11.0
CUST-002503,2023-03-24,Europe,Basic,Healthcare,Enterprise,34.91,21,False,6,2,33.2
CUST-002504,2021-06-11,Latin America,Basic,Technology,Mid-Market,53.48,43,True,20,2,21.8
CUST-002505,2023-02-04,North America,Pro,Education,SMB,161.37,23,False,60,2,31.8
CUST-002506,2023-04-12,North America,Enterprise,Education,Startup,502.41,20,False,33,1,35.4
CUST-002507,2023-07-30,Asia Pacific,Basic,Retail,Mid-Market,52.37,17,False,18,3,14.0
CUST-002508,2024-03-03,North America,Basic,Healthcare,SMB,53.01,10,False,60,0,16.9
CUST-002509,2022-05-14,Asia Pacific,Pro,Retail,SMB,145.77,32,False,65,5,31.3
CUST-002510,2022-04-08,Asia Pacific,Enterprise,Technology,Mid-Market,506.58,33,False,11,0,43.9
CUST-002511,2022-09-07,North America,Pro,Education,SMB,164.24,28,False,24,3,15.7
CUST-002512,2021-06-15,Asia Pacific,Enterprise,Finance,Mid-Market,499.41,43,False,28,5,33.0
CUST-002513,2021-03-06,North America,Basic,Retail,Mid-Market,41.45,46,False,45,4,32.6
CUST-002514,2021-07-11,Europe,Basic,Finance,Mid-Market,35.14,42,False,31,0,56.8
CUST-002515,2023-04-11,Europe,Pro,Finance,SMB,154.01,21,False,37,2,16.0
CUST-002516,2023-02-16,Asia Pacific,Pro,Manufacturing,SMB,155.14,22,False,32,3,59.6
CUST-002517,2023-02-12,North America,Basic,Education,SMB,52.64,22,True,78,4,31.9
CUST-002518,2024-02-06,Europe,Basic,Retail,SMB,46.64,10,False,46,6,12.6
CUST-002519,2023-09-02,Europe,Pro,Finance,SMB,151.77,16,False,29,4,11.1
CUST-002520,2021-04-25,Europe,Basic,Technology,SMB,43.64,44,False,29,6,32.4
CUST-002521,2021-01-20,Europe,Basic,Manufacturing,Startup,41.89,48,False,44,3,20.7
CUST-002522,2021-12-17,North America,Pro,Healthcare,Startup,139.04,37,False,15,0,20.7
CUST-002523,2021-06-19,North America,Pro,Manufacturing,SMB,139.14,43,False,40,3,20.0
CUST-002524,2023-10-21,North America,Pro,Healthcare,SMB,154.3,14,False,38,3,24.9
CUST-002525,2023-06-08,Asia Pacific,Basic,Education,SMB,46.31,19,False,17,2,20.4
CUST-002526,2022-11-10,North America,Pro,Retail,SMB,142.19,26,True,-11,3,58.7
CUST-002527,2024-03-04,North America,Pro,Retail,Mid-Market,135.38,10,False,0,1,38.1
CUST-002528,2021-07-15,Latin America,Pro,Healthcare,Mid-Market,155.71,42,False,30,8,26.3
CUST-002529,2023-12-18,North America,Pro,Technology,SMB,159.7,12,False,53,4,6.0
CUST-002530,2021-03-29,Latin America,Basic,Healthcare,Startup,38.76,45,False,26,1,47.3
CUST-002531,2022-04-16,Europe,Basic,Healthcare,SMB,47.75,33,False,52,7,40.3
CUST-002532,2022-03-09,Asia Pacific,Basic,Retail,SMB,39.67,34,False,27,1,33.6
CUST-002533,2024-03-06,North America,Basic,Finance,Startup,47.58,10,False,13,2,19.9
CUST-002534,2023-09-01,North America,Pro,Technology,Enterprise,155.08,16,False,9,4,7.7
CUST-002535,2022-07-10,Europe,Pro,Retail,SMB,165.18,30,False,16,0,18.0
CUST-002536,2021-04-06,Asia Pacific,Pro,Manufacturing,Mid-Market,144.53,45,False,37,2,29.7
CUST-002537,2021-06-02,Europe,Pro,Healthcare,SMB,156.0,43,False,34,1,14.1
CUST-002538,2022-07-29,North America,Basic,Finance,Startup,56.24,29,False,30,0,43.2
CUST-002539,2024-01-18,Asia Pacific,Basic,Technology,Startup,47.49,11,False,30,1,36.2
CUST-002540,2024-02-29,Asia Pacific,Basic,Education,Mid-Market,60.6,10,False,57,5,34.3
CUST-002541,2021-03-09,Europe,Basic,Technology,Startup,45.72,46,False,72,3,2.4
CUST-002542,2022-01-03,Asia Pacific,Basic,Technology,Startup,53.35,36,False,20,0,53.6
CUST-002543,2022-10-07,Asia Pacific,Pro,Healthcare,Enterprise,143.26,27,False,31,2,21.0
CUST-002544,2021-02-02,Europe,Enterprise,Healthcare,SMB,504.32,47,False,10,4,46.4
CUST-002545,2022-03-01,North America,Basic,Education,Startup,53.31,34,False,34,5,31.0
CUST-002546,2021-10-23,Europe,Basic,Education,SMB,60.87,38,False,28,2,42.8
CUST-002547,2023-03-27,North America,Pro,Education,SMB,167.36,21,False,39,1,20.6
CUST-002548,2021-06-07,North America,Basic,Retail,SMB,58.16,43,False,52,6,30.7
CUST-002549,2022-09-05,North America,Pro,Retail,Startup,155.71,28,False,10,1,29.4
CUST-002550,2021-11-29,North America,Pro,Healthcare,SMB,145.09,37,False,30,1,16.7
CUST-002551,2024-02-29,North America,Enterprise,Healthcare,Startup,476.34,10,False,29,2,62.5
CUST-002552,2022-05-08,North America,Basic,Education,Mid-Market,61.98,32,True,38,0,65.4
CUST-002553,2024-03-06,Asia Pacific,Pro,Retail,Mid-Market,167.56,10,False,63,1,11.9
CUST-002554,2023-03-08,Asia Pacific,Basic,Finance,Startup,52.13,22,False,21,2,33.7
CUST-002555,2024-01-13,North America,Pro,Retail,SMB,138.94,11,False,47,6,21.8
CUST-002556,2022-11-11,Latin America,Basic,Healthcare,SMB,62.78,26,False,68,3,23.1
CUST-002557,2023-02-26,Europe,Basic,Retail,SMB,60.05,22,False,18,2,29.0
CUST-002558,2021-10-14,North America,Pro,Healthcare,SMB,128.63,39,False,37,0,11.9
CUST-002559,2021-06-10,North America,Pro,Education,SMB,150.4,43,False,37,5,55.3
CUST-002560,2023-10-23,Europe,Pro,Education,Enterprise,151.43,14,False,9,1,6.8
CUST-002561,2022-12-10,Asia Pacific,Pro,Education,Startup,132.96,25,False,46,2,44.0
CUST-002562,2021-04-20,Europe,Pro,Finance,Enterprise,138.21,45,False,57,3,26.2
CUST-002563,2021-07-20,North America,Basic,Finance,Startup,59.92,42,False,21,1,76.9
CUST-002564,2023-06-15,North America,Pro,Healthcare,SMB,149.7,18,False,29,0,18.4
CUST-002565,2022-04-21,North America,Pro,Technology,SMB,139.5,32,False,0,3,8.2
CUST-002566,2021-06-05,North America,Enterprise,Manufacturing,Startup,492.31,43,False,56,2,36.7
CUST-002567,2022-11-29,North America,Enterprise,Finance,Startup,486.99,25,True,52,2,60.4
CUST-002568,2023-03-24,North America,Basic,Healthcare,SMB,49.75,21,False,15,1,15.8
CUST-002569,2022-10-31,Asia Pacific,Pro,Retail,Enterprise,156.52,26,False,18,3,24.4
CUST-002570,2021-03-02,Asia Pacific,Basic,Education,SMB,60.77,46,True,27,4,45.4
CUST-002571,2022-07-14,North America,Basic,Education,SMB,42.32,30,False,60,3,13.6
CUST-002572,2023-07-12,Asia Pacific,Pro,Education,Mid-Market,145.46,17,False,33,3,7.1
CUST-002573,2023-10-02,North America,Basic,Healthcare,Mid-Market,54.01,15,False,38,1,57.1
CUST-002574,2022-04-13,Europe,Pro,Education,Mid-Market,158.53,33,False,38,1,36.7
CUST-002575,2022-12-30,North America,Basic,Finance,SMB,52.71,24,False,62,0,28.0
CUST-002576,2024-02-07,Europe,Basic,Retail,Startup,61.68,10,False,27,0,37.5
CUST-002577,2023-02-08,Latin America,Pro,Education,SMB,167.17,23,False,32,1,20.8
CUST-002578,2023-06-04,Europe,Pro,Healthcare,Startup,132.7,19,False,58,1,34.0
CUST-002579,2022-01-16,North America,Enterprise,Retail,Startup,514.19,36,False,58,4,29.4
CUST-002580,2024-04-14,Europe,Pro,Education,Startup,161.99,8,True,14,4,19.2
CUST-002581,2023-02-18,North America,Pro,Technology,Enterprise,137.24,22,False,-3,2,44.2
CUST-002582,2021-06-25,Asia Pacific,Basic,Education,Enterprise,53.64,42,False,34,6,50.9
CUST-002583,2022-08-28,Europe,Basic,Manufacturing,Startup,55.36,28,False,47,0,48.5
CUST-002584,2022-05-20,North America,Basic,Finance,Startup,38.1,31,False,41,1,42.2
CUST-002585,2021-05-31,Europe,Pro,Retail,Startup,148.39,43,False,22,3,22.0
CUST-002586,2021-06-18,Europe,Pro,Finance,SMB,150.56,43,False,72,5,24.0
CUST-002587,2022-07-03,North America,Basic,Technology,Startup,38.2,30,False,13,3,18.1
CUST-002588,2021-11-12,Europe,Pro,Technology,Enterprise,145.61,38,False,7,6,47.7
CUST-002589,2023-02-18,North America,Pro,Manufacturing,Startup,163.01,22,False,58,4,61.1
CUST-002590,2021-11-12,Europe,Basic,Finance,Startup,65.83,38,False,26,0,24.4
CUST-002591,2023-03-09,Asia Pacific,Basic,Retail,Startup,37.96,22,False,68,6,11.3
CUST-002592,2022-10-11,Asia Pacific,Pro,Technology,Enterprise,122.35,27,False,30,2,38.2
CUST-002593,2023-01-09,Europe,Pro,Technology,Enterprise,161.37,24,False,27,5,28.6
CUST-002594,2021-08-07,Europe,Enterprise,Education,Mid-Market,517.22,41,False,44,5,39.8
CUST-002595,2021-07-07,North America,Basic,Manufacturing,SMB,57.77,42,False,52,3,25.1
CUST-002596,2021-01-11,Asia Pacific,Enterprise,Healthcare,Startup,496.13,48,False,78,4,74.5
CUST-002597,2022-09-24,North America,Basic,Technology,Startup,38.16,27,False,52,1,13.5
CUST-002598,2023-06-30,Europe,Basic,Retail,SMB,55.17,18,False,56,2,63.6
CUST-002599,2023-01-08,North America,Enterprise,Retail,Mid-Market,509.55,24,False,23,4,64.3
CUST-002600,2022-07-07,North America,Basic,Education,SMB,42.4,30,False,54,3,24.5
CUST-002601,2021-07-29,Europe,Pro,Retail,SMB,151.75,41,False,47,2,5.6
CUST-002602,2021-09-29,North America,Basic,Education,SMB,44.65,39,False,23,5,46.6
CUST-002603,2021-06-28,Europe,Pro,Technology,Startup,156.54,42,False,7,2,74.7
CUST-002604,2022-01-19,North America,Enterprise,Technology,SMB,478.41,35,False,16,2,59.4
CUST-002605,2023-06-02,North America,Basic,Technology,SMB,52.97,19,False,24,0,34.3
CUST-002606,2023-07-09,Europe,Pro,Technology,Startup,145.34,18,False,31,2,26.9
CUST-002607,2024-02-15,North America,Basic,Healthcare,SMB,67.32,10,False,49,2,29.0
CUST-002608,2024-02-11,North America,Pro,Manufacturing,Enterprise,152.12,10,False,53,0,1.7
CUST-002609,2023-11-16,Europe,Basic,Manufacturing,SMB,56.08,13,False,69,4,37.7
CUST-002610,2023-04-16,North America,Basic,Healthcare,SMB,39.57,20,False,43,2,21.9
CUST-002611,2021-07-31,Asia Pacific,Basic,Technology,Startup,46.79,41,False,5,3,46.2
CUST-002612,2021-02-23,North America,Basic,Retail,Mid-Market,52.95,46,False,16,4,36.7
CUST-002613,2021-07-03,North America,Enterprise,Education,Mid-Market,495.41,42,False,30,4,52.8
CUST-002614,2022-12-26,Europe,Basic,Manufacturing,SMB,46.58,24,False,56,1,9.8
CUST-002615,2024-02-10,North America,Basic,Finance,Startup,51.63,10,False,47,3,30.2
CUST-002616,2021-07-10,North America,Basic,Education,Enterprise,31.87,42,False,19,1,26.6
CUST-002617,2022-10-27,North America,Basic,Finance,Mid-Market,43.76,26,False,12,2,16.2
CUST-002618,2023-02-28,North America,Pro,Finance,SMB,156.89,22,False,22,2,13.5
CUST-002619,2021-01-26,Asia Pacific,Enterprise,Technology,SMB,495.06,47,False,10,2,47.1
CUST-002620,2022-08-21,North America,Basic,Finance,Startup,72.37,28,False,32,1,18.9
CUST-002621,2023-04-28,Asia Pacific,Enterprise,Technology,Mid-Market,499.91,20,False,43,5,47.5
CUST-002622,2023-03-06,Asia Pacific,Pro,Healthcare,SMB,130.48,22,True,40,0,35.4
CUST-002623,2021-06-23,North America,Basic,Retail,SMB,53.44,42,True,25,4,31.6
CUST-002624,2024-02-20,Asia Pacific,Pro,Finance,Startup,138.44,10,True,35,4,35.0
CUST-002625,2022-05-13,North America,Pro,Retail,SMB,152.4,32,False,8,3,20.0
CUST-002626,2024-03-17,Latin America,Pro,Technology,Mid-Market,143.34,9,False,21,0,18.3
CUST-002627,2023-12-04,North America,Enterprise,Finance,Enterprise,494.01,13,True,41,3,32.9
CUST-002628,2021-12-14,Europe,Basic,Education,Startup,59.35,37,False,79,3,49.9
CUST-002629,2023-02-19,Europe,Enterprise,Healthcare,Mid-Market,483.17,22,False,61,3,33.7
CUST-002630,2021-12-14,North America,Pro,Manufacturing,SMB,144.15,37,False,8,1,19.7
CUST-002631,2021-10-12,Europe,Basic,Healthcare,Mid-Market,43.03,39,True,51,3,13.6
CUST-002632,2022-07-05,Europe,Pro,Finance,Mid-Market,162.37,30,False,38,4,39.8
CUST-002633,2022-09-09,North America,Basic,Healthcare,Enterprise,45.51,28,False,39,1,23.7
CUST-002634,2022-07-04,North America,Enterprise,Manufacturing,Enterprise,489.58,30,False,86,0,30.7
CUST-002635,2023-10-07,Europe,Pro,Education,Startup,151.31,15,False,25,4,13.0
CUST-002636,2021-10-26,Europe,Basic,Retail,Mid-Market,40.06,38,False,45,4,39.9
CUST-002637,2021-05-10,Latin America,Basic,Education,SMB,41.51,44,False,50,3,22.4
CUST-002638,2021-12-09,Asia Pacific,Pro,Healthcare,Startup,155.9,37,False,21,3,11.4
CUST-002639,2023-06-10,Latin America,Basic,Manufacturing,Startup,20.34,19,False,-6,1,32.7
CUST-002640,2022-07-20,Europe,Basic,Retail,Startup,39.36,29,False,8,2,32.2
CUST-002641,2023-05-13,North America,Basic,Manufacturing,Mid-Market,42.23,19,False,40,1,21.1
CUST-002642,2022-09-06,North America,Basic,Education,SMB,64.45,28,False,52,2,34.7
CUST-002643,2023-09-19,Asia Pacific,Basic,Technology,Mid-Market,53.45,15,False,45,1,31.3
CUST-002644,2021-06-07,Europe,Basic,Technology,Mid-Market,48.68,43,False,45,4,14.9
CUST-002645,2023-01-10,North America,Basic,Retail,Mid-Market,47.97,24,False,41,4,28.1
CUST-002646,2022-05-31,North America,Pro,Retail,SMB,150.23,31,False,18,0,59.9
CUST-002647,2022-05-21,Latin America,Pro,Retail,SMB,151.46,31,False,34,3,35.3
CUST-002648,2023-10-13,Europe,Basic,Technology,SMB,50.26,14,False,47,0,20.1
CUST-002649,2022-02-05,North America,Basic,Education,Startup,68.47,35,False,44,1,14.0
CUST-002650,2023-07-27,Europe,Pro,Retail,Mid-Market,144.61,17,False,67,3,31.1
CUST-002651,2021-08-08,North America,Basic,Technology,Mid-Market,50.74,41,False,23,1,20.1
CUST-002652,2021-10-05,North America,Basic,Retail,Startup,49.38,39,False,23,4,28.9
CUST-002653,2022-09-16,North America,Basic,Retail,Mid-Market,58.39,27,False,20,1,42.9
CUST-002654,2021-01-14,North America,Pro,Manufacturing,Startup,142.07,48,False,-19,5,12.1
CUST-002655,2023-03-22,Asia Pacific,Pro,Retail,SMB,145.33,21,False,47,2,5.1
CUST-002656,2022-11-12,North America,Pro,Technology,SMB,133.88,26,False,35,5,24.9
CUST-002657,2023-02-18,Asia Pacific,Pro,Education,Startup,158.87,22,False,30,1,15.1
CUST-002658,2022-11-06,Asia Pacific,Pro,Technology,Mid-Market,133.77,26,False,18,2,19.3
CUST-002659,2023-06-21,North America,Basic,Technology,Mid-Market,54.4,18,False,46,4,45.6
CUST-002660,2022-11-17,Europe,Pro,Retail,Mid-Market,165.81,25,False,35,0,20.0
CUST-002661,2023-06-01,Europe,Basic,Manufacturing,Startup,68.26,19,False,65,2,21.6
CUST-002662,2021-10-06,Asia Pacific,Pro,Finance,SMB,145.94,39,False,35,2,29.8
CUST-002663,2022-09-08,North America,Pro,Finance,Startup,145.54,28,False,43,3,16.5
CUST-002664,2022-10-19,Europe,Pro,Finance,Enterprise,148.26,26,False,66,1,20.0
CUST-002665,2022-02-16,Europe,Basic,Technology,Startup,58.01,34,False,28,6,14.8
CUST-002666,2023-09-09,North America,Basic,Retail,SMB,47.68,15,False,26,1,16.1
CUST-002667,2022-10-06,North America,Pro,Finance,Mid-Market,146.26,27,False,63,3,17.6
CUST-002668,2021-12-30,Europe,Pro,Healthcare,Mid-Market,159.73,36,False,3,1,24.7
CUST-002669,2023-03-27,Europe,Enterprise,Healthcare,Mid-Market,499.44,21,False,29,0,62.6
CUST-002670,2022-10-16,North America,Basic,Healthcare,Enterprise,47.47,26,False,29,2,29.4
CUST-002671,2022-08-20,Europe,Pro,Education,SMB,140.24,28,False,18,2,32.5
CUST-002672,2023-10-03,North America,Pro,Retail,SMB,159.27,15,False,45,5,16.1
CUST-002673,2024-03-25,Europe,Enterprise,Technology,Startup,501.47,9,False,23,1,62.7
CUST-002674,2022-05-12,North America,Pro,Technology,Startup,148.88,32,False,37,7,13.6
CUST-002675,2022-10-30,Asia Pacific,Pro,Retail,SMB,130.38,26,False,16,5,66.0
CUST-002676,2023-02-10,North America,Pro,Manufacturing,Startup,158.54,23,False,40,3,45.2
CUST-002677,2022-07-29,North America,Pro,Manufacturing,Mid-Market,137.66,29,False,76,2,26.6
CUST-002678,2023-03-16,North America,Enterprise,Education,Startup,503.52,21,False,33,6,65.7
CUST-002679,2023-01-18,North America,Basic,Retail,SMB,41.21,23,False,34,2,49.9
CUST-002680,2021-08-22,Europe,Basic,Manufacturing,Mid-Market,38.27,40,False,11,4,14.2
CUST-002681,2024-02-29,North America,Enterprise,Education,SMB,508.28,10,False,51,5,31.3
CUST-002682,2022-02-14,Asia Pacific,Pro,Finance,Mid-Market,150.02,35,False,33,3,42.1
CUST-002683,2024-01-23,North America,Pro,Finance,Enterprise,149.41,11,False,42,4,32.7
CUST-002684,2022-01-04,North America,Basic,Education,Mid-Market,68.51,36,False,53,0,23.8
CUST-002685,2024-02-01,North America,Basic,Retail,SMB,68.35,11,False,31,4,20.6
CUST-002686,2021-02-25,North America,Pro,Finance,Enterprise,146.53,46,False,55,0,27.6
CUST-002687,2023-08-04,North America,Pro,Retail,Startup,135.93,17,False,56,3,66.1
CUST-002688,2022-03-06,North America,Basic,Manufacturing,Mid-Market,63.14,34,False,41,3,23.7
CUST-002689,2023-06-17,Europe,Basic,Finance,Startup,35.55,18,False,38,4,7.3
CUST-002690,2022-08-20,North America,Pro,Manufacturing,Startup,153.75,28,False,35,4,3.6
CUST-002691,2021-05-22,Europe,Basic,Retail,Enterprise,46.32,43,False,46,4,16.8
CUST-002692,2023-04-18,Europe,Enterprise,Retail,SMB,499.76,20,False,45,3,50.6
CUST-002693,2023-10-20,North America,Basic,Healthcare,Mid-Market,61.26,14,False,6,1,36.2
CUST-002694,2021-10-13,Europe,Pro,Education,SMB,141.13,39,False,21,2,51.1
CUST-002695,2022-09-13,Latin America,Enterprise,Technology,Mid-Market,492.92,28,False,54,4,84.9
CUST-002696,2022-05-11,Europe,Pro,Education,Enterprise,156.58,32,False,39,1,25.6
CUST-002697,2022-06-02,Europe,Basic,Retail,SMB,66.89,31,False,30,3,22.6
CUST-002698,2021-11-12,North America,Pro,Retail,SMB,173.74,38,False,70,3,48.4
CUST-002699,2023-05-17,Asia Pacific,Basic,Education,Mid-Market,34.49,19,False,51,2,43.9
CUST-002700,2023-02-12,Asia Pacific,Basic,Retail,Enterprise,44.8,22,False,56,1,34.6
CUST-002701,2021-06-01,Europe,Enterprise,Manufacturing,SMB,488.68,43,False,30,1,38.8
CUST-002702,2023-07-09,Latin America,Pro,Finance,Mid-Market,157.47,18,False,42,2,29.1
CUST-002703,2023-09-09,North America,Pro,Retail,SMB,149.61,15,False,33,2,29.8
CUST-002704,2024-04-07,North America,Basic,Education,Startup,57.78,8,False,14,4,64.5
CUST-002705,2023-04-01,Asia Pacific,Basic,Education,Startup,45.05,21,False,38,0,38.3
CUST-002706,2023-12-31,Asia Pacific,Basic,Education,Mid-Market,56.0,12,False,33,3,37.6
CUST-002707,2023-11-04,North America,Pro,Healthcare,Mid-Market,147.21,14,False,33,4,56.8
CUST-002708,2023-05-07,North America,Pro,Manufacturing,SMB,150.42,20,False,54,3,42.5
CUST-002709,2024-01-19,North America,Pro,Manufacturing,SMB,143.24,11,False,32,1,31.0
CUST-002710,2021-03-17,North America,Pro,Healthcare,Mid-Market,162.6,46,False,36,3,32.5
CUST-002711,2023-01-07,Asia Pacific,Basic,Manufacturing,SMB,36.37,24,False,37,2,26.0
CUST-002712,2024-01-05,Europe,Basic,Healthcare,Enterprise,47.86,12,False,45,3,36.0
CUST-002713,2021-06-24,North America,Basic,Manufacturing,SMB,66.81,42,False,40,4,4.4
CUST-002714,2021-08-12,North America,Basic,Healthcare,Startup,61.76,41,False,48,2,11.1
CUST-002715,2022-05-24,North America,Basic,Healthcare,Startup,40.57,31,False,9,2,29.2
CUST-002716,2022-12-29,North America,Enterprise,Manufacturing,Mid-Market,491.08,24,False,37,3,23.5
CUST-002717,2021-12-07,Europe,Basic,Healthcare,Enterprise,54.14,37,False,32,3,32.4
CUST-002718,2021-04-01,Latin America,Enterprise,Manufacturing,SMB,505.5,45,False,8,6,43.5
CUST-002719,2024-02-28,Asia Pacific,Basic,Healthcare,Startup,60.9,10,False,6,3,12.0
CUST-002720,2023-03-30,North America,Enterprise,Education,SMB,484.91,21,False,22,2,57.5
CUST-002721,2022-11-11,Asia Pacific,Pro,Technology,Mid-Market,162.16,26,False,21,2,30.0
CUST-002722,2023-06-01,Asia Pacific,Enterprise,Manufacturing,Mid-Market,489.99,19,False,30,4,42.8
CUST-002723,2021-08-05,Asia Pacific,Basic,Healthcare,Enterprise,62.35,41,False,37,0,14.0
CUST-002724,2021-01-22,Europe,Pro,Education,Mid-Market,132.85,47,True,44,1,22.7
CUST-002725,2021-07-21,North America,Enterprise,Technology,Mid-Market,487.86,41,False,10,3,71.6
CUST-002726,2022-06-14,North America,Basic,Healthcare,SMB,66.21,31,True,16,4,17.7
CUST-002727,2022-03-31,North America,Basic,Technology,SMB,66.76,33,False,17,2,23.0
CUST-002728,2023-11-12,North America,Basic,Manufacturing,Mid-Market,50.0,13,False,32,2,29.9
CUST-002729,2023-11-29,North America,Enterprise,Technology,SMB,495.71,13,False,35,1,41.5
CUST-002730,2024-02-17,Europe,Pro,Finance,SMB,148.84,10,False,54,1,33.4
CUST-002731,2024-04-03,Europe,Pro,Retail,Startup,153.15,9,False,16,3,43.3
CUST-002732,2024-03-24,Europe,Basic,Finance,SMB,54.05,9,False,50,3,66.8
CUST-002733,2022-03-29,North America,Basic,Manufacturing,SMB,46.05,33,False,5,5,21.8
CUST-002734,2023-07-02,Latin America,Pro,Manufacturing,SMB,129.65,18,False,35,1,7.2
CUST-002735,2023-02-06,Asia Pacific,Basic,Technology,Startup,43.56,23,False,46,0,25.1
CUST-002736,2023-03-13,Asia Pacific,Pro,Education,SMB,133.45,21,False,47,2,27.6
CUST-002737,2023-08-07,Latin America,Enterprise,Healthcare,Startup,506.66,17,False,68,2,41.4
CUST-002738,2023-10-22,Europe,Basic,Retail,Mid-Market,52.69,14,False,82,2,29.3
CUST-002739,2021-11-05,Latin America,Pro,Healthcare,SMB,147.89,38,False,43,1,47.6
CUST-002740,2022-12-08,North America,Basic,Education,Mid-Market,46.49,25,False,8,2,17.1
CUST-002741,2021-02-20,North America,Pro,Manufacturing,Mid-Market,168.66,47,False,100,3,61.7
CUST-002742,2023-09-16,North America,Basic,Retail,Mid-Market,60.46,15,True,57,3,39.4
CUST-002743,2021-08-03,North America,Pro,Finance,Mid-Market,151.05,41,False,55,2,11.4
CUST-002744,2022-08-29,North America,Basic,Manufacturing,SMB,43.62,28,False,26,3,31.5
CUST-002745,2023-05-02,Europe,Basic,Manufacturing,Startup,61.9,20,False,32,2,35.6
CUST-002746,2021-06-25,Asia Pacific,Pro,Technology,Mid-Market,150.11,42,False,18,1,16.1
CUST-002747,2021-08-26,Europe,Basic,Education,SMB,42.52,40,False,48,6,34.5
CUST-002748,2021-10-18,North America,Pro,Technology,SMB,143.09,39,False,25,4,30.1
CUST-002749,2022-12-15,Asia Pacific,Basic,Technology,SMB,55.62,24,False,49,4,25.3
CUST-002750,2022-10-01,Europe,Pro,Healthcare,Enterprise,158.52,27,False,20,2,23.8
CUST-002751,2022-12-04,North America,Basic,Manufacturing,Startup,55.36,25,False,54,0,33.7
CUST-002752,2023-07-22,Europe,Pro,Education,SMB,155.58,17,False,40,3,13.0
CUST-002753,2022-02-28,North America,Basic,Technology,Enterprise,45.96,34,False,60,5,40.1
CUST-002754,2023-12-04,North America,Basic,Finance,Mid-Market,43.56,13,False,77,1,39.0
CUST-002755,2023-09-17,Asia Pacific,Basic,Retail,Startup,50.49,15,False,40,0,28.6
CUST-002756,2022-12-15,North America,Pro,Education,Enterprise,148.18,24,False,62,1,41.9
CUST-002757,2023-09-03,Europe,Basic,Healthcare,Startup,38.99,16,False,62,1,6.2
CUST-002758,2021-07-19,Asia Pacific,Enterprise,Education,Mid-Market,498.68,42,False,34,2,37.4
CUST-002759,2023-06-17,Europe,Enterprise,Manufacturing,SMB,505.9,18,False,40,1,34.3
CUST-002760,2023-07-16,North America,Basic,Healthcare,SMB,45.1,17,False,40,1,22.5
CUST-002761,2022-10-16,North America,Pro,Retail,Mid-Market,164.87,26,False,26,2,79.2
CUST-002762,2021-05-18,North America,Basic,Finance,Startup,36.48,44,False,26,0,14.6
CUST-002763,2022-09-07,Europe,Basic,Technology,Startup,40.76,28,False,59,3,35.1
CUST-002764,2021-04-02,North America,Pro,Education,Mid-Market,143.27,45,False,20,0,25.8
CUST-002765,2021-08-24,North America,Pro,Healthcare,SMB,157.22,40,False,32,2,23.3
CUST-002766,2021-02-16,Latin America,Pro,Retail,Enterprise,151.12,47,False,28,4,33.8
CUST-002767,2022-12-04,Europe,Basic,Technology,SMB,40.14,25,True,44,3,5.9
CUST-002768,2021-08-12,North America,Basic,Retail,Startup,30.28,41,False,81,4,14.8
CUST-002769,2021-12-03,Europe,Basic,Finance,Mid-Market,37.13,37,False,31,4,16.3
CUST-002770,2022-05-15,Europe,Pro,Technology,SMB,131.47,32,False,6,1,32.0
CUST-002771,2023-11-23,North America,Pro,Technology,Startup,157.73,13,False,37,3,1.6
CUST-002772,2021-12-24,North America,Pro,Technology,SMB,138.41,36,True,15,1,26.0
CUST-002773,2024-02-05,Asia Pacific,Basic,Healthcare,Enterprise,55.81,11,False,40,2,48.0
CUST-002774,2021-11-24,Europe,Basic,Technology,SMB,54.44,37,False,19,0,14.7
CUST-002775,2022-11-09,Europe,Basic,Retail,SMB,60.92,26,False,38,0,44.7
CUST-002776,2024-02-21,North America,Basic,Healthcare,SMB,41.85,10,False,11,4,30.5
CUST-002777,2023-05-24,North America,Basic,Technology,Startup,53.05,19,False,29,0,19.7
CUST-002778,2023-08-05,North America,Pro,Retail,Startup,150.22,17,False,15,2,16.1
CUST-002779,2022-04-20,North America,Enterprise,Retail,Mid-Market,500.24,32,False,60,2,48.3
CUST-002780,2023-04-10,North America,Pro,Education,Enterprise,148.81,21,False,20,5,23.0
CUST-002781,2022-01-13,North America,Basic,Retail,Startup,57.42,36,False,46,1,9.8
CUST-002782,2022-01-17,Asia Pacific,Basic,Manufacturing,SMB,56.33,35,False,38,2,13.8
CUST-002783,2023-06-05,Latin America,Enterprise,Finance,Enterprise,498.97,19,False,38,4,45.6
CUST-002784,2023-03-22,Asia Pacific,Basic,Technology,Startup,44.41,21,False,42,2,17.5
CUST-002785,2021-03-01,Asia Pacific,Enterprise,Technology,Startup,493.26,46,False,47,1,38.3
CUST-002786,2022-02-09,North America,Basic,Technology,Enterprise,49.35,35,False,61,1,27.5
CUST-002787,2023-07-10,Latin America,Basic,Retail,Mid-Market,51.22,18,False,53,1,22.5
CUST-002788,2023-05-30,North America,Enterprise,Retail,Startup,498.09,19,False,65,2,23.3
CUST-002789,2023-03-08,Latin America,Basic,Technology,SMB,36.08,22,False,13,0,38.2
CUST-002790,2021-01-10,Latin America,Pro,Manufacturing,Startup,145.95,48,False,8,4,39.6
CUST-002791,2022-03-16,Europe,Pro,Healthcare,SMB,143.73,34,False,68,3,7.8
CUST-002792,2022-02-26,Latin America,Basic,Healthcare,Mid-Market,49.15,34,False,46,2,14.6
CUST-002793,2022-07-25,Europe,Basic,Finance,SMB,74.36,29,False,13,2,46.8
CUST-002794,2021-05-09,North America,Pro,Education,Mid-Market,153.3,44,False,29,1,50.3
CUST-002795,2024-03-28,North America,Pro,Finance,SMB,161.62,9,False,45,2,38.1
CUST-002796,2021-07-28,Europe,Basic,Technology,Startup,42.16,41,False,34,3,9.6
CUST-002797,2024-01-05,North America,Enterprise,Technology,Startup,499.22,12,False,47,3,48.4
CUST-002798,2022-01-18,Europe,Basic,Technology,Mid-Market,61.29,35,False,11,2,8.8
CUST-002799,2023-01-20,Latin America,Basic,Education,Mid-Market,33.2,23,False,34,1,19.9
CUST-002800,2022-10-30,North America,Basic,Retail,Startup,46.67,26,False,37,3,33.8
CUST-002801,2022-02-08,Asia Pacific,Basic,Education,SMB,55.21,35,False,20,1,32.1
CUST-002802,2023-07-27,Asia Pacific,Basic,Finance,Mid-Market,48.27,17,False,29,1,25.2
CUST-002803,2021-08-22,Asia Pacific,Enterprise,Retail,SMB,493.32,40,False,25,1,69.5
CUST-002804,2022-06-22,Latin America,Basic,Retail,SMB,43.88,30,False,12,2,58.3
CUST-002805,2023-09-30,Europe,Basic,Finance,SMB,52.15,15,False,22,3,44.6
CUST-002806,2023-12-17,Latin America,Basic,Retail,Startup,33.3,12,False,38,2,39.7
CUST-002807,2022-10-04,Asia Pacific,Pro,Healthcare,Mid-Market,150.25,27,False,15,2,26.6
CUST-002808,2023-03-07,North America,Enterprise,Finance,SMB,506.26,22,False,21,1,36.3
CUST-002809,2023-03-15,Europe,Basic,Finance,Mid-Market,45.38,21,False,0,3,37.1
CUST-002810,2021-08-22,Europe,Basic,Healthcare,Mid-Market,33.4,40,False,63,3,26.3
CUST-002811,2022-12-14,North America,Basic,Education,Enterprise,43.88,24,False,53,3,33.2
CUST-002812,2022-12-22,Europe,Basic,Education,Startup,47.76,24,False,59,4,14.6
CUST-002813,2023-07-27,Europe,Basic,Education,Startup,38.23,17,False,42,4,22.8
CUST-002814,2021-12-20,North America,Basic,Retail,SMB,49.31,36,True,40,0,35.8
CUST-002815,2022-09-02,Europe,Basic,Healthcare,Startup,50.72,28,False,30,5,58.2
CUST-002816,2021-06-23,Asia Pacific,Pro,Finance,Mid-Market,161.03,42,False,61,2,14.4
CUST-002817,2021-10-02,Europe,Basic,Finance,Mid-Market,47.35,39,False,35,3,33.5
CUST-002818,2022-10-04,North America,Enterprise,Finance,Mid-Market,500.12,27,False,-4,0,33.7
CUST-002819,2021-08-30,North America,Enterprise,Retail,SMB,493.49,40,True,-3,2,38.6
CUST-002820,2022-05-04,North America,Pro,Retail,Startup,144.23,32,False,42,2,15.1
CUST-002821,2022-09-18,Asia Pacific,Basic,Manufacturing,SMB,56.04,27,True,15,1,12.4
CUST-002822,2021-08-28,North America,Basic,Education,Mid-Market,46.66,40,False,36,1,18.3
CUST-002823,2022-01-10,Europe,Basic,Manufacturing,SMB,57.27,36,False,50,2,16.9
CUST-002824,2023-02-04,North America,Pro,Manufacturing,Startup,148.53,23,False,18,1,77.2
CUST-002825,2021-10-17,North America,Basic,Retail,SMB,37.56,39,False,29,3,38.3
CUST-002826,2023-11-13,Asia Pacific,Enterprise,Education,Enterprise,492.07,13,False,29,3,60.7
CUST-002827,2023-03-07,Europe,Enterprise,Education,Mid-Market,523.18,22,False,17,1,49.6
CUST-002828,2023-05-07,North America,Basic,Finance,Enterprise,48.0,20,False,6,3,28.9
CUST-002829,2021-10-10,North America,Pro,Retail,Mid-Market,132.85,39,False,13,0,14.8
CUST-002830,2024-03-23,North America,Basic,Education,SMB,37.62,9,False,5,2,22.7
CUST-002831,2023-02-25,Europe,Basic,Manufacturing,Startup,41.87,22,False,31,3,46.4
CUST-002832,2023-05-17,Europe,Basic,Healthcare,SMB,40.07,19,False,31,3,10.4
CUST-002833,2022-01-16,North America,Basic,Healthcare,SMB,38.01,36,False,24,5,9.5
CUST-002834,2023-09-24,North America,Enterprise,Retail,Mid-Market,513.62,15,False,6,4,50.4
CUST-002835,2024-01-06,North America,Basic,Finance,SMB,55.65,12,False,57,3,73.9
CUST-002836,2021-12-21,Asia Pacific,Basic,Finance,Startup,47.0,36,False,22,4,66.6
CUST-002837,2024-02-11,Latin America,Pro,Education,SMB,143.13,10,False,86,5,56.4
CUST-002838,2021-12-08,North America,Pro,Retail,Startup,147.38,37,False,52,2,39.3
CUST-002839,2023-09-30,Asia Pacific,Basic,Healthcare,Mid-Market,66.81,15,True,-6,2,19.9
CUST-002840,2022-08-15,North America,Enterprise,Manufacturing,SMB,490.35,28,False,59,1,41.3
CUST-002841,2021-10-15,North America,Pro,Education,Startup,133.23,39,False,20,5,18.3
CUST-002842,2022-01-19,Asia Pacific,Basic,Manufacturing,SMB,55.67,35,False,16,2,16.7
CUST-002843,2022-10-07,Asia Pacific,Basic,Education,SMB,59.08,27,False,29,0,14.0
CUST-002844,2023-07-13,Latin America,Basic,Technology,SMB,63.52,17,False,57,1,75.9
CUST-002845,2021-04-20,Europe,Pro,Manufacturing,Startup,145.48,45,False,45,4,36.4
CUST-002846,2023-01-06,North America,Pro,Retail,Mid-Market,145.58,24,False,38,1,17.3
CUST-002847,2021-01-20,Asia Pacific,Pro,Manufacturing,Startup,169.12,48,False,18,3,37.2
CUST-002848,2023-09-20,North America,Basic,Manufacturing,Startup,54.95,15,False,53,2,15.7
CUST-002849,2021-10-07,Europe,Basic,Education,Mid-Market,48.15,39,False,15,5,27.3
CUST-002850,2022-02-04,North America,Basic,Healthcare,Startup,54.03,35,False,55,1,20.3
CUST-002851,2023-02-26,Europe,Basic,Technology,SMB,44.64,22,False,41,5,67.3
CUST-002852,2024-02-25,North America,Pro,Manufacturing,Enterprise,152.01,10,False,23,2,38.8
CUST-002853,2023-11-02,North America,Pro,Healthcare,Mid-Market,151.85,14,False,77,1,48.1
CUST-002854,2023-10-11,Asia Pacific,Basic,Finance,Mid-Market,57.34,14,False,53,3,12.2
CUST-002855,2023-04-18,North America,Basic,Technology,SMB,39.15,20,False,46,2,36.0
CUST-002856,2023-10-05,Europe,Basic,Technology,Startup,52.55,15,False,37,3,22.4
CUST-002857,2023-05-02,North America,Basic,Education,SMB,37.33,20,False,12,1,48.5
CUST-002858,2023-06-29,North America,Basic,Manufacturing,SMB,67.76,18,False,35,1,8.8
CUST-002859,2023-09-28,North America,Basic,Finance,Enterprise,44.81,15,False,67,2,18.1
CUST-002860,2021-12-09,North America,Basic,Education,Startup,32.45,37,False,7,1,23.5
CUST-002861,2021-06-19,Asia Pacific,Basic,Retail,SMB,76.77,43,False,46,2,9.2
CUST-002862,2024-03-03,North America,Basic,Healthcare,Enterprise,43.79,10,False,62,3,21.9
CUST-002863,2021-03-05,Latin America,Basic,Healthcare,Mid-Market,49.95,46,False,63,3,34.6
CUST-002864,2022-03-28,Europe,Pro,Education,Enterprise,132.05,33,False,16,2,27.8
CUST-002865,2022-08-22,North America,Basic,Healthcare,Mid-Market,48.47,28,False,24,1,15.1
CUST-002866,2021-03-08,Europe,Enterprise,Manufacturing,SMB,515.73,46,False,37,1,49.1
CUST-002867,2022-07-17,Europe,Basic,Healthcare,Mid-Market,56.05,29,True,44,2,33.4
CUST-002868,2022-04-06,Asia Pacific,Basic,Manufacturing,SMB,31.99,33,False,60,2,34.0
CUST-002869,2024-01-07,North America,Basic,Retail,Startup,41.37,11,True,30,3,55.7
CUST-002870,2022-08-15,North America,Basic,Finance,Mid-Market,58.18,28,False,53,1,22.0
CUST-002871,2021-12-11,Asia Pacific,Pro,Technology,Mid-Market,155.37,37,False,-16,1,38.7
CUST-002872,2023-07-26,Asia Pacific,Basic,Education,Mid-Market,44.14,17,True,29,2,6.5
CUST-002873,2024-03-04,Asia Pacific,Enterprise,Education,Enterprise,502.97,10,False,53,2,37.6
CUST-002874,2023-10-12,North America,Enterprise,Manufacturing,Mid-Market,487.02,14,False,51,3,64.1
CUST-002875,2024-01-31,Asia Pacific,Pro,Retail,Startup,135.93,11,False,15,3,26.2
CUST-002876,2023-11-13,Europe,Pro,Retail,Mid-Market,124.07,13,False,55,1,28.4
CUST-002877,2021-08-20,Europe,Pro,Technology,Mid-Market,158.25,40,False,6,4,17.2
CUST-002878,2024-03-18,North America,Basic,Finance,Enterprise,47.95,9,False,58,1,10.0
CUST-002879,2021-08-22,Europe,Pro,Education,SMB,149.04,40,False,30,4,11.4
CUST-002880,2022-07-03,North America,Basic,Manufacturing,Startup,20.0,30,False,25,1,65.5
CUST-002881,2024-01-18,North America,Basic,Retail,Mid-Market,48.5,11,False,29,6,40.0
CUST-002882,2023-01-22,Asia Pacific,Basic,Education,SMB,54.51,23,False,42,3,43.1
CUST-002883,2024-01-16,North America,Pro,Manufacturing,SMB,128.11,11,False,76,3,9.4
CUST-002884,2021-03-27,North America,Enterprise,Healthcare,SMB,499.44,45,False,59,3,45.2
CUST-002885,2023-06-23,North America,Basic,Education,SMB,48.33,18,False,12,3,21.1
CUST-002886,2024-01-24,Asia Pacific,Pro,Finance,Mid-Market,144.35,11,False,14,1,23.5
CUST-002887,2022-03-24,Europe,Basic,Manufacturing,SMB,62.08,33,False,-3,1,57.4
CUST-002888,2023-05-21,North America,Basic,Finance,Mid-Market,59.68,19,False,41,3,24.4
CUST-002889,2021-07-29,Asia Pacific,Basic,Education,Startup,82.18,41,True,31,2,25.6
CUST-002890,2022-05-22,Asia Pacific,Basic,Healthcare,SMB,36.87,31,False,47,4,24.6
CUST-002891,2022-09-02,North America,Basic,Finance,SMB,53.29,28,False,24,1,58.7
CUST-002892,2021-03-08,Europe,Pro,Retail,Mid-Market,164.0,46,True,27,3,11.9
CUST-002893,2023-07-11,Asia Pacific,Pro,Manufacturing,SMB,142.08,17,False,5,1,12.8
CUST-002894,2022-06-23,Europe,Basic,Education,Mid-Market,65.91,30,False,57,2,29.3
CUST-002895,2022-12-15,North America,Basic,Healthcare,Mid-Market,52.65,24,False,22,0,34.9
CUST-002896,2021-06-28,Asia Pacific,Pro,Retail,Mid-Market,131.53,42,False,18,3,14.6
CUST-002897,2023-06-19,Europe,Pro,Education,Mid-Market,136.14,18,False,54,0,19.0
CUST-002898,2021-08-29,North America,Basic,Healthcare,SMB,43.2,40,False,5,3,19.3
CUST-002899,2022-05-01,North America,Basic,Retail,SMB,48.12,32,False,45,1,5.5
CUST-002900,2022-03-06,North America,Enterprise,Finance,SMB,511.38,34,False,19,2,38.6
CUST-002901,2022-12-20,North America,Pro,Education,Startup,148.1,24,True,32,2,31.4
CUST-002902,2023-05-27,Asia Pacific,Basic,Education,Mid-Market,60.99,19,False,-3,0,8.5
CUST-002903,2021-12-06,North America,Basic,Finance,Mid-Market,50.08,37,False,46,4,55.4
CUST-002904,2021-10-13,North America,Pro,Technology,SMB,149.12,39,False,76,3,15.5
CUST-002905,2022-02-28,Europe,Basic,Retail,SMB,46.08,34,False,9,1,17.5
CUST-002906,2022-02-28,North America,Enterprise,Finance,Enterprise,508.82,34,False,58,1,25.9
CUST-002907,2021-05-02,Latin America,Basic,Education,SMB,50.29,44,False,34,5,53.2
CUST-002908,2024-03-13,North America,Pro,Retail,Mid-Market,141.67,9,False,45,2,31.1
CUST-002909,2022-12-20,North America,Basic,Retail,Startup,52.32,24,False,11,1,7.0
CUST-002910,2023-12-27,North America,Basic,Technology,SMB,44.43,12,True,14,2,25.4
CUST-002911,2022-07-30,North America,Enterprise,Education,Mid-Market,493.87,29,False,36,3,21.2
CUST-002912,2024-01-09,North America,Basic,Healthcare,SMB,60.83,11,False,30,1,41.0
CUST-002913,2021-12-11,Europe,Pro,Technology,Mid-Market,147.41,37,False,37,2,45.9
CUST-002914,2022-10-25,Latin America,Basic,Technology,Enterprise,70.35,26,False,5,3,37.9
CUST-002915,2022-08-23,North America,Basic,Healthcare,Mid-Market,56.35,28,False,47,2,5.2
CUST-002916,2022-08-16,Europe,Basic,Healthcare,Mid-Market,41.34,28,False,42,2,38.8
CUST-002917,2024-03-18,Europe,Pro,Technology,SMB,140.66,9,False,57,1,27.5
CUST-002918,2022-07-02,Asia Pacific,Basic,Retail,Mid-Market,36.59,30,False,41,2,25.4
CUST-002919,2023-11-20,North America,Basic,Finance,Mid-Market,55.06,13,False,80,0,25.9
CUST-002920,2021-07-15,North America,Basic,Finance,Enterprise,40.43,42,False,75,3,43.2
CUST-002921,2021-10-05,North America,Pro,Technology,Mid-Market,126.34,39,False,35,2,41.6
CUST-002922,2023-04-23,Europe,Pro,Retail,Mid-Market,132.49,20,False,34,1,34.8
CUST-002923,2021-05-02,Asia Pacific,Basic,Healthcare,Startup,37.96,44,False,18,2,1.3
CUST-002924,2022-07-22,North America,Basic,Manufacturing,Mid-Market,52.37,29,False,7,2,25.2
CUST-002925,2021-09-17,North America,Enterprise,Technology,Mid-Market,498.17,40,False,30,0,55.7
CUST-002926,2021-09-29,Asia Pacific,Basic,Education,Mid-Market,58.43,39,False,22,1,29.5
CUST-002927,2022-05-27,Asia Pacific,Enterprise,Retail,Startup,489.93,31,False,19,3,19.7
CUST-002928,2021-10-27,Latin America,Enterprise,Education,Enterprise,495.76,38,False,42,5,49.7
CUST-002929,2022-10-22,Asia Pacific,Pro,Education,Startup,166.47,26,False,3,3,44.4
CUST-002930,2022-05-22,North America,Basic,Technology,SMB,45.59,31,False,11,4,14.7
CUST-002931,2023-03-16,Europe,Pro,Retail,Mid-Market,151.24,21,False,-4,5,16.5
CUST-002932,2023-09-30,Europe,Pro,Education,Mid-Market,142.44,15,False,7,2,33.7
CUST-002933,2021-10-19,North America,Pro,Retail,SMB,146.74,38,False,22,3,30.4
CUST-002934,2024-03-28,Europe,Basic,Finance,Mid-Market,53.75,9,False,51,1,31.8
CUST-002935,2022-07-05,Europe,Basic,Manufacturing,SMB,55.57,30,False,73,3,41.4
CUST-002936,2023-04-29,North America,Basic,Education,Startup,50.18,20,False,0,2,36.9
CUST-002937,2023-02-08,Asia Pacific,Pro,Education,Startup,146.4,23,False,52,2,37.0
CUST-002938,2023-07-15,Europe,Pro,Retail,Mid-Market,150.3,17,False,15,2,4.6
CUST-002939,2021-06-04,Latin America,Basic,Manufacturing,Startup,41.64,43,False,38,4,39.5
CUST-002940,2021-07-10,North America,Basic,Finance,Startup,46.85,42,False,46,1,4.2
CUST-002941,2023-04-06,North America,Basic,Education,Mid-Market,52.32,21,False,63,5,45.5
CUST-002942,2023-11-22,Europe,Pro,Technology,SMB,158.87,13,False,82,0,24.2
CUST-002943,2022-07-24,North America,Enterprise,Retail,Mid-Market,489.88,29,False,55,4,44.1
CUST-002944,2023-01-26,Europe,Basic,Retail,Mid-Market,47.23,23,False,25,0,31.1
CUST-002945,2023-07-21,Asia Pacific,Basic,Education,Mid-Market,38.95,17,False,4,4,25.7
CUST-002946,2023-09-27,North America,Basic,Finance,SMB,44.56,15,False,39,3,27.4
CUST-002947,2022-11-02,Europe,Pro,Education,SMB,159.01,26,False,47,1,61.0
CUST-002948,2024-04-06,Europe,Pro,Healthcare,Mid-Market,143.63,8,False,11,4,26.4
CUST-002949,2021-01-06,North America,Enterprise,Education,SMB,498.04,48,False,50,3,74.5
CUST-002950,2021-07-10,Asia Pacific,Basic,Manufacturing,Startup,36.63,42,False,26,4,38.1
CUST-002951,2023-07-28,Asia Pacific,Enterprise,Manufacturing,SMB,493.39,17,False,12,2,39.2
CUST-002952,2023-01-04,Europe,Basic,Healthcare,Startup,33.52,24,False,37,2,8.9
CUST-002953,2021-05-10,Europe,Pro,Manufacturing,Enterprise,151.79,44,False,16,2,16.0
CUST-002954,2023-12-31,Europe,Basic,Manufacturing,Mid-Market,52.68,12,False,11,1,21.3
CUST-002955,2023-03-26,Asia Pacific,Enterprise,Technology,Startup,502.37,21,False,40,3,58.7
CUST-002956,2022-03-23,Europe,Pro,Retail,SMB,153.01,33,False,43,1,20.2
CUST-002957,2023-05-30,Europe,Pro,Manufacturing,Enterprise,152.39,19,False,27,3,45.2
CUST-002958,2022-03-10,Asia Pacific,Pro,Retail,SMB,133.74,34,False,40,6,50.5
CUST-002959,2023-10-11,North America,Basic,Finance,Mid-Market,41.12,14,False,57,0,14.4
CUST-002960,2022-07-04,Asia Pacific,Basic,Education,SMB,26.56,30,False,51,4,30.0
CUST-002961,2022-10-24,North America,Enterprise,Technology,Mid-Market,494.36,26,False,18,1,31.6
CUST-002962,2022-08-04,North America,Basic,Healthcare,Mid-Market,40.29,29,False,35,0,8.3
CUST-002963,2022-11-23,North America,Basic,Finance,Startup,48.61,25,False,21,1,30.2
CUST-002964,2024-01-26,Latin America,Basic,Technology,SMB,73.59,11,False,6,2,16.9
CUST-002965,2024-03-29,Asia Pacific,Pro,Technology,SMB,156.82,9,False,47,4,46.5
CUST-002966,2021-09-25,Europe,Basic,Healthcare,Enterprise,64.3,39,False,55,2,52.3
CUST-002967,2024-03-05,Europe,Basic,Healthcare,Startup,57.21,10,False,25,1,19.6
CUST-002968,2023-09-21,Europe,Basic,Retail,Mid-Market,48.0,15,False,39,2,33.3
CUST-002969,2022-12-05,Asia Pacific,Basic,Education,SMB,48.9,25,False,65,4,19.2
CUST-002970,2021-04-10,Europe,Enterprise,Finance,Mid-Market,507.65,45,False,55,2,26.0
CUST-002971,2021-04-05,North America,Enterprise,Education,Mid-Market,501.48,45,False,23,3,21.3
CUST-002972,2021-07-23,North America,Pro,Finance,SMB,146.12,41,False,33,3,27.6
CUST-002973,2023-07-31,Asia Pacific,Basic,Technology,Startup,63.26,17,False,20,2,16.6
CUST-002974,2021-02-03,Europe,Enterprise,Manufacturing,Startup,503.45,47,False,39,2,37.1
CUST-002975,2021-09-12,North America,Pro,Manufacturing,Mid-Market,134.75,40,False,35,1,14.8
CUST-002976,2021-11-20,North America,Basic,Healthcare,SMB,47.2,37,False,11,3,17.2
CUST-002977,2023-06-23,Asia Pacific,Enterprise,Healthcare,SMB,499.5,18,False,25,1,47.6
CUST-002978,2023-07-24,North America,Pro,Technology,Enterprise,144.96,17,False,-6,1,26.1
CUST-002979,2021-01-02,Europe,Pro,Technology,SMB,145.15,48,False,14,2,64.8
CUST-002980,2023-05-27,Latin America,Pro,Finance,Mid-Market,144.83,19,False,43,1,46.7
CUST-002981,2022-02-19,North America,Basic,Technology,Startup,31.15,34,False,37,4,54.0
CUST-002982,2021-09-28,North America,Basic,Finance,Startup,29.37,39,False,53,4,31.9
CUST-002983,2022-09-11,Europe,Pro,Education,SMB,142.47,28,True,36,3,40.2
CUST-002984,2021-11-22,Asia Pacific,Basic,Healthcare,Mid-Market,45.0,37,False,31,3,15.3
CUST-002985,2022-07-16,Europe,Basic,Healthcare,SMB,35.61,29,False,72,2,17.2
CUST-002986,2021-07-11,Latin America,Pro,Manufacturing,Mid-Market,138.76,42,False,28,3,38.7
CUST-002987,2023-01-09,North America,Pro,Manufacturing,SMB,146.47,24,True,27,2,14.2
CUST-002988,2022-05-28,Europe,Basic,Healthcare,SMB,59.31,31,True,35,0,12.0
CUST-002989,2021-06-18,Europe,Pro,Education,Enterprise,158.65,43,False,19,2,23.6
CUST-002990,2023-02-01,Asia Pacific,Pro,Education,SMB,158.99,23,False,40,5,8.9
CUST-002991,2021-12-05,North America,Pro,Retail,SMB,138.9,37,False,20,5,17.4
CUST-002992,2021-04-17,Asia Pacific,Basic,Finance,Startup,46.78,45,False,26,3,14.1
CUST-002993,2023-03-23,Europe,Basic,Manufacturing,Mid-Market,61.36,21,False,20,3,7.8
CUST-002994,2022-09-18,North America,Basic,Finance,Mid-Market,31.35,27,False,0,3,30.6
CUST-002995,2022-04-25,North America,Basic,Manufacturing,Startup,44.41,32,False,-13,4,14.8
CUST-002996,2023-05-30,Asia Pacific,Basic,Retail,SMB,51.22,19,False,6,3,18.0
CUST-002997,2021-07-06,North America,Basic,Healthcare,Mid-Market,31.95,42,False,57,2,23.1
CUST-002998,2021-07-14,North America,Basic,Finance,Enterprise,53.29,42,False,36,0,52.4
CUST-002999,2021-01-03,North America,Enterprise,Manufacturing,SMB,514.47,48,False,25,5,74.1
CUST-003000,2022-03-14,Asia Pacific,Basic,Finance,Mid-Market,61.25,34,False,14,4,14.0
CUST-003001,2023-09-04,Europe,Pro,Healthcare,SMB,147.22,16,False,60,2,29.7
CUST-003002,2021-06-09,Asia Pacific,Pro,Technology,Startup,157.14,43,False,22,7,28.0
CUST-003003,2021-09-29,North America,Basic,Manufacturing,Startup,31.84,39,False,18,2,37.1
CUST-003004,2022-04-09,Europe,Enterprise,Technology,SMB,501.78,33,False,-2,3,47.7
CUST-003005,2023-11-30,Europe,Pro,Retail,SMB,145.95,13,False,-9,0,38.2
CUST-003006,2023-07-01,Asia Pacific,Basic,Education,Enterprise,47.51,18,False,44,2,36.3
CUST-003007,2021-01-20,Asia Pacific,Pro,Finance,Startup,150.04,48,False,68,1,18.0
CUST-003008,2021-01-17,North America,Basic,Manufacturing,SMB,52.88,48,False,40,1,10.9
CUST-003009,2022-12-05,Europe,Pro,Finance,Startup,134.48,25,False,40,1,51.5
CUST-003010,2021-09-04,North America,Basic,Retail,Mid-Market,39.2,40,False,70,0,42.7
CUST-003011,2023-05-15,Europe,Pro,Retail,Enterprise,146.44,19,False,45,2,7.5
CUST-003012,2021-09-28,North America,Basic,Finance,Startup,31.21,39,False,34,0,16.2
CUST-003013,2023-09-06,North America,Pro,Manufacturing,SMB,150.37,16,False,46,2,42.2
CUST-003014,2021-05-26,North America,Basic,Healthcare,Startup,57.33,43,False,53,5,31.6
CUST-003015,2022-04-14,Europe,Pro,Healthcare,SMB,162.92,33,False,45,1,6.2
CUST-003016,2023-02-24,North America,Pro,Education,Startup,149.96,22,False,25,3,29.0
CUST-003017,2021-07-02,Europe,Basic,Finance,SMB,67.86,42,False,43,1,3.6
CUST-003018,2021-07-29,North America,Pro,Finance,Mid-Market,148.65,41,False,21,2,25.7
CUST-003019,2021-07-31,North America,Basic,Manufacturing,SMB,36.43,41,False,34,5,30.8
CUST-003020,2022-10-04,Asia Pacific,Enterprise,Finance,Startup,498.44,27,False,42,3,24.1
CUST-003021,2023-01-23,North America,Basic,Manufacturing,SMB,46.94,23,False,71,2,31.6
CUST-003022,2022-09-05,North America,Pro,Finance,Mid-Market,154.16,28,False,43,3,24.3
CUST-003023,2021-10-08,Europe,Pro,Retail,SMB,151.71,39,False,35,1,47.3
CUST-003024,2023-02-23,North America,Basic,Technology,Startup,50.99,22,False,26,4,17.4
CUST-003025,2021-09-30,North America,Basic,Finance,Mid-Market,58.67,39,True,23,3,26.7
CUST-003026,2021-10-20,North America,Basic,Technology,SMB,44.7,38,True,27,2,33.7
CUST-003027,2021-05-21,Asia Pacific,Pro,Healthcare,Startup,154.39,44,False,35,3,41.7
CUST-003028,2023-12-23,Europe,Basic,Education,Startup,51.81,12,False,53,3,17.6
CUST-003029,2024-02-28,Europe,Pro,Healthcare,Enterprise,150.14,10,False,9,1,17.1
CUST-003030,2021-01-18,Europe,Pro,Finance,SMB,148.34,48,False,50,1,14.8
CUST-003031,2021-12-03,North America,Basic,Manufacturing,Enterprise,36.29,37,False,23,3,40.9
CUST-003032,2023-06-21,North America,Pro,Healthcare,SMB,146.46,18,True,20,2,24.7
CUST-003033,2022-12-21,Asia Pacific,Basic,Retail,SMB,47.1,24,False,45,2,0.8
CUST-003034,2022-03-13,North America,Basic,Technology,Mid-Market,41.77,34,False,27,2,54.0
CUST-003035,2021-11-07,North America,Pro,Manufacturing,Startup,135.42,38,False,44,0,51.5
CUST-003036,2023-04-24,North America,Basic,Manufacturing,SMB,43.43,20,False,42,5,13.7
CUST-003037,2023-06-26,North America,Basic,Finance,SMB,44.27,18,False,51,0,51.0
CUST-003038,2022-03-21,Latin America,Enterprise,Retail,Mid-Market,485.6,33,False,61,2,30.4
CUST-003039,2021-06-27,North America,Basic,Technology,SMB,35.59,42,False,0,1,40.2
CUST-003040,2021-07-25,Europe,Enterprise,Retail,SMB,478.08,41,False,39,3,36.2
CUST-003041,2021-10-14,North America,Enterprise,Healthcare,SMB,501.95,39,False,20,3,40.6
CUST-003042,2021-09-10,Latin America,Basic,Finance,SMB,58.78,40,False,43,3,17.5
CUST-003043,2023-02-26,North America,Basic,Manufacturing,Startup,49.16,22,False,6,5,9.8
CUST-003044,2022-12-21,North America,Pro,Manufacturing,Startup,144.96,24,False,36,7,26.8
CUST-003045,2023-05-30,Europe,Basic,Healthcare,SMB,35.1,19,False,-2,1,11.2
CUST-003046,2022-10-07,Europe,Basic,Manufacturing,Mid-Market,26.95,27,False,35,2,10.0
CUST-003047,2021-10-14,North America,Pro,Education,SMB,148.67,39,False,35,2,35.9
CUST-003048,2022-05-23,North America,Basic,Finance,SMB,55.16,31,False,21,3,43.1
CUST-003049,2022-07-22,North America,Enterprise,Healthcare,Mid-Market,490.68,29,False,27,1,26.4
CUST-003050,2021-06-22,North America,Basic,Finance,Enterprise,59.55,42,False,27,2,13.5
CUST-003051,2022-05-24,North America,Basic,Technology,Mid-Market,42.11,31,False,4,1,19.6
CUST-003052,2024-02-08,Europe,Basic,Finance,SMB,59.85,10,False,9,3,31.9
CUST-003053,2022-08-07,North America,Enterprise,Finance,Mid-Market,491.19,29,False,38,5,30.6
CUST-003054,2021-02-24,North America,Pro,Technology,Enterprise,122.37,46,False,56,3,48.4
CUST-003055,2022-09-10,Europe,Pro,Healthcare,SMB,155.26,28,False,50,1,35.4
CUST-003056,2022-02-25,Latin America,Basic,Finance,SMB,39.77,34,False,-5,3,31.9
CUST-003057,2023-11-27,Europe,Basic,Retail,Startup,33.58,13,False,59,0,19.7
CUST-003058,2023-11-10,North America,Basic,Finance,Mid-Market,53.82,13,False,61,2,26.6
CUST-003059,2022-01-22,North America,Basic,Healthcare,Startup,40.11,35,False,20,2,47.9
CUST-003060,2023-03-14,Latin America,Pro,Manufacturing,Startup,134.87,21,False,20,0,18.8
CUST-003061,2022-08-29,North America,Pro,Technology,SMB,162.11,28,False,24,1,53.1
CUST-003062,2021-04-22,North America,Basic,Manufacturing,Mid-Market,46.95,44,False,41,3,27.2
CUST-003063,2022-05-06,Europe,Enterprise,Healthcare,SMB,484.65,32,False,28,4,49.0
CUST-003064,2023-10-11,Europe,Basic,Education,Mid-Market,44.37,14,False,42,2,24.4
CUST-003065,2023-03-02,Europe,Enterprise,Manufacturing,Mid-Market,520.33,22,False,8,1,26.4
CUST-003066,2021-08-19,North America,Basic,Finance,SMB,50.12,41,False,13,3,4.0
CUST-003067,2022-05-09,North America,Basic,Finance,SMB,42.58,32,False,17,0,15.3
CUST-003068,2023-10-21,Latin America,Basic,Technology,SMB,54.01,14,False,18,0,40.2
CUST-003069,2021-05-26,North America,Basic,Finance,Enterprise,44.46,43,False,43,2,79.6
CUST-003070,2023-12-18,Europe,Pro,Retail,Mid-Market,143.91,12,False,39,0,14.1
CUST-003071,2021-01-25,Europe,Basic,Retail,Enterprise,42.44,47,False,48,3,40.5
CUST-003072,2023-01-10,Europe,Basic,Manufacturing,Startup,57.54,24,False,56,4,3.4
CUST-003073,2022-10-11,North America,Pro,Healthcare,SMB,150.95,27,False,42,0,19.2
CUST-003074,2021-09-28,North America,Pro,Technology,Startup,163.22,39,False,0,4,37.8
CUST-003075,2023-03-04,Europe,Pro,Education,SMB,152.07,22,True,26,3,36.2
CUST-003076,2024-03-10,Asia Pacific,Basic,Manufacturing,Mid-Market,64.28,9,False,29,1,25.1
CUST-003077,2023-05-12,Asia Pacific,Pro,Healthcare,SMB,155.5,19,False,40,2,24.7
CUST-003078,2023-01-19,North America,Pro,Technology,Startup,146.4,23,False,16,2,10.0
CUST-003079,2024-01-24,North America,Basic,Technology,Startup,47.65,11,False,64,5,18.7
CUST-003080,2021-12-20,Asia Pacific,Basic,Manufacturing,SMB,67.28,36,True,26,3,15.5
CUST-003081,2023-08-23,Europe,Basic,Healthcare,Startup,62.04,16,False,28,3,67.5
CUST-003082,2021-05-30,Asia Pacific,Basic,Healthcare,SMB,64.47,43,False,31,1,35.4
CUST-003083,2021-02-04,North America,Basic,Finance,Mid-Market,38.93,47,False,24,5,31.0
CUST-003084,2021-05-19,Europe,Basic,Education,SMB,30.25,44,False,0,2,13.4
CUST-003085,2021-01-29,Europe,Pro,Retail,Mid-Market,140.57,47,False,59,2,30.5
CUST-003086,2022-06-21,Europe,Pro,Finance,SMB,150.65,30,False,22,1,26.7
CUST-003087,2022-03-18,North America,Enterprise,Technology,Mid-Market,492.54,33,False,47,1,46.6
CUST-003088,2021-03-23,North America,Pro,Education,Startup,149.27,45,False,26,3,42.2
CUST-003089,2021-05-04,Europe,Basic,Education,Enterprise,44.49,44,False,22,1,21.0
CUST-003090,2023-03-27,North America,Enterprise,Healthcare,Mid-Market,481.35,21,False,10,2,37.2
CUST-003091,2023-11-04,Europe,Enterprise,Education,SMB,503.29,14,True,0,2,33.5
CUST-003092,2022-08-10,Latin America,Basic,Manufacturing,Startup,49.31,29,False,26,3,25.0
CUST-003093,2023-10-24,North America,Pro,Education,Startup,162.29,14,False,25,2,20.5
CUST-003094,2023-05-01,Asia Pacific,Enterprise,Technology,Mid-Market,500.6,20,True,63,3,32.4
CUST-003095,2023-05-18,North America,Pro,Manufacturing,SMB,156.83,19,False,36,1,81.1
CUST-003096,2023-04-04,Europe,Enterprise,Manufacturing,SMB,490.81,21,False,57,2,38.4
CUST-003097,2021-06-18,Latin America,Basic,Finance,SMB,52.47,43,False,4,4,32.9
CUST-003098,2024-01-04,North America,Basic,Education,Mid-Market,57.09,12,False,36,0,27.2
CUST-003099,2024-01-07,North America,Basic,Healthcare,Mid-Market,54.56,11,False,46,3,11.5
CUST-003100,2021-11-09,North America,Pro,Finance,SMB,146.73,38,False,37,3,6.3
CUST-003101,2022-07-23,North America,Pro,Healthcare,SMB,152.5,29,False,38,1,31.7
CUST-003102,2021-06-21,Europe,Enterprise,Education,Mid-Market,505.23,42,False,30,0,32.6
CUST-003103,2022-09-27,Asia Pacific,Basic,Finance,Mid-Market,61.01,27,False,11,4,20.4
CUST-003104,2021-06-11,North America,Basic,Education,SMB,43.39,43,False,7,4,46.3
CUST-003105,2023-11-14,North America,Pro,Technology,Startup,137.83,13,False,49,2,36.8
CUST-003106,2022-02-21,North America,Pro,Finance,Mid-Market,140.69,34,False,21,3,37.3
CUST-003107,2021-11-15,Europe,Basic,Healthcare,Startup,50.45,38,False,26,2,35.6
CUST-003108,2024-01-04,North America,Basic,Technology,Startup,49.04,12,False,21,4,46.0
CUST-003109,2022-11-01,Europe,Pro,Retail,Mid-Market,155.27,26,False,17,2,19.8
CUST-003110,2023-03-12,Europe,Pro,Healthcare,SMB,157.31,22,False,5,1,27.3
CUST-003111,2021-05-16,Europe,Basic,Education,Mid-Market,30.15,44,False,65,3,29.9
CUST-003112,2022-09-28,North America,Basic,Healthcare,SMB,44.19,27,False,-5,0,72.1
CUST-003113,2023-06-15,Europe,Enterprise,Retail,Enterprise,501.12,18,False,48,1,34.3
CUST-003114,2022-05-04,North America,Pro,Healthcare,SMB,160.15,32,False,56,0,18.5
CUST-003115,2021-04-29,North America,Basic,Technology,Mid-Market,48.47,44,False,37,5,9.4
CUST-003116,2022-05-16,Asia Pacific,Basic,Manufacturing,SMB,62.65,32,False,31,4,31.9
CUST-003117,2021-06-26,Europe,Pro,Healthcare,Startup,154.51,42,False,39,3,40.4
CUST-003118,2023-06-09,North America,Basic,Finance,SMB,52.81,19,False,27,0,9.8
CUST-003119,2021-08-26,North America,Basic,Retail,Mid-Market,47.9,40,False,54,3,28.8
CUST-003120,2023-07-18,North America,Pro,Healthcare,Startup,148.75,17,False,57,5,14.1
CUST-003121,2021-04-23,North America,Basic,Retail,SMB,52.31,44,False,45,1,26.8
CUST-003122,2022-09-26,North America,Pro,Manufacturing,Startup,147.05,27,False,1,2,18.8
CUST-003123,2021-12-26,North America,Basic,Technology,Startup,60.13,36,False,48,2,41.5
CUST-003124,2021-09-02,Europe,Pro,Finance,Mid-Market,157.8,40,False,60,4,25.0
CUST-003125,2021-01-26,Europe,Basic,Education,Enterprise,60.98,47,False,47,2,50.9
CUST-003126,2021-10-09,Europe,Basic,Healthcare,SMB,38.6,39,False,54,3,29.8
CUST-003127,2021-01-24,Europe,Basic,Technology,SMB,38.27,47,True,20,1,11.6
CUST-003128,2021-12-02,North America,Enterprise,Retail,Enterprise,503.88,37,False,25,1,89.3
CUST-003129,2023-10-14,Latin America,Enterprise,Manufacturing,Mid-Market,498.19,14,False,61,3,38.7
CUST-003130,2022-12-12,Asia Pacific,Basic,Retail,Mid-Market,51.59,25,False,48,2,12.5
CUST-003131,2023-12-08,Asia Pacific,Pro,Manufacturing,Startup,137.83,12,True,30,4,26.2
CUST-003132,2023-11-26,Asia Pacific,Pro,Manufacturing,SMB,134.42,13,False,29,0,22.1
CUST-003133,2022-06-15,Asia Pacific,Enterprise,Technology,SMB,501.33,31,False,35,2,60.6
CUST-003134,2021-12-08,Europe,Basic,Healthcare,SMB,41.4,37,False,29,1,39.4
CUST-003135,2023-02-01,North America,Pro,Education,Mid-Market,156.14,23,False,35,3,22.3
CUST-003136,2021-09-17,Europe,Basic,Healthcare,SMB,42.85,40,False,97,4,31.4
CUST-003137,2022-07-05,Europe,Basic,Finance,Startup,40.13,30,False,20,0,49.3
CUST-003138,2021-08-30,Europe,Enterprise,Healthcare,Enterprise,476.33,40,False,0,3,44.4
CUST-003139,2021-03-02,Europe,Pro,Manufacturing,SMB,161.48,46,False,21,1,42.8
CUST-003140,2022-11-18,North America,Basic,Manufacturing,Enterprise,55.98,25,True,46,3,18.3
CUST-003141,2023-05-30,North America,Basic,Finance,SMB,34.04,19,False,47,1,22.1
CUST-003142,2022-07-12,Asia Pacific,Pro,Retail,Startup,129.03,30,False,13,2,35.1
CUST-003143,2023-12-09,Europe,Pro,Manufacturing,SMB,143.03,12,False,27,3,35.8
CUST-003144,2021-05-11,Europe,Basic,Finance,SMB,58.47,44,False,52,3,28.6
CUST-003145,2022-06-23,North America,Enterprise,Manufacturing,Startup,493.73,30,False,32,3,58.2
CUST-003146,2024-03-26,North America,Basic,Education,SMB,46.93,9,False,14,1,44.4
CUST-003147,2021-06-07,Asia Pacific,Basic,Manufacturing,SMB,58.91,43,False,18,4,31.3
CUST-003148,2023-10-14,Europe,Enterprise,Technology,Mid-Market,489.12,14,False,63,5,49.0
CUST-003149,2023-07-22,Asia Pacific,Basic,Finance,SMB,42.18,17,False,25,1,31.1
CUST-003150,2023-11-13,Europe,Basic,Healthcare,SMB,51.2,13,False,36,2,9.0
CUST-003151,2023-01-08,Europe,Pro,Finance,Startup,146.2,24,False,3,2,13.8
CUST-003152,2021-04-24,North America,Pro,Retail,SMB,140.23,44,False,30,2,22.0
CUST-003153,2023-10-21,Europe,Basic,Manufacturing,Startup,56.07,14,False,91,2,28.2
CUST-003154,2024-03-06,North America,Enterprise,Finance,Startup,504.18,10,False,70,2,53.8
CUST-003155,2021-12-08,North America,Pro,Education,SMB,157.32,37,False,40,1,17.2
CUST-003156,2023-01-24,Europe,Basic,Finance,SMB,47.47,23,False,67,4,20.6
CUST-003157,2021-11-19,Asia Pacific,Pro,Education,SMB,131.39,37,False,47,1,41.7
CUST-003158,2022-06-07,North America,Basic,Manufacturing,Enterprise,49.11,31,False,81,5,37.0
CUST-003159,2021-07-30,Asia Pacific,Basic,Healthcare,SMB,37.28,41,False,48,3,82.8
CUST-003160,2024-03-21,North America,Pro,Manufacturing,SMB,128.73,9,False,61,4,16.4
CUST-003161,2021-08-25,North America,Enterprise,Retail,Enterprise,496.25,40,False,-7,2,32.3
CUST-003162,2022-04-13,North America,Basic,Technology,Enterprise,50.02,33,False,42,1,12.3
CUST-003163,2023-11-09,North America,Basic,Healthcare,Mid-Market,64.98,13,False,22,1,41.9
CUST-003164,2021-01-06,Europe,Basic,Healthcare,Startup,36.94,48,False,46,1,13.3
CUST-003165,2021-04-01,North America,Basic,Technology,Mid-Market,55.77,45,False,45,7,20.1
CUST-003166,2021-01-26,Europe,Basic,Finance,Mid-Market,33.01,47,False,62,5,11.9
CUST-003167,2022-05-16,Asia Pacific,Basic,Manufacturing,Mid-Market,61.7,32,False,55,4,57.6
CUST-003168,2021-04-05,North America,Pro,Finance,SMB,141.99,45,False,6,2,14.8
CUST-003169,2023-08-25,Asia Pacific,Basic,Finance,Startup,45.65,16,False,-2,3,70.0
CUST-003170,2023-01-16,North America,Basic,Manufacturing,Enterprise,45.78,23,False,30,2,42.7
CUST-003171,2023-02-24,Europe,Pro,Retail,SMB,156.59,22,False,50,2,17.8
CUST-003172,2021-11-04,North America,Pro,Healthcare,SMB,134.5,38,False,47,3,4.7
CUST-003173,2022-01-02,North America,Basic,Education,SMB,47.23,36,False,36,3,47.6
CUST-003174,2021-03-14,North America,Basic,Technology,SMB,42.59,46,False,47,1,63.7
CUST-003175,2024-02-07,North America,Pro,Healthcare,Startup,170.98,10,False,51,2,27.8
CUST-003176,2023-05-09,North America,Basic,Finance,SMB,38.15,20,False,36,1,45.0
CUST-003177,2022-04-05,Europe,Basic,Technology,Enterprise,23.18,33,False,47,2,36.0
CUST-003178,2022-10-22,Asia Pacific,Pro,Education,SMB,165.95,26,False,49,1,24.0
CUST-003179,2022-05-24,Asia Pacific,Basic,Healthcare,SMB,53.91,31,False,34,4,20.2
CUST-003180,2023-05-03,Europe,Basic,Healthcare,Mid-Market,41.13,20,False,64,1,32.0
CUST-003181,2022-10-18,North America,Basic,Retail,SMB,48.68,26,False,11,2,20.8
CUST-003182,2022-07-10,North America,Basic,Healthcare,SMB,40.99,30,False,68,2,30.1
CUST-003183,2021-06-09,North America,Basic,Healthcare,SMB,29.43,43,False,55,2,43.4
CUST-003184,2024-03-16,North America,Enterprise,Education,Startup,497.36,9,False,78,1,31.9
CUST-003185,2023-02-03,Europe,Basic,Education,Startup,47.29,23,False,4,3,33.6
CUST-003186,2021-09-02,Europe,Basic,Technology,Mid-Market,52.39,40,False,27,1,23.5
CUST-003187,2023-10-26,North America,Basic,Finance,Enterprise,39.27,14,False,44,2,54.8
CUST-003188,2021-04-18,North America,Enterprise,Education,Mid-Market,491.25,45,False,40,2,69.4
CUST-003189,2022-01-03,Asia Pacific,Pro,Technology,Startup,145.23,36,False,26,3,19.7
CUST-003190,2022-04-03,Asia Pacific,Basic,Healthcare,SMB,39.19,33,False,41,5,15.2
CUST-003191,2023-11-23,North America,Enterprise,Technology,Startup,510.37,13,False,59,1,27.9
CUST-003192,2021-04-05,Asia Pacific,Basic,Technology,SMB,57.49,45,False,37,3,25.4
CUST-003193,2023-04-02,Latin America,Basic,Technology,Startup,43.84,21,False,7,1,21.8
CUST-003194,2021-05-22,North America,Basic,Manufacturing,Mid-Market,54.35,43,False,76,3,12.7
CUST-003195,2023-08-11,North America,Basic,Technology,Startup,36.62,16,False,15,8,46.3
CUST-003196,2022-08-02,Europe,Basic,Education,Startup,44.39,29,False,10,1,52.7
CUST-003197,2022-09-29,Asia Pacific,Pro,Manufacturing,SMB,163.64,27,False,20,0,38.3
CUST-003198,2022-11-02,Asia Pacific,Basic,Finance,Startup,55.46,26,False,22,2,16.6
CUST-003199,2021-06-26,North America,Pro,Technology,Mid-Market,151.89,42,False,40,4,12.7
CUST-003200,2024-02-07,North America,Basic,Retail,Enterprise,45.41,10,False,87,1,27.9
CUST-003201,2023-07-25,Europe,Basic,Healthcare,Startup,48.58,17,False,17,0,6.2
CUST-003202,2021-01-17,Europe,Basic,Healthcare,SMB,34.32,48,False,56,5,26.6
CUST-003203,2023-01-26,North America,Enterprise,Manufacturing,Enterprise,495.77,23,False,74,2,32.0
CUST-003204,2022-02-15,Asia Pacific,Basic,Healthcare,Mid-Market,52.76,35,False,26,1,17.7
CUST-003205,2022-08-21,Europe,Pro,Healthcare,Enterprise,148.74,28,False,33,2,18.3
CUST-003206,2024-02-29,Asia Pacific,Basic,Manufacturing,Startup,48.74,10,False,41,6,13.8
CUST-003207,2022-09-15,Asia Pacific,Basic,Healthcare,Startup,42.46,27,False,25,3,46.3
CUST-003208,2022-05-12,Europe,Basic,Technology,Startup,39.92,32,False,-1,6,59.1
CUST-003209,2023-08-09,North America,Basic,Finance,SMB,39.01,17,False,62,3,6.6
CUST-003210,2023-01-25,Europe,Basic,Manufacturing,Mid-Market,46.48,23,False,38,2,19.4
CUST-003211,2023-10-08,North America,Basic,Retail,Startup,56.34,15,True,23,2,18.8
CUST-003212,2022-02-05,Europe,Pro,Manufacturing,SMB,140.41,35,False,34,5,51.5
CUST-003213,2024-01-25,North America,Basic,Education,SMB,49.41,11,False,28,2,26.0
CUST-003214,2022-05-18,Europe,Pro,Retail,Mid-Market,149.15,31,False,46,4,47.3
CUST-003215,2021-11-05,North America,Basic,Education,Startup,58.3,38,False,17,2,53.2
CUST-003216,2021-01-14,North America,Pro,Manufacturing,Startup,149.13,48,False,27,3,24.2
CUST-003217,2023-04-20,North America,Pro,Education,Mid-Market,134.12,20,False,37,1,34.7
CUST-003218,2021-02-18,North America,Basic,Retail,Startup,70.25,47,False,-4,2,33.3
CUST-003219,2022-04-23,Europe,Basic,Technology,SMB,58.72,32,False,30,1,25.0
CUST-003220,2024-01-15,Europe,Pro,Manufacturing,SMB,153.83,11,False,21,1,30.7
CUST-003221,2022-12-11,Europe,Enterprise,Manufacturing,Mid-Market,493.25,25,False,47,2,53.4
CUST-003222,2021-01-20,North America,Basic,Healthcare,Mid-Market,45.81,48,False,39,2,4.1
CUST-003223,2022-11-18,North America,Basic,Manufacturing,Mid-Market,34.78,25,False,60,1,27.5
CUST-003224,2021-01-03,North America,Enterprise,Manufacturing,Enterprise,495.66,48,False,-5,2,35.8
CUST-003225,2023-02-10,North America,Basic,Technology,Enterprise,50.76,23,False,22,3,12.4
CUST-003226,2022-09-22,Asia Pacific,Pro,Healthcare,Mid-Market,148.75,27,False,38,1,27.6
CUST-003227,2021-08-01,North America,Basic,Finance,SMB,66.53,41,False,60,1,15.9
CUST-003228,2022-02-25,North America,Basic,Education,Mid-Market,55.71,34,False,12,5,28.9
CUST-003229,2023-12-22,North America,Pro,Retail,SMB,158.74,12,False,18,2,17.5
CUST-003230,2022-05-03,North America,Pro,Finance,Enterprise,154.4,32,False,61,1,33.3
CUST-003231,2023-05-10,Europe,Basic,Healthcare,Mid-Market,50.63,20,False,81,5,58.9
CUST-003232,2023-10-05,Europe,Basic,Technology,SMB,53.55,15,False,69,4,6.3
CUST-003233,2021-05-03,North America,Pro,Retail,Startup,129.16,44,False,69,4,77.9
CUST-003234,2021-10-19,North America,Pro,Education,Startup,146.4,38,False,43,0,15.8
CUST-003235,2022-07-28,North America,Basic,Manufacturing,Startup,35.02,29,False,37,5,42.3
CUST-003236,2021-07-10,North America,Pro,Manufacturing,Startup,137.2,42,False,73,3,10.1
CUST-003237,2021-03-31,North America,Pro,Finance,SMB,160.94,45,False,28,1,66.1
CUST-003238,2022-04-20,Latin America,Pro,Education,Startup,138.23,32,False,14,6,9.8
CUST-003239,2023-12-01,Europe,Pro,Healthcare,Mid-Market,135.76,13,False,40,4,66.0
CUST-003240,2023-04-26,Europe,Basic,Education,Startup,52.9,20,False,27,1,51.4
CUST-003241,2023-02-02,North America,Pro,Technology,Startup,148.31,23,False,19,1,50.3
CUST-003242,2023-07-28,North America,Pro,Finance,SMB,153.46,17,False,52,2,21.5
CUST-003243,2021-06-23,Europe,Basic,Finance,Mid-Market,66.56,42,True,29,7,33.6
CUST-003244,2024-04-04,Europe,Basic,Technology,SMB,54.73,9,False,38,3,21.5
CUST-003245,2021-07-15,Europe,Basic,Education,SMB,33.49,42,False,45,4,18.6
CUST-003246,2023-11-02,North America,Pro,Technology,SMB,158.33,14,False,0,1,33.9
CUST-003247,2021-10-01,Europe,Basic,Retail,SMB,46.8,39,False,59,1,6.7
CUST-003248,2023-03-19,North America,Pro,Technology,SMB,150.68,21,False,81,3,9.8
CUST-003249,2021-06-03,Asia Pacific,Enterprise,Education,Startup,482.47,43,False,60,6,50.7
CUST-003250,2024-03-08,Europe,Pro,Technology,SMB,154.03,9,False,-36,2,7.9
CUST-003251,2021-05-08,Europe,Enterprise,Healthcare,Mid-Market,485.99,44,False,39,1,45.5
CUST-003252,2023-06-10,North America,Enterprise,Manufacturing,Mid-Market,504.34,19,False,-2,3,57.9
CUST-003253,2021-09-25,Europe,Basic,Technology,SMB,41.77,39,False,58,1,27.5
CUST-003254,2022-04-30,North America,Pro,Manufacturing,Mid-Market,156.22,32,False,58,2,11.6
CUST-003255,2022-08-21,North America,Basic,Technology,SMB,36.05,28,False,42,3,37.3
CUST-003256,2022-06-19,North America,Enterprise,Education,Startup,483.39,30,True,-17,2,45.0
CUST-003257,2022-10-08,Europe,Basic,Retail,SMB,43.59,27,False,35,1,21.1
CUST-003258,2023-03-16,North America,Enterprise,Retail,SMB,501.66,21,False,12,1,25.2
CUST-003259,2022-10-31,North America,Pro,Manufacturing,Startup,137.55,26,False,37,4,26.9
CUST-003260,2022-10-14,Asia Pacific,Pro,Education,Mid-Market,151.04,26,False,34,1,65.8
CUST-003261,2023-07-17,North America,Basic,Education,Mid-Market,57.74,17,False,55,0,31.9
CUST-003262,2022-07-11,Europe,Basic,Education,SMB,35.76,30,False,31,7,28.3
CUST-003263,2022-04-24,North America,Pro,Healthcare,SMB,151.05,32,True,68,1,41.0
CUST-003264,2021-06-02,North America,Basic,Finance,Startup,54.4,43,False,42,2,28.8
CUST-003265,2022-02-20,Asia Pacific,Pro,Technology,SMB,147.07,34,False,24,1,29.2
CUST-003266,2021-10-06,North America,Basic,Education,Startup,48.18,39,False,33,1,37.2
CUST-003267,2024-04-12,Europe,Pro,Education,Enterprise,134.91,8,False,60,1,26.0
CUST-003268,2021-08-12,Europe,Basic,Education,SMB,53.37,41,False,63,3,38.2
CUST-003269,2021-11-15,Europe,Pro,Retail,Mid-Market,149.61,38,False,-18,4,25.0
CUST-003270,2021-08-05,Europe,Pro,Education,Startup,150.51,41,False,11,4,31.8
CUST-003271,2021-12-03,North America,Basic,Technology,Mid-Market,69.65,37,False,22,2,41.1
CUST-003272,2023-07-10,North America,Basic,Education,Mid-Market,46.93,18,False,63,1,24.8
CUST-003273,2023-08-13,Europe,Basic,Technology,Mid-Market,52.23,16,False,60,0,11.7
CUST-003274,2022-10-06,Europe,Pro,Healthcare,Enterprise,161.88,27,True,55,3,5.8
CUST-003275,2023-04-13,Asia Pacific,Pro,Finance,Startup,148.52,20,False,57,3,46.4
CUST-003276,2021-09-05,Asia Pacific,Pro,Retail,SMB,141.83,40,False,69,4,47.3
CUST-003277,2024-01-03,Asia Pacific,Pro,Technology,Mid-Market,152.98,12,False,46,1,29.7
CUST-003278,2023-01-04,Europe,Basic,Manufacturing,SMB,42.15,24,False,56,2,60.0
CUST-003279,2022-03-02,North America,Basic,Healthcare,Mid-Market,60.99,34,False,43,0,25.3
CUST-003280,2023-07-15,Asia Pacific,Basic,Finance,Startup,54.15,17,True,56,1,43.7
CUST-003281,2022-09-24,Europe,Basic,Finance,Startup,40.39,27,False,25,3,55.6
CUST-003282,2023-08-07,North America,Enterprise,Finance,SMB,486.53,17,False,17,3,35.3
CUST-003283,2022-06-27,Asia Pacific,Enterprise,Technology,Mid-Market,500.56,30,False,21,1,73.0
CUST-003284,2021-09-03,Asia Pacific,Basic,Healthcare,Enterprise,51.55,40,False,29,4,18.6
CUST-003285,2021-07-05,Europe,Pro,Education,SMB,136.55,42,False,51,1,52.4
CUST-003286,2021-11-19,North America,Pro,Manufacturing,SMB,156.86,37,False,67,5,28.1
CUST-003287,2022-09-16,North America,Basic,Healthcare,Mid-Market,55.65,27,False,22,0,64.3
CUST-003288,2021-03-24,Asia Pacific,Basic,Healthcare,Mid-Market,52.42,45,False,85,3,37.2
CUST-003289,2022-03-17,Asia Pacific,Basic,Healthcare,Startup,56.58,34,False,30,4,13.4
CUST-003290,2022-11-03,North America,Pro,Technology,Mid-Market,139.1,26,False,35,4,6.3
CUST-003291,2021-10-31,North America,Enterprise,Manufacturing,SMB,489.69,38,False,40,1,71.5
CUST-003292,2021-07-06,Asia Pacific,Pro,Technology,SMB,146.4,42,False,22,3,21.4
CUST-003293,2022-05-24,North America,Basic,Manufacturing,Startup,42.66,31,False,24,0,64.0
CUST-003294,2022-12-30,Europe,Basic,Manufacturing,Mid-Market,54.02,24,False,28,2,50.9
CUST-003295,2023-03-23,Latin America,Pro,Technology,Mid-Market,157.06,21,False,11,4,5.5
CUST-003296,2023-11-18,North America,Pro,Manufacturing,Mid-Market,141.97,13,False,18,1,31.0
CUST-003297,2021-04-11,Europe,Pro,Healthcare,Mid-Market,140.32,45,False,33,2,9.6
CUST-003298,2022-09-05,North America,Pro,Technology,SMB,157.55,28,False,26,2,14.9
CUST-003299,2022-06-17,North America,Basic,Manufacturing,Mid-Market,39.18,30,False,22,6,36.9
CUST-003300,2021-12-23,Asia Pacific,Pro,Finance,SMB,146.14,36,False,55,1,24.7
CUST-003301,2021-03-05,North America,Pro,Technology,Mid-Market,138.9,46,False,0,0,8.4
CUST-003302,2023-04-09,Latin America,Basic,Retail,SMB,43.08,21,False,46,3,34.5
CUST-003303,2023-07-16,Europe,Pro,Technology,Mid-Market,133.94,17,False,38,2,39.6
CUST-003304,2024-02-13,North America,Basic,Technology,Mid-Market,61.82,10,False,40,3,46.5
CUST-003305,2024-02-01,North America,Basic,Technology,Mid-Market,59.12,11,False,10,3,17.0
CUST-003306,2022-05-27,North America,Basic,Manufacturing,Mid-Market,40.93,31,False,23,4,50.0
CUST-003307,2021-07-13,North America,Basic,Technology,SMB,53.63,42,False,42,4,33.4
CUST-003308,2023-08-05,North America,Basic,Retail,Mid-Market,34.64,17,False,24,4,17.6
CUST-003309,2021-07-28,North America,Basic,Education,SMB,55.22,41,False,4,3,14.3
CUST-003310,2021-10-14,Europe,Pro,Technology,Enterprise,140.16,39,False,29,2,28.1
CUST-003311,2021-09-06,Europe,Basic,Finance,Mid-Market,61.18,40,False,31,2,32.6
CUST-003312,2021-01-25,Europe,Basic,Retail,Startup,54.11,47,False,49,4,27.4
CUST-003313,2021-05-07,Europe,Basic,Education,Mid-Market,45.34,44,False,57,1,23.7
CUST-003314,2022-04-01,North America,Pro,Manufacturing,SMB,144.92,33,False,37,4,40.5
CUST-003315,2021-09-25,North America,Basic,Technology,Enterprise,50.44,39,False,43,0,51.4
CUST-003316,2022-02-10,Europe,Basic,Education,Mid-Market,39.76,35,False,56,1,17.6
CUST-003317,2023-04-01,Europe,Enterprise,Finance,Startup,510.25,21,False,31,2,18.2
CUST-003318,2023-02-02,North America,Pro,Retail,SMB,152.06,23,False,45,3,21.3
CUST-003319,2021-06-22,Asia Pacific,Enterprise,Retail,SMB,508.64,42,False,6,4,32.3
CUST-003320,2024-04-07,Asia Pacific,Basic,Manufacturing,Mid-Market,24.5,8,False,23,3,16.0
CUST-003321,2024-04-15,Europe,Basic,Manufacturing,Mid-Market,49.16,8,False,69,2,38.4
CUST-003322,2022-06-15,North America,Pro,Manufacturing,SMB,151.48,31,False,55,2,6.2
CUST-003323,2021-06-03,Asia Pacific,Basic,Education,Mid-Market,48.97,43,False,51,1,31.2
CUST-003324,2021-02-14,Europe,Basic,Technology,SMB,49.23,47,False,17,3,36.0
CUST-003325,2021-05-13,Asia Pacific,Basic,Healthcare,Startup,45.79,44,False,4,1,36.8
CUST-003326,2022-02-09,Asia Pacific,Pro,Retail,Startup,171.57,35,False,15,4,15.0
CUST-003327,2023-06-28,Asia Pacific,Basic,Healthcare,SMB,51.43,18,False,37,3,24.7
CUST-003328,2021-09-21,Europe,Enterprise,Retail,Startup,500.22,39,False,45,3,63.6
CUST-003329,2021-07-08,North America,Enterprise,Manufacturing,Startup,508.37,42,False,66,1,69.5
CUST-003330,2022-11-11,Europe,Basic,Technology,Startup,43.41,26,False,10,2,17.7
CUST-003331,2021-09-08,Europe,Pro,Technology,Mid-Market,136.12,40,False,23,2,17.0
CUST-003332,2021-03-29,Europe,Pro,Retail,SMB,158.07,45,False,67,1,42.8
CUST-003333,2023-08-03,North America,Pro,Education,SMB,145.66,17,False,3,4,11.0
CUST-003334,2021-04-14,North America,Basic,Manufacturing,Startup,62.61,45,False,39,3,13.5
CUST-003335,2021-12-11,Asia Pacific,Pro,Technology,SMB,161.98,37,False,-3,3,14.8
CUST-003336,2024-03-21,Europe,Basic,Technology,SMB,25.77,9,False,28,2,25.3
CUST-003337,2023-06-07,Asia Pacific,Enterprise,Finance,Startup,499.72,19,False,74,1,65.5
CUST-003338,2023-03-20,Asia Pacific,Basic,Technology,Mid-Market,59.77,21,False,45,3,46.9
CUST-003339,2023-10-14,Europe,Basic,Finance,Mid-Market,31.45,14,False,61,1,59.3
CUST-003340,2021-03-02,Europe,Pro,Technology,SMB,152.66,46,False,45,0,10.6
CUST-003341,2023-02-23,Asia Pacific,Pro,Technology,SMB,155.58,22,False,45,5,20.1
CUST-003342,2023-05-24,Europe,Pro,Education,SMB,148.45,19,False,2,3,37.5
CUST-003343,2021-12-20,Europe,Basic,Education,Startup,48.52,36,False,76,2,62.3
CUST-003344,2022-12-26,North America,Basic,Manufacturing,Mid-Market,60.98,24,False,67,3,35.5
CUST-003345,2022-03-16,Europe,Enterprise,Technology,Mid-Market,484.05,34,False,20,6,38.5
CUST-003346,2022-01-19,Europe,Pro,Manufacturing,Mid-Market,157.31,35,False,65,2,15.1
CUST-003347,2022-07-18,North America,Pro,Manufacturing,SMB,153.59,29,False,56,2,35.6
CUST-003348,2022-07-28,North America,Basic,Manufacturing,Enterprise,62.02,29,False,48,2,7.4
CUST-003349,2023-07-03,North America,Basic,Manufacturing,SMB,39.52,18,False,39,3,7.3
CUST-003350,2021-11-01,North America,Pro,Retail,SMB,163.77,38,False,32,3,27.7
CUST-003351,2021-03-12,North America,Pro,Retail,SMB,135.12,46,False,69,4,45.3
CUST-003352,2022-05-19,North America,Basic,Technology,Mid-Market,45.7,31,False,37,3,42.8
CUST-003353,2022-08-28,Asia Pacific,Enterprise,Retail,Mid-Market,487.37,28,False,44,3,22.8
CUST-003354,2023-10-19,Europe,Pro,Technology,SMB,156.25,14,False,68,1,18.2
CUST-003355,2023-04-24,North America,Basic,Education,Startup,41.38,20,False,58,6,25.2
CUST-003356,2024-02-02,North America,Basic,Healthcare,Mid-Market,60.35,11,False,10,1,21.4
CUST-003357,2023-09-09,Europe,Basic,Finance,Enterprise,32.12,15,False,23,0,63.9
CUST-003358,2021-05-05,North America,Pro,Retail,Startup,144.55,44,False,18,4,57.2
CUST-003359,2021-06-29,Asia Pacific,Basic,Retail,Mid-Market,66.86,42,False,43,3,36.7
CUST-003360,2022-07-27,Europe,Basic,Education,SMB,41.39,29,False,25,3,18.8
CUST-003361,2023-02-24,Asia Pacific,Pro,Retail,Mid-Market,159.59,22,False,27,3,44.8
CUST-003362,2021-10-09,North America,Basic,Technology,SMB,55.96,39,False,30,2,27.1
CUST-003363,2023-05-09,Europe,Basic,Technology,SMB,35.93,20,True,42,2,28.1
CUST-003364,2022-02-13,North America,Basic,Healthcare,Mid-Market,51.11,35,False,29,3,10.3
CUST-003365,2023-12-13,Asia Pacific,Pro,Healthcare,Enterprise,164.29,12,False,54,2,56.7
CUST-003366,2022-05-26,Europe,Pro,Healthcare,SMB,144.9,31,False,13,3,7.1
CUST-003367,2024-01-19,North America,Basic,Technology,SMB,42.1,11,False,5,2,40.2
CUST-003368,2021-02-09,North America,Pro,Manufacturing,Startup,152.28,47,False,21,1,20.1
CUST-003369,2023-02-23,North America,Pro,Manufacturing,Startup,146.85,22,False,14,2,20.8
CUST-003370,2023-01-06,Europe,Basic,Healthcare,Mid-Market,34.04,24,False,36,2,28.5
CUST-003371,2023-09-10,North America,Basic,Healthcare,Startup,46.78,15,False,27,3,28.4
CUST-003372,2024-01-21,Europe,Basic,Technology,Mid-Market,44.15,11,False,9,5,29.6
CUST-003373,2023-09-20,North America,Basic,Education,SMB,47.66,15,False,8,1,7.2
CUST-003374,2022-12-06,Europe,Pro,Retail,Enterprise,124.97,25,False,38,0,66.0
CUST-003375,2024-03-04,Asia Pacific,Pro,Finance,Startup,152.64,10,False,53,1,31.2
CUST-003376,2023-10-26,Asia Pacific,Basic,Manufacturing,Startup,32.66,14,False,20,1,14.9
CUST-003377,2022-10-21,Asia Pacific,Basic,Manufacturing,Startup,56.47,26,False,33,0,20.0
CUST-003378,2023-03-07,North America,Basic,Technology,Mid-Market,59.72,22,False,22,2,5.3
CUST-003379,2022-07-08,North America,Pro,Technology,SMB,129.14,30,False,31,1,10.5
CUST-003380,2022-01-04,Europe,Basic,Finance,Startup,61.95,36,False,70,5,30.6
CUST-003381,2021-02-23,North America,Pro,Finance,Mid-Market,147.83,46,False,84,1,35.8
CUST-003382,2022-10-16,North America,Basic,Healthcare,Mid-Market,59.77,26,False,26,0,26.1
CUST-003383,2022-03-25,North America,Pro,Finance,Mid-Market,158.31,33,False,24,2,47.6
CUST-003384,2021-03-02,North America,Enterprise,Retail,Startup,484.55,46,False,43,3,22.1
CUST-003385,2022-07-30,North America,Basic,Retail,SMB,40.47,29,False,37,3,19.4
CUST-003386,2021-04-30,Asia Pacific,Basic,Manufacturing,Mid-Market,65.14,44,False,48,3,9.3
CUST-003387,2023-08-25,North America,Enterprise,Retail,SMB,486.59,16,False,32,1,64.8
CUST-003388,2023-12-21,Europe,Basic,Retail,Startup,52.61,12,False,31,0,15.1
CUST-003389,2023-01-03,North America,Pro,Retail,Startup,141.44,24,False,43,2,41.5
CUST-003390,2024-04-11,Europe,Basic,Healthcare,Enterprise,39.96,8,False,39,4,8.4
CUST-003391,2022-04-22,North America,Pro,Manufacturing,Startup,148.81,32,False,25,2,21.8
CUST-003392,2021-11-23,Asia Pacific,Basic,Technology,Mid-Market,70.91,37,True,37,2,45.9
CUST-003393,2021-07-25,Asia Pacific,Enterprise,Manufacturing,SMB,506.68,41,False,37,3,24.3
CUST-003394,2022-05-23,North America,Pro,Manufacturing,Mid-Market,138.46,31,False,-20,2,65.7
CUST-003395,2022-05-09,Asia Pacific,Pro,Manufacturing,Mid-Market,150.95,32,False,33,3,30.5
CUST-003396,2022-06-30,Latin America,Pro,Finance,SMB,130.41,30,False,53,5,44.2
CUST-003397,2023-12-29,Asia Pacific,Pro,Technology,SMB,126.45,12,False,26,2,7.9
CUST-003398,2021-04-25,Asia Pacific,Basic,Finance,Mid-Market,50.69,44,False,20,0,40.5
CUST-003399,2022-03-26,North America,Enterprise,Healthcare,SMB,506.15,33,False,20,1,23.0
CUST-003400,2024-03-25,Europe,Enterprise,Healthcare,Mid-Market,514.61,9,True,41,2,45.7
CUST-003401,2023-03-07,North America,Basic,Education,Mid-Market,52.73,22,False,15,0,13.9
CUST-003402,2022-12-28,North America,Enterprise,Education,SMB,499.06,24,False,39,3,49.6
CUST-003403,2021-12-22,Latin America,Pro,Healthcare,SMB,145.61,36,False,38,1,52.3
CUST-003404,2021-12-27,North America,Pro,Healthcare,Startup,154.28,36,False,8,3,7.5
CUST-003405,2022-04-30,Europe,Basic,Finance,Mid-Market,36.84,32,False,53,1,47.2
CUST-003406,2022-10-14,Asia Pacific,Basic,Healthcare,Startup,42.22,26,False,60,2,11.3
CUST-003407,2023-01-05,Asia Pacific,Basic,Technology,Enterprise,37.18,24,False,40,1,31.2
CUST-003408,2021-02-27,Latin America,Basic,Finance,Enterprise,43.76,46,False,35,4,23.7
CUST-003409,2022-12-22,North America,Pro,Healthcare,Startup,141.75,24,False,24,3,16.8
CUST-003410,2024-03-08,North America,Basic,Finance,Startup,41.08,9,False,25,3,10.8
CUST-003411,2024-02-29,North America,Basic,Finance,SMB,42.6,10,False,26,3,29.3
CUST-003412,2021-10-19,North America,Enterprise,Retail,Enterprise,501.11,38,False,49,6,30.6
CUST-003413,2024-02-28,North America,Basic,Education,SMB,61.69,10,False,46,1,20.0
CUST-003414,2022-01-21,North America,Basic,Finance,SMB,51.88,35,False,-4,2,41.4
CUST-003415,2023-10-06,Asia Pacific,Basic,Manufacturing,Mid-Market,43.27,15,False,5,3,45.2
CUST-003416,2024-01-16,Europe,Basic,Finance,Startup,53.38,11,False,18,4,4.0
CUST-003417,2022-09-25,North America,Pro,Manufacturing,SMB,150.1,27,False,25,3,25.4
CUST-003418,2021-12-26,Europe,Pro,Retail,SMB,150.69,36,False,43,0,43.2
CUST-003419,2023-10-02,North America,Pro,Healthcare,Mid-Market,148.77,15,False,24,4,22.3
CUST-003420,2021-03-19,North America,Basic,Finance,Startup,66.26,46,False,43,2,7.2
CUST-003421,2021-07-04,Asia Pacific,Pro,Retail,SMB,149.99,42,False,66,1,61.0
CUST-003422,2021-04-26,Europe,Basic,Technology,Mid-Market,43.39,44,False,23,1,23.4
CUST-003423,2022-04-22,Asia Pacific,Basic,Retail,SMB,41.23,32,False,16,1,15.4
CUST-003424,2022-03-25,North America,Basic,Education,Mid-Market,58.01,33,False,12,4,25.4
CUST-003425,2021-02-10,Asia Pacific,Basic,Education,Startup,37.14,47,False,14,2,8.2
CUST-003426,2023-12-15,Europe,Basic,Healthcare,SMB,62.57,12,False,46,0,44.7
CUST-003427,2023-09-06,Europe,Basic,Manufacturing,Startup,29.83,16,False,50,3,15.2
CUST-003428,2021-01-02,Europe,Enterprise,Healthcare,SMB,511.26,48,False,47,4,48.8
CUST-003429,2022-11-11,Asia Pacific,Basic,Manufacturing,SMB,56.97,26,False,14,2,45.6
CUST-003430,2022-02-17,Europe,Basic,Manufacturing,SMB,44.6,34,False,27,2,27.1
CUST-003431,2021-09-25,Europe,Basic,Manufacturing,Startup,41.5,39,False,27,5,18.4
CUST-003432,2022-11-29,Latin America,Pro,Manufacturing,SMB,161.32,25,False,69,1,19.6
CUST-003433,2021-12-30,Asia Pacific,Basic,Education,SMB,66.99,36,False,40,4,31.3
CUST-003434,2022-10-25,North America,Enterprise,Education,SMB,492.86,26,True,37,2,47.0
CUST-003435,2021-05-02,Europe,Enterprise,Finance,Startup,504.8,44,False,40,3,37.3
CUST-003436,2021-02-14,North America,Basic,Education,Mid-Market,58.79,47,False,26,2,35.9
CUST-003437,2021-10-30,North America,Basic,Healthcare,SMB,55.03,38,True,43,5,59.4
CUST-003438,2021-10-18,Europe,Basic,Education,SMB,49.54,39,False,25,3,6.8
CUST-003439,2021-08-16,Asia Pacific,Pro,Healthcare,Mid-Market,145.1,41,False,63,2,15.2
CUST-003440,2023-12-14,Asia Pacific,Basic,Technology,SMB,51.78,12,False,17,1,12.8
CUST-003441,2023-01-18,North America,Basic,Education,Startup,28.14,23,False,38,0,43.0
CUST-003442,2021-05-29,Europe,Basic,Healthcare,SMB,62.41,43,True,48,3,12.4
CUST-003443,2023-02-05,North America,Pro,Manufacturing,Enterprise,131.93,23,False,33,1,29.3
CUST-003444,2023-03-22,Latin America,Basic,Retail,SMB,40.62,21,False,37,3,33.0
CUST-003445,2024-04-15,Latin America,Basic,Manufacturing,Mid-Market,45.63,8,False,30,3,16.2
CUST-003446,2021-07-26,Europe,Pro,Finance,Mid-Market,139.01,41,False,16,5,67.4
CUST-003447,2022-11-21,Asia Pacific,Pro,Healthcare,SMB,137.72,25,False,69,5,4.4
CUST-003448,2022-09-11,Europe,Enterprise,Manufacturing,Mid-Market,513.09,28,False,27,2,50.7
CUST-003449,2022-10-23,Europe,Basic,Education,SMB,66.96,26,False,8,2,15.1
CUST-003450,2021-10-07,North America,Pro,Education,SMB,164.49,39,False,20,3,15.6
CUST-003451,2021-11-19,Europe,Pro,Technology,SMB,157.36,37,False,61,1,2.1
CUST-003452,2023-06-14,Europe,Basic,Retail,Mid-Market,73.65,18,False,80,2,18.1
CUST-003453,2023-09-25,Europe,Pro,Healthcare,SMB,146.34,15,False,42,1,8.0
CUST-003454,2022-10-12,North America,Basic,Manufacturing,Startup,45.38,27,False,50,2,23.2
CUST-003455,2021-12-23,Asia Pacific,Enterprise,Retail,Mid-Market,499.11,36,False,71,3,73.3
CUST-003456,2024-02-25,North America,Basic,Technology,Mid-Market,63.29,10,False,15,3,18.7
CUST-003457,2023-01-01,Europe,Pro,Finance,Enterprise,154.86,24,False,42,2,27.1
CUST-003458,2022-04-03,Europe,Basic,Retail,SMB,66.27,33,False,71,5,46.2
CUST-003459,2021-12-26,Europe,Enterprise,Technology,Startup,499.65,36,False,51,2,28.7
CUST-003460,2023-02-14,Europe,Basic,Healthcare,Startup,34.01,22,False,29,3,29.7
CUST-003461,2022-09-21,North America,Enterprise,Finance,Mid-Market,492.27,27,False,42,2,42.4
CUST-003462,2022-08-27,North America,Enterprise,Education,Startup,509.25,28,False,72,1,46.0
CUST-003463,2021-09-18,Europe,Basic,Technology,Enterprise,44.05,40,False,38,2,41.5
CUST-003464,2021-12-30,Europe,Pro,Education,SMB,149.95,36,False,16,1,27.7
CUST-003465,2021-01-04,North America,Enterprise,Finance,Mid-Market,501.47,48,True,47,5,17.4
CUST-003466,2024-03-19,Europe,Basic,Technology,Mid-Market,67.08,9,False,16,3,6.3
CUST-003467,2023-03-13,Europe,Basic,Technology,Mid-Market,57.79,21,False,20,6,40.6
CUST-003468,2024-03-08,Europe,Pro,Finance,Startup,155.83,9,False,25,2,17.7
CUST-003469,2021-03-08,Asia Pacific,Basic,Healthcare,SMB,50.58,46,False,34,7,19.9
CUST-003470,2022-01-08,North America,Basic,Technology,Startup,40.69,36,True,18,4,30.3
CUST-003471,2022-10-14,North America,Basic,Finance,Startup,51.43,26,False,43,2,7.8
CUST-003472,2022-03-29,Asia Pacific,Basic,Retail,SMB,70.76,33,False,28,0,59.4
CUST-003473,2024-03-04,Europe,Basic,Education,Mid-Market,54.13,10,False,51,2,50.3
CUST-003474,2021-08-02,Europe,Basic,Technology,Startup,43.49,41,False,35,2,36.7
CUST-003475,2023-10-14,Asia Pacific,Enterprise,Retail,Enterprise,494.81,14,False,31,1,32.3
CUST-003476,2021-10-16,Asia Pacific,Pro,Technology,Startup,163.19,39,False,32,5,46.3
CUST-003477,2022-11-10,Latin America,Basic,Healthcare,SMB,43.68,26,False,64,2,17.8
CUST-003478,2021-06-09,Europe,Pro,Finance,Startup,146.99,43,False,52,0,11.0
CUST-003479,2022-05-03,Europe,Pro,Technology,Mid-Market,137.58,32,False,6,1,49.8
CUST-003480,2022-12-12,North America,Enterprise,Finance,Startup,496.22,25,False,25,7,64.3
CUST-003481,2022-10-17,North America,Basic,Manufacturing,Mid-Market,53.73,26,True,36,2,24.3
CUST-003482,2021-12-10,Europe,Basic,Technology,SMB,46.03,37,False,-8,2,36.7
CUST-003483,2021-07-01,North America,Enterprise,Healthcare,Enterprise,499.25,42,False,43,4,60.3
CUST-003484,2022-11-19,Asia Pacific,Enterprise,Healthcare,SMB,487.47,25,False,18,1,34.0
CUST-003485,2023-07-04,Europe,Pro,Retail,SMB,143.43,18,False,20,3,27.8
CUST-003486,2021-01-24,Europe,Pro,Healthcare,Mid-Market,170.32,47,False,20,4,11.2
CUST-003487,2022-06-28,North America,Basic,Finance,Mid-Market,47.66,30,False,60,0,25.2
CUST-003488,2022-03-06,North America,Pro,Manufacturing,SMB,152.63,34,False,47,2,17.0
CUST-003489,2022-05-27,North America,Basic,Healthcare,Mid-Market,40.98,31,False,25,2,75.6
CUST-003490,2021-05-19,North America,Basic,Technology,Startup,49.52,44,False,23,1,32.7
CUST-003491,2022-12-19,North America,Pro,Healthcare,Mid-Market,146.29,24,False,38,1,51.4
CUST-003492,2022-06-10,Europe,Basic,Manufacturing,SMB,60.0,31,False,66,1,23.0
CUST-003493,2021-08-10,Asia Pacific,Basic,Finance,Startup,59.53,41,False,29,2,26.9
CUST-003494,2021-01-03,Asia Pacific,Enterprise,Technology,SMB,510.58,48,False,-2,2,21.0
CUST-003495,2021-04-09,Europe,Basic,Retail,Mid-Market,49.8,45,False,38,1,8.0
CUST-003496,2023-03-02,North America,Enterprise,Retail,Enterprise,519.4,22,False,40,1,13.3
CUST-003497,2023-06-17,Asia Pacific,Enterprise,Retail,SMB,507.04,18,False,42,6,55.0
CUST-003498,2023-05-10,Asia Pacific,Pro,Technology,Mid-Market,134.7,20,False,34,0,46.5
CUST-003499,2021-12-07,North America,Basic,Retail,SMB,64.42,37,True,37,0,30.0
CUST-003500,2023-04-28,Europe,Basic,Healthcare,Mid-Market,48.94,20,False,15,2,32.9
CUST-003501,2023-10-07,North America,Basic,Technology,Startup,60.38,15,False,56,3,22.9
CUST-003502,2023-02-15,Asia Pacific,Basic,Technology,SMB,38.47,22,False,24,2,15.6
CUST-003503,2022-12-21,Latin America,Basic,Technology,Startup,48.29,24,True,29,5,54.2
CUST-003504,2024-01-24,North America,Enterprise,Education,SMB,506.5,11,False,42,2,9.1
CUST-003505,2023-02-08,Asia Pacific,Basic,Finance,SMB,51.44,23,False,39,0,13.5
CUST-003506,2021-07-27,Europe,Pro,Education,Mid-Market,147.51,41,False,66,2,28.6
CUST-003507,2023-09-09,Latin America,Basic,Education,SMB,24.42,15,False,61,1,23.9
CUST-003508,2024-03-29,Europe,Pro,Education,Enterprise,141.6,9,True,25,2,50.6
CUST-003509,2022-04-07,Asia Pacific,Enterprise,Finance,Mid-Market,489.23,33,False,74,4,23.4
CUST-003510,2021-11-30,North America,Basic,Education,Startup,30.39,37,False,53,2,47.4
CUST-003511,2023-07-14,North America,Basic,Retail,SMB,41.91,17,False,37,2,39.5
CUST-003512,2021-05-31,North America,Pro,Technology,Mid-Market,167.59,43,False,21,2,51.8
CUST-003513,2021-03-10,Latin America,Pro,Technology,Enterprise,160.58,46,False,33,3,23.7
CUST-003514,2022-08-27,Asia Pacific,Pro,Healthcare,Enterprise,140.65,28,False,-3,2,15.3
CUST-003515,2021-02-11,Asia Pacific,Basic,Manufacturing,Mid-Market,43.12,47,False,45,1,23.8
CUST-003516,2022-10-15,Asia Pacific,Basic,Retail,SMB,43.14,26,False,8,3,24.9
CUST-003517,2022-06-19,North America,Enterprise,Finance,Mid-Market,506.56,30,False,44,8,78.9
CUST-003518,2021-08-03,North America,Enterprise,Manufacturing,SMB,503.05,41,False,25,3,58.9
CUST-003519,2021-06-01,North America,Basic,Technology,SMB,41.88,43,False,37,1,7.6
CUST-003520,2022-12-02,North America,Pro,Education,Mid-Market,143.03,25,False,22,3,12.6
CUST-003521,2021-12-15,North America,Basic,Healthcare,Mid-Market,59.81,37,False,20,3,18.5
CUST-003522,2023-02-08,Europe,Basic,Healthcare,Enterprise,64.24,23,False,49,1,5.6
CUST-003523,2021-11-26,North America,Basic,Technology,SMB,40.03,37,False,22,0,28.9
CUST-003524,2021-06-03,North America,Basic,Retail,Mid-Market,47.83,43,False,16,2,34.2
CUST-003525,2024-01-26,North America,Pro,Manufacturing,Mid-Market,150.28,11,False,13,4,42.7
CUST-003526,2021-07-10,North America,Basic,Healthcare,Mid-Market,47.11,42,False,52,4,21.2
CUST-003527,2022-11-24,Latin America,Basic,Technology,SMB,60.3,25,False,12,3,7.7
CUST-003528,2023-09-16,Asia Pacific,Pro,Retail,Mid-Market,147.48,15,False,35,1,11.6
CUST-003529,2021-03-05,Latin America,Pro,Technology,SMB,168.08,46,False,79,4,67.6
CUST-003530,2023-06-03,North America,Pro,Technology,Mid-Market,161.01,19,False,21,3,30.4
CUST-003531,2021-12-04,North America,Enterprise,Retail,Mid-Market,492.14,37,False,19,5,37.5
CUST-003532,2023-06-09,Asia Pacific,Basic,Retail,Mid-Market,49.67,19,False,56,0,32.8
CUST-003533,2021-11-18,North America,Pro,Retail,Startup,139.23,37,False,11,1,4.4
CUST-003534,2021-04-20,North America,Pro,Technology,SMB,145.09,45,True,56,3,70.9
CUST-003535,2021-07-27,North America,Pro,Healthcare,SMB,157.71,41,False,27,1,40.2
CUST-003536,2022-11-10,North America,Basic,Finance,SMB,51.46,26,False,53,2,28.5
CUST-003537,2022-02-25,North America,Basic,Finance,Enterprise,70.13,34,False,43,1,19.7
CUST-003538,2022-01-25,North America,Enterprise,Technology,SMB,486.78,35,False,46,5,58.3
CUST-003539,2023-04-19,Europe,Basic,Technology,SMB,48.67,20,False,26,3,34.1
CUST-003540,2024-02-09,North America,Enterprise,Healthcare,Mid-Market,493.94,10,False,27,2,56.3
CUST-003541,2024-01-12,North America,Pro,Retail,Startup,145.84,11,False,24,6,32.0
CUST-003542,2022-06-28,Asia Pacific,Pro,Technology,Mid-Market,149.42,30,False,61,2,36.3
CUST-003543,2022-07-31,North America,Pro,Education,SMB,142.23,29,False,35,5,4.8
CUST-003544,2022-09-02,North America,Pro,Retail,Startup,158.58,28,False,73,1,24.1
CUST-003545,2022-05-02,Asia Pacific,Basic,Technology,Enterprise,66.51,32,False,39,3,41.3
CUST-003546,2021-07-16,North America,Pro,Education,Startup,125.64,42,False,31,4,13.1
CUST-003547,2021-04-12,North America,Pro,Manufacturing,SMB,162.93,45,False,30,2,43.2
CUST-003548,2023-03-16,Europe,Basic,Healthcare,Startup,74.17,21,False,21,3,9.9
CUST-003549,2024-03-16,North America,Basic,Education,Startup,50.9,9,False,39,1,74.5
CUST-003550,2024-01-31,Europe,Basic,Technology,Mid-Market,42.89,11,False,33,2,26.3
CUST-003551,2023-10-03,Asia Pacific,Enterprise,Finance,Mid-Market,493.28,15,False,22,1,80.8
CUST-003552,2021-11-11,North America,Basic,Technology,Startup,45.92,38,False,33,0,32.2
CUST-003553,2021-04-22,Europe,Pro,Finance,Mid-Market,153.3,44,False,24,4,24.3
CUST-003554,2023-01-09,Europe,Basic,Healthcare,Mid-Market,44.73,24,True,40,2,43.8
CUST-003555,2021-01-08,North America,Basic,Healthcare,Mid-Market,48.2,48,False,49,1,29.1
CUST-003556,2023-05-26,Europe,Pro,Retail,SMB,139.44,19,False,22,1,14.8
CUST-003557,2021-06-29,North America,Basic,Retail,Mid-Market,44.43,42,False,25,0,26.7
CUST-003558,2022-08-27,Europe,Pro,Finance,SMB,144.88,28,False,16,3,15.2
CUST-003559,2023-09-11,North America,Pro,Finance,Mid-Market,148.64,15,False,57,1,14.5
CUST-003560,2022-02-13,Europe,Pro,Healthcare,Enterprise,134.45,35,False,0,3,41.2
CUST-003561,2021-07-18,North America,Basic,Education,Startup,45.7,42,False,21,1,69.6
CUST-003562,2021-02-22,Asia Pacific,Enterprise,Finance,Startup,496.86,46,False,49,3,30.1
CUST-003563,2022-02-28,North America,Pro,Finance,SMB,150.85,34,True,22,4,61.3
CUST-003564,2021-12-16,North America,Enterprise,Education,Startup,512.99,37,False,21,2,54.3
CUST-003565,2022-08-21,Europe,Basic,Retail,SMB,47.99,28,False,48,0,22.5
CUST-003566,2021-06-17,Europe,Pro,Retail,Mid-Market,136.83,43,True,-10,4,34.6
CUST-003567,2023-08-28,Europe,Enterprise,Finance,SMB,500.32,16,False,35,3,24.0
CUST-003568,2021-08-25,Europe,Enterprise,Retail,SMB,491.91,40,False,23,3,44.7
CUST-003569,2022-09-24,Asia Pacific,Basic,Retail,SMB,41.65,27,False,24,1,34.4
CUST-003570,2023-03-26,Asia Pacific,Basic,Manufacturing,Startup,46.04,21,False,56,0,10.8
CUST-003571,2023-08-23,North America,Basic,Retail,SMB,43.81,16,True,34,5,24.9
CUST-003572,2023-09-29,Europe,Basic,Healthcare,Mid-Market,38.35,15,False,11,3,4.2
CUST-003573,2022-06-27,Asia Pacific,Basic,Technology,Startup,44.15,30,False,5,5,21.7
CUST-003574,2021-07-06,Latin America,Basic,Finance,Enterprise,53.56,42,False,33,4,30.2
CUST-003575,2024-01-20,Asia Pacific,Enterprise,Finance,SMB,499.41,11,False,7,2,12.7
CUST-003576,2023-03-05,North America,Basic,Healthcare,Enterprise,39.07,22,True,59,2,17.7
CUST-003577,2022-01-14,North America,Pro,Technology,Startup,140.4,36,False,12,5,15.4
CUST-003578,2023-01-30,Europe,Basic,Technology,Mid-Market,50.23,23,False,34,4,13.9
CUST-003579,2023-02-21,Europe,Basic,Healthcare,Mid-Market,39.13,22,True,-3,1,51.4
CUST-003580,2023-01-27,Europe,Basic,Education,Mid-Market,40.03,23,False,-2,8,19.3
CUST-003581,2022-01-18,Europe,Basic,Education,Mid-Market,43.29,35,False,30,3,24.8
CUST-003582,2023-07-02,Asia Pacific,Pro,Technology,Enterprise,139.28,18,False,98,1,13.9
CUST-003583,2021-04-02,North America,Enterprise,Education,Mid-Market,500.01,45,False,23,6,62.2
CUST-003584,2022-06-24,Asia Pacific,Basic,Education,Mid-Market,45.92,30,False,48,3,24.0
CUST-003585,2023-06-20,North America,Basic,Education,Mid-Market,63.04,18,False,25,2,22.9
CUST-003586,2023-08-11,North America,Basic,Technology,Mid-Market,37.38,16,False,55,3,37.7
CUST-003587,2022-06-24,Europe,Enterprise,Education,SMB,510.51,30,False,33,2,22.1
CUST-003588,2022-04-09,Asia Pacific,Pro,Finance,SMB,151.37,33,False,10,1,76.0
CUST-003589,2022-07-05,North America,Pro,Manufacturing,Mid-Market,163.91,30,False,30,3,26.8
CUST-003590,2024-03-01,North America,Pro,Technology,SMB,162.55,10,False,0,3,45.7
CUST-003591,2021-05-07,Latin America,Pro,Healthcare,Mid-Market,144.73,44,False,17,3,29.1
CUST-003592,2021-11-06,North America,Basic,Education,Startup,34.91,38,False,42,3,38.9
CUST-003593,2021-07-18,Europe,Basic,Retail,SMB,47.52,42,False,21,2,10.4
CUST-003594,2021-06-25,Europe,Enterprise,Technology,Mid-Market,479.23,42,False,26,4,61.9
CUST-003595,2022-12-06,Europe,Pro,Healthcare,SMB,155.6,25,False,53,0,16.6
CUST-003596,2024-01-14,Europe,Pro,Manufacturing,SMB,150.52,11,False,24,2,22.9
CUST-003597,2023-04-28,North America,Pro,Finance,Startup,143.01,20,False,45,2,15.7
CUST-003598,2022-04-11,Europe,Basic,Healthcare,SMB,44.5,33,False,23,3,40.7
CUST-003599,2024-02-08,North America,Pro,Education,Mid-Market,138.78,10,False,53,2,36.3
CUST-003600,2021-05-05,Europe,Pro,Retail,Startup,148.68,44,False,61,1,28.3
CUST-003601,2023-03-04,North America,Basic,Education,Mid-Market,39.08,22,False,-4,1,8.9
CUST-003602,2023-12-07,Europe,Pro,Healthcare,SMB,148.63,13,False,15,0,37.7
CUST-003603,2023-05-08,North America,Enterprise,Technology,Enterprise,502.53,20,False,30,4,31.4
CUST-003604,2024-01-02,North America,Basic,Retail,Startup,55.5,12,False,21,2,33.5
CUST-003605,2023-08-31,North America,Basic,Retail,Startup,53.45,16,False,52,2,6.2
CUST-003606,2024-03-18,North America,Basic,Healthcare,SMB,46.02,9,False,39,4,22.6
CUST-003607,2022-04-28,Asia Pacific,Pro,Manufacturing,SMB,153.44,32,False,16,3,13.4
CUST-003608,2023-09-03,North America,Basic,Manufacturing,Startup,50.35,16,False,63,3,69.3
CUST-003609,2022-09-05,Asia Pacific,Pro,Education,Mid-Market,150.27,28,False,62,3,22.3
CUST-003610,2021-06-11,Latin America,Enterprise,Healthcare,SMB,488.74,43,False,8,2,73.9
CUST-003611,2023-03-20,Europe,Basic,Retail,SMB,36.52,21,False,22,1,53.5
CUST-003612,2021-03-13,North America,Enterprise,Healthcare,SMB,501.58,46,False,51,10,28.4
CUST-003613,2023-10-26,North America,Enterprise,Retail,Mid-Market,503.86,14,False,53,1,62.0
CUST-003614,2024-03-15,Asia Pacific,Basic,Education,Startup,42.79,9,False,63,5,36.4
CUST-003615,2023-11-25,North America,Basic,Technology,Startup,60.74,13,False,84,1,54.0
CUST-003616,2024-03-16,North America,Enterprise,Technology,Startup,521.13,9,False,43,5,46.0
CUST-003617,2021-10-29,Europe,Enterprise,Healthcare,Mid-Market,516.54,38,False,60,2,38.3
CUST-003618,2021-09-04,Asia Pacific,Basic,Retail,Mid-Market,46.33,40,True,88,1,42.7
CUST-003619,2023-07-09,Asia Pacific,Basic,Technology,SMB,44.67,18,False,34,2,37.2
CUST-003620,2021-12-21,North America,Basic,Retail,Startup,56.87,36,False,19,1,30.1
CUST-003621,2021-12-09,Europe,Enterprise,Education,Startup,505.79,37,False,40,3,40.2
CUST-003622,2022-03-10,North America,Basic,Healthcare,Mid-Market,37.87,34,False,66,2,33.1
CUST-003623,2022-01-30,North America,Pro,Retail,Startup,146.58,35,False,71,1,23.1
CUST-003624,2021-09-16,Asia Pacific,Pro,Healthcare,Mid-Market,155.62,40,False,37,1,16.1
CUST-003625,2021-03-29,North America,Basic,Retail,Startup,40.04,45,False,31,1,20.6
CUST-003626,2023-05-18,North America,Pro,Manufacturing,Startup,141.55,19,False,9,2,22.2
CUST-003627,2021-06-10,North America,Basic,Manufacturing,Startup,43.06,43,False,36,0,29.6
CUST-003628,2023-06-11,Asia Pacific,Enterprise,Retail,Mid-Market,495.01,18,False,11,4,54.1
CUST-003629,2022-02-18,Asia Pacific,Basic,Education,Mid-Market,33.31,34,False,15,2,7.8
CUST-003630,2021-10-30,Europe,Pro,Healthcare,Enterprise,155.93,38,False,39,3,61.2
CUST-003631,2022-06-13,Asia Pacific,Pro,Finance,SMB,141.66,31,False,9,3,31.3
CUST-003632,2022-10-17,North America,Basic,Retail,Startup,51.02,26,False,42,2,10.3
CUST-003633,2021-05-18,Europe,Basic,Retail,SMB,49.95,44,False,53,0,13.4
CUST-003634,2021-06-28,North America,Basic,Manufacturing,SMB,38.88,42,False,13,1,8.4
CUST-003635,2023-03-06,North America,Basic,Technology,SMB,31.34,22,False,23,6,49.4
CUST-003636,2024-02-14,Europe,Pro,Manufacturing,SMB,149.89,10,False,6,3,28.7
CUST-003637,2023-03-25,Asia Pacific,Pro,Healthcare,Startup,144.64,21,False,46,2,29.1
CUST-003638,2024-02-05,North America,Basic,Manufacturing,Startup,53.55,11,False,5,2,41.7
CUST-003639,2022-10-30,North America,Pro,Finance,Mid-Market,157.12,26,False,48,2,18.3
CUST-003640,2022-07-20,North America,Pro,Education,SMB,128.61,29,False,40,2,14.2
CUST-003641,2023-12-01,North America,Pro,Finance,Mid-Market,146.69,13,False,78,1,48.6
CUST-003642,2023-07-28,Asia Pacific,Basic,Education,SMB,59.42,17,False,68,1,7.2
CUST-003643,2021-01-26,Europe,Basic,Finance,Mid-Market,63.37,47,False,11,4,60.0
CUST-003644,2023-12-07,Europe,Basic,Manufacturing,SMB,30.68,13,False,71,2,3.0
CUST-003645,2023-05-10,Asia Pacific,Pro,Finance,Startup,160.52,20,False,24,3,1.1
CUST-003646,2021-08-19,North America,Basic,Manufacturing,Enterprise,38.9,41,False,18,0,18.6
CUST-003647,2023-04-29,Europe,Basic,Manufacturing,SMB,56.06,20,False,24,7,8.8
CUST-003648,2021-11-03,North America,Basic,Healthcare,Mid-Market,43.51,38,False,29,4,36.5
CUST-003649,2021-10-31,Europe,Pro,Manufacturing,Mid-Market,156.47,38,False,78,5,29.9
CUST-003650,2024-03-06,Latin America,Basic,Technology,SMB,45.38,10,False,-21,4,4.7
CUST-003651,2024-04-08,Asia Pacific,Basic,Finance,Mid-Market,34.62,8,False,72,1,5.0
CUST-003652,2021-07-25,North America,Basic,Retail,Mid-Market,43.19,41,True,51,4,29.8
CUST-003653,2021-08-05,Asia Pacific,Basic,Retail,SMB,54.4,41,False,38,3,23.8
CUST-003654,2024-02-27,North America,Pro,Retail,Mid-Market,144.78,10,False,23,2,40.0
CUST-003655,2021-07-26,North America,Basic,Technology,Mid-Market,38.27,41,False,33,2,48.1
CUST-003656,2022-08-09,North America,Basic,Manufacturing,Startup,36.29,29,False,52,3,16.1
CUST-003657,2024-01-02,North America,Pro,Finance,SMB,140.91,12,False,54,2,24.2
CUST-003658,2022-12-06,Europe,Basic,Education,Startup,40.82,25,False,18,3,21.3
CUST-003659,2023-04-22,Europe,Basic,Education,Mid-Market,54.74,20,False,50,2,15.4
CUST-003660,2022-06-25,Asia Pacific,Enterprise,Healthcare,Mid-Market,495.05,30,False,23,2,49.2
CUST-003661,2023-02-24,Europe,Basic,Technology,Mid-Market,46.01,22,False,31,2,53.0
CUST-003662,2023-09-22,Europe,Basic,Finance,Startup,47.2,15,False,61,0,14.3
CUST-003663,2024-03-17,North America,Basic,Manufacturing,SMB,54.4,9,False,50,1,46.6
CUST-003664,2023-08-27,North America,Basic,Retail,Mid-Market,55.37,16,False,2,2,15.2
CUST-003665,2021-03-18,Europe,Pro,Technology,SMB,143.73,46,False,37,3,53.7
CUST-003666,2021-12-19,North America,Pro,Technology,Mid-Market,146.36,36,False,43,0,20.4
CUST-003667,2022-07-19,Asia Pacific,Pro,Finance,Mid-Market,155.42,29,False,37,3,41.1
CUST-003668,2023-04-06,North America,Basic,Manufacturing,Startup,42.04,21,False,-15,1,22.0
CUST-003669,2021-10-22,North America,Basic,Healthcare,Startup,43.53,38,False,7,6,8.3
CUST-003670,2023-04-03,North America,Pro,Manufacturing,SMB,155.4,21,False,0,2,49.0
CUST-003671,2021-03-21,North America,Enterprise,Healthcare,Mid-Market,493.26,46,False,22,2,34.6
CUST-003672,2023-03-22,North America,Basic,Healthcare,Mid-Market,51.48,21,False,37,3,5.0
CUST-003673,2022-11-10,Europe,Basic,Retail,Mid-Market,33.2,26,False,24,1,35.4
CUST-003674,2022-05-02,North America,Basic,Retail,SMB,54.84,32,False,22,1,36.8
CUST-003675,2021-04-11,Europe,Basic,Finance,Startup,46.99,45,False,0,4,22.1
CUST-003676,2023-09-01,North America,Basic,Manufacturing,Mid-Market,53.07,16,False,10,3,20.2
CUST-003677,2022-07-05,North America,Basic,Healthcare,Startup,60.19,30,False,15,1,45.4
CUST-003678,2023-02-02,North America,Pro,Finance,Mid-Market,145.66,23,False,52,1,19.8
CUST-003679,2021-02-11,Asia Pacific,Pro,Healthcare,Startup,133.66,47,False,43,0,58.9
CUST-003680,2022-11-23,North America,Basic,Technology,Startup,45.38,25,True,50,2,36.7
CUST-003681,2022-09-13,Asia Pacific,Basic,Education,SMB,61.15,28,False,44,1,19.4
CUST-003682,2022-09-29,North America,Pro,Education,SMB,150.7,27,False,51,2,18.2
CUST-003683,2022-07-29,Asia Pacific,Basic,Healthcare,Mid-Market,38.36,29,False,7,0,43.9
CUST-003684,2023-10-04,North America,Pro,Finance,Startup,147.06,15,False,61,1,29.1
CUST-003685,2021-07-21,Europe,Basic,Retail,Enterprise,53.88,41,False,55,2,27.2
CUST-003686,2022-04-12,Europe,Pro,Manufacturing,SMB,147.75,33,False,27,2,33.9
CUST-003687,2021-10-03,Asia Pacific,Basic,Healthcare,SMB,47.47,39,False,54,6,68.9
CUST-003688,2022-09-08,North America,Basic,Healthcare,SMB,41.86,28,False,59,2,13.1
CUST-003689,2023-06-27,North America,Basic,Manufacturing,SMB,42.67,18,False,33,2,5.3
CUST-003690,2022-10-20,North America,Basic,Retail,Startup,51.22,26,False,45,0,31.0
CUST-003691,2022-07-06,Asia Pacific,Basic,Healthcare,Enterprise,53.92,30,False,24,3,35.1
CUST-003692,2023-05-04,Europe,Pro,Technology,SMB,147.27,20,False,61,2,29.8
CUST-003693,2021-07-02,Asia Pacific,Basic,Retail,Startup,44.06,42,False,25,1,8.2
CUST-003694,2022-01-20,North America,Basic,Technology,SMB,56.56,35,False,41,4,29.0
CUST-003695,2023-06-24,North America,Pro,Education,SMB,144.76,18,False,34,2,12.7
CUST-003696,2022-03-09,North America,Pro,Manufacturing,Startup,151.89,34,False,23,2,60.4
CUST-003697,2023-04-14,Latin America,Enterprise,Retail,Enterprise,504.33,20,False,0,4,30.1
CUST-003698,2023-09-20,Europe,Pro,Retail,Startup,136.36,15,True,52,1,36.4
CUST-003699,2023-11-24,Asia Pacific,Basic,Finance,SMB,50.4,13,False,34,1,47.1
CUST-003700,2023-02-05,North America,Pro,Finance,Enterprise,122.03,23,False,71,1,7.9
CUST-003701,2021-04-26,Europe,Enterprise,Manufacturing,Startup,497.98,44,True,59,4,29.5
CUST-003702,2023-11-22,Europe,Pro,Retail,SMB,154.79,13,False,59,0,50.2
CUST-003703,2021-11-22,North America,Basic,Education,Startup,52.37,37,False,49,2,12.2
CUST-003704,2021-05-15,Asia Pacific,Basic,Healthcare,Startup,57.0,44,False,50,1,3.1
CUST-003705,2022-09-30,Asia Pacific,Basic,Manufacturing,Startup,52.5,27,False,38,1,51.9
CUST-003706,2023-11-04,Asia Pacific,Pro,Manufacturing,Mid-Market,143.58,14,False,51,2,27.1
CUST-003707,2023-04-07,Europe,Pro,Finance,Mid-Market,133.61,21,False,26,1,40.5
CUST-003708,2021-10-05,North America,Pro,Education,Mid-Market,150.13,39,False,-13,1,17.9
CUST-003709,2023-12-10,North America,Basic,Manufacturing,SMB,53.79,12,False,49,2,13.4
CUST-003710,2024-03-10,Latin America,Pro,Education,Mid-Market,131.42,9,False,49,2,21.5
CUST-003711,2021-03-01,North America,Pro,Manufacturing,SMB,153.04,46,False,8,2,50.6
CUST-003712,2021-12-22,Europe,Basic,Finance,SMB,49.88,36,True,45,2,20.2
CUST-003713,2022-01-30,Europe,Pro,Healthcare,SMB,145.35,35,False,44,5,31.3
CUST-003714,2022-02-16,Europe,Basic,Finance,Startup,53.4,34,False,56,2,12.5
CUST-003715,2021-04-29,Latin America,Enterprise,Manufacturing,Enterprise,496.25,44,False,32,2,33.7
CUST-003716,2022-05-26,North America,Pro,Education,Mid-Market,145.61,31,False,4,4,8.0
CUST-003717,2021-03-09,North America,Pro,Technology,Mid-Market,136.29,46,False,25,4,24.5
CUST-003718,2023-07-24,North America,Pro,Finance,Mid-Market,153.05,17,False,25,3,21.0
CUST-003719,2021-04-14,North America,Enterprise,Education,Mid-Market,485.94,45,False,32,3,62.4
CUST-003720,2023-01-09,North America,Basic,Finance,Startup,42.16,24,False,37,3,24.6
CUST-003721,2022-02-12,North America,Basic,Manufacturing,SMB,53.56,35,False,30,2,55.9
CUST-003722,2022-07-16,Asia Pacific,Pro,Education,Mid-Market,147.33,29,False,42,0,12.8
CUST-003723,2023-01-25,Asia Pacific,Basic,Healthcare,Startup,66.09,23,False,13,3,66.6
CUST-003724,2023-08-09,North America,Basic,Education,Enterprise,54.93,17,True,42,4,17.4
CUST-003725,2023-11-01,North America,Enterprise,Retail,SMB,506.51,14,False,19,2,39.3
CUST-003726,2023-03-24,Asia Pacific,Pro,Technology,SMB,157.54,21,False,30,4,32.8
CUST-003727,2021-09-11,North America,Basic,Manufacturing,SMB,46.59,40,True,-1,4,37.6
CUST-003728,2021-03-04,North America,Basic,Education,Mid-Market,43.68,46,False,53,5,19.5
CUST-003729,2022-05-11,North America,Basic,Manufacturing,SMB,36.86,32,False,28,5,28.5
CUST-003730,2023-02-02,Europe,Basic,Finance,Mid-Market,34.46,23,False,41,1,37.4
CUST-003731,2023-09-29,North America,Basic,Finance,SMB,60.47,15,False,18,1,52.9
CUST-003732,2023-07-03,Latin America,Pro,Education,Mid-Market,142.78,18,False,23,3,16.3
CUST-003733,2021-12-30,North America,Basic,Retail,Startup,57.94,36,False,15,0,25.7
CUST-003734,2023-08-30,Europe,Basic,Education,Startup,34.28,16,False,38,1,48.9
CUST-003735,2024-02-04,North America,Basic,Healthcare,Startup,47.17,11,False,46,1,31.3
CUST-003736,2022-12-18,Europe,Enterprise,Retail,SMB,511.68,24,False,14,5,30.2
CUST-003737,2022-12-07,Europe,Basic,Manufacturing,SMB,51.66,25,False,37,0,43.7
CUST-003738,2021-12-01,Asia Pacific,Basic,Education,Mid-Market,51.93,37,True,30,4,59.7
CUST-003739,2022-06-14,Asia Pacific,Basic,Manufacturing,SMB,43.14,31,True,38,2,17.2
CUST-003740,2021-07-05,Europe,Pro,Technology,Startup,139.97,42,False,17,2,39.6
CUST-003741,2022-08-07,Asia Pacific,Pro,Retail,Startup,148.55,29,False,44,3,34.6
CUST-003742,2021-02-26,Asia Pacific,Basic,Education,Startup,37.74,46,False,29,1,29.8
CUST-003743,2023-03-03,Asia Pacific,Basic,Technology,SMB,47.93,22,False,32,2,38.7
CUST-003744,2021-04-12,North America,Basic,Education,Startup,58.81,45,False,81,3,36.9
CUST-003745,2021-11-30,North America,Pro,Healthcare,SMB,136.33,37,False,0,1,7.7
CUST-003746,2024-03-17,North America,Pro,Finance,SMB,155.42,9,False,45,1,34.6
CUST-003747,2022-03-15,Europe,Basic,Manufacturing,SMB,58.96,34,False,43,4,58.9
CUST-003748,2022-03-30,North America,Basic,Education,Mid-Market,46.4,33,False,47,3,44.7
CUST-003749,2022-04-07,North America,Basic,Retail,SMB,49.33,33,False,46,3,50.1
CUST-003750,2022-02-28,Asia Pacific,Basic,Education,Startup,44.21,34,False,38,1,30.3
CUST-003751,2022-07-06,Asia Pacific,Pro,Education,SMB,145.9,30,False,43,2,42.0
CUST-003752,2023-04-19,Asia Pacific,Basic,Education,Startup,57.18,20,False,88,1,38.4
CUST-003753,2023-11-18,North America,Basic,Education,Startup,56.25,13,False,31,2,5.5
CUST-003754,2021-02-11,Europe,Basic,Retail,Mid-Market,52.93,47,False,31,2,34.4
CUST-003755,2021-01-19,North America,Enterprise,Retail,Startup,505.08,48,False,13,4,70.0
CUST-003756,2023-08-29,North America,Enterprise,Education,Enterprise,501.0,16,False,18,4,24.9
CUST-003757,2021-09-28,North America,Basic,Finance,Startup,36.73,39,False,39,3,51.6
CUST-003758,2021-12-21,North America,Basic,Education,Mid-Market,59.64,36,False,42,2,14.1
CUST-003759,2021-01-18,North America,Basic,Manufacturing,Mid-Market,40.07,48,False,32,3,10.1
CUST-003760,2022-04-04,Asia Pacific,Basic,Manufacturing,SMB,48.0,33,False,48,4,56.6
CUST-003761,2022-06-01,North America,Basic,Retail,SMB,57.53,31,False,26,1,69.6
CUST-003762,2022-09-18,Europe,Pro,Manufacturing,SMB,134.99,27,False,84,3,10.0
CUST-003763,2022-07-18,Europe,Pro,Manufacturing,Mid-Market,155.25,29,True,38,0,49.6
CUST-003764,2023-05-18,North America,Enterprise,Healthcare,SMB,487.08,19,True,48,1,64.1
CUST-003765,2023-02-11,Europe,Basic,Education,Startup,54.95,22,True,38,4,26.2
CUST-003766,2022-12-16,North America,Pro,Education,SMB,161.03,24,False,22,2,83.1
CUST-003767,2023-07-30,Europe,Pro,Education,Startup,141.62,17,False,24,3,27.3
CUST-003768,2022-06-01,North America,Basic,Education,Enterprise,40.32,31,False,12,4,35.8
CUST-003769,2022-03-23,North America,Basic,Technology,Mid-Market,49.76,33,False,0,4,31.2
CUST-003770,2023-08-14,North America,Basic,Education,Startup,40.01,16,False,53,2,32.1
CUST-003771,2022-09-11,Europe,Basic,Retail,SMB,27.23,28,False,22,0,25.4
CUST-003772,2023-12-03,Asia Pacific,Basic,Retail,Startup,48.75,13,False,33,3,30.9
CUST-003773,2023-03-25,North America,Pro,Technology,Mid-Market,152.35,21,False,65,2,82.3
CUST-003774,2024-04-12,Europe,Basic,Education,Enterprise,45.72,8,False,58,0,13.1
CUST-003775,2021-07-29,Europe,Enterprise,Finance,Startup,500.13,41,False,37,2,11.8
CUST-003776,2021-01-16,Asia Pacific,Basic,Education,SMB,59.49,48,False,30,1,14.6
CUST-003777,2023-11-14,Asia Pacific,Enterprise,Retail,Enterprise,495.42,13,False,31,1,50.2
CUST-003778,2023-02-06,Europe,Basic,Healthcare,Startup,46.73,23,False,79,3,32.5
CUST-003779,2024-02-24,Europe,Pro,Manufacturing,SMB,148.8,10,False,38,1,53.9
CUST-003780,2022-08-02,Asia Pacific,Basic,Healthcare,SMB,45.86,29,False,94,1,4.7
CUST-003781,2022-09-04,North America,Basic,Finance,Startup,45.86,28,False,8,0,43.4
CUST-003782,2021-08-10,North America,Enterprise,Education,Startup,516.09,41,False,35,2,40.5
CUST-003783,2023-09-14,North America,Basic,Technology,Enterprise,50.26,15,False,58,2,2.7
CUST-003784,2021-05-11,Asia Pacific,Pro,Education,SMB,146.03,44,False,56,0,30.9
CUST-003785,2022-11-20,Asia Pacific,Pro,Finance,SMB,162.84,25,False,47,1,12.8
CUST-003786,2022-07-21,North America,Basic,Finance,SMB,59.85,29,False,22,0,62.1
CUST-003787,2022-10-28,Europe,Basic,Manufacturing,Mid-Market,55.24,26,False,8,5,38.6
CUST-003788,2022-07-22,Europe,Pro,Finance,SMB,142.9,29,False,31,2,12.7
CUST-003789,2022-06-19,North America,Basic,Healthcare,Startup,76.32,30,False,55,3,16.4
CUST-003790,2022-09-04,Latin America,Pro,Manufacturing,Startup,133.34,28,False,69,6,11.1
CUST-003791,2022-01-21,North America,Enterprise,Education,Mid-Market,481.19,35,False,37,4,59.7
CUST-003792,2021-11-04,North America,Basic,Education,Startup,52.83,38,False,33,2,32.3
CUST-003793,2023-11-26,Europe,Basic,Technology,Startup,45.43,13,False,39,2,12.2
CUST-003794,2022-05-08,Europe,Pro,Finance,SMB,124.23,32,False,39,2,56.2
CUST-003795,2021-04-27,North America,Basic,Finance,Startup,47.59,44,False,58,2,58.7
CUST-003796,2023-04-08,Europe,Basic,Retail,Enterprise,49.79,21,False,27,1,40.8
CUST-003797,2022-10-17,Europe,Basic,Manufacturing,Mid-Market,47.32,26,False,32,2,34.8
CUST-003798,2021-10-14,North America,Pro,Retail,Startup,152.02,39,False,44,2,30.5
CUST-003799,2021-02-22,North America,Basic,Manufacturing,Startup,44.3,46,False,22,4,5.3
CUST-003800,2023-10-16,Europe,Basic,Healthcare,SMB,47.61,14,False,16,1,24.5
CUST-003801,2022-08-29,North America,Pro,Manufacturing,SMB,162.08,28,False,63,2,10.2
CUST-003802,2022-06-16,Asia Pacific,Basic,Education,Mid-Market,58.59,30,False,34,2,36.7
CUST-003803,2023-05-08,Asia Pacific,Basic,Technology,SMB,46.91,20,True,52,2,15.3
CUST-003804,2023-04-09,Latin America,Enterprise,Manufacturing,SMB,504.48,21,False,48,6,34.5
CUST-003805,2023-03-07,North America,Pro,Manufacturing,Enterprise,157.74,22,False,7,1,20.5
CUST-003806,2021-03-14,Latin America,Pro,Manufacturing,SMB,139.62,46,False,21,6,24.4
CUST-003807,2024-04-09,North America,Basic,Technology,SMB,52.3,8,False,36,3,44.7
CUST-003808,2024-03-17,North America,Pro,Finance,Mid-Market,150.56,9,False,30,1,58.9
CUST-003809,2022-01-24,North America,Basic,Technology,Mid-Market,55.58,35,False,39,0,27.9
CUST-003810,2022-12-04,North America,Basic,Finance,Mid-Market,39.56,25,False,38,3,19.0
CUST-003811,2022-04-01,Europe,Basic,Education,Mid-Market,48.66,33,False,50,1,19.5
CUST-003812,2023-12-31,Europe,Basic,Technology,SMB,41.46,12,False,34,0,10.6
CUST-003813,2023-09-02,North America,Pro,Finance,SMB,152.32,16,False,36,3,52.9
CUST-003814,2023-01-05,Europe,Basic,Education,Startup,40.75,24,False,6,4,28.4
CUST-003815,2023-11-05,North America,Pro,Education,Mid-Market,143.55,14,False,22,1,34.4
CUST-003816,2022-09-07,Europe,Pro,Finance,Startup,150.23,28,False,23,1,26.6
CUST-003817,2021-12-15,North America,Pro,Finance,Startup,139.6,37,False,26,4,57.7
CUST-003818,2024-02-18,Asia Pacific,Basic,Healthcare,Enterprise,32.84,10,False,27,5,32.3
CUST-003819,2022-01-06,Asia Pacific,Pro,Education,SMB,159.39,36,True,46,5,23.1
CUST-003820,2022-08-25,Europe,Basic,Finance,Startup,42.57,28,False,70,1,49.7
CUST-003821,2021-07-19,North America,Basic,Education,SMB,35.0,42,False,8,1,3.7
CUST-003822,2023-08-23,North America,Enterprise,Technology,SMB,487.91,16,False,30,0,67.5
CUST-003823,2021-09-20,Asia Pacific,Basic,Retail,SMB,48.0,39,False,17,3,29.7
CUST-003824,2022-06-14,North America,Basic,Retail,Startup,64.77,31,False,8,4,27.9
CUST-003825,2024-02-19,North America,Enterprise,Manufacturing,Startup,497.6,10,False,24,3,59.8
CUST-003826,2022-01-10,North America,Basic,Finance,SMB,54.83,36,False,13,1,22.6
CUST-003827,2022-11-19,Europe,Pro,Finance,SMB,145.16,25,False,39,0,31.0
CUST-003828,2021-07-02,Europe,Basic,Education,Startup,50.86,42,False,31,5,29.9
CUST-003829,2022-04-01,Asia Pacific,Basic,Manufacturing,SMB,46.93,33,False,29,4,32.8
CUST-003830,2022-12-29,North America,Basic,Finance,SMB,54.7,24,True,41,2,30.5
CUST-003831,2022-04-03,North America,Basic,Education,Startup,37.67,33,False,6,2,47.9
CUST-003832,2022-09-21,Asia Pacific,Basic,Finance,Mid-Market,49.75,27,False,14,1,32.8
CUST-003833,2023-05-12,Asia Pacific,Pro,Education,Mid-Market,150.54,19,False,42,5,25.3
CUST-003834,2022-11-10,North America,Pro,Finance,Startup,152.96,26,False,14,2,24.6
CUST-003835,2023-02-01,Europe,Enterprise,Healthcare,Startup,485.54,23,False,-5,2,37.4
CUST-003836,2022-06-18,North America,Basic,Education,SMB,44.24,30,False,67,4,20.7
CUST-003837,2024-04-14,Asia Pacific,Pro,Healthcare,Mid-Market,155.01,8,False,41,2,25.1
CUST-003838,2022-08-26,North America,Pro,Healthcare,Enterprise,151.26,28,False,55,1,46.1
CUST-003839,2023-08-08,Asia Pacific,Enterprise,Healthcare,SMB,516.34,17,False,20,1,33.0
CUST-003840,2021-08-30,Europe,Basic,Healthcare,Mid-Market,43.71,40,True,7,4,44.6
CUST-003841,2023-08-22,Europe,Pro,Technology,Mid-Market,129.13,16,False,40,2,8.5
CUST-003842,2021-04-20,North America,Enterprise,Manufacturing,SMB,494.34,45,False,12,6,52.4
CUST-003843,2024-04-10,Europe,Basic,Retail,Startup,22.38,8,False,55,4,53.6
CUST-003844,2024-04-03,North America,Enterprise,Technology,SMB,506.02,9,False,39,2,51.5
CUST-003845,2021-05-26,North America,Basic,Finance,Startup,48.97,43,False,38,6,42.4
CUST-003846,2023-08-26,Europe,Pro,Finance,Startup,152.98,16,False,39,2,9.5
CUST-003847,2022-02-03,Latin America,Enterprise,Manufacturing,Mid-Market,504.58,35,False,75,3,46.1
CUST-003848,2023-10-22,Europe,Pro,Retail,Startup,159.4,14,False,48,2,63.0
CUST-003849,2021-09-03,Europe,Basic,Retail,Startup,23.09,40,False,30,1,17.4
CUST-003850,2023-02-21,North America,Basic,Retail,Mid-Market,28.58,22,False,37,4,30.9
CUST-003851,2023-12-22,North America,Enterprise,Healthcare,SMB,491.45,12,False,17,5,33.8
CUST-003852,2022-09-04,North America,Basic,Technology,Startup,45.96,28,False,24,3,22.0
CUST-003853,2023-04-27,Europe,Basic,Finance,SMB,51.0,20,False,60,0,17.0
CUST-003854,2021-04-21,Asia Pacific,Pro,Technology,Startup,150.25,45,False,35,2,41.7
CUST-003855,2021-11-05,Europe,Basic,Technology,Startup,50.76,38,False,50,4,29.8
CUST-003856,2021-10-09,North America,Basic,Technology,Mid-Market,33.37,39,False,17,5,33.4
CUST-003857,2022-02-15,North America,Basic,Retail,Startup,41.05,35,True,51,2,12.1
CUST-003858,2022-12-03,Europe,Basic,Manufacturing,SMB,45.78,25,False,31,4,26.5
CUST-003859,2023-04-19,North America,Pro,Manufacturing,Startup,147.49,20,False,39,3,34.0
CUST-003860,2024-03-12,Asia Pacific,Pro,Retail,Enterprise,144.0,9,False,36,3,31.9
CUST-003861,2023-07-27,Asia Pacific,Pro,Finance,Mid-Market,151.54,17,False,38,1,13.1
CUST-003862,2021-10-21,Europe,Pro,Finance,Enterprise,137.59,38,False,32,2,13.7
CUST-003863,2022-10-10,North America,Enterprise,Finance,SMB,494.17,27,False,60,4,42.7
CUST-003864,2022-01-05,North America,Pro,Manufacturing,Mid-Market,154.03,36,False,4,2,17.1
CUST-003865,2021-06-15,North America,Basic,Manufacturing,Mid-Market,51.04,43,False,45,2,23.0
CUST-003866,2023-09-26,North America,Pro,Technology,Mid-Market,145.27,15,False,21,1,21.2
CUST-003867,2022-11-13,North America,Basic,Retail,Startup,45.49,25,True,15,3,30.4
CUST-003868,2021-12-29,Europe,Pro,Healthcare,Startup,144.24,36,False,77,2,60.4
CUST-003869,2022-10-04,Europe,Pro,Technology,Startup,145.65,27,False,15,1,14.8
CUST-003870,2021-04-29,North America,Basic,Education,Startup,43.96,44,False,-1,0,53.4
CUST-003871,2021-01-10,North America,Enterprise,Manufacturing,Mid-Market,495.36,48,False,54,3,36.1
CUST-003872,2023-07-15,North America,Basic,Technology,SMB,51.96,17,False,25,3,13.5
CUST-003873,2022-07-15,North America,Pro,Retail,SMB,151.75,30,True,60,2,19.5
CUST-003874,2022-03-05,Asia Pacific,Basic,Education,SMB,35.87,34,False,-10,2,13.3
CUST-003875,2021-12-12,North America,Enterprise,Technology,Startup,516.92,37,False,72,1,36.7
CUST-003876,2024-03-26,North America,Basic,Retail,Startup,43.57,9,False,53,1,18.8
CUST-003877,2021-11-21,North America,Basic,Retail,SMB,53.69,37,False,30,2,35.3
CUST-003878,2023-09-30,Asia Pacific,Basic,Manufacturing,Mid-Market,38.28,15,False,0,0,28.7
CUST-003879,2021-06-30,Europe,Basic,Healthcare,SMB,63.63,42,False,8,2,21.2
CUST-003880,2021-09-23,North America,Basic,Technology,Mid-Market,54.38,39,False,21,4,26.3
CUST-003881,2023-06-08,Europe,Pro,Retail,SMB,152.82,19,False,49,2,1.8
CUST-003882,2023-05-30,Europe,Basic,Finance,Mid-Market,47.21,19,False,17,5,11.6
CUST-003883,2023-04-07,Latin America,Basic,Retail,Startup,30.6,21,False,-6,1,25.9
CUST-003884,2023-05-29,North America,Basic,Healthcare,SMB,65.63,19,False,39,2,38.0
CUST-003885,2023-09-05,Asia Pacific,Pro,Retail,Startup,157.54,16,True,54,1,36.3
CUST-003886,2023-02-25,Asia Pacific,Pro,Manufacturing,SMB,145.79,22,False,78,6,58.0
CUST-003887,2021-01-10,Asia Pacific,Pro,Technology,SMB,153.79,48,False,14,0,24.1
CUST-003888,2021-03-19,Europe,Pro,Manufacturing,Mid-Market,135.89,46,False,16,0,15.4
CUST-003889,2023-12-30,Europe,Basic,Technology,Startup,29.93,12,False,-24,3,19.5
CUST-003890,2022-02-13,North America,Basic,Education,Startup,49.16,35,False,4,1,9.2
CUST-003891,2023-02-04,Asia Pacific,Basic,Technology,Mid-Market,41.02,23,False,13,2,28.4
CUST-003892,2021-01-29,Europe,Pro,Education,SMB,144.17,47,False,17,3,14.5
CUST-003893,2022-10-22,Europe,Enterprise,Manufacturing,SMB,498.47,26,False,24,1,59.6
CUST-003894,2023-12-24,North America,Basic,Finance,Mid-Market,37.13,12,True,46,2,47.4
CUST-003895,2022-01-26,Europe,Basic,Healthcare,SMB,48.2,35,False,45,4,19.7
CUST-003896,2021-02-06,Asia Pacific,Basic,Finance,Mid-Market,37.96,47,True,24,1,41.1
CUST-003897,2021-01-09,North America,Basic,Education,Mid-Market,59.12,48,False,35,2,37.0
CUST-003898,2022-05-25,Asia Pacific,Pro,Retail,Mid-Market,148.0,31,False,7,3,18.0
CUST-003899,2022-04-09,Europe,Basic,Retail,Mid-Market,54.28,33,False,23,0,12.7
CUST-003900,2022-12-07,Asia Pacific,Enterprise,Finance,Startup,481.27,25,False,9,4,27.8
CUST-003901,2022-10-02,North America,Basic,Retail,SMB,54.9,27,False,20,2,23.3
CUST-003902,2021-09-22,North America,Enterprise,Education,Enterprise,513.97,39,False,72,2,33.9
CUST-003903,2021-07-30,Asia Pacific,Pro,Manufacturing,Startup,150.18,41,False,37,3,11.6
CUST-003904,2023-02-25,North America,Pro,Healthcare,SMB,154.22,22,True,23,2,20.0
CUST-003905,2023-10-28,Asia Pacific,Pro,Technology,Mid-Market,146.62,14,False,44,2,34.4
CUST-003906,2022-09-19,Europe,Pro,Education,SMB,152.75,27,False,27,1,22.8
CUST-003907,2021-12-09,Europe,Pro,Education,SMB,165.01,37,False,68,3,8.5
CUST-003908,2021-05-14,North America,Pro,Technology,Startup,171.46,44,False,42,5,27.7
CUST-003909,2021-04-04,Europe,Pro,Technology,SMB,152.17,45,False,11,4,50.6
CUST-003910,2022-09-03,North America,Enterprise,Healthcare,Startup,488.8,28,False,61,2,33.5
CUST-003911,2022-08-19,North America,Pro,Healthcare,Enterprise,155.23,28,False,47,4,27.7
CUST-003912,2023-07-23,North America,Pro,Healthcare,Mid-Market,136.62,17,False,44,5,27.1
CUST-003913,2023-12-02,North America,Enterprise,Retail,Mid-Market,492.76,13,False,51,2,31.4
CUST-003914,2023-12-10,Latin America,Basic,Education,SMB,43.9,12,True,49,2,13.2
CUST-003915,2022-11-23,Latin America,Basic,Manufacturing,Startup,69.41,25,False,45,3,34.6
CUST-003916,2023-06-08,North America,Basic,Technology,SMB,63.29,19,False,31,3,29.2
CUST-003917,2021-10-02,Europe,Pro,Education,SMB,161.22,39,False,53,1,17.6
CUST-003918,2022-12-03,North America,Pro,Education,SMB,157.21,25,False,31,2,63.5
CUST-003919,2023-10-01,Europe,Basic,Healthcare,SMB,39.92,15,False,61,3,34.6
CUST-003920,2023-01-06,Asia Pacific,Pro,Healthcare,SMB,151.36,24,False,44,1,18.3
CUST-003921,2022-01-21,Asia Pacific,Pro,Education,SMB,167.38,35,False,38,4,29.1
CUST-003922,2021-12-04,North America,Basic,Healthcare,Enterprise,53.48,37,False,47,3,37.3
CUST-003923,2023-04-07,Asia Pacific,Pro,Retail,SMB,159.3,21,False,38,1,40.8
CUST-003924,2021-02-09,North America,Pro,Technology,Mid-Market,132.9,47,False,60,4,11.7
CUST-003925,2022-04-13,Latin America,Basic,Education,Startup,56.22,33,False,53,1,35.0
CUST-003926,2022-04-05,North America,Pro,Technology,SMB,138.46,33,False,36,2,13.0
CUST-003927,2021-09-26,Europe,Pro,Retail,Startup,146.79,39,False,-30,1,31.7
CUST-003928,2022-03-09,Europe,Basic,Healthcare,SMB,63.22,34,False,52,1,20.4
CUST-003929,2021-02-14,Europe,Basic,Finance,SMB,52.47,47,False,43,2,58.7
CUST-003930,2023-10-31,North America,Enterprise,Retail,Startup,507.15,14,False,83,3,52.9
CUST-003931,2021-12-13,Asia Pacific,Basic,Finance,Mid-Market,47.15,37,False,9,1,6.1
CUST-003932,2021-09-10,North America,Basic,Technology,Startup,29.74,40,False,30,0,27.8
CUST-003933,2023-01-21,Europe,Basic,Education,SMB,39.65,23,False,4,2,31.0
CUST-003934,2021-03-18,North America,Pro,Healthcare,SMB,155.8,46,True,20,0,10.7
CUST-003935,2023-02-08,North America,Pro,Retail,SMB,152.35,23,False,66,2,36.1
CUST-003936,2022-06-08,Europe,Pro,Healthcare,Mid-Market,165.62,31,False,1,3,25.0
CUST-003937,2024-01-01,North America,Basic,Finance,SMB,50.27,12,False,7,1,41.5
CUST-003938,2021-04-10,North America,Enterprise,Finance,SMB,490.07,45,False,46,3,26.6
CUST-003939,2021-04-09,North America,Basic,Manufacturing,Startup,48.74,45,False,38,1,17.1
CUST-003940,2021-08-10,North America,Basic,Education,Mid-Market,58.98,41,False,28,2,22.1
CUST-003941,2021-02-10,Asia Pacific,Basic,Finance,SMB,31.43,47,True,-16,4,24.8
CUST-003942,2021-04-09,Asia Pacific,Basic,Education,Mid-Market,52.46,45,False,60,3,50.9
CUST-003943,2021-08-26,North America,Enterprise,Manufacturing,SMB,486.4,40,False,30,1,46.9
CUST-003944,2023-05-04,North America,Enterprise,Retail,Mid-Market,500.63,20,False,14,3,37.8
CUST-003945,2023-06-29,North America,Basic,Manufacturing,Enterprise,56.26,18,False,41,5,4.8
CUST-003946,2023-02-18,North America,Enterprise,Education,Mid-Market,504.52,22,False,60,5,67.5
CUST-003947,2021-09-11,Europe,Pro,Finance,SMB,162.4,40,False,29,3,42.3
CUST-003948,2024-01-26,Europe,Enterprise,Technology,SMB,501.51,11,False,22,1,21.0
CUST-003949,2022-06-02,North America,Basic,Education,SMB,54.14,31,False,35,1,5.8
CUST-003950,2023-08-30,North America,Pro,Healthcare,SMB,154.49,16,False,42,1,11.6
CUST-003951,2021-11-10,North America,Basic,Technology,Startup,39.3,38,False,44,0,10.0
CUST-003952,2022-02-25,Asia Pacific,Pro,Education,Mid-Market,147.73,34,True,30,3,21.4
CUST-003953,2021-01-20,Latin America,Basic,Healthcare,Startup,24.41,48,False,59,1,14.8
CUST-003954,2022-09-09,North America,Pro,Manufacturing,Startup,152.77,28,False,17,2,3.6
CUST-003955,2023-05-12,North America,Basic,Technology,Mid-Market,21.48,19,False,31,3,30.7
CUST-003956,2021-07-26,Asia Pacific,Basic,Education,Startup,57.49,41,False,31,1,25.6
CUST-003957,2023-12-02,Asia Pacific,Pro,Retail,Mid-Market,165.53,13,False,4,5,14.4
CUST-003958,2022-07-07,North America,Enterprise,Manufacturing,Mid-Market,503.99,30,False,42,3,21.0
CUST-003959,2021-10-08,North America,Pro,Healthcare,Enterprise,155.53,39,False,36,2,34.6
CUST-003960,2023-05-08,North America,Enterprise,Retail,Mid-Market,511.05,20,False,31,6,52.6
CUST-003961,2021-08-03,Europe,Basic,Finance,SMB,44.65,41,True,45,1,8.9
CUST-003962,2023-11-14,North America,Pro,Manufacturing,SMB,136.28,13,False,31,4,33.1
CUST-003963,2021-08-30,North America,Basic,Manufacturing,SMB,48.14,40,True,63,1,15.1
CUST-003964,2022-08-02,Europe,Basic,Education,Startup,41.37,29,False,44,5,4.4
CUST-003965,2021-08-22,North America,Pro,Education,SMB,149.77,40,False,42,4,24.2
CUST-003966,2021-08-06,Asia Pacific,Pro,Healthcare,Mid-Market,151.55,41,False,21,2,7.2
CUST-003967,2023-10-17,North America,Pro,Manufacturing,Startup,144.22,14,False,-2,3,2.6
CUST-003968,2022-02-11,North America,Pro,Education,SMB,141.86,35,False,51,2,12.6
CUST-003969,2022-02-14,Europe,Pro,Finance,Mid-Market,127.46,35,False,-2,0,43.3
CUST-003970,2022-06-23,North America,Basic,Education,Startup,47.31,30,False,29,3,26.8
CUST-003971,2023-12-08,Latin America,Basic,Manufacturing,Startup,44.63,12,False,52,1,24.6
CUST-003972,2022-02-18,Europe,Pro,Technology,Startup,145.34,34,False,17,2,24.6
CUST-003973,2023-01-04,North America,Basic,Retail,Mid-Market,56.32,24,False,25,0,38.3
CUST-003974,2023-04-20,Europe,Basic,Manufacturing,Mid-Market,68.65,20,False,7,2,15.3
CUST-003975,2022-08-28,North America,Basic,Finance,Mid-Market,45.43,28,False,16,3,60.6
CUST-003976,2021-11-25,Asia Pacific,Pro,Manufacturing,Startup,152.86,37,False,19,3,44.2
CUST-003977,2021-03-22,North America,Basic,Finance,Mid-Market,51.54,46,False,25,1,37.9
CUST-003978,2024-01-28,Europe,Pro,Manufacturing,SMB,160.35,11,False,37,3,9.7
CUST-003979,2023-10-14,North America,Pro,Retail,SMB,139.88,14,False,39,2,16.8
CUST-003980,2022-03-02,North America,Basic,Retail,SMB,39.59,34,False,63,2,37.0
CUST-003981,2023-09-12,Asia Pacific,Pro,Finance,SMB,140.75,15,False,25,1,42.2
CUST-003982,2022-11-09,Asia Pacific,Pro,Manufacturing,SMB,126.32,26,False,46,0,29.1
CUST-003983,2022-04-26,North America,Pro,Retail,Mid-Market,148.54,32,False,22,4,62.0
CUST-003984,2021-01-06,North America,Pro,Healthcare,Startup,138.47,48,False,68,1,29.3
CUST-003985,2021-01-27,Asia Pacific,Basic,Manufacturing,SMB,51.51,47,True,37,4,35.1
CUST-003986,2021-07-02,Asia Pacific,Pro,Retail,SMB,125.08,42,False,30,2,18.4
CUST-003987,2021-08-15,North America,Basic,Technology,SMB,48.43,41,False,19,4,12.0
CUST-003988,2024-03-21,Europe,Enterprise,Technology,SMB,496.44,9,False,53,1,25.7
CUST-003989,2023-10-09,North America,Pro,Healthcare,Mid-Market,143.55,14,True,37,3,19.4
CUST-003990,2021-11-02,Asia Pacific,Pro,Retail,Mid-Market,158.98,38,False,39,2,39.6
CUST-003991,2021-07-04,North America,Basic,Technology,Mid-Market,40.95,42,False,13,4,28.7
CUST-003992,2023-11-14,North America,Basic,Manufacturing,Mid-Market,52.04,13,True,19,1,13.7
CUST-003993,2021-06-03,Asia Pacific,Basic,Education,Startup,42.68,43,False,0,1,28.3
CUST-003994,2021-07-27,North America,Basic,Retail,Mid-Market,65.59,41,False,24,1,53.7
CUST-003995,2022-06-09,Europe,Basic,Healthcare,SMB,47.63,31,False,25,3,39.6
CUST-003996,2022-04-19,North America,Pro,Retail,SMB,155.76,32,False,8,3,31.3
CUST-003997,2023-07-25,North America,Basic,Finance,Startup,55.1,17,False,33,4,31.8
CUST-003998,2022-08-30,North America,Enterprise,Finance,Startup,510.46,28,False,28,2,44.1
CUST-003999,2022-06-25,Europe,Basic,Technology,Startup,50.46,30,False,20,7,43.8
CUST-004000,2023-08-09,North America,Enterprise,Finance,Startup,485.83,17,False,17,0,72.9
CUST-004001,2021-04-13,Europe,Enterprise,Healthcare,Startup,503.43,45,False,38,4,66.8
CUST-004002,2021-07-24,Asia Pacific,Pro,Technology,Mid-Market,151.77,41,False,19,1,26.0
CUST-004003,2021-12-24,Asia Pacific,Pro,Healthcare,Startup,118.64,36,False,67,1,56.2
CUST-004004,2021-03-22,North America,Basic,Manufacturing,SMB,32.28,46,False,31,3,42.6
CUST-004005,2022-08-19,North America,Pro,Healthcare,Mid-Market,156.06,28,False,53,0,8.8
CUST-004006,2023-01-08,North America,Basic,Finance,Startup,63.2,24,False,12,4,28.9
CUST-004007,2022-10-03,North America,Basic,Manufacturing,Mid-Market,48.17,27,False,31,2,25.8
CUST-004008,2023-05-23,North America,Pro,Finance,Mid-Market,157.09,19,True,15,4,24.9
CUST-004009,2021-08-26,Europe,Basic,Healthcare,SMB,50.09,40,True,43,1,15.9
CUST-004010,2021-07-14,North America,Pro,Finance,Startup,149.36,42,False,33,5,44.8
CUST-004011,2021-04-04,North America,Basic,Finance,Startup,47.57,45,False,74,2,39.8
CUST-004012,2021-01-20,North America,Basic,Finance,SMB,49.81,48,False,27,2,17.3
CUST-004013,2021-10-11,Europe,Basic,Retail,Startup,52.88,39,False,0,2,9.6
CUST-004014,2021-12-16,North America,Basic,Manufacturing,SMB,44.98,37,False,33,2,9.1
CUST-004015,2022-11-05,Europe,Basic,Manufacturing,Startup,61.47,26,False,38,1,9.7
CUST-004016,2023-01-03,North America,Basic,Manufacturing,SMB,39.0,24,False,22,1,45.5
CUST-004017,2023-06-16,Asia Pacific,Basic,Healthcare,Startup,66.01,18,False,19,4,48.2
CUST-004018,2022-07-04,Asia Pacific,Pro,Education,Mid-Market,146.85,30,True,11,3,56.4
CUST-004019,2021-07-10,North America,Basic,Healthcare,Startup,48.48,42,False,44,5,27.0
CUST-004020,2023-02-03,North America,Pro,Manufacturing,Mid-Market,142.72,23,False,46,0,29.8
CUST-004021,2022-12-03,North America,Basic,Technology,Startup,53.09,25,False,83,1,7.5
CUST-004022,2022-01-10,North America,Enterprise,Finance,Mid-Market,495.23,36,False,31,4,56.3
CUST-004023,2021-08-22,Europe,Basic,Finance,SMB,44.25,40,False,38,1,12.2
CUST-004024,2023-04-01,Asia Pacific,Basic,Education,SMB,55.13,21,False,30,4,42.1
CUST-004025,2023-03-31,Europe,Pro,Technology,Startup,160.61,21,False,89,4,31.1
CUST-004026,2023-07-24,Asia Pacific,Basic,Retail,SMB,38.58,17,False,47,3,33.1
CUST-004027,2022-07-11,North America,Pro,Healthcare,Startup,157.26,30,False,35,3,65.0
CUST-004028,2023-03-01,North America,Basic,Retail,SMB,61.48,22,False,77,3,30.1
CUST-004029,2023-09-07,Europe,Enterprise,Technology,Startup,481.35,16,False,33,2,47.7
CUST-004030,2023-05-14,North America,Basic,Education,SMB,40.54,19,False,100,2,39.2
CUST-004031,2021-12-08,Europe,Basic,Technology,Startup,61.24,37,True,68,3,5.7
CUST-004032,2021-08-20,North America,Pro,Education,Startup,152.73,40,False,34,2,31.8
CUST-004033,2021-09-29,North America,Basic,Retail,SMB,66.09,39,False,45,3,13.4
CUST-004034,2021-05-01,Latin America,Pro,Retail,Enterprise,147.23,44,False,37,4,16.3
CUST-004035,2021-11-23,North America,Basic,Technology,SMB,43.74,37,False,50,0,41.5
CUST-004036,2021-08-01,Latin America,Pro,Technology,Mid-Market,162.61,41,False,23,1,19.2
CUST-004037,2023-05-03,Latin America,Basic,Finance,SMB,40.64,20,False,76,0,37.7
CUST-004038,2023-09-16,Asia Pacific,Pro,Education,SMB,146.56,15,True,21,3,6.0
CUST-004039,2024-03-11,Europe,Pro,Finance,Startup,154.59,9,False,40,3,19.4
CUST-004040,2023-06-17,Europe,Basic,Healthcare,Startup,55.58,18,False,42,0,43.0
CUST-004041,2022-01-07,Asia Pacific,Basic,Healthcare,Mid-Market,41.02,36,False,28,2,11.9
CUST-004042,2023-02-17,North America,Basic,Technology,SMB,51.61,22,False,9,6,60.4
CUST-004043,2023-01-05,Europe,Enterprise,Retail,Mid-Market,496.09,24,False,39,1,27.5
CUST-004044,2021-03-01,Europe,Basic,Healthcare,SMB,32.17,46,False,39,3,10.0
CUST-004045,2021-09-25,North America,Basic,Healthcare,SMB,44.39,39,False,28,1,38.7
CUST-004046,2023-09-17,North America,Basic,Finance,SMB,32.66,15,False,29,1,19.3
CUST-004047,2023-09-27,North America,Basic,Finance,SMB,42.41,15,False,38,1,43.9
CUST-004048,2021-08-20,Europe,Pro,Healthcare,Startup,136.98,40,False,59,1,34.6
CUST-004049,2023-04-23,Asia Pacific,Enterprise,Technology,SMB,506.74,20,False,58,5,32.3
CUST-004050,2023-06-22,North America,Pro,Finance,SMB,152.0,18,False,44,0,19.0
CUST-004051,2021-04-05,Asia Pacific,Pro,Healthcare,Enterprise,164.39,45,True,26,3,42.3
CUST-004052,2021-05-10,Europe,Pro,Retail,SMB,139.78,44,False,28,1,43.8
CUST-004053,2022-06-20,Asia Pacific,Basic,Finance,Mid-Market,50.23,30,False,30,2,30.7
CUST-004054,2022-10-06,Europe,Basic,Healthcare,Startup,37.97,27,False,25,3,31.5
CUST-004055,2021-01-26,Asia Pacific,Pro,Education,Startup,142.68,47,False,12,2,10.1
CUST-004056,2023-12-11,North America,Enterprise,Finance,Mid-Market,495.01,12,False,19,1,39.9
CUST-004057,2024-03-26,Asia Pacific,Enterprise,Education,Mid-Market,518.74,9,False,47,6,36.4
CUST-004058,2024-03-03,North America,Basic,Finance,SMB,52.64,10,True,22,4,24.2
CUST-004059,2022-04-04,Asia Pacific,Basic,Finance,SMB,47.72,33,True,35,3,24.7
CUST-004060,2022-11-24,Latin America,Basic,Manufacturing,Startup,59.79,25,False,35,1,10.1
CUST-004061,2023-11-30,North America,Enterprise,Manufacturing,Mid-Market,505.73,13,False,44,4,56.2
CUST-004062,2023-12-08,North America,Enterprise,Education,Startup,498.44,12,False,21,3,54.1
CUST-004063,2021-07-15,Asia Pacific,Pro,Technology,Mid-Market,155.75,42,False,-31,1,29.1
CUST-004064,2023-06-06,North America,Basic,Healthcare,SMB,45.94,19,False,22,1,36.1
CUST-004065,2022-05-25,Asia Pacific,Pro,Technology,SMB,178.86,31,False,16,2,58.1
CUST-004066,2023-09-14,North America,Basic,Technology,Mid-Market,61.2,15,False,-7,5,43.0
CUST-004067,2022-12-10,North America,Basic,Manufacturing,Enterprise,44.93,25,True,23,3,29.7
CUST-004068,2023-02-28,Latin America,Pro,Healthcare,SMB,156.59,22,False,21,2,55.3
CUST-004069,2021-11-01,Europe,Basic,Manufacturing,Mid-Market,54.49,38,False,34,3,27.8
CUST-004070,2024-02-18,Asia Pacific,Basic,Manufacturing,Mid-Market,51.83,10,False,45,4,60.2
CUST-004071,2021-04-22,North America,Enterprise,Manufacturing,Mid-Market,504.15,44,False,72,3,32.5
CUST-004072,2021-01-24,Europe,Pro,Retail,Enterprise,140.88,47,True,36,3,13.2
CUST-004073,2021-11-18,Europe,Basic,Technology,SMB,44.65,37,False,35,1,41.2
CUST-004074,2023-11-02,Europe,Pro,Technology,Mid-Market,165.59,14,True,74,2,51.4
CUST-004075,2023-08-20,Europe,Basic,Technology,Mid-Market,51.04,16,False,9,1,47.7
CUST-004076,2023-10-13,Europe,Pro,Retail,SMB,142.0,14,False,10,1,40.0
CUST-004077,2021-12-05,North America,Pro,Finance,SMB,147.6,37,False,47,0,28.1
CUST-004078,2021-06-03,North America,Pro,Education,SMB,143.66,43,False,61,4,4.5
CUST-004079,2023-10-04,Asia Pacific,Pro,Education,Mid-Market,157.98,15,False,63,2,20.5
CUST-004080,2022-10-19,North America,Basic,Retail,Mid-Market,43.39,26,False,-1,5,18.5
CUST-004081,2022-05-09,Europe,Basic,Technology,SMB,49.44,32,False,0,4,28.2
CUST-004082,2022-11-09,North America,Basic,Education,SMB,42.37,26,False,32,1,55.0
CUST-004083,2022-07-24,Europe,Basic,Retail,Startup,71.08,29,False,49,4,55.4
CUST-004084,2021-04-14,Europe,Pro,Manufacturing,Startup,155.29,45,False,27,2,60.2
CUST-004085,2023-11-05,North America,Basic,Healthcare,SMB,54.9,14,True,11,4,1.5
CUST-004086,2022-04-02,North America,Basic,Education,SMB,55.98,33,False,9,2,32.2
CUST-004087,2024-02-02,North America,Basic,Healthcare,Mid-Market,45.05,11,False,55,2,9.0
CUST-004088,2023-02-15,Europe,Enterprise,Technology,SMB,514.21,22,False,56,1,38.6
CUST-004089,2023-04-06,Asia Pacific,Basic,Education,Enterprise,48.32,21,False,47,4,4.4
CUST-004090,2022-04-27,North America,Pro,Retail,Startup,166.73,32,False,33,5,30.8
CUST-004091,2021-06-11,Europe,Basic,Finance,Enterprise,45.75,43,False,17,3,30.6
CUST-004092,2023-07-30,North America,Basic,Education,SMB,56.15,17,False,-3,1,27.9
CUST-004093,2023-06-29,Europe,Basic,Education,Mid-Market,50.67,18,False,4,3,14.1
CUST-004094,2024-03-19,Asia Pacific,Pro,Education,SMB,151.68,9,False,-5,3,26.4
CUST-004095,2023-07-07,North America,Pro,Education,SMB,132.3,18,False,28,2,16.6
CUST-004096,2021-06-30,Europe,Enterprise,Retail,Startup,489.17,42,False,44,5,65.8
CUST-004097,2023-10-18,North America,Basic,Retail,Startup,64.1,14,False,36,1,6.7
CUST-004098,2023-07-05,North America,Basic,Finance,Mid-Market,36.11,18,False,63,3,16.8
CUST-004099,2022-10-10,North America,Enterprise,Retail,SMB,507.92,27,False,38,1,26.6
CUST-004100,2021-09-01,North America,Basic,Retail,Enterprise,75.0,40,False,2,2,23.8
CUST-004101,2023-10-16,Europe,Pro,Technology,SMB,154.53,14,False,32,3,13.0
CUST-004102,2021-02-06,North America,Pro,Technology,Enterprise,170.27,47,False,32,4,24.2
CUST-004103,2021-07-30,Europe,Basic,Healthcare,Startup,55.92,41,True,44,2,10.3
CUST-004104,2023-04-07,North America,Pro,Finance,Startup,151.63,21,False,51,2,15.6
CUST-004105,2023-04-25,North America,Basic,Technology,SMB,52.75,20,False,44,2,9.9
CUST-004106,2021-03-15,Europe,Basic,Finance,Mid-Market,47.23,46,False,25,1,30.9
CUST-004107,2024-02-16,Latin America,Basic,Finance,SMB,46.92,10,False,62,4,27.6
CUST-004108,2024-01-30,North America,Pro,Education,Startup,143.75,11,False,51,1,12.1
CUST-004109,2021-01-01,Asia Pacific,Basic,Manufacturing,Startup,53.23,48,True,-16,1,23.5
CUST-004110,2021-07-06,Europe,Pro,Manufacturing,SMB,171.0,42,False,50,1,39.8
CUST-004111,2022-09-16,Europe,Enterprise,Manufacturing,SMB,513.24,27,False,17,2,60.0
CUST-004112,2023-11-08,Europe,Pro,Finance,SMB,151.05,13,False,0,2,48.5
CUST-004113,2024-02-26,North America,Pro,Education,Mid-Market,155.14,10,False,40,2,13.7
CUST-004114,2022-02-28,North America,Basic,Healthcare,Mid-Market,48.15,34,False,81,3,3.6
CUST-004115,2023-07-24,Europe,Basic,Healthcare,Mid-Market,63.21,17,False,33,1,6.8
CUST-004116,2022-11-30,North America,Basic,Manufacturing,SMB,32.68,25,False,29,2,21.2
CUST-004117,2023-01-15,Asia Pacific,Pro,Healthcare,SMB,168.31,23,False,36,4,11.0
CUST-004118,2021-04-22,North America,Enterprise,Education,Enterprise,493.55,44,False,82,1,36.8
CUST-004119,2022-04-02,North America,Enterprise,Manufacturing,SMB,495.16,33,False,29,5,52.6
CUST-004120,2023-07-20,Europe,Enterprise,Education,SMB,486.77,17,False,54,1,55.8
CUST-004121,2022-11-11,North America,Enterprise,Healthcare,Mid-Market,500.55,26,False,27,2,20.2
CUST-004122,2024-02-22,Europe,Basic,Manufacturing,Startup,42.19,10,False,23,2,26.9
CUST-004123,2023-08-27,Europe,Pro,Education,SMB,160.63,16,False,63,3,21.1
CUST-004124,2023-01-15,Asia Pacific,Enterprise,Retail,Startup,505.75,23,False,12,2,34.9
CUST-004125,2023-07-16,Asia Pacific,Basic,Retail,Startup,42.06,17,False,49,3,13.5
CUST-004126,2021-08-22,Europe,Enterprise,Education,Startup,490.23,40,False,28,3,30.6
CUST-004127,2021-07-19,Europe,Basic,Education,Startup,42.58,42,False,19,2,60.3
CUST-004128,2022-03-31,Asia Pacific,Pro,Technology,SMB,139.54,33,False,26,3,26.3
CUST-004129,2021-01-05,North America,Pro,Technology,Mid-Market,146.2,48,False,-10,2,11.3
CUST-004130,2022-12-01,North America,Enterprise,Finance,SMB,490.59,25,False,13,6,47.3
CUST-004131,2022-12-29,North America,Basic,Manufacturing,Mid-Market,60.68,24,False,37,2,24.6
CUST-004132,2022-08-21,North America,Pro,Finance,SMB,144.02,28,False,30,2,12.8
CUST-004133,2024-01-27,Europe,Pro,Finance,Mid-Market,154.76,11,False,16,5,13.9
CUST-004134,2023-12-06,Europe,Basic,Healthcare,Mid-Market,54.84,13,False,64,2,47.5
CUST-004135,2023-02-05,Europe,Pro,Retail,Mid-Market,130.47,23,False,15,0,20.7
CUST-004136,2021-08-06,North America,Pro,Healthcare,Mid-Market,156.13,41,False,63,2,31.0
CUST-004137,2021-04-04,Europe,Pro,Manufacturing,Startup,131.93,45,False,37,2,38.7
CUST-004138,2021-12-03,North America,Basic,Education,SMB,40.66,37,False,29,5,47.1
CUST-004139,2023-10-06,Europe,Basic,Technology,SMB,55.67,15,False,36,1,38.4
CUST-004140,2021-10-15,Europe,Pro,Manufacturing,SMB,150.25,39,False,40,6,12.4
CUST-004141,2023-04-19,North America,Basic,Education,SMB,45.6,20,False,15,3,48.9
CUST-004142,2021-08-08,North America,Basic,Manufacturing,Startup,31.17,41,False,16,4,20.4
CUST-004143,2022-06-05,North America,Enterprise,Education,Startup,508.65,31,False,30,3,25.8
CUST-004144,2022-02-06,Asia Pacific,Pro,Technology,Enterprise,153.34,35,False,43,4,17.3
CUST-004145,2022-01-20,Asia Pacific,Pro,Education,Mid-Market,140.44,35,False,48,5,19.9
CUST-004146,2021-09-05,Europe,Basic,Finance,SMB,39.38,40,False,59,3,32.9
CUST-004147,2023-03-16,North America,Basic,Manufacturing,SMB,59.27,21,False,10,2,29.7
CUST-004148,2022-03-18,North America,Basic,Technology,Mid-Market,52.0,33,False,42,3,3.5
CUST-004149,2023-07-26,Europe,Basic,Education,SMB,35.4,17,False,34,1,51.9
CUST-004150,2022-01-26,Asia Pacific,Pro,Finance,SMB,141.7,35,False,24,1,46.8
CUST-004151,2022-11-24,North America,Pro,Finance,Startup,168.57,25,False,75,2,12.4
CUST-004152,2021-08-09,North America,Basic,Retail,Startup,59.02,41,False,43,2,56.6
CUST-004153,2023-04-29,Europe,Basic,Finance,SMB,49.01,20,False,63,1,24.5
CUST-004154,2021-04-06,North America,Basic,Healthcare,Mid-Market,49.22,45,False,-32,1,41.9
CUST-004155,2021-09-10,North America,Basic,Technology,Startup,27.25,40,False,55,2,22.1
CUST-004156,2023-07-12,North America,Basic,Technology,SMB,62.07,17,False,45,1,12.0
CUST-004157,2023-07-26,Europe,Enterprise,Technology,Mid-Market,494.49,17,False,49,2,52.3
CUST-004158,2023-10-30,Asia Pacific,Pro,Education,Mid-Market,140.91,14,False,29,1,45.9
CUST-004159,2021-10-03,Latin America,Pro,Manufacturing,Startup,156.5,39,False,77,3,48.9
CUST-004160,2023-10-19,Europe,Basic,Education,Mid-Market,42.7,14,False,31,2,35.6
CUST-004161,2021-01-09,Europe,Enterprise,Healthcare,Enterprise,480.77,48,False,34,1,57.2
CUST-004162,2023-12-23,North America,Pro,Manufacturing,Enterprise,153.1,12,False,15,5,25.7
CUST-004163,2021-04-10,Europe,Pro,Finance,Mid-Market,133.85,45,False,34,2,20.4
CUST-004164,2024-02-08,North America,Basic,Education,Mid-Market,48.41,10,False,31,3,63.9
CUST-004165,2023-06-06,Europe,Enterprise,Manufacturing,Startup,502.18,19,False,56,2,31.4
CUST-004166,2024-04-13,North America,Pro,Finance,Mid-Market,146.22,8,False,47,0,17.1
CUST-004167,2023-09-17,North America,Enterprise,Manufacturing,Mid-Market,496.27,15,False,58,3,53.5
CUST-004168,2023-11-08,North America,Basic,Finance,SMB,64.51,13,False,32,2,33.5
CUST-004169,2021-12-29,North America,Basic,Manufacturing,SMB,64.65,36,False,28,3,36.4
CUST-004170,2024-03-30,North America,Basic,Education,Mid-Market,39.82,9,False,52,1,54.6
CUST-004171,2021-12-22,North America,Basic,Education,Enterprise,43.05,36,False,38,0,27.1
CUST-004172,2021-09-20,Latin America,Enterprise,Healthcare,SMB,493.6,39,False,-12,4,30.3
CUST-004173,2021-08-01,North America,Basic,Retail,Startup,48.69,41,False,25,3,15.7
CUST-004174,2023-03-05,Europe,Basic,Technology,Mid-Market,48.18,22,False,-8,3,56.6
CUST-004175,2022-10-22,Asia Pacific,Basic,Education,Startup,66.17,26,True,18,1,22.0
CUST-004176,2023-10-30,Latin America,Basic,Education,SMB,47.14,14,False,55,8,24.8
CUST-004177,2023-02-27,Europe,Basic,Finance,Startup,38.7,22,False,28,3,21.6
CUST-004178,2023-05-08,Asia Pacific,Pro,Retail,SMB,143.12,20,False,29,0,57.3
CUST-004179,2022-05-24,North America,Pro,Education,Mid-Market,152.73,31,False,31,1,13.0
CUST-004180,2022-07-15,North America,Basic,Manufacturing,Startup,46.43,30,True,35,1,40.6
CUST-004181,2023-03-26,North America,Basic,Retail,Startup,52.14,21,False,28,4,25.4
CUST-004182,2022-12-04,Europe,Basic,Technology,SMB,46.56,25,True,71,4,13.0
CUST-004183,2022-08-26,Europe,Basic,Manufacturing,SMB,56.25,28,False,0,2,41.3
CUST-004184,2023-07-17,North America,Pro,Finance,Mid-Market,148.12,17,False,39,2,3.6
CUST-004185,2021-10-01,North America,Pro,Healthcare,SMB,136.84,39,False,46,3,26.3
CUST-004186,2021-10-10,Europe,Pro,Manufacturing,SMB,145.53,39,True,17,3,29.4
CUST-004187,2023-04-26,North America,Pro,Technology,SMB,171.11,20,False,47,1,55.5
CUST-004188,2023-11-16,Europe,Basic,Manufacturing,Startup,61.36,13,False,21,4,7.4
CUST-004189,2022-09-05,Europe,Enterprise,Retail,Mid-Market,487.38,28,False,44,3,22.1
CUST-004190,2024-01-27,Europe,Pro,Retail,Startup,166.78,11,False,9,1,32.6
CUST-004191,2022-10-05,Asia Pacific,Enterprise,Technology,Mid-Market,500.37,27,False,36,4,34.9
CUST-004192,2024-02-08,Asia Pacific,Basic,Retail,SMB,44.12,10,False,79,0,9.6
CUST-004193,2022-03-22,Europe,Enterprise,Manufacturing,SMB,496.18,33,False,16,3,28.7
CUST-004194,2022-02-16,Europe,Pro,Healthcare,Mid-Market,149.57,34,False,26,2,26.6
CUST-004195,2022-03-06,Europe,Pro,Manufacturing,Mid-Market,159.84,34,True,67,3,20.5
CUST-004196,2022-08-19,North America,Basic,Healthcare,Enterprise,50.9,28,False,59,2,39.4
CUST-004197,2022-12-09,North America,Pro,Retail,SMB,152.33,25,False,69,4,26.5
CUST-004198,2021-09-29,North America,Enterprise,Manufacturing,Startup,511.11,39,True,27,5,30.6
CUST-004199,2021-12-31,North America,Pro,Retail,Mid-Market,145.01,36,False,41,2,69.8
CUST-004200,2023-10-29,Europe,Pro,Healthcare,Startup,152.02,14,False,44,2,43.0
CUST-004201,2024-01-17,Asia Pacific,Enterprise,Retail,Mid-Market,503.39,11,False,19,5,36.2
CUST-004202,2022-10-23,North America,Basic,Education,Mid-Market,50.35,26,False,12,1,14.2
CUST-004203,2021-08-25,North America,Pro,Finance,Enterprise,153.99,40,False,10,3,47.8
CUST-004204,2022-12-23,Latin America,Basic,Manufacturing,Mid-Market,42.09,24,False,24,2,18.6
CUST-004205,2024-02-26,North America,Enterprise,Education,Startup,508.8,10,False,9,5,43.1
CUST-004206,2023-09-11,Europe,Basic,Retail,Mid-Market,43.46,15,False,21,3,8.5
CUST-004207,2024-04-08,Europe,Pro,Retail,Startup,153.55,8,False,14,4,23.1
CUST-004208,2024-03-14,Europe,Pro,Finance,Startup,151.1,9,False,45,2,10.4
CUST-004209,2023-05-05,North America,Pro,Retail,SMB,142.13,20,False,42,0,19.0
CUST-004210,2023-12-30,North America,Pro,Finance,Startup,165.22,12,False,23,1,30.5
CUST-004211,2022-08-09,North America,Enterprise,Manufacturing,Mid-Market,516.17,29,False,28,1,39.8
CUST-004212,2023-05-16,Europe,Enterprise,Healthcare,Enterprise,489.79,19,False,46,2,46.7
CUST-004213,2021-01-27,Europe,Basic,Finance,SMB,56.99,47,False,27,0,30.7
CUST-004214,2023-12-07,North America,Basic,Finance,Startup,47.77,13,False,23,1,29.3
CUST-004215,2021-08-07,Europe,Basic,Education,Mid-Market,42.26,41,False,8,2,30.3
CUST-004216,2021-02-21,Asia Pacific,Basic,Retail,Mid-Market,52.69,46,False,61,0,33.1
CUST-004217,2023-02-20,North America,Pro,Manufacturing,Mid-Market,157.34,22,False,2,2,34.7
CUST-004218,2021-10-25,Europe,Enterprise,Healthcare,Mid-Market,500.61,38,False,28,4,44.1
CUST-004219,2021-04-19,Europe,Pro,Technology,Mid-Market,145.37,45,False,17,4,43.0
CUST-004220,2021-04-26,North America,Basic,Finance,Startup,62.29,44,False,37,2,30.4
CUST-004221,2022-02-14,North America,Basic,Technology,Enterprise,62.65,35,False,26,2,54.5
CUST-004222,2022-07-01,Europe,Pro,Retail,Enterprise,142.17,30,False,36,1,21.9
CUST-004223,2021-11-26,Asia Pacific,Pro,Finance,Mid-Market,149.91,37,False,18,0,4.4
CUST-004224,2022-08-10,Asia Pacific,Basic,Technology,SMB,33.21,29,True,25,1,17.6
CUST-004225,2022-05-29,Europe,Enterprise,Education,Mid-Market,507.35,31,False,8,0,63.8
CUST-004226,2021-10-27,Europe,Enterprise,Technology,SMB,512.28,38,False,14,2,50.7
CUST-004227,2021-05-08,North America,Basic,Education,SMB,52.9,44,False,25,4,71.8
CUST-004228,2022-08-28,Europe,Enterprise,Healthcare,Mid-Market,488.65,28,False,38,4,29.3
CUST-004229,2022-02-22,Europe,Basic,Retail,Startup,65.15,34,False,32,6,18.6
CUST-004230,2024-01-14,North America,Pro,Manufacturing,SMB,169.3,11,False,62,1,40.0
CUST-004231,2021-03-08,Europe,Basic,Technology,Mid-Market,44.68,46,False,4,1,61.5
CUST-004232,2023-01-05,Europe,Basic,Finance,Mid-Market,53.45,24,False,29,4,51.2
CUST-004233,2023-07-16,North America,Enterprise,Retail,Mid-Market,507.17,17,True,-10,0,24.9
CUST-004234,2021-07-29,Asia Pacific,Basic,Technology,Startup,56.87,41,False,31,1,29.8
CUST-004235,2024-02-25,North America,Pro,Finance,Mid-Market,149.48,10,False,21,1,28.5
CUST-004236,2022-04-05,North America,Basic,Finance,Startup,66.98,33,False,24,0,22.7
CUST-004237,2024-02-24,North America,Basic,Manufacturing,Mid-Market,33.35,10,False,21,0,44.7
CUST-004238,2023-03-08,Asia Pacific,Basic,Manufacturing,Startup,33.48,22,False,43,3,28.2
CUST-004239,2022-05-02,Europe,Basic,Finance,Mid-Market,48.84,32,False,40,4,27.3
CUST-004240,2023-11-13,North America,Pro,Manufacturing,SMB,166.44,13,False,10,1,37.2
CUST-004241,2022-08-13,Europe,Basic,Finance,Enterprise,60.6,29,False,30,4,26.2
CUST-004242,2021-04-07,North America,Pro,Technology,SMB,134.07,45,False,4,2,11.6
CUST-004243,2023-02-21,Asia Pacific,Pro,Healthcare,Mid-Market,177.43,22,False,0,1,13.2
CUST-004244,2023-03-05,Europe,Pro,Manufacturing,SMB,154.54,22,False,43,7,20.0
CUST-004245,2023-05-04,North America,Basic,Education,Mid-Market,37.48,20,False,12,4,53.3
CUST-004246,2022-10-03,Asia Pacific,Enterprise,Education,SMB,498.08,27,False,22,4,35.7
CUST-004247,2024-02-05,North America,Basic,Education,Startup,58.67,11,False,39,1,58.9
CUST-004248,2021-04-21,North America,Basic,Healthcare,Mid-Market,61.52,45,False,34,2,38.1
CUST-004249,2021-01-27,Europe,Basic,Finance,Mid-Market,48.34,47,False,63,2,55.1
CUST-004250,2022-05-30,Latin America,Basic,Finance,Startup,54.22,31,False,9,1,26.1
CUST-004251,2022-02-20,North America,Basic,Retail,Startup,47.75,34,True,59,2,35.9
CUST-004252,2023-06-27,North America,Pro,Education,Mid-Market,148.34,18,False,46,1,55.9
CUST-004253,2022-04-07,North America,Basic,Education,Mid-Market,56.25,33,False,50,3,5.3
CUST-004254,2023-01-24,Europe,Basic,Finance,Startup,63.41,23,False,27,0,43.5
CUST-004255,2024-01-25,North America,Pro,Education,Enterprise,137.63,11,True,15,1,23.5
CUST-004256,2022-02-07,Europe,Basic,Finance,Enterprise,46.67,35,False,36,2,35.2
CUST-004257,2022-02-01,Latin America,Basic,Finance,Startup,42.98,35,False,15,4,42.3
CUST-004258,2022-08-26,Europe,Basic,Manufacturing,SMB,38.92,28,False,15,1,39.6
CUST-004259,2023-07-09,North America,Pro,Finance,Mid-Market,138.41,18,False,38,1,50.9
CUST-004260,2021-12-30,North America,Basic,Technology,Enterprise,49.25,36,False,56,2,24.6
CUST-004261,2021-06-02,North America,Basic,Technology,Mid-Market,38.27,43,False,2,1,17.9
CUST-004262,2022-01-18,Asia Pacific,Pro,Technology,SMB,137.94,35,False,61,2,30.1
CUST-004263,2021-12-22,North America,Pro,Technology,Startup,147.21,36,False,10,3,89.8
CUST-004264,2023-11-19,North America,Pro,Healthcare,SMB,139.21,13,False,28,0,35.5
CUST-004265,2021-09-02,Europe,Pro,Retail,Mid-Market,154.09,40,False,29,0,30.9
CUST-004266,2023-02-12,North America,Basic,Retail,SMB,44.21,22,False,25,2,21.1
CUST-004267,2021-03-25,Europe,Basic,Finance,SMB,37.05,45,False,30,3,24.4
CUST-004268,2023-05-28,North America,Basic,Education,Startup,72.26,19,False,37,2,18.2
CUST-004269,2022-07-26,Asia Pacific,Basic,Technology,SMB,27.67,29,False,60,2,44.9
CUST-004270,2024-02-14,Asia Pacific,Basic,Retail,Startup,57.56,10,False,30,1,11.5
CUST-004271,2022-06-26,Europe,Basic,Retail,Startup,52.46,30,False,16,0,42.2
CUST-004272,2021-09-24,Latin America,Pro,Technology,Mid-Market,144.15,39,False,13,4,46.7
CUST-004273,2021-11-26,North America,Pro,Healthcare,Startup,139.92,37,False,41,5,65.8
CUST-004274,2024-04-11,Europe,Basic,Healthcare,SMB,66.28,8,True,51,0,51.1
CUST-004275,2022-06-07,Europe,Pro,Retail,Startup,170.24,31,False,22,0,7.0
CUST-004276,2021-01-12,Europe,Basic,Healthcare,SMB,46.07,48,False,53,5,9.6
CUST-004277,2022-11-08,North America,Basic,Manufacturing,SMB,44.62,26,False,78,2,15.3
CUST-004278,2023-08-14,North America,Pro,Technology,Startup,160.29,16,False,61,3,47.8
CUST-004279,2021-11-14,North America,Basic,Retail,Startup,46.54,38,False,20,2,5.2
CUST-004280,2021-03-23,North America,Basic,Technology,Mid-Market,54.83,45,False,55,1,7.0
CUST-004281,2021-11-11,North America,Basic,Healthcare,Startup,54.58,38,False,53,3,24.0
CUST-004282,2022-10-23,Europe,Enterprise,Technology,Startup,499.37,26,False,36,0,25.8
CUST-004283,2021-04-15,North America,Pro,Healthcare,Mid-Market,150.65,45,False,52,0,19.6
CUST-004284,2022-09-09,North America,Basic,Healthcare,SMB,52.7,28,False,50,2,26.4
CUST-004285,2023-10-02,Europe,Pro,Technology,Mid-Market,138.11,15,False,59,1,5.1
CUST-004286,2024-03-18,Europe,Pro,Healthcare,Startup,142.2,9,False,46,0,51.0
CUST-004287,2024-02-01,Asia Pacific,Pro,Manufacturing,Startup,151.26,11,True,50,0,3.3
CUST-004288,2023-01-04,Europe,Pro,Finance,SMB,144.46,24,False,14,1,26.0
CUST-004289,2021-05-30,North America,Basic,Technology,Enterprise,76.77,43,False,34,3,19.0
CUST-004290,2022-10-13,Asia Pacific,Basic,Finance,Startup,50.33,27,False,20,2,70.0
CUST-004291,2023-12-13,Europe,Pro,Technology,SMB,131.62,12,False,58,1,11.0
CUST-004292,2022-03-27,North America,Pro,Healthcare,Startup,120.86,33,False,7,0,11.3
CUST-004293,2022-01-12,Europe,Pro,Healthcare,Startup,157.21,36,False,-8,4,29.5
CUST-004294,2023-12-03,Asia Pacific,Pro,Retail,Enterprise,150.41,13,False,6,3,16.1
CUST-004295,2021-05-20,North America,Enterprise,Manufacturing,Startup,513.41,44,False,30,1,34.0
CUST-004296,2023-11-01,North America,Enterprise,Retail,Mid-Market,492.56,14,False,-5,3,28.9
CUST-004297,2021-11-23,North America,Enterprise,Finance,Startup,497.79,37,True,-2,4,22.5
CUST-004298,2023-05-02,North America,Pro,Healthcare,Mid-Market,151.79,20,False,48,3,54.5
CUST-004299,2024-01-18,North America,Enterprise,Retail,SMB,497.45,11,False,7,3,43.3
CUST-004300,2024-01-05,Europe,Basic,Healthcare,Mid-Market,46.62,12,False,55,1,21.3
CUST-004301,2023-04-07,North America,Basic,Technology,Startup,56.26,21,False,8,2,18.1
CUST-004302,2021-07-08,Asia Pacific,Basic,Retail,Mid-Market,40.66,42,False,-7,5,46.7
CUST-004303,2022-12-17,Asia Pacific,Pro,Finance,Mid-Market,154.36,24,False,14,1,58.8
CUST-004304,2022-03-30,Europe,Pro,Retail,SMB,167.29,33,False,9,9,41.4
CUST-004305,2022-03-13,Asia Pacific,Pro,Healthcare,Mid-Market,165.55,34,False,9,2,42.9
CUST-004306,2022-11-11,North America,Basic,Education,Mid-Market,30.94,26,False,32,2,4.1
CUST-004307,2022-11-10,Europe,Basic,Education,Mid-Market,44.1,26,False,38,1,14.9
CUST-004308,2023-01-09,Europe,Pro,Manufacturing,SMB,151.91,24,False,62,1,19.6
CUST-004309,2022-08-25,Asia Pacific,Basic,Healthcare,SMB,61.78,28,False,27,0,27.9
CUST-004310,2022-03-24,Asia Pacific,Basic,Technology,Mid-Market,51.1,33,False,40,1,16.3
CUST-004311,2023-12-23,North America,Basic,Retail,Startup,61.8,12,False,8,1,30.0
CUST-004312,2023-08-31,Asia Pacific,Basic,Education,SMB,42.31,16,False,16,2,19.7
CUST-004313,2024-02-24,North America,Pro,Technology,Enterprise,152.3,10,False,61,5,31.8
CUST-004314,2021-01-19,Asia Pacific,Basic,Healthcare,SMB,52.55,48,False,63,2,25.1
CUST-004315,2021-08-23,Latin America,Pro,Technology,SMB,162.13,40,False,66,3,68.6
CUST-004316,2022-12-10,North America,Basic,Healthcare,SMB,58.09,25,False,32,4,16.3
CUST-004317,2023-07-02,Europe,Pro,Manufacturing,Mid-Market,155.9,18,False,8,2,16.1
CUST-004318,2022-05-08,North America,Basic,Retail,Enterprise,57.49,32,False,19,3,35.3
CUST-004319,2022-05-15,North America,Pro,Technology,Enterprise,136.9,32,False,28,3,45.2
CUST-004320,2021-03-23,Europe,Pro,Retail,Mid-Market,147.29,45,False,23,6,19.9
CUST-004321,2022-10-20,Europe,Basic,Technology,SMB,38.95,26,False,37,2,32.5
CUST-004322,2023-02-21,Asia Pacific,Enterprise,Healthcare,Startup,492.47,22,False,50,3,34.8
CUST-004323,2021-08-21,Europe,Pro,Healthcare,Startup,147.26,40,False,14,1,4.2
CUST-004324,2023-03-02,Europe,Basic,Technology,Startup,26.44,22,False,73,2,0.7
CUST-004325,2022-06-10,Asia Pacific,Basic,Manufacturing,Startup,47.62,31,False,36,5,12.9
CUST-004326,2024-01-12,Latin America,Enterprise,Healthcare,Mid-Market,491.17,11,False,62,1,23.4
CUST-004327,2022-08-03,North America,Pro,Finance,Mid-Market,138.44,29,False,43,4,10.6
CUST-004328,2021-02-20,Latin America,Basic,Finance,SMB,49.96,47,True,78,0,6.9
CUST-004329,2023-11-25,North America,Basic,Retail,Enterprise,45.11,13,False,11,2,35.9
CUST-004330,2023-02-07,Asia Pacific,Pro,Finance,Enterprise,152.42,23,False,24,1,10.3
CUST-004331,2023-11-20,North America,Pro,Finance,Mid-Market,142.51,13,False,24,2,47.8
CUST-004332,2023-11-08,North America,Pro,Manufacturing,SMB,147.24,13,False,38,2,25.1
CUST-004333,2023-07-02,North America,Basic,Manufacturing,Startup,73.59,18,True,37,4,30.8
CUST-004334,2023-09-24,Europe,Pro,Education,SMB,155.23,15,False,42,2,31.2
CUST-004335,2021-03-31,North America,Basic,Education,Startup,40.54,45,False,37,1,11.0
CUST-004336,2022-08-31,North America,Basic,Manufacturing,SMB,61.39,28,False,46,3,68.8
CUST-004337,2022-01-30,Europe,Pro,Education,Enterprise,164.48,35,False,25,3,12.8
CUST-004338,2022-10-19,Asia Pacific,Enterprise,Manufacturing,SMB,504.99,26,False,44,5,30.7
CUST-004339,2023-11-19,North America,Basic,Education,Startup,41.18,13,False,91,1,54.7
CUST-004340,2021-06-18,North America,Basic,Healthcare,SMB,59.33,43,True,35,2,22.1
CUST-004341,2021-07-16,North America,Pro,Manufacturing,Mid-Market,143.23,42,False,6,1,24.8
CUST-004342,2021-12-09,North America,Pro,Retail,Startup,162.51,37,True,22,4,21.0
CUST-004343,2024-01-07,Asia Pacific,Pro,Retail,Startup,146.59,11,False,25,2,62.6
CUST-004344,2023-12-29,Asia Pacific,Pro,Manufacturing,Enterprise,146.2,12,False,17,2,35.3
CUST-004345,2021-01-16,Europe,Basic,Finance,Startup,54.24,48,False,37,5,38.5
CUST-004346,2021-05-15,North America,Enterprise,Retail,Mid-Market,513.1,44,False,50,3,71.7
CUST-004347,2022-03-08,Asia Pacific,Pro,Finance,SMB,172.68,34,False,8,2,20.3
CUST-004348,2022-03-13,Europe,Enterprise,Retail,SMB,499.27,34,False,1,4,40.1
CUST-004349,2023-05-19,Asia Pacific,Pro,Technology,SMB,144.9,19,False,84,1,15.1
CUST-004350,2021-08-01,Europe,Enterprise,Technology,Mid-Market,490.79,41,False,16,0,16.7
CUST-004351,2022-02-26,Asia Pacific,Basic,Manufacturing,Mid-Market,34.18,34,False,63,2,36.4
CUST-004352,2024-01-07,Europe,Basic,Retail,SMB,38.94,11,False,50,1,6.0
CUST-004353,2023-06-11,North America,Enterprise,Healthcare,Startup,501.36,18,False,22,4,30.6
CUST-004354,2021-05-28,Latin America,Basic,Finance,Startup,59.55,43,False,19,3,16.4
CUST-004355,2021-11-11,Europe,Basic,Retail,Mid-Market,39.96,38,True,22,2,13.8
CUST-004356,2021-02-18,Europe,Pro,Manufacturing,SMB,156.87,47,False,26,1,70.3
CUST-004357,2023-07-30,North America,Pro,Finance,Startup,140.38,17,False,47,2,28.1
CUST-004358,2022-11-11,Europe,Basic,Education,SMB,41.6,26,False,7,4,36.4
CUST-004359,2021-03-19,Europe,Enterprise,Manufacturing,SMB,488.3,46,False,60,6,32.0
CUST-004360,2021-06-29,North America,Pro,Retail,Mid-Market,162.32,42,False,22,2,26.6
CUST-004361,2021-05-31,North America,Pro,Healthcare,Mid-Market,165.06,43,True,5,4,11.4
CUST-004362,2021-04-22,Europe,Pro,Education,Startup,141.71,44,False,38,4,18.4
CUST-004363,2021-12-31,Asia Pacific,Basic,Manufacturing,Startup,40.91,36,False,83,1,41.0
CUST-004364,2022-05-31,Europe,Basic,Retail,SMB,55.23,31,False,18,2,19.1
CUST-004365,2024-02-17,North America,Basic,Technology,Startup,66.28,10,False,37,4,54.9
CUST-004366,2021-05-25,Europe,Pro,Retail,Mid-Market,165.14,43,False,37,2,53.6
CUST-004367,2024-03-23,North America,Pro,Technology,SMB,145.15,9,False,72,1,11.5
CUST-004368,2022-04-12,North America,Pro,Technology,SMB,147.16,33,False,16,3,40.7
CUST-004369,2022-06-14,North America,Pro,Manufacturing,SMB,136.68,31,False,53,3,29.3
CUST-004370,2023-04-15,North America,Pro,Retail,Mid-Market,145.04,20,False,6,2,31.4
CUST-004371,2023-03-06,North America,Pro,Retail,SMB,149.97,22,False,39,2,14.4
CUST-004372,2023-07-13,North America,Basic,Technology,Mid-Market,35.5,17,False,49,2,35.0
CUST-004373,2023-04-09,North America,Basic,Finance,Mid-Market,43.55,21,False,55,1,19.4
CUST-004374,2023-06-06,North America,Enterprise,Education,Mid-Market,501.22,19,False,7,3,80.3
CUST-004375,2022-10-10,Europe,Basic,Healthcare,Mid-Market,33.8,27,False,-5,2,15.8
CUST-004376,2021-02-04,Europe,Basic,Retail,Startup,53.69,47,False,31,4,8.7
CUST-004377,2023-03-09,North America,Pro,Education,Startup,159.2,22,False,23,0,60.8
CUST-004378,2021-08-31,Asia Pacific,Basic,Education,Enterprise,54.7,40,False,6,5,38.0
CUST-004379,2024-01-01,North America,Enterprise,Finance,Enterprise,494.03,12,False,8,1,37.4
CUST-004380,2021-01-13,Europe,Basic,Education,Mid-Market,60.72,48,False,25,4,80.7
CUST-004381,2021-05-10,North America,Basic,Retail,Mid-Market,62.87,44,False,69,3,21.7
CUST-004382,2024-04-14,North America,Basic,Manufacturing,SMB,52.18,8,True,10,3,39.2
CUST-004383,2021-04-04,Europe,Pro,Manufacturing,SMB,150.49,45,False,52,3,39.8
CUST-004384,2021-05-29,Europe,Basic,Education,Enterprise,42.8,43,True,5,3,38.6
CUST-004385,2023-01-03,Asia Pacific,Pro,Retail,Mid-Market,144.93,24,False,19,3,67.4
CUST-004386,2023-10-27,Europe,Enterprise,Retail,SMB,509.72,14,False,4,1,19.9
CUST-004387,2021-08-06,Latin America,Enterprise,Technology,SMB,517.49,41,True,78,5,33.2
CUST-004388,2022-08-17,North America,Basic,Finance,SMB,44.85,28,True,54,6,33.9
CUST-004389,2022-09-10,North America,Basic,Healthcare,SMB,47.29,28,False,49,4,59.1
CUST-004390,2021-06-27,North America,Pro,Technology,SMB,142.53,42,False,48,1,23.4
CUST-004391,2022-07-31,North America,Enterprise,Healthcare,Mid-Market,494.69,29,False,18,1,21.6
CUST-004392,2023-06-16,Europe,Enterprise,Retail,Startup,486.42,18,False,35,2,34.1
CUST-004393,2023-02-21,Europe,Basic,Manufacturing,Mid-Market,53.29,22,False,14,4,8.9
CUST-004394,2023-03-21,North America,Pro,Technology,Mid-Market,136.32,21,False,88,4,38.4
CUST-004395,2021-03-05,Asia Pacific,Basic,Education,Mid-Market,43.52,46,False,12,3,44.8
CUST-004396,2023-08-29,Asia Pacific,Basic,Education,Mid-Market,48.39,16,False,17,3,32.8
CUST-004397,2021-11-17,North America,Basic,Healthcare,SMB,35.86,38,False,67,3,35.6
CUST-004398,2023-12-29,North America,Basic,Retail,Mid-Market,41.26,12,False,32,1,63.1
CUST-004399,2022-03-27,North America,Basic,Manufacturing,SMB,37.75,33,False,47,3,32.7
CUST-004400,2021-10-07,North America,Basic,Healthcare,Enterprise,60.0,39,False,33,0,18.5
CUST-004401,2023-03-12,North America,Pro,Manufacturing,Startup,163.25,22,False,21,3,65.7
CUST-004402,2024-01-23,Europe,Basic,Finance,Enterprise,41.11,11,False,21,3,45.6
CUST-004403,2022-08-28,North America,Pro,Manufacturing,SMB,176.63,28,False,52,2,40.5
CUST-004404,2021-10-23,North America,Basic,Education,Startup,39.66,38,False,39,2,14.8
CUST-004405,2022-09-03,Latin America,Basic,Technology,SMB,44.77,28,False,59,3,44.7
CUST-004406,2023-02-04,Europe,Basic,Technology,Mid-Market,53.93,23,False,58,1,45.5
CUST-004407,2021-01-23,Asia Pacific,Basic,Technology,Startup,54.87,47,False,46,3,13.8
CUST-004408,2024-02-08,North America,Pro,Manufacturing,SMB,145.81,10,False,55,3,15.5
CUST-004409,2024-02-11,North America,Basic,Education,Mid-Market,59.94,10,False,45,3,47.5
CUST-004410,2021-10-17,Europe,Pro,Manufacturing,SMB,160.99,39,False,42,5,46.2
CUST-004411,2021-09-10,North America,Basic,Retail,SMB,48.92,40,False,28,1,35.1
CUST-004412,2021-03-27,North America,Pro,Education,SMB,147.5,45,False,1,0,6.2
CUST-004413,2021-01-11,Europe,Pro,Education,SMB,142.89,48,False,22,3,48.4
CUST-004414,2024-03-18,Europe,Basic,Manufacturing,Mid-Market,38.6,9,False,63,0,34.6
CUST-004415,2023-03-19,North America,Basic,Manufacturing,SMB,41.0,21,False,40,2,14.6
CUST-004416,2024-01-06,Europe,Basic,Technology,Enterprise,54.45,12,False,26,4,22.0
CUST-004417,2024-01-27,North America,Pro,Education,SMB,149.01,11,False,59,3,8.6
CUST-004418,2021-06-24,North America,Basic,Technology,Mid-Market,46.56,42,False,26,7,48.9
CUST-004419,2022-09-17,North America,Pro,Retail,Mid-Market,143.29,27,False,49,0,7.0
CUST-004420,2022-03-07,North America,Pro,Finance,Mid-Market,143.51,34,False,61,4,27.2
CUST-004421,2022-12-06,North America,Enterprise,Technology,Startup,498.55,25,False,47,1,56.0
CUST-004422,2022-03-10,Latin America,Pro,Manufacturing,Startup,147.76,34,False,56,3,33.7
CUST-004423,2023-04-26,Europe,Pro,Healthcare,SMB,148.99,20,False,44,2,11.3
CUST-004424,2023-11-16,Europe,Basic,Finance,Mid-Market,44.55,13,False,-3,0,8.1
CUST-004425,2021-10-19,North America,Enterprise,Retail,Startup,492.29,38,False,61,3,26.0
CUST-004426,2021-11-26,North America,Pro,Manufacturing,Enterprise,149.08,37,False,51,5,24.2
CUST-004427,2022-01-12,North America,Basic,Finance,Startup,55.5,36,False,28,7,7.9
CUST-004428,2022-03-29,North America,Pro,Manufacturing,Startup,143.91,33,False,23,1,28.1
CUST-004429,2022-06-02,North America,Basic,Technology,Startup,25.13,31,False,37,1,31.7
CUST-004430,2022-02-02,Asia Pacific,Pro,Manufacturing,SMB,135.33,35,False,11,1,40.6
CUST-004431,2021-08-23,Europe,Pro,Retail,Enterprise,159.74,40,False,53,2,20.9
CUST-004432,2022-01-07,Europe,Basic,Healthcare,SMB,58.94,36,False,31,3,14.1
CUST-004433,2024-03-07,Europe,Pro,Technology,SMB,155.47,9,False,17,2,22.5
CUST-004434,2021-04-22,Asia Pacific,Basic,Technology,Startup,54.13,44,False,48,4,29.1
CUST-004435,2024-01-30,North America,Basic,Retail,Mid-Market,59.18,11,False,44,1,35.5
CUST-004436,2023-08-03,North America,Basic,Retail,Startup,45.57,17,False,51,1,19.4
CUST-004437,2024-01-31,North America,Pro,Finance,SMB,150.39,11,False,9,3,39.8
CUST-004438,2021-05-30,Asia Pacific,Basic,Healthcare,Mid-Market,41.28,43,False,49,1,35.1
CUST-004439,2022-08-19,Latin America,Basic,Manufacturing,SMB,47.25,28,False,70,2,7.6
CUST-004440,2021-05-18,North America,Pro,Finance,Startup,167.96,44,False,34,1,11.5
CUST-004441,2022-05-29,Asia Pacific,Basic,Manufacturing,Startup,40.73,31,False,32,5,65.6
CUST-004442,2021-07-21,Asia Pacific,Basic,Manufacturing,Mid-Market,37.35,41,False,7,1,54.7
CUST-004443,2022-02-09,North America,Basic,Manufacturing,Mid-Market,47.06,35,False,36,3,14.8
CUST-004444,2024-04-04,North America,Basic,Finance,Enterprise,45.0,9,False,14,2,27.1
CUST-004445,2023-09-25,North America,Basic,Technology,Mid-Market,51.66,15,True,58,2,24.0
CUST-004446,2022-11-09,Latin America,Basic,Retail,Enterprise,56.93,26,False,83,2,5.7
CUST-004447,2023-01-02,North America,Enterprise,Technology,SMB,495.25,24,True,84,4,24.1
CUST-004448,2021-09-20,Asia Pacific,Pro,Healthcare,SMB,170.07,39,False,17,5,28.3
CUST-004449,2022-04-26,North America,Basic,Finance,Startup,61.31,32,False,20,3,47.5
CUST-004450,2021-07-24,Europe,Basic,Healthcare,SMB,41.36,41,False,47,0,5.4
CUST-004451,2022-08-07,North America,Basic,Retail,Mid-Market,48.21,29,False,30,3,27.0
CUST-004452,2021-05-23,Europe,Pro,Retail,Mid-Market,154.28,43,False,35,0,17.0
CUST-004453,2022-02-01,Asia Pacific,Basic,Education,SMB,40.71,35,False,84,1,27.1
CUST-004454,2022-10-13,Asia Pacific,Basic,Healthcare,SMB,28.35,27,False,13,0,27.7
CUST-004455,2023-09-23,Asia Pacific,Enterprise,Technology,Mid-Market,518.29,15,False,40,0,45.9
CUST-004456,2023-07-12,North America,Basic,Healthcare,SMB,37.93,17,False,42,1,53.0
CUST-004457,2022-11-04,Europe,Basic,Finance,SMB,57.52,26,False,56,4,8.1
CUST-004458,2022-09-19,North America,Enterprise,Retail,Mid-Market,506.0,27,False,17,5,25.9
CUST-004459,2024-04-11,North America,Pro,Retail,Startup,140.84,8,False,64,2,27.5
CUST-004460,2021-11-09,Europe,Basic,Healthcare,Enterprise,68.6,38,False,40,4,38.4
CUST-004461,2024-03-04,North America,Pro,Healthcare,Enterprise,149.65,10,False,18,4,55.4
CUST-004462,2024-03-06,Europe,Basic,Manufacturing,SMB,50.38,10,False,31,2,55.1
CUST-004463,2023-01-17,Latin America,Pro,Healthcare,SMB,133.62,23,False,55,5,34.9
CUST-004464,2022-10-10,North America,Basic,Manufacturing,Mid-Market,27.88,27,False,76,3,7.4
CUST-004465,2023-05-28,Europe,Pro,Finance,SMB,146.57,19,False,27,1,44.6
CUST-004466,2021-12-12,North America,Enterprise,Finance,Startup,511.97,37,False,77,4,30.9
CUST-004467,2021-01-10,North America,Enterprise,Technology,Enterprise,480.38,48,False,59,5,39.5
CUST-004468,2022-10-04,North America,Enterprise,Healthcare,SMB,500.45,27,False,24,6,43.6
CUST-004469,2022-05-20,Asia Pacific,Pro,Technology,Startup,149.82,31,False,47,3,34.7
CUST-004470,2022-03-30,Asia Pacific,Basic,Education,SMB,61.41,33,False,52,4,32.2
CUST-004471,2023-06-13,Asia Pacific,Basic,Finance,Startup,59.16,18,False,30,0,21.9
CUST-004472,2022-07-21,Latin America,Pro,Retail,Startup,150.4,29,False,22,0,12.6
CUST-004473,2023-01-07,North America,Enterprise,Manufacturing,SMB,498.06,24,False,32,0,35.5
CUST-004474,2021-10-03,North America,Basic,Education,SMB,41.8,39,False,27,4,54.2
CUST-004475,2022-11-11,Europe,Enterprise,Retail,SMB,487.55,26,False,40,3,35.0
CUST-004476,2023-09-10,Europe,Pro,Education,Enterprise,142.74,15,False,78,0,19.0
CUST-004477,2023-08-06,North America,Enterprise,Technology,Mid-Market,487.93,17,False,44,0,56.1
CUST-004478,2023-07-02,North America,Enterprise,Technology,Startup,497.95,18,False,71,1,50.9
CUST-004479,2023-01-05,Europe,Basic,Manufacturing,Startup,48.65,24,False,46,2,55.0
CUST-004480,2022-09-18,Europe,Basic,Finance,Mid-Market,46.25,27,False,92,3,13.5
CUST-004481,2023-09-25,North America,Basic,Manufacturing,Mid-Market,50.09,15,False,18,5,18.9
CUST-004482,2024-02-04,Europe,Basic,Retail,Mid-Market,44.41,11,False,-6,1,22.7
CUST-004483,2021-08-11,Europe,Pro,Education,Mid-Market,157.42,41,False,40,2,26.6
CUST-004484,2021-12-26,Europe,Pro,Manufacturing,Startup,151.29,36,False,42,1,13.3
CUST-004485,2021-06-17,North America,Enterprise,Healthcare,SMB,494.16,43,False,66,1,31.3
CUST-004486,2022-07-29,Europe,Pro,Healthcare,Mid-Market,137.33,29,False,73,2,4.4
CUST-004487,2021-10-14,North America,Basic,Finance,Enterprise,48.18,39,False,3,2,18.8
CUST-004488,2024-01-09,North America,Basic,Manufacturing,Startup,60.41,11,False,31,2,48.0
CUST-004489,2022-02-07,Asia Pacific,Basic,Retail,SMB,54.89,35,False,37,1,12.2
CUST-004490,2022-06-24,Europe,Basic,Healthcare,Startup,56.58,30,False,11,2,32.8
CUST-004491,2021-06-06,North America,Pro,Finance,SMB,156.24,43,False,32,1,1.9
CUST-004492,2021-06-04,Europe,Basic,Manufacturing,Startup,61.16,43,False,56,1,26.0
CUST-004493,2021-02-08,Europe,Basic,Finance,Enterprise,57.62,47,False,58,1,26.6
CUST-004494,2023-11-05,Asia Pacific,Basic,Retail,Mid-Market,50.49,14,False,42,3,34.0
CUST-004495,2021-03-05,Europe,Pro,Healthcare,Mid-Market,144.93,46,True,68,3,14.1
CUST-004496,2024-04-06,Europe,Basic,Healthcare,Enterprise,57.76,8,False,41,3,43.6
CUST-004497,2024-03-31,Europe,Basic,Healthcare,Startup,24.81,9,False,60,2,7.2
CUST-004498,2023-04-10,North America,Basic,Technology,Mid-Market,61.67,21,False,18,5,35.0
CUST-004499,2022-03-12,North America,Enterprise,Healthcare,Mid-Market,505.9,34,False,19,4,23.8
CUST-004500,2021-03-17,North America,Basic,Education,SMB,65.39,46,False,76,3,33.7
CUST-004501,2024-02-04,Europe,Pro,Technology,Mid-Market,137.8,11,False,25,2,11.5
CUST-004502,2022-06-18,Europe,Pro,Manufacturing,SMB,160.62,30,False,55,5,30.5
CUST-004503,2024-01-19,North America,Pro,Technology,Mid-Market,155.64,11,False,24,1,36.7
CUST-004504,2024-01-11,North America,Enterprise,Technology,SMB,492.93,11,False,42,3,34.4
CUST-004505,2023-08-25,Europe,Basic,Technology,SMB,47.64,16,False,32,4,30.7
CUST-004506,2021-11-01,North America,Basic,Finance,Startup,46.94,38,False,49,1,32.2
CUST-004507,2023-01-20,Europe,Basic,Education,Startup,45.35,23,False,49,2,5.6
CUST-004508,2023-03-15,North America,Pro,Retail,Startup,135.51,21,False,21,3,31.8
CUST-004509,2022-04-03,Europe,Basic,Healthcare,Startup,60.74,33,False,49,0,22.5
CUST-004510,2022-08-19,Asia Pacific,Basic,Technology,SMB,39.54,28,False,12,4,27.4
CUST-004511,2021-10-02,North America,Pro,Retail,Startup,138.5,39,False,69,3,4.2
CUST-004512,2023-08-10,Europe,Pro,Finance,Startup,160.99,16,False,42,1,7.3
CUST-004513,2023-10-24,North America,Basic,Retail,Mid-Market,34.97,14,False,-25,2,49.1
CUST-004514,2023-11-12,Europe,Pro,Technology,Mid-Market,145.97,13,True,8,1,54.5
CUST-004515,2021-07-05,Europe,Pro,Manufacturing,Mid-Market,139.06,42,False,48,4,21.9
CUST-004516,2023-03-24,North America,Basic,Education,Enterprise,65.37,21,False,54,2,21.9
CUST-004517,2023-01-16,Europe,Basic,Retail,Startup,60.44,23,False,27,2,23.0
CUST-004518,2023-10-26,Asia Pacific,Pro,Technology,Startup,140.78,14,False,38,4,46.0
CUST-004519,2021-01-22,North America,Pro,Technology,SMB,139.03,47,False,49,2,22.5
CUST-004520,2022-05-05,North America,Basic,Healthcare,Enterprise,56.67,32,False,61,3,20.4
CUST-004521,2021-12-06,Asia Pacific,Basic,Manufacturing,Mid-Market,53.33,37,False,53,2,46.2
CUST-004522,2023-11-19,Europe,Pro,Healthcare,SMB,145.46,13,False,23,1,9.0
CUST-004523,2021-10-15,Asia Pacific,Enterprise,Manufacturing,Startup,494.53,39,True,62,3,29.3
CUST-004524,2023-07-03,Europe,Pro,Education,Mid-Market,146.66,18,False,-8,3,14.1
CUST-004525,2021-11-23,Asia Pacific,Basic,Healthcare,SMB,58.02,37,False,29,0,13.3
CUST-004526,2022-01-02,North America,Basic,Education,SMB,64.71,36,False,47,3,43.3
CUST-004527,2024-03-05,Europe,Enterprise,Finance,Enterprise,517.23,10,False,10,6,44.3
CUST-004528,2024-03-04,Asia Pacific,Basic,Finance,SMB,41.66,10,False,36,2,45.3
CUST-004529,2021-10-27,Europe,Enterprise,Manufacturing,Enterprise,499.58,38,False,46,1,43.8
CUST-004530,2023-09-18,North America,Enterprise,Manufacturing,SMB,512.44,15,False,19,5,65.4
CUST-004531,2023-01-05,North America,Basic,Healthcare,Mid-Market,40.29,24,False,38,2,32.3
CUST-004532,2021-03-24,North America,Enterprise,Finance,Mid-Market,492.18,45,False,10,3,41.6
CUST-004533,2022-03-25,North America,Basic,Retail,SMB,56.97,33,False,55,2,14.2
CUST-004534,2023-09-26,North America,Pro,Retail,Mid-Market,144.31,15,False,45,1,27.4
CUST-004535,2022-04-20,Europe,Basic,Retail,Mid-Market,34.25,32,False,49,1,20.2
CUST-004536,2021-05-09,Europe,Basic,Finance,Mid-Market,40.73,44,False,33,3,31.9
CUST-004537,2022-06-26,North America,Pro,Retail,Startup,158.9,30,False,1,4,5.1
CUST-004538,2023-01-27,Europe,Pro,Education,SMB,151.49,23,False,32,2,31.1
CUST-004539,2022-04-25,North America,Basic,Technology,SMB,33.38,32,False,69,2,9.5
CUST-004540,2021-03-29,North America,Pro,Manufacturing,Enterprise,142.91,45,False,55,5,20.8
CUST-004541,2022-02-28,North America,Basic,Healthcare,Enterprise,67.23,34,False,69,0,34.3
CUST-004542,2023-11-27,Europe,Basic,Education,Startup,48.31,13,False,36,1,13.1
CUST-004543,2023-01-10,North America,Basic,Retail,Startup,46.57,24,False,21,3,16.7
CUST-004544,2023-03-06,North America,Basic,Technology,Enterprise,49.08,22,False,46,3,18.8
CUST-004545,2023-08-20,North America,Basic,Healthcare,SMB,51.05,16,False,31,1,22.0
CUST-004546,2023-07-21,Asia Pacific,Basic,Education,Startup,45.09,17,False,23,4,30.9
CUST-004547,2021-04-06,North America,Basic,Healthcare,Startup,62.41,45,False,0,3,42.2
CUST-004548,2021-03-23,Europe,Basic,Manufacturing,SMB,44.29,45,False,41,3,3.7
CUST-004549,2022-10-26,Europe,Basic,Finance,Mid-Market,58.94,26,False,53,0,42.0
CUST-004550,2021-07-31,Asia Pacific,Enterprise,Retail,SMB,517.22,41,False,11,2,100.0
CUST-004551,2023-12-04,Asia Pacific,Basic,Education,SMB,52.78,13,False,64,3,35.4
CUST-004552,2022-07-15,North America,Enterprise,Education,Enterprise,488.52,30,False,39,0,65.4
CUST-004553,2022-06-24,North America,Pro,Technology,Startup,150.88,30,False,37,5,40.1
CUST-004554,2024-03-31,Asia Pacific,Pro,Technology,Startup,143.36,9,False,10,3,40.4
CUST-004555,2024-01-20,Europe,Pro,Technology,Mid-Market,157.98,11,False,45,4,44.3
CUST-004556,2024-03-13,Europe,Pro,Healthcare,Mid-Market,151.07,9,False,11,4,5.7
CUST-004557,2021-12-23,Europe,Basic,Retail,SMB,47.81,36,False,15,1,37.9
CUST-004558,2023-02-11,Europe,Pro,Healthcare,SMB,138.92,22,False,1,2,30.4
CUST-004559,2023-02-15,Asia Pacific,Pro,Retail,SMB,130.39,22,False,89,0,71.5
CUST-004560,2023-01-19,Latin America,Pro,Education,Mid-Market,140.88,23,False,34,1,46.6
CUST-004561,2021-06-09,Europe,Pro,Healthcare,Startup,155.51,43,False,22,3,12.5
CUST-004562,2023-11-25,North America,Basic,Healthcare,SMB,60.83,13,False,34,3,23.5
CUST-004563,2022-05-31,Asia Pacific,Pro,Healthcare,Startup,145.9,31,False,24,3,14.9
CUST-004564,2023-02-10,North America,Pro,Finance,Mid-Market,139.55,23,False,31,2,13.7
CUST-004565,2022-04-02,North America,Basic,Manufacturing,SMB,50.9,33,False,42,4,60.1
CUST-004566,2023-11-24,Asia Pacific,Basic,Retail,SMB,55.89,13,True,26,3,57.6
CUST-004567,2023-04-12,North America,Pro,Retail,Startup,156.77,20,False,37,3,18.1
CUST-004568,2022-12-24,North America,Enterprise,Healthcare,Startup,500.95,24,False,81,1,28.3
CUST-004569,2022-12-08,North America,Basic,Finance,Mid-Market,69.7,25,False,-1,2,12.2
CUST-004570,2023-09-25,Asia Pacific,Pro,Healthcare,Mid-Market,161.69,15,False,12,3,32.4
CUST-004571,2023-09-15,Europe,Basic,Retail,Mid-Market,36.77,15,False,44,4,6.6
CUST-004572,2021-01-14,Europe,Basic,Manufacturing,Mid-Market,34.33,48,False,62,5,24.3
CUST-004573,2023-10-25,North America,Basic,Manufacturing,Startup,37.7,14,True,94,2,28.3
CUST-004574,2021-10-12,Asia Pacific,Basic,Education,Mid-Market,60.68,39,False,43,3,50.2
CUST-004575,2023-06-20,Asia Pacific,Basic,Finance,Startup,31.91,18,False,10,1,31.1
CUST-004576,2021-12-06,North America,Basic,Manufacturing,Startup,53.58,37,False,65,2,6.7
CUST-004577,2022-04-17,North America,Pro,Finance,Mid-Market,147.3,32,False,37,1,60.2
CUST-004578,2021-06-07,North America,Pro,Healthcare,Mid-Market,136.55,43,False,36,3,31.8
CUST-004579,2023-11-20,Latin America,Basic,Education,Mid-Market,51.49,13,False,-3,4,64.6
CUST-004580,2022-07-30,Europe,Basic,Retail,Mid-Market,47.24,29,False,58,6,31.6
CUST-004581,2022-03-10,Asia Pacific,Basic,Manufacturing,Enterprise,57.07,34,False,16,0,54.9
CUST-004582,2021-11-04,North America,Pro,Manufacturing,Startup,132.73,38,False,46,2,34.4
CUST-004583,2022-01-18,Asia Pacific,Basic,Technology,Enterprise,40.06,35,False,36,5,10.8
CUST-004584,2021-11-19,Asia Pacific,Basic,Retail,Mid-Market,40.26,37,False,38,1,15.5
CUST-004585,2023-01-12,Europe,Enterprise,Manufacturing,Mid-Market,505.62,23,False,36,7,74.3
CUST-004586,2021-08-31,Latin America,Pro,Manufacturing,Mid-Market,146.62,40,False,19,0,74.9
CUST-004587,2022-04-17,North America,Basic,Retail,SMB,60.81,32,False,18,1,21.4
CUST-004588,2023-04-30,North America,Basic,Education,Mid-Market,45.01,20,False,53,2,36.7
CUST-004589,2022-11-08,Europe,Basic,Finance,SMB,51.21,26,False,34,0,4.4
CUST-004590,2021-08-21,Europe,Pro,Retail,Enterprise,163.84,40,False,21,4,26.8
CUST-004591,2023-09-14,Europe,Pro,Finance,Startup,131.27,15,True,24,1,58.8
CUST-004592,2023-09-08,North America,Basic,Education,SMB,49.29,16,False,48,4,14.6
CUST-004593,2023-09-09,Europe,Pro,Education,Startup,148.68,15,False,21,4,40.5
CUST-004594,2022-03-08,North America,Basic,Healthcare,SMB,41.12,34,False,66,5,50.4
CUST-004595,2021-11-27,North America,Basic,Technology,Startup,47.36,37,False,31,1,34.0
CUST-004596,2023-04-22,Europe,Basic,Education,Startup,52.12,20,False,28,1,6.2
CUST-004597,2021-02-15,Europe,Basic,Education,SMB,41.54,47,False,47,7,13.9
CUST-004598,2022-05-15,North America,Basic,Finance,SMB,49.55,32,False,29,4,38.2
CUST-004599,2021-03-30,North America,Basic,Education,Startup,38.8,45,True,42,0,23.0
CUST-004600,2021-09-19,North America,Basic,Retail,SMB,46.96,39,False,33,0,25.1
CUST-004601,2024-03-20,North America,Basic,Healthcare,Enterprise,58.29,9,False,0,2,26.3
CUST-004602,2021-11-26,Asia Pacific,Pro,Healthcare,Startup,158.75,37,False,13,1,25.0
CUST-004603,2021-10-03,Asia Pacific,Basic,Retail,SMB,60.73,39,False,40,0,27.3
CUST-004604,2023-11-16,North America,Basic,Manufacturing,Startup,47.98,13,False,25,4,11.3
CUST-004605,2021-03-22,Asia Pacific,Pro,Education,Startup,145.73,46,False,76,2,44.1
CUST-004606,2024-03-18,Asia Pacific,Pro,Technology,Mid-Market,156.38,9,False,19,2,41.1
CUST-004607,2021-10-28,Asia Pacific,Pro,Education,SMB,160.67,38,True,8,3,42.1
CUST-004608,2021-04-25,North America,Basic,Healthcare,SMB,49.83,44,False,35,5,70.5
CUST-004609,2021-12-07,Latin America,Basic,Technology,Startup,64.12,37,False,40,2,56.6
CUST-004610,2022-06-13,North America,Pro,Manufacturing,Mid-Market,156.11,31,False,52,1,26.5
CUST-004611,2022-01-04,North America,Pro,Finance,Mid-Market,143.29,36,False,-15,3,19.3
CUST-004612,2023-11-25,North America,Basic,Finance,Startup,44.5,13,False,65,1,60.8
CUST-004613,2023-04-11,Europe,Enterprise,Education,Startup,498.6,21,False,8,6,52.1
CUST-004614,2024-02-29,North America,Basic,Education,Startup,33.3,10,False,56,3,61.0
CUST-004615,2021-02-08,North America,Enterprise,Technology,Mid-Market,493.47,47,False,74,5,58.9
CUST-004616,2022-08-04,North America,Enterprise,Technology,Startup,510.41,29,False,49,4,38.4
CUST-004617,2021-06-25,Asia Pacific,Pro,Manufacturing,SMB,162.45,42,False,12,2,28.3
CUST-004618,2022-03-20,Asia Pacific,Enterprise,Education,Startup,501.86,33,False,31,5,23.4
CUST-004619,2023-07-09,North America,Pro,Healthcare,Startup,153.54,18,True,50,1,20.4
CUST-004620,2023-08-24,Asia Pacific,Basic,Finance,Startup,45.9,16,False,35,2,8.7
CUST-004621,2023-09-14,Asia Pacific,Basic,Manufacturing,SMB,42.6,15,False,14,4,41.7
CUST-004622,2021-12-16,Asia Pacific,Basic,Technology,Startup,54.7,37,False,36,1,15.9
CUST-004623,2022-03-26,North America,Basic,Healthcare,SMB,44.6,33,False,24,0,29.0
CUST-004624,2023-04-22,Europe,Pro,Education,SMB,165.9,20,False,47,1,20.8
CUST-004625,2021-10-20,Asia Pacific,Basic,Retail,SMB,53.09,38,True,13,3,70.9
CUST-004626,2024-04-08,Europe,Basic,Technology,Mid-Market,53.45,8,False,-3,2,31.6
CUST-004627,2022-01-08,North America,Pro,Manufacturing,Mid-Market,138.4,36,False,14,5,32.4
CUST-004628,2023-11-13,Europe,Enterprise,Retail,Mid-Market,475.81,13,False,0,3,24.1
CUST-004629,2022-06-26,Europe,Basic,Healthcare,Enterprise,53.45,30,False,22,2,48.5
CUST-004630,2021-12-10,Europe,Basic,Finance,Startup,44.03,37,False,48,7,6.3
CUST-004631,2022-12-03,North America,Basic,Healthcare,Startup,58.84,25,False,27,0,25.9
CUST-004632,2023-07-18,North America,Pro,Finance,Mid-Market,139.87,17,False,34,2,26.4
CUST-004633,2021-05-21,Asia Pacific,Basic,Healthcare,SMB,43.69,44,False,14,1,53.2
CUST-004634,2022-04-16,Asia Pacific,Pro,Technology,SMB,160.19,33,False,35,2,25.4
CUST-004635,2023-02-14,North America,Basic,Technology,Startup,53.37,22,False,15,0,25.4
CUST-004636,2023-03-01,Latin America,Basic,Manufacturing,SMB,38.99,22,True,11,3,24.2
CUST-004637,2021-09-28,North America,Enterprise,Retail,Enterprise,499.34,39,False,30,1,48.5
CUST-004638,2021-08-11,Europe,Basic,Healthcare,SMB,68.04,41,False,21,3,17.0
CUST-004639,2021-02-03,Asia Pacific,Basic,Healthcare,Enterprise,50.44,47,False,-21,0,29.5
CUST-004640,2022-02-19,Asia Pacific,Basic,Retail,SMB,47.52,34,False,33,0,28.2
CUST-004641,2023-12-07,Asia Pacific,Basic,Education,Startup,57.95,13,False,15,2,41.0
CUST-004642,2023-10-30,North America,Pro,Manufacturing,SMB,152.52,14,False,14,0,3.7
CUST-004643,2023-05-10,Asia Pacific,Basic,Healthcare,SMB,63.44,20,False,62,3,48.8
CUST-004644,2021-11-03,North America,Basic,Manufacturing,Mid-Market,56.55,38,False,52,5,25.0
CUST-004645,2021-07-17,Europe,Basic,Healthcare,SMB,58.07,42,False,42,4,10.5
CUST-004646,2021-12-30,Europe,Pro,Healthcare,SMB,163.92,36,False,36,5,11.0
CUST-004647,2023-09-02,Europe,Pro,Education,Startup,146.01,16,False,47,2,14.2
CUST-004648,2021-03-21,North America,Pro,Technology,SMB,143.01,46,True,27,0,32.7
CUST-004649,2023-12-25,Asia Pacific,Pro,Manufacturing,SMB,135.54,12,True,36,1,22.5
CUST-004650,2023-10-28,North America,Basic,Retail,Enterprise,46.89,14,False,26,6,14.5
CUST-004651,2021-08-29,North America,Basic,Manufacturing,SMB,35.91,40,False,37,2,25.6
CUST-004652,2021-07-10,Europe,Basic,Education,Mid-Market,52.65,42,False,40,3,15.5
CUST-004653,2023-09-15,Europe,Basic,Finance,SMB,42.87,15,False,39,3,33.6
CUST-004654,2021-09-24,Asia Pacific,Basic,Finance,Startup,58.62,39,True,27,3,32.2
CUST-004655,2024-01-10,North America,Pro,Education,Startup,156.79,11,False,48,2,28.0
CUST-004656,2021-01-03,North America,Pro,Education,SMB,145.1,48,False,30,2,18.6
CUST-004657,2023-06-03,Asia Pacific,Enterprise,Technology,Enterprise,508.76,19,False,30,2,45.7
CUST-004658,2023-12-06,Europe,Basic,Manufacturing,Mid-Market,50.49,13,False,-1,1,25.2
CUST-004659,2023-05-12,North America,Pro,Manufacturing,Enterprise,131.29,19,False,17,3,52.3
CUST-004660,2023-01-29,Europe,Pro,Finance,Mid-Market,139.11,23,False,52,0,71.4
CUST-004661,2021-03-30,Europe,Pro,Retail,SMB,141.76,45,False,50,2,14.7
CUST-004662,2023-12-22,Europe,Basic,Manufacturing,Mid-Market,49.1,12,False,34,4,43.4
CUST-004663,2023-05-29,Europe,Basic,Healthcare,Mid-Market,44.71,19,False,23,1,10.3
CUST-004664,2022-04-15,Asia Pacific,Basic,Healthcare,Mid-Market,43.71,33,False,38,1,31.8
CUST-004665,2023-09-15,Asia Pacific,Basic,Technology,SMB,54.81,15,False,-12,2,42.8
CUST-004666,2023-02-20,Europe,Pro,Technology,SMB,156.87,22,True,37,1,10.6
CUST-004667,2022-12-19,North America,Basic,Finance,SMB,42.81,24,False,10,2,36.5
CUST-004668,2024-03-25,Asia Pacific,Basic,Retail,Startup,40.5,9,False,33,1,5.9
CUST-004669,2021-07-20,Europe,Pro,Retail,SMB,161.64,42,False,39,2,16.0
CUST-004670,2023-05-22,Europe,Pro,Education,Mid-Market,176.26,19,False,28,3,42.0
CUST-004671,2021-10-02,North America,Basic,Technology,SMB,39.58,39,False,49,3,35.3
CUST-004672,2022-06-06,Asia Pacific,Pro,Manufacturing,SMB,157.91,31,False,22,4,18.1
CUST-004673,2023-09-05,Europe,Basic,Healthcare,Startup,47.61,16,False,20,2,29.3
CUST-004674,2022-04-22,North America,Basic,Manufacturing,Mid-Market,55.76,32,False,47,6,28.5
CUST-004675,2021-06-21,North America,Basic,Healthcare,SMB,39.47,42,False,27,1,34.1
CUST-004676,2022-08-04,Asia Pacific,Pro,Finance,Enterprise,136.48,29,False,61,1,18.0
CUST-004677,2024-01-19,North America,Enterprise,Healthcare,Enterprise,487.77,11,False,35,3,28.2
CUST-004678,2023-04-17,Latin America,Basic,Manufacturing,Enterprise,43.36,20,False,46,2,26.0
CUST-004679,2022-06-12,Europe,Pro,Manufacturing,Startup,146.65,31,False,53,5,38.2
CUST-004680,2022-01-23,Europe,Basic,Retail,SMB,58.45,35,False,33,1,29.8
CUST-004681,2021-01-12,North America,Pro,Retail,Enterprise,140.67,48,False,4,2,49.8
CUST-004682,2021-01-15,North America,Basic,Technology,Mid-Market,42.62,48,False,47,2,12.2
CUST-004683,2024-03-29,Asia Pacific,Basic,Manufacturing,Enterprise,69.81,9,False,58,2,14.0
CUST-004684,2023-12-07,North America,Pro,Finance,SMB,149.53,13,False,29,2,35.4
CUST-004685,2021-08-30,Asia Pacific,Pro,Healthcare,SMB,151.85,40,False,54,0,34.3
CUST-004686,2023-12-01,North America,Basic,Technology,Startup,56.45,13,False,11,0,28.9
CUST-004687,2021-01-15,North America,Basic,Education,Mid-Market,43.76,48,False,37,2,18.7
CUST-004688,2023-02-08,North America,Basic,Education,Mid-Market,48.82,23,False,29,2,10.0
CUST-004689,2022-02-25,Europe,Basic,Healthcare,Startup,45.78,34,False,3,1,30.7
CUST-004690,2022-10-09,Latin America,Pro,Healthcare,Startup,148.17,27,False,42,3,24.9
CUST-004691,2023-04-18,North America,Enterprise,Healthcare,SMB,507.43,20,False,17,4,58.1
CUST-004692,2023-01-12,North America,Basic,Retail,Mid-Market,55.75,23,False,42,3,31.0
CUST-004693,2021-08-07,North America,Basic,Healthcare,Startup,26.18,41,False,15,4,44.2
CUST-004694,2021-11-13,Europe,Pro,Education,Startup,158.98,38,True,1,4,61.9
CUST-004695,2023-05-23,North America,Basic,Healthcare,Startup,45.54,19,False,20,0,15.7
CUST-004696,2024-04-13,Asia Pacific,Pro,Manufacturing,Startup,152.95,8,False,55,4,56.8
CUST-004697,2022-06-04,Europe,Basic,Finance,Enterprise,44.92,31,False,31,3,31.4
CUST-004698,2022-06-20,Europe,Pro,Education,Mid-Market,148.48,30,False,35,0,11.6
CUST-004699,2024-01-03,North America,Pro,Finance,Mid-Market,162.15,12,False,37,2,11.8
CUST-004700,2023-05-18,Latin America,Pro,Education,Mid-Market,152.36,19,False,37,1,26.9
CUST-004701,2024-03-02,North America,Pro,Technology,SMB,161.64,10,False,72,1,50.5
CUST-004702,2023-01-19,North America,Basic,Manufacturing,Mid-Market,48.49,23,False,34,4,33.2
CUST-004703,2022-07-19,Europe,Pro,Education,Enterprise,147.45,29,False,-3,6,27.6
CUST-004704,2023-03-25,Europe,Pro,Manufacturing,Mid-Market,149.12,21,False,27,2,8.1
CUST-004705,2022-02-22,North America,Basic,Education,SMB,36.31,34,False,36,3,21.3
CUST-004706,2023-04-27,North America,Basic,Finance,Mid-Market,22.09,20,True,9,0,28.7
CUST-004707,2024-02-05,Asia Pacific,Basic,Finance,Enterprise,41.19,11,True,30,5,33.7
CUST-004708,2024-02-16,North America,Basic,Education,Startup,59.27,10,False,30,1,44.0
CUST-004709,2023-09-16,Asia Pacific,Basic,Education,SMB,63.21,15,False,70,2,5.5
CUST-004710,2022-01-02,Europe,Pro,Retail,Enterprise,128.98,36,False,21,1,45.1
CUST-004711,2023-01-29,North America,Basic,Manufacturing,Enterprise,61.87,23,False,53,1,38.9
CUST-004712,2024-02-20,Europe,Enterprise,Manufacturing,SMB,493.08,10,False,32,4,49.7
CUST-004713,2024-02-11,North America,Basic,Manufacturing,SMB,34.74,10,False,52,1,13.9
CUST-004714,2023-09-18,Asia Pacific,Basic,Manufacturing,SMB,59.59,15,False,62,0,63.6
CUST-004715,2022-06-04,Europe,Basic,Technology,SMB,43.95,31,False,42,1,22.7
CUST-004716,2022-09-21,North America,Basic,Technology,Enterprise,75.16,27,False,33,1,23.8
CUST-004717,2024-03-29,Europe,Basic,Healthcare,Startup,42.27,9,False,57,4,33.3
CUST-004718,2022-12-07,Latin America,Basic,Education,SMB,46.24,25,False,5,2,27.4
CUST-004719,2023-03-27,North America,Basic,Education,Enterprise,39.24,21,False,38,2,43.4
CUST-004720,2021-10-10,Asia Pacific,Pro,Education,SMB,150.5,39,True,10,1,14.9
CUST-004721,2021-09-01,North America,Pro,Education,Mid-Market,156.97,40,False,50,3,25.7
CUST-004722,2022-04-16,North America,Basic,Manufacturing,SMB,31.7,33,False,36,2,43.2
CUST-004723,2023-07-04,North America,Pro,Manufacturing,Mid-Market,155.56,18,False,33,0,30.9
CUST-004724,2021-11-28,North America,Pro,Technology,Enterprise,144.91,37,False,27,1,32.3
CUST-004725,2021-07-25,North America,Basic,Finance,SMB,40.39,41,False,48,3,24.3
CUST-004726,2022-03-16,North America,Enterprise,Retail,Mid-Market,484.99,34,False,0,3,32.7
CUST-004727,2023-11-08,Asia Pacific,Pro,Manufacturing,Enterprise,158.79,13,False,73,4,14.2
CUST-004728,2023-04-01,Asia Pacific,Basic,Manufacturing,Enterprise,51.87,21,False,32,2,33.6
CUST-004729,2022-11-25,Europe,Basic,Manufacturing,SMB,43.18,25,False,9,4,63.4
CUST-004730,2024-02-02,North America,Basic,Finance,SMB,56.79,11,False,-17,2,2.6
CUST-004731,2021-04-17,North America,Basic,Finance,SMB,54.3,45,False,31,3,25.5
CUST-004732,2021-11-26,North America,Pro,Technology,SMB,157.68,37,False,39,1,12.5
CUST-004733,2023-03-08,Europe,Basic,Manufacturing,SMB,65.41,22,False,41,3,35.8
CUST-004734,2021-01-11,Asia Pacific,Pro,Retail,Startup,151.18,48,True,5,2,3.2
CUST-004735,2021-07-06,North America,Pro,Education,Mid-Market,168.32,42,False,10,2,49.9
CUST-004736,2021-10-25,North America,Pro,Manufacturing,SMB,163.28,38,False,62,1,15.5
CUST-004737,2023-08-24,Europe,Pro,Technology,Mid-Market,156.83,16,False,3,5,38.1
CUST-004738,2023-06-11,North America,Basic,Technology,Mid-Market,32.09,18,False,37,2,24.6
CUST-004739,2021-06-30,North America,Basic,Retail,SMB,50.1,42,False,27,2,32.3
CUST-004740,2021-05-12,Europe,Pro,Healthcare,SMB,151.46,44,False,24,2,41.7
CUST-004741,2022-06-23,Europe,Basic,Technology,Mid-Market,51.16,30,False,29,3,13.5
CUST-004742,2022-03-31,North America,Basic,Finance,Startup,47.9,33,False,24,2,52.4
CUST-004743,2023-01-30,North America,Enterprise,Finance,Startup,505.46,23,False,23,3,73.4
CUST-004744,2021-06-13,Latin America,Pro,Education,Mid-Market,156.79,43,False,54,2,12.4
CUST-004745,2021-03-19,North America,Basic,Technology,Startup,32.28,46,False,26,1,37.5
CUST-004746,2023-02-27,North America,Pro,Education,Mid-Market,162.55,22,False,10,2,35.1
CUST-004747,2023-04-01,North America,Pro,Technology,Enterprise,134.24,21,False,33,2,20.0
CUST-004748,2023-12-04,North America,Basic,Retail,SMB,44.94,13,False,13,4,33.2
CUST-004749,2022-08-10,North America,Basic,Manufacturing,Mid-Market,40.12,29,False,13,2,18.9
CUST-004750,2021-04-28,Asia Pacific,Enterprise,Technology,SMB,491.78,44,False,64,2,18.4
CUST-004751,2021-12-25,North America,Basic,Healthcare,Mid-Market,59.87,36,False,31,0,8.8
CUST-004752,2023-10-10,North America,Basic,Finance,Mid-Market,50.22,14,False,9,0,37.3
CUST-004753,2023-06-19,Europe,Basic,Retail,Startup,55.83,18,False,32,3,29.7
CUST-004754,2021-01-22,Europe,Pro,Manufacturing,SMB,155.32,47,False,36,5,26.5
CUST-004755,2022-02-18,Asia Pacific,Basic,Manufacturing,Mid-Market,29.85,34,False,30,0,39.3
CUST-004756,2023-11-28,Asia Pacific,Basic,Finance,Startup,43.42,13,False,25,0,55.8
CUST-004757,2022-08-09,North America,Basic,Manufacturing,Enterprise,56.49,29,False,7,2,24.8
CUST-004758,2022-02-03,Asia Pacific,Enterprise,Education,SMB,505.57,35,False,26,2,56.4
CUST-004759,2021-03-10,Europe,Basic,Retail,SMB,31.43,46,False,19,1,13.2
CUST-004760,2023-11-12,Latin America,Pro,Healthcare,Startup,159.3,13,False,32,5,49.2
CUST-004761,2023-11-23,Europe,Enterprise,Finance,Mid-Market,505.16,13,False,43,2,29.3
CUST-004762,2022-04-20,Latin America,Basic,Technology,Mid-Market,39.37,32,False,70,3,47.0
CUST-004763,2021-12-14,Asia Pacific,Enterprise,Technology,SMB,503.09,37,False,50,4,60.4
CUST-004764,2021-03-15,North America,Enterprise,Technology,Mid-Market,496.71,46,False,-19,4,38.6
CUST-004765,2023-01-07,Europe,Enterprise,Retail,Mid-Market,503.92,24,False,39,0,17.9
CUST-004766,2022-05-05,Latin America,Basic,Healthcare,Startup,31.0,32,False,65,2,63.6
CUST-004767,2021-01-01,Asia Pacific,Pro,Manufacturing,SMB,145.47,48,False,32,2,18.9
CUST-004768,2021-11-19,North America,Pro,Healthcare,Startup,160.81,37,False,66,3,0.3
CUST-004769,2021-06-27,Europe,Enterprise,Healthcare,Startup,504.39,42,False,12,8,43.1
CUST-004770,2022-07-20,North America,Basic,Finance,Startup,56.92,29,False,17,1,39.3
CUST-004771,2023-03-30,North America,Pro,Retail,Enterprise,146.66,21,True,31,3,23.1
CUST-004772,2022-12-25,North America,Basic,Technology,Enterprise,54.64,24,False,32,2,44.3
CUST-004773,2023-03-21,North America,Basic,Finance,Startup,47.37,21,False,51,3,34.3
CUST-004774,2023-04-11,Asia Pacific,Basic,Manufacturing,SMB,39.75,21,False,35,1,71.3
CUST-004775,2024-04-15,North America,Pro,Healthcare,Startup,146.48,8,False,32,1,47.6
CUST-004776,2022-02-15,Asia Pacific,Basic,Technology,Mid-Market,63.54,35,True,84,1,18.4
CUST-004777,2023-11-27,North America,Pro,Retail,SMB,160.32,13,False,19,2,24.9
CUST-004778,2021-02-01,North America,Enterprise,Education,Mid-Market,489.08,47,True,60,3,30.3
CUST-004779,2021-05-21,North America,Basic,Healthcare,SMB,44.83,44,False,43,1,22.9
CUST-004780,2021-07-04,North America,Pro,Healthcare,Mid-Market,139.76,42,False,27,1,18.6
CUST-004781,2024-01-31,North America,Basic,Healthcare,SMB,50.8,11,False,40,3,19.0
CUST-004782,2022-08-06,North America,Basic,Healthcare,Startup,58.97,29,False,18,2,39.5
CUST-004783,2024-02-20,Europe,Pro,Technology,Startup,169.32,10,False,36,0,21.1
CUST-004784,2024-04-08,North America,Enterprise,Retail,SMB,484.73,8,False,34,0,25.1
CUST-004785,2022-12-14,North America,Pro,Finance,Enterprise,157.58,24,False,44,5,43.3
CUST-004786,2022-12-13,North America,Pro,Technology,SMB,148.92,24,True,32,1,20.6
CUST-004787,2022-07-21,Asia Pacific,Basic,Retail,Startup,45.33,29,False,68,1,10.8
CUST-004788,2022-04-09,Asia Pacific,Basic,Finance,Enterprise,39.65,33,True,17,5,4.6
CUST-004789,2022-02-03,Europe,Pro,Healthcare,Startup,166.8,35,False,21,2,47.2
CUST-004790,2023-07-21,North America,Basic,Retail,Startup,32.71,17,False,39,5,31.1
CUST-004791,2023-04-08,North America,Basic,Healthcare,Mid-Market,44.1,21,False,18,2,16.2
CUST-004792,2024-03-23,Latin America,Pro,Retail,Mid-Market,152.67,9,False,48,1,24.9
CUST-004793,2021-01-10,North America,Basic,Manufacturing,SMB,53.53,48,True,61,2,21.9
CUST-004794,2022-06-19,North America,Basic,Education,Mid-Market,61.47,30,False,24,2,20.4
CUST-004795,2021-12-25,North America,Pro,Healthcare,Mid-Market,140.19,36,False,36,1,19.8
CUST-004796,2023-04-14,North America,Pro,Healthcare,Startup,155.24,20,False,48,1,14.5
CUST-004797,2023-11-03,North America,Enterprise,Healthcare,Mid-Market,498.37,14,False,52,1,36.0
CUST-004798,2021-08-07,Asia Pacific,Pro,Manufacturing,Mid-Market,149.4,41,False,100,0,37.4
CUST-004799,2024-02-19,North America,Basic,Technology,Enterprise,44.4,10,False,7,3,45.6
CUST-004800,2021-05-29,Europe,Enterprise,Finance,Enterprise,500.62,43,False,64,3,48.0
CUST-004801,2023-10-28,North America,Pro,Healthcare,SMB,147.58,14,False,22,2,18.4
CUST-004802,2022-08-26,North America,Basic,Healthcare,SMB,45.44,28,False,22,0,30.7
CUST-004803,2022-11-28,Asia Pacific,Basic,Technology,Startup,43.75,25,False,37,3,5.2
CUST-004804,2021-08-28,North America,Pro,Technology,Startup,152.72,40,False,36,4,30.8
CUST-004805,2023-11-18,Asia Pacific,Pro,Education,SMB,135.69,13,False,60,6,27.7
CUST-004806,2022-06-12,Europe,Pro,Retail,Mid-Market,147.08,31,False,5,2,29.6
CUST-004807,2024-01-07,North America,Pro,Healthcare,SMB,141.32,11,False,-24,3,18.9
CUST-004808,2024-03-23,Latin America,Pro,Retail,SMB,147.77,9,False,73,2,17.1
CUST-004809,2022-05-28,North America,Enterprise,Technology,Mid-Market,497.9,31,False,6,4,30.7
CUST-004810,2023-06-26,Asia Pacific,Pro,Technology,Mid-Market,157.67,18,False,55,4,14.9
CUST-004811,2023-02-12,North America,Basic,Education,Mid-Market,55.59,22,False,62,2,49.4
CUST-004812,2024-02-28,Asia Pacific,Pro,Finance,Startup,151.92,10,False,57,1,20.6
CUST-004813,2023-09-18,North America,Basic,Manufacturing,Mid-Market,50.73,15,False,45,3,46.0
CUST-004814,2022-05-14,Europe,Pro,Manufacturing,Enterprise,147.09,32,False,49,1,18.6
CUST-004815,2022-11-27,Asia Pacific,Enterprise,Manufacturing,Startup,496.91,25,False,24,1,47.2
CUST-004816,2023-07-29,Asia Pacific,Pro,Technology,SMB,131.52,17,False,-3,1,19.0
CUST-004817,2023-08-02,Asia Pacific,Pro,Healthcare,Enterprise,156.34,17,True,28,1,49.9
CUST-004818,2021-02-26,Asia Pacific,Basic,Education,SMB,51.67,46,True,24,0,18.8
CUST-004819,2023-09-15,Asia Pacific,Basic,Finance,SMB,61.0,15,False,16,2,23.8
CUST-004820,2021-08-27,North America,Basic,Manufacturing,Startup,43.45,40,False,35,9,20.9
CUST-004821,2022-06-13,North America,Pro,Education,SMB,161.6,31,False,-3,3,13.1
CUST-004822,2021-05-19,North America,Pro,Technology,SMB,147.08,44,False,60,1,51.7
CUST-004823,2023-02-23,North America,Pro,Manufacturing,Startup,143.27,22,False,33,1,4.1
CUST-004824,2022-03-28,North America,Basic,Finance,SMB,64.45,33,False,25,3,29.2
CUST-004825,2022-04-16,Europe,Basic,Retail,Startup,52.64,33,False,28,1,29.1
CUST-004826,2022-10-09,North America,Pro,Finance,Mid-Market,165.71,27,False,31,3,17.6
CUST-004827,2023-04-25,Europe,Basic,Healthcare,Enterprise,50.7,20,False,14,3,20.5
CUST-004828,2022-12-25,North America,Pro,Manufacturing,SMB,157.07,24,False,14,0,45.8
CUST-004829,2023-11-24,North America,Pro,Manufacturing,Mid-Market,159.29,13,False,8,3,34.5
CUST-004830,2024-01-03,Europe,Pro,Retail,SMB,146.19,12,False,6,2,21.0
CUST-004831,2021-01-20,Asia Pacific,Basic,Retail,Startup,52.46,48,False,17,2,32.2
CUST-004832,2022-06-24,Europe,Enterprise,Manufacturing,Enterprise,500.54,30,False,32,2,73.1
CUST-004833,2022-05-24,Europe,Basic,Healthcare,Startup,57.32,31,False,57,2,38.9
CUST-004834,2022-08-12,North America,Enterprise,Retail,Startup,488.35,29,False,3,5,33.8
CUST-004835,2021-07-10,Europe,Basic,Technology,SMB,55.01,42,False,53,1,41.7
CUST-004836,2023-03-29,North America,Basic,Manufacturing,Mid-Market,58.2,21,False,2,3,7.4
CUST-004837,2022-12-02,North America,Enterprise,Finance,SMB,492.17,25,False,36,4,22.8
CUST-004838,2021-06-05,North America,Basic,Finance,Startup,40.19,43,False,4,1,9.3
CUST-004839,2024-02-10,North America,Pro,Healthcare,Mid-Market,132.42,10,False,9,5,54.6
CUST-004840,2022-01-01,North America,Pro,Technology,SMB,169.78,36,False,41,7,26.3
CUST-004841,2023-09-03,Latin America,Enterprise,Retail,Startup,491.68,16,False,41,0,61.5
CUST-004842,2022-10-05,Latin America,Enterprise,Manufacturing,SMB,513.18,27,False,49,2,23.0
CUST-004843,2022-12-26,North America,Basic,Finance,Startup,46.92,24,False,16,0,9.1
CUST-004844,2022-03-24,North America,Pro,Finance,SMB,159.98,33,False,54,4,20.4
CUST-004845,2024-03-20,North America,Basic,Finance,Mid-Market,54.81,9,True,66,2,32.8
CUST-004846,2022-07-06,North America,Basic,Finance,Mid-Market,70.02,30,False,39,1,24.9
CUST-004847,2022-01-10,Asia Pacific,Pro,Education,Startup,163.46,36,False,0,1,46.7
CUST-004848,2022-01-25,North America,Basic,Healthcare,Startup,51.13,35,False,-3,2,11.9
CUST-004849,2023-10-19,Asia Pacific,Pro,Retail,Startup,152.1,14,False,38,2,19.5
CUST-004850,2022-02-13,North America,Pro,Manufacturing,Startup,155.79,35,False,23,5,6.2
CUST-004851,2022-04-26,Latin America,Pro,Manufacturing,Startup,175.81,32,False,15,3,35.6
CUST-004852,2022-05-11,North America,Enterprise,Manufacturing,SMB,499.68,32,False,31,5,25.5
CUST-004853,2022-06-28,Asia Pacific,Basic,Retail,Startup,36.07,30,False,27,3,19.4
CUST-004854,2022-02-28,North America,Pro,Healthcare,SMB,151.45,34,False,31,3,39.7
CUST-004855,2022-04-15,Europe,Enterprise,Technology,SMB,492.59,33,False,17,4,25.3
CUST-004856,2022-02-20,North America,Basic,Healthcare,Startup,51.11,34,False,74,1,25.8
CUST-004857,2022-05-27,North America,Basic,Finance,SMB,60.51,31,False,13,6,33.2
CUST-004858,2022-12-31,Asia Pacific,Pro,Finance,Startup,154.04,24,False,29,2,12.0
CUST-004859,2021-11-16,Asia Pacific,Basic,Healthcare,Mid-Market,43.07,38,False,-5,4,37.1
CUST-004860,2021-08-07,Asia Pacific,Basic,Healthcare,SMB,46.97,41,True,11,2,43.6
CUST-004861,2021-09-03,Europe,Pro,Retail,Startup,138.34,40,False,8,2,2.2
CUST-004862,2021-06-10,Asia Pacific,Pro,Retail,SMB,161.76,43,False,24,1,18.3
CUST-004863,2023-10-06,North America,Enterprise,Education,Startup,507.21,15,False,30,4,36.3
CUST-004864,2021-01-14,North America,Pro,Manufacturing,Mid-Market,138.12,48,False,26,2,35.3
CUST-004865,2024-01-14,North America,Pro,Education,Enterprise,174.21,11,True,24,6,8.9
CUST-004866,2021-03-28,Europe,Basic,Manufacturing,Startup,46.83,45,False,39,3,26.0
CUST-004867,2023-09-15,North America,Basic,Finance,Mid-Market,51.96,15,False,40,2,12.7
CUST-004868,2023-01-31,North America,Basic,Education,SMB,45.62,23,False,-12,2,20.2
CUST-004869,2022-10-08,Europe,Enterprise,Education,Startup,503.2,27,False,56,2,75.5
CUST-004870,2023-10-06,Asia Pacific,Basic,Technology,Startup,49.94,15,False,40,2,20.0
CUST-004871,2024-03-22,North America,Basic,Healthcare,Mid-Market,35.02,9,False,-4,2,41.0
CUST-004872,2022-07-17,North America,Pro,Retail,SMB,160.74,29,False,52,2,29.5
CUST-004873,2023-10-03,North America,Basic,Education,Enterprise,40.72,15,False,55,1,16.6
CUST-004874,2022-01-10,North America,Basic,Retail,SMB,58.17,36,False,-4,5,25.6
CUST-004875,2023-11-13,North America,Pro,Manufacturing,Startup,146.68,13,False,28,0,26.8
CUST-004876,2022-07-28,Europe,Basic,Education,Mid-Market,49.63,29,False,40,0,28.1
CUST-004877,2023-03-26,Europe,Basic,Manufacturing,Enterprise,53.82,21,False,56,0,32.2
CUST-004878,2022-03-31,Europe,Basic,Education,Mid-Market,50.37,33,False,44,1,34.8
CUST-004879,2024-03-27,North America,Pro,Finance,Mid-Market,156.44,9,False,23,5,51.4
CUST-004880,2021-09-20,Asia Pacific,Pro,Technology,SMB,141.92,39,False,13,3,47.5
CUST-004881,2021-04-21,North America,Basic,Manufacturing,Startup,59.37,45,False,5,2,21.5
CUST-004882,2023-12-13,Europe,Pro,Healthcare,Startup,138.69,12,False,16,3,32.2
CUST-004883,2023-05-17,Asia Pacific,Basic,Healthcare,SMB,39.87,19,False,45,2,32.1
CUST-004884,2023-09-07,North America,Enterprise,Finance,Enterprise,504.79,16,False,53,5,33.7
CUST-004885,2024-01-13,North America,Basic,Finance,Mid-Market,59.5,11,False,27,1,44.2
CUST-004886,2021-03-08,Asia Pacific,Pro,Healthcare,Mid-Market,151.84,46,False,56,0,44.9
CUST-004887,2023-10-27,North America,Enterprise,Manufacturing,SMB,513.92,14,False,43,1,42.0
CUST-004888,2022-12-13,Europe,Pro,Healthcare,Mid-Market,140.66,24,False,85,2,41.3
CUST-004889,2023-03-18,North America,Basic,Technology,Mid-Market,37.35,21,True,-1,4,8.6
CUST-004890,2021-12-24,Europe,Basic,Education,SMB,57.38,36,False,30,5,30.8
CUST-004891,2023-07-26,North America,Pro,Technology,SMB,150.22,17,False,39,0,19.6
CUST-004892,2021-09-04,North America,Basic,Healthcare,Mid-Market,57.06,40,False,71,2,35.3
CUST-004893,2023-11-28,Europe,Pro,Education,SMB,138.72,13,False,5,1,31.5
CUST-004894,2023-08-01,North America,Pro,Healthcare,Enterprise,144.57,17,False,15,1,20.3
CUST-004895,2022-10-09,North America,Pro,Technology,SMB,166.43,27,False,36,2,1.8
CUST-004896,2021-01-18,North America,Basic,Technology,Startup,46.99,48,False,10,2,26.4
CUST-004897,2021-01-25,North America,Pro,Manufacturing,SMB,163.27,47,False,30,2,23.4
CUST-004898,2022-03-08,North America,Pro,Manufacturing,Startup,156.77,34,False,2,1,15.3
CUST-004899,2023-02-17,North America,Pro,Technology,SMB,146.15,22,False,58,1,16.2
CUST-004900,2024-04-04,Asia Pacific,Basic,Education,Startup,63.12,9,False,68,1,28.4
CUST-004901,2021-07-26,North America,Basic,Manufacturing,Enterprise,52.26,41,False,69,1,28.8
CUST-004902,2022-10-29,Europe,Basic,Manufacturing,Mid-Market,49.14,26,False,38,5,15.8
CUST-004903,2023-01-11,North America,Basic,Retail,Startup,48.2,24,False,38,3,13.8
CUST-004904,2022-06-16,North America,Pro,Retail,Startup,153.39,30,False,34,3,24.9
CUST-004905,2022-01-19,Asia Pacific,Enterprise,Manufacturing,SMB,487.72,35,False,52,1,54.8
CUST-004906,2024-01-29,North America,Basic,Healthcare,Mid-Market,57.99,11,True,60,2,6.0
CUST-004907,2022-06-23,Latin America,Pro,Education,Startup,153.41,30,False,49,1,21.2
CUST-004908,2022-05-01,North America,Basic,Finance,Startup,43.29,32,False,39,2,37.2
CUST-004909,2022-07-06,Europe,Basic,Manufacturing,SMB,36.32,30,False,49,2,49.4
CUST-004910,2023-08-24,Europe,Basic,Retail,Mid-Market,46.49,16,False,34,3,19.1
CUST-004911,2022-12-04,Asia Pacific,Basic,Education,Startup,51.5,25,False,8,1,11.4
CUST-004912,2023-01-20,Europe,Enterprise,Education,Mid-Market,500.56,23,False,23,2,29.0
CUST-004913,2022-01-12,Europe,Basic,Retail,Enterprise,50.5,36,False,39,2,16.8
CUST-004914,2023-10-19,North America,Pro,Education,Startup,155.74,14,False,17,1,7.0
CUST-004915,2023-05-19,North America,Basic,Education,SMB,37.49,19,False,16,5,10.2
CUST-004916,2022-03-08,Asia Pacific,Enterprise,Retail,Startup,498.35,34,False,47,3,60.6
CUST-004917,2023-05-09,North America,Basic,Technology,Startup,51.98,20,False,48,1,34.2
CUST-004918,2023-02-02,North America,Basic,Manufacturing,Startup,53.61,23,False,40,0,67.3
CUST-004919,2023-01-18,Asia Pacific,Basic,Healthcare,SMB,57.99,23,False,25,3,25.6
CUST-004920,2023-04-01,North America,Basic,Finance,Mid-Market,46.97,21,False,28,1,31.4
CUST-004921,2022-07-27,Latin America,Basic,Healthcare,SMB,49.53,29,False,49,1,8.3
CUST-004922,2023-07-13,Europe,Enterprise,Technology,Startup,491.58,17,False,16,3,53.5
CUST-004923,2022-01-04,Europe,Pro,Technology,Startup,152.88,36,False,5,1,55.4
CUST-004924,2024-03-16,Asia Pacific,Pro,Education,SMB,140.3,9,False,45,5,13.4
CUST-004925,2021-09-26,North America,Pro,Healthcare,Startup,154.74,39,False,32,3,26.9
CUST-004926,2024-03-25,North America,Basic,Technology,SMB,60.81,9,False,61,1,11.6
CUST-004927,2022-04-14,Europe,Basic,Healthcare,SMB,53.68,33,False,13,0,11.5
CUST-004928,2021-07-24,North America,Enterprise,Technology,Enterprise,511.83,41,False,56,5,64.9
CUST-004929,2022-07-07,Europe,Pro,Finance,Startup,144.47,30,False,23,3,17.5
CUST-004930,2022-04-28,Asia Pacific,Enterprise,Technology,Mid-Market,487.01,32,False,50,4,26.8
CUST-004931,2024-02-12,North America,Pro,Healthcare,Startup,147.38,10,False,9,2,14.1
CUST-004932,2023-06-05,North America,Basic,Education,Mid-Market,42.86,19,True,2,4,31.4
CUST-004933,2023-02-20,Latin America,Basic,Healthcare,SMB,44.07,22,False,42,4,11.4
CUST-004934,2022-02-06,North America,Basic,Retail,Mid-Market,26.78,35,False,29,1,25.5
CUST-004935,2021-10-26,Europe,Basic,Healthcare,SMB,50.76,38,False,38,4,22.2
CUST-004936,2021-11-03,North America,Basic,Finance,SMB,49.22,38,False,15,3,42.1
CUST-004937,2023-08-27,Asia Pacific,Basic,Manufacturing,Startup,57.43,16,False,41,3,51.9
CUST-004938,2021-01-20,Europe,Pro,Finance,Startup,154.53,48,False,60,6,3.7
CUST-004939,2021-12-28,Asia Pacific,Enterprise,Finance,SMB,497.25,36,False,56,5,26.9
CUST-004940,2023-05-14,Asia Pacific,Pro,Technology,Mid-Market,158.13,19,False,21,1,19.2
CUST-004941,2023-10-21,North America,Enterprise,Finance,SMB,507.87,14,False,9,2,32.9
CUST-004942,2021-10-03,North America,Basic,Healthcare,Mid-Market,44.13,39,False,34,4,15.6
CUST-004943,2023-11-25,Asia Pacific,Basic,Manufacturing,SMB,50.96,13,False,51,2,37.7
CUST-004944,2023-12-30,North America,Pro,Education,SMB,164.1,12,False,1,3,46.0
CUST-004945,2022-10-09,Asia Pacific,Basic,Finance,SMB,52.27,27,False,47,2,7.0
CUST-004946,2023-09-24,Asia Pacific,Basic,Healthcare,Startup,40.78,15,False,75,4,40.0
CUST-004947,2022-09-07,Europe,Basic,Technology,SMB,37.78,28,False,47,3,46.8
CUST-004948,2022-05-29,Europe,Basic,Technology,Mid-Market,34.29,31,False,3,1,20.3
CUST-004949,2024-02-26,Asia Pacific,Pro,Education,SMB,128.52,10,False,12,1,45.6
CUST-004950,2024-03-08,Asia Pacific,Basic,Education,Mid-Market,44.16,9,False,21,2,4.7
CUST-004951,2021-04-08,North America,Pro,Healthcare,Mid-Market,147.25,45,False,32,3,16.5
CUST-004952,2023-03-27,North America,Pro,Education,SMB,139.24,21,False,41,4,27.8
CUST-004953,2021-07-22,North America,Basic,Education,Mid-Market,42.16,41,False,49,1,63.1
CUST-004954,2021-12-01,Europe,Basic,Technology,SMB,39.46,37,False,29,2,67.0
CUST-004955,2021-05-03,Europe,Basic,Healthcare,SMB,33.2,44,False,40,1,24.9
CUST-004956,2022-03-18,Europe,Basic,Manufacturing,Startup,47.3,33,False,13,2,22.4
CUST-004957,2022-06-05,North America,Pro,Education,Startup,155.69,31,False,20,0,36.1
CUST-004958,2023-09-03,Europe,Pro,Healthcare,Mid-Market,143.9,16,False,52,6,9.1
CUST-004959,2021-07-17,North America,Pro,Finance,Mid-Market,160.36,42,False,44,2,31.1
CUST-004960,2023-07-11,Europe,Basic,Technology,Startup,50.53,17,False,46,0,23.7
CUST-004961,2022-11-17,Europe,Pro,Manufacturing,Startup,157.93,25,False,14,2,49.2
CUST-004962,2022-06-17,North America,Pro,Technology,SMB,149.32,30,False,34,2,54.2
CUST-004963,2023-01-10,North America,Basic,Technology,Mid-Market,55.71,24,False,36,1,16.4
CUST-004964,2023-01-08,Europe,Pro,Retail,SMB,134.89,24,False,41,1,35.7
CUST-004965,2024-02-22,Europe,Basic,Healthcare,SMB,57.42,10,False,55,3,28.1
CUST-004966,2024-02-16,North America,Pro,Finance,Mid-Market,149.07,10,False,35,2,55.8
CUST-004967,2022-06-12,Latin America,Pro,Education,SMB,159.98,31,True,66,2,12.5
CUST-004968,2022-12-06,Europe,Basic,Finance,Enterprise,46.48,25,False,-4,4,24.9
CUST-004969,2021-02-10,Latin America,Pro,Healthcare,SMB,166.42,47,False,28,5,11.7
CUST-004970,2023-04-24,North America,Basic,Technology,Enterprise,54.34,20,False,55,1,30.8
CUST-004971,2021-09-06,Europe,Basic,Retail,Startup,39.95,40,False,20,2,35.5
CUST-004972,2022-12-21,Asia Pacific,Enterprise,Healthcare,Startup,510.28,24,False,51,4,27.0
CUST-004973,2022-02-12,Europe,Enterprise,Manufacturing,Mid-Market,488.42,35,False,36,3,44.9
CUST-004974,2024-03-27,Europe,Basic,Manufacturing,Mid-Market,37.86,9,False,72,2,21.2
CUST-004975,2024-03-25,North America,Basic,Healthcare,Mid-Market,61.89,9,False,31,2,1.4
CUST-004976,2024-01-08,North America,Basic,Education,SMB,52.35,11,False,32,1,7.3
CUST-004977,2021-12-24,North America,Basic,Finance,Enterprise,49.72,36,False,71,5,5.8
CUST-004978,2022-08-06,North America,Pro,Finance,Startup,143.96,29,False,27,3,13.9
CUST-004979,2022-12-29,North America,Enterprise,Education,Startup,507.32,24,False,56,3,59.5
CUST-004980,2022-10-28,North America,Pro,Retail,SMB,146.28,26,False,41,1,9.2
CUST-004981,2023-11-12,Latin America,Basic,Technology,Mid-Market,51.02,13,False,56,1,16.8
CUST-004982,2023-09-26,North America,Pro,Technology,Mid-Market,137.73,15,False,28,1,34.1
CUST-004983,2023-07-05,Europe,Basic,Manufacturing,SMB,48.42,18,False,32,1,25.8
CUST-004984,2021-06-10,Asia Pacific,Enterprise,Retail,SMB,500.75,43,False,27,3,69.0
CUST-004985,2023-02-20,Europe,Enterprise,Education,Startup,504.34,22,False,-4,1,45.7
CUST-004986,2022-08-10,North America,Pro,Healthcare,SMB,152.38,29,False,29,3,58.2
CUST-004987,2023-08-08,Europe,Basic,Finance,SMB,45.66,17,False,99,0,8.9
CUST-004988,2021-10-24,Europe,Basic,Healthcare,Mid-Market,51.85,38,False,20,1,3.6
CUST-004989,2021-12-10,Europe,Basic,Finance,Mid-Market,58.81,37,True,37,2,18.2
CUST-004990,2022-11-22,Asia Pacific,Pro,Healthcare,Enterprise,134.16,25,False,58,2,42.6
CUST-004991,2023-05-14,Latin America,Basic,Education,Startup,47.35,19,False,45,3,18.5
CUST-004992,2024-03-16,Europe,Basic,Education,SMB,51.09,9,True,33,3,31.5
CUST-004993,2023-04-09,North America,Basic,Retail,SMB,39.78,21,False,17,2,8.1
CUST-004994,2021-05-27,Europe,Pro,Healthcare,Mid-Market,158.3,43,False,63,2,31.3
CUST-004995,2021-06-12,North America,Basic,Healthcare,SMB,55.0,43,False,57,3,15.8
CUST-004996,2021-11-28,Asia Pacific,Enterprise,Retail,Enterprise,508.98,37,False,63,8,25.9
CUST-004997,2022-12-05,North America,Enterprise,Retail,Mid-Market,520.6,25,False,61,2,15.1
CUST-004998,2022-04-13,North America,Enterprise,Education,Startup,502.3,33,False,6,2,51.2
CUST-004999,2022-10-05,Asia Pacific,Basic,Education,Startup,46.17,27,False,27,2,65.8
CUST-005000,2022-10-11,Europe,Basic,Manufacturing,Mid-Market,58.39,27,False,41,3,37.0
