ticket_id,customer_id,created_date,category,priority,resolution_hours,satisfaction_rating
TKT-0000001,CUST-001621,2024-07-26,Account,High,32.2,5
TKT-0000002,CUST-001098,2024-05-12,Account,Medium,51.6,4
TKT-0000003,CUST-003655,2023-12-26,Feature Request,Low,24.4,5
TKT-0000004,CUST-004247,2024-04-08,Account,Medium,38.5,4
TKT-0000005,CUST-002615,2023-02-26,Billing,Medium,22.2,4
TKT-0000006,CUST-000637,2024-01-11,Feature Request,High,71.4,4
TKT-0000007,CUST-003942,2023-07-28,Feature Request,High,61.4,3
TKT-0000008,CUST-003353,2023-07-05,Account,High,103.5,4
TKT-0000009,CUST-001551,2023-02-12,Feature Request,High,88.3,4
TKT-0000010,CUST-000603,2024-07-30,Billing,Low,24.7,4
TKT-0000011,CUST-003913,2023-09-09,Account,Medium,43.7,3
TKT-0000012,CUST-003781,2024-01-21,Account,High,71.6,4
TKT-0000013,CUST-000857,2023-03-20,Bug,Low,29.0,4
TKT-0000014,CUST-004431,2023-08-15,Billing,Low,24.3,4
TKT-0000015,CUST-004559,2024-12-01,Billing,Medium,70.5,4
TKT-0000016,CUST-003814,2024-10-08,Account,Medium,62.9,4
TKT-0000017,CUST-000152,2023-01-21,Feature Request,Medium,61.8,4
TKT-0000018,CUST-001829,2023-03-08,Technical,High,92.0,5
TKT-0000019,CUST-001614,2023-10-23,Account,Medium,16.4,3
TKT-0000020,CUST-002545,2023-11-16,Technical,Low,22.5,5
TKT-0000021,CUST-004063,2024-02-22,Bug,Low,22.4,3
TKT-0000022,CUST-001823,2023-10-08,Technical,High,76.5,5
TKT-0000023,CUST-003178,2023-04-21,Feature Request,High,94.1,5
TKT-0000024,CUST-004885,2024-09-28,Billing,Medium,66.9,4
TKT-0000025,CUST-001197,2024-05-08,Bug,Medium,16.2,3
TKT-0000026,CUST-003669,2023-06-11,Technical,Critical,137.6,3
TKT-0000027,CUST-000801,2024-12-28,Bug,High,116.0,3
TKT-0000028,CUST-000225,2024-07-31,Billing,Low,21.2,3
TKT-0000029,CUST-004029,2024-11-03,Bug,Medium,47.5,4
TKT-0000030,CUST-002142,2023-10-23,Feature Request,Medium,48.3,2
TKT-0000031,CUST-004752,2023-03-14,Technical,Low,16.8,2
TKT-0000032,CUST-000313,2024-11-04,Bug,Medium,44.1,5
TKT-0000033,CUST-000245,2023-02-28,Billing,Low,33.0,3
TKT-0000034,CUST-003109,2023-08-05,Account,Medium,59.0,4
TKT-0000035,CUST-002778,2024-03-13,Feature Request,Low,20.0,3
TKT-0000036,CUST-004517,2024-05-19,Account,Medium,51.7,3
TKT-0000037,CUST-004364,2023-12-02,Feature Request,Medium,25.1,4
TKT-0000038,CUST-003374,2024-06-27,Technical,Medium,16.6,5
TKT-0000039,CUST-000556,2023-01-15,Feature Request,Medium,66.9,4
TKT-0000040,CUST-002628,2024-02-01,Account,Low,28.9,2
TKT-0000041,CUST-001780,2024-08-04,Bug,High,89.5,4
TKT-0000042,CUST-000535,2023-08-16,Bug,Medium,46.0,4
TKT-0000043,CUST-000531,2023-06-07,Technical,Low,21.8,4
TKT-0000044,CUST-004221,2024-12-27,Bug,Low,15.2,1
TKT-0000045,CUST-001748,2024-06-20,Bug,High,77.4,4
TKT-0000046,CUST-004615,2024-08-28,Technical,Critical,129.7,5
TKT-0000047,CUST-002080,2023-09-30,Feature Request,High,87.2,5
TKT-0000048,CUST-001991,2023-02-10,Account,High,88.3,4
TKT-0000049,CUST-002344,2023-03-14,Feature Request,High,72.0,4
TKT-0000050,CUST-001542,2023-04-04,Feature Request,Medium,50.7,1
TKT-0000051,CUST-001952,2024-04-12,Feature Request,Low,26.7,5
TKT-0000052,CUST-002953,2023-03-21,Account,High,58.2,3
TKT-0000053,CUST-004396,2023-07-14,Bug,Low,19.2,2
TKT-0000054,CUST-003889,2023-02-04,Feature Request,Low,22.7,2
TKT-0000055,CUST-002714,2023-09-12,Account,Medium,37.7,4
TKT-0000056,CUST-004827,2024-12-24,Technical,Low,30.1,4
TKT-0000057,CUST-002258,2024-05-11,Bug,Medium,60.2,5
TKT-0000058,CUST-001059,2023-01-29,Bug,Low,26.1,2
TKT-0000059,CUST-000984,2024-09-25,Account,Low,41.2,3
TKT-0000060,CUST-001428,2024-04-15,Bug,Medium,73.4,1
TKT-0000061,CUST-003893,2023-04-14,Account,High,36.1,5
TKT-0000062,CUST-003308,2024-06-25,Bug,Low,33.2,4
TKT-0000063,CUST-004022,2023-09-28,Feature Request,Medium,44.7,2
TKT-0000064,CUST-003408,2024-02-26,Account,Critical,143.9,4
TKT-0000065,CUST-003665,2024-04-14,Account,Low,19.4,5
TKT-0000066,CUST-001640,2024-08-28,Technical,Low,26.0,2
TKT-0000067,CUST-000082,2023-02-28,Technical,Medium,32.8,3
TKT-0000068,CUST-001035,2024-07-19,Bug,Low,19.0,5
TKT-0000069,CUST-004344,2024-04-21,Bug,Low,25.5,4
TKT-0000070,CUST-001130,2024-05-02,Bug,Low,34.7,4
TKT-0000071,CUST-004982,2024-12-15,Account,Low,14.7,3
TKT-0000072,CUST-001947,2023-08-28,Technical,Medium,39.0,4
TKT-0000073,CUST-003455,2024-05-02,Account,Medium,53.1,3
TKT-0000074,CUST-001837,2023-08-10,Bug,High,44.0,4
TKT-0000075,CUST-003005,2024-10-14,Account,High,110.6,3
TKT-0000076,CUST-000383,2023-04-19,Account,Low,22.9,4
TKT-0000077,CUST-001269,2024-03-02,Technical,High,112.3,4
TKT-0000078,CUST-004716,2024-08-07,Bug,Critical,44.8,3
TKT-0000079,CUST-000357,2023-05-27,Account,Medium,36.4,3
TKT-0000080,CUST-002417,2024-04-03,Billing,High,75.0,5
TKT-0000081,CUST-001273,2023-12-20,Feature Request,High,60.6,4
TKT-0000082,CUST-002139,2024-09-16,Bug,Low,10.9,2
TKT-0000083,CUST-004933,2023-06-23,Technical,Critical,81.0,4
TKT-0000084,CUST-004436,2024-05-17,Account,High,52.0,4
TKT-0000085,CUST-002629,2023-11-13,Technical,Medium,51.8,3
TKT-0000086,CUST-003510,2024-02-28,Feature Request,Medium,43.6,3
TKT-0000087,CUST-001701,2023-02-18,Feature Request,Medium,51.5,2
TKT-0000088,CUST-001149,2023-03-28,Feature Request,High,95.5,4
TKT-0000089,CUST-001591,2023-02-14,Feature Request,Medium,60.5,1
TKT-0000090,CUST-004208,2023-01-17,Feature Request,Low,32.3,4
TKT-0000091,CUST-004163,2024-02-14,Feature Request,High,79.6,4
TKT-0000092,CUST-004345,2024-10-14,Bug,Medium,45.2,3
TKT-0000093,CUST-000476,2024-09-15,Billing,Medium,31.0,4
TKT-0000094,CUST-004593,2024-10-29,Technical,Low,21.4,5
TKT-0000095,CUST-002179,2024-03-29,Bug,Low,22.9,3
TKT-0000096,CUST-002685,2024-04-26,Feature Request,Medium,51.6,4
TKT-0000097,CUST-001285,2023-10-27,Account,Low,24.7,3
TKT-0000098,CUST-004304,2023-02-22,Billing,Medium,67.0,5
TKT-0000099,CUST-004715,2023-01-02,Billing,Low,33.7,4
TKT-0000100,CUST-004019,2024-08-31,Bug,Medium,34.9,5
TKT-0000101,CUST-004883,2024-12-06,Technical,High,72.4,4
TKT-0000102,CUST-001993,2024-04-18,Feature Request,High,88.9,3
TKT-0000103,CUST-001819,2023-02-26,Feature Request,Medium,31.8,4
TKT-0000104,CUST-000921,2023-03-06,Billing,Medium,47.3,5
TKT-0000105,CUST-002605,2024-06-09,Bug,Low,36.2,5
TKT-0000106,CUST-000566,2023-08-09,Technical,Low,28.9,5
TKT-0000107,CUST-001126,2023-05-16,Billing,Medium,30.8,4
TKT-0000108,CUST-001690,2024-01-15,Feature Request,Medium,61.8,4
TKT-0000109,CUST-002849,2024-10-06,Technical,Medium,44.9,4
TKT-0000110,CUST-003484,2024-11-22,Feature Request,Medium,39.4,2
TKT-0000111,CUST-000657,2024-12-06,Technical,High,92.9,4
TKT-0000112,CUST-004115,2024-02-12,Bug,High,91.6,3
TKT-0000113,CUST-000857,2024-01-26,Bug,Medium,31.7,4
TKT-0000114,CUST-002344,2023-03-15,Billing,Medium,51.8,4
TKT-0000115,CUST-001652,2024-07-11,Technical,Low,29.4,4
TKT-0000116,CUST-004031,2023-01-09,Account,Low,11.8,2
TKT-0000117,CUST-003118,2024-01-22,Bug,Critical,135.4,3
TKT-0000118,CUST-001175,2023-04-07,Technical,Low,14.3,5
TKT-0000119,CUST-000787,2023-01-04,Billing,Medium,46.2,5
TKT-0000120,CUST-004921,2024-06-23,Account,Critical,107.7,2
TKT-0000121,CUST-002384,2023-12-13,Technical,High,37.8,2
TKT-0000122,CUST-004045,2023-09-07,Account,Medium,33.1,4
TKT-0000123,CUST-003292,2024-04-09,Billing,Low,18.4,4
TKT-0000124,CUST-002759,2023-02-11,Technical,Critical,133.6,5
TKT-0000125,CUST-000750,2023-01-07,Technical,Low,24.2,5
TKT-0000126,CUST-004041,2024-05-26,Technical,High,90.8,3
TKT-0000127,CUST-002124,2023-03-05,Technical,Low,25.9,4
TKT-0000128,CUST-002020,2023-01-22,Feature Request,Medium,35.1,3
TKT-0000129,CUST-000930,2023-04-13,Account,Medium,30.0,2
TKT-0000130,CUST-000384,2023-01-07,Account,Medium,38.1,3
TKT-0000131,CUST-003930,2023-06-03,Bug,Critical,127.6,5
TKT-0000132,CUST-000896,2023-05-24,Billing,Medium,62.9,5
TKT-0000133,CUST-000071,2023-05-16,Account,High,103.8,3
TKT-0000134,CUST-004350,2023-04-30,Bug,Low,28.1,2
TKT-0000135,CUST-000583,2023-06-23,Technical,Low,24.1,4
TKT-0000136,CUST-002469,2024-12-20,Bug,Medium,35.8,3
TKT-0000137,CUST-000236,2024-02-10,Bug,Low,18.4,4
TKT-0000138,CUST-000846,2024-07-27,Feature Request,Low,18.8,3
TKT-0000139,CUST-001083,2023-08-12,Technical,Critical,84.2,4
TKT-0000140,CUST-002336,2024-09-20,Bug,Low,12.7,4
TKT-0000141,CUST-001486,2023-02-12,Bug,High,80.8,3
TKT-0000142,CUST-002942,2023-11-23,Feature Request,Medium,50.3,5
TKT-0000143,CUST-003007,2023-04-09,Technical,High,91.0,5
TKT-0000144,CUST-004241,2023-02-06,Technical,Medium,46.0,1
TKT-0000145,CUST-001337,2023-05-05,Bug,Medium,54.0,4
TKT-0000146,CUST-002111,2023-03-20,Account,Medium,64.1,4
TKT-0000147,CUST-003238,2024-07-13,Technical,Low,22.9,5
TKT-0000148,CUST-000614,2023-03-11,Feature Request,High,75.7,3
TKT-0000149,CUST-002489,2024-01-23,Billing,Medium,37.5,3
TKT-0000150,CUST-001125,2024-08-02,Billing,High,50.2,4
TKT-0000151,CUST-003282,2023-07-20,Technical,High,76.7,4
TKT-0000152,CUST-003383,2023-10-03,Feature Request,Low,23.4,3
TKT-0000153,CUST-002216,2024-08-25,Feature Request,Low,22.0,4
TKT-0000154,CUST-003296,2023-04-25,Technical,Medium,45.3,5
TKT-0000155,CUST-004698,2023-01-06,Account,High,53.8,5
TKT-0000156,CUST-002418,2024-01-27,Technical,Medium,30.2,5
TKT-0000157,CUST-003777,2024-04-19,Technical,Medium,51.3,3
TKT-0000158,CUST-004938,2024-03-22,Account,Medium,44.7,5
TKT-0000159,CUST-002685,2024-09-22,Feature Request,Medium,49.0,4
TKT-0000160,CUST-001935,2024-06-14,Feature Request,Low,30.3,5
TKT-0000161,CUST-001318,2024-05-03,Billing,Medium,38.2,5
TKT-0000162,CUST-003857,2023-03-08,Bug,Low,21.5,5
TKT-0000163,CUST-000773,2023-02-10,Bug,High,59.2,3
TKT-0000164,CUST-004349,2023-04-23,Feature Request,High,84.7,2
TKT-0000165,CUST-002270,2023-10-16,Technical,High,45.5,5
TKT-0000166,CUST-003120,2024-09-20,Feature Request,Medium,65.4,3
TKT-0000167,CUST-000060,2023-11-09,Bug,Low,35.1,3
TKT-0000168,CUST-004217,2023-03-23,Technical,High,65.4,5
TKT-0000169,CUST-002826,2023-03-25,Technical,Medium,34.0,4
TKT-0000170,CUST-002553,2024-03-11,Bug,High,57.2,2
TKT-0000171,CUST-003675,2023-08-23,Feature Request,Medium,52.6,2
TKT-0000172,CUST-004887,2023-07-03,Bug,High,96.3,4
TKT-0000173,CUST-000913,2024-07-26,Technical,Medium,45.8,5
TKT-0000174,CUST-003302,2023-06-03,Bug,Low,19.7,3
TKT-0000175,CUST-004967,2023-06-05,Technical,High,75.2,4
TKT-0000176,CUST-004481,2024-01-07,Bug,Medium,13.8,2
TKT-0000177,CUST-000620,2023-04-25,Bug,Medium,38.6,4
TKT-0000178,CUST-003237,2024-08-04,Bug,Medium,44.2,2
TKT-0000179,CUST-002949,2024-01-26,Account,Medium,37.8,4
TKT-0000180,CUST-004547,2023-09-21,Technical,Low,23.5,4
TKT-0000181,CUST-004099,2023-05-19,Feature Request,High,95.6,4
TKT-0000182,CUST-002052,2024-08-27,Technical,Low,20.4,5
TKT-0000183,CUST-000618,2023-12-04,Bug,Low,22.7,4
TKT-0000184,CUST-004132,2024-06-03,Feature Request,Medium,58.7,5
TKT-0000185,CUST-003688,2024-10-08,Technical,High,72.6,3
TKT-0000186,CUST-004617,2024-01-31,Bug,Medium,20.3,4
TKT-0000187,CUST-004332,2023-05-05,Billing,Low,19.2,3
TKT-0000188,CUST-000377,2024-03-19,Bug,Low,21.3,3
TKT-0000189,CUST-004688,2024-04-01,Bug,Medium,26.9,4
TKT-0000190,CUST-003232,2023-05-30,Account,Low,16.0,2
TKT-0000191,CUST-000362,2023-04-22,Account,Medium,59.5,1
TKT-0000192,CUST-002930,2023-03-06,Feature Request,High,72.0,2
TKT-0000193,CUST-004345,2024-05-11,Account,High,46.7,5
TKT-0000194,CUST-003274,2023-01-21,Technical,Low,34.9,5
TKT-0000195,CUST-000369,2023-06-09,Bug,High,57.1,2
TKT-0000196,CUST-000165,2023-12-01,Bug,Low,22.1,2
TKT-0000197,CUST-002630,2023-09-17,Feature Request,Low,28.7,5
TKT-0000198,CUST-002578,2023-11-05,Billing,Medium,46.1,2
TKT-0000199,CUST-002929,2024-09-01,Bug,Low,37.1,4
TKT-0000200,CUST-001045,2024-02-04,Feature Request,Low,21.6,4
TKT-0000201,CUST-000780,2023-11-20,Bug,Medium,5.9,5
TKT-0000202,CUST-004494,2023-12-01,Feature Request,High,50.4,5
TKT-0000203,CUST-002850,2023-02-06,Account,Medium,60.5,3
TKT-0000204,CUST-001655,2023-06-10,Technical,Low,19.0,5
TKT-0000205,CUST-002502,2024-12-24,Account,Low,19.2,5
TKT-0000206,CUST-004276,2023-10-10,Account,Low,26.7,5
TKT-0000207,CUST-004443,2023-06-10,Technical,Low,28.9,1
TKT-0000208,CUST-004214,2023-03-27,Technical,Medium,48.8,5
TKT-0000209,CUST-000379,2024-06-14,Feature Request,High,63.6,3
TKT-0000210,CUST-001675,2024-11-10,Account,Low,17.3,5
TKT-0000211,CUST-004344,2023-05-26,Billing,Medium,35.4,5
TKT-0000212,CUST-003565,2023-11-30,Account,Low,19.2,5
TKT-0000213,CUST-001239,2023-09-27,Billing,High,60.3,5
TKT-0000214,CUST-000069,2024-10-13,Bug,High,25.4,4
TKT-0000215,CUST-001905,2024-06-21,Account,Low,31.3,4
TKT-0000216,CUST-003551,2023-02-21,Billing,High,102.4,4
TKT-0000217,CUST-004339,2023-12-06,Billing,Medium,70.8,5
TKT-0000218,CUST-003959,2024-12-13,Technical,Medium,33.1,3
TKT-0000219,CUST-004163,2024-04-22,Account,Medium,34.7,3
TKT-0000220,CUST-003641,2023-12-20,Bug,High,21.4,4
TKT-0000221,CUST-001629,2024-09-24,Billing,Low,32.1,5
TKT-0000222,CUST-002996,2023-12-03,Feature Request,Low,23.0,4
TKT-0000223,CUST-001698,2023-01-03,Feature Request,High,90.9,4
TKT-0000224,CUST-004959,2023-06-24,Technical,Medium,55.4,5
TKT-0000225,CUST-001357,2023-10-29,Technical,Low,31.6,4
TKT-0000226,CUST-000300,2023-05-26,Bug,High,53.1,2
TKT-0000227,CUST-004975,2023-09-15,Bug,High,42.7,4
TKT-0000228,CUST-004220,2024-10-28,Technical,Low,12.9,3
TKT-0000229,CUST-002166,2023-05-22,Account,Medium,44.0,4
TKT-0000230,CUST-004718,2024-03-04,Bug,Medium,47.1,5
TKT-0000231,CUST-001175,2023-08-09,Feature Request,Low,9.9,5
TKT-0000232,CUST-003153,2023-09-08,Account,Medium,52.2,5
TKT-0000233,CUST-003184,2024-01-19,Technical,High,60.6,3
TKT-0000234,CUST-002422,2023-07-03,Bug,Medium,22.3,4
TKT-0000235,CUST-003541,2023-08-21,Account,Medium,46.8,5
TKT-0000236,CUST-001474,2023-04-29,Bug,Medium,42.5,4
TKT-0000237,CUST-001360,2024-11-06,Billing,Medium,50.1,5
TKT-0000238,CUST-001489,2024-04-19,Account,Medium,41.8,4
TKT-0000239,CUST-000809,2024-10-06,Technical,High,77.3,5
TKT-0000240,CUST-002934,2023-11-25,Bug,Medium,33.4,3
TKT-0000241,CUST-000099,2023-10-22,Bug,Medium,48.9,5
TKT-0000242,CUST-002777,2024-05-30,Account,High,76.1,5
TKT-0000243,CUST-000538,2024-03-29,Technical,Medium,42.3,4
TKT-0000244,CUST-001132,2024-05-24,Billing,High,44.4,5
TKT-0000245,CUST-000828,2023-05-08,Billing,Low,6.1,5
TKT-0000246,CUST-002806,2024-12-03,Account,Low,16.1,5
TKT-0000247,CUST-004257,2023-07-18,Account,Medium,45.0,5
TKT-0000248,CUST-002642,2023-06-07,Feature Request,High,71.8,4
TKT-0000249,CUST-004593,2023-01-03,Feature Request,High,65.1,5
TKT-0000250,CUST-003032,2023-06-08,Account,Medium,77.8,5
TKT-0000251,CUST-000014,2023-01-18,Account,Low,35.8,3
TKT-0000252,CUST-004888,2024-02-15,Technical,Low,24.2,4
TKT-0000253,CUST-000360,2023-04-03,Feature Request,Low,20.3,2
TKT-0000254,CUST-003895,2024-12-07,Feature Request,Medium,53.4,5
TKT-0000255,CUST-002117,2023-07-31,Feature Request,Medium,23.3,5
TKT-0000256,CUST-004281,2024-09-22,Feature Request,Low,29.5,3
TKT-0000257,CUST-001754,2024-10-14,Technical,Medium,37.9,5
TKT-0000258,CUST-001721,2023-05-14,Bug,High,55.5,5
TKT-0000259,CUST-002403,2023-01-15,Bug,Medium,79.0,5
TKT-0000260,CUST-001323,2023-08-29,Technical,Medium,51.2,5
TKT-0000261,CUST-002935,2023-04-19,Bug,Medium,51.9,4
TKT-0000262,CUST-002425,2024-06-20,Bug,Low,17.1,5
TKT-0000263,CUST-004510,2024-03-01,Bug,Low,25.0,3
TKT-0000264,CUST-004646,2024-04-05,Bug,Low,24.0,4
TKT-0000265,CUST-003138,2024-03-11,Billing,Medium,45.7,4
TKT-0000266,CUST-003401,2024-04-18,Bug,High,89.4,3
TKT-0000267,CUST-002753,2023-10-14,Bug,Low,30.2,4
TKT-0000268,CUST-002389,2023-11-11,Feature Request,Medium,26.6,4
TKT-0000269,CUST-003483,2024-06-14,Feature Request,Medium,31.2,4
TKT-0000270,CUST-002295,2023-06-21,Account,High,103.6,5
TKT-0000271,CUST-001908,2023-07-02,Bug,Medium,83.9,4
TKT-0000272,CUST-002156,2024-06-06,Billing,Medium,53.9,5
TKT-0000273,CUST-003217,2024-05-15,Billing,Medium,12.4,2
TKT-0000274,CUST-000383,2024-07-21,Account,High,101.5,4
TKT-0000275,CUST-003192,2023-01-12,Technical,Low,20.7,4
TKT-0000276,CUST-003895,2024-05-25,Feature Request,High,81.7,2
TKT-0000277,CUST-003807,2023-07-19,Bug,Medium,58.6,3
TKT-0000278,CUST-002650,2024-09-21,Billing,Low,27.1,4
TKT-0000279,CUST-003908,2023-03-05,Account,Medium,58.3,1
TKT-0000280,CUST-002827,2023-02-14,Bug,Medium,63.7,2
TKT-0000281,CUST-004983,2023-11-03,Account,Low,20.4,4
TKT-0000282,CUST-002147,2024-09-18,Bug,Medium,44.1,2
TKT-0000283,CUST-003151,2024-03-18,Technical,Medium,46.5,2
TKT-0000284,CUST-002976,2023-08-24,Bug,Medium,80.0,4
TKT-0000285,CUST-002669,2023-02-02,Feature Request,High,57.9,4
TKT-0000286,CUST-002808,2024-12-15,Bug,Medium,38.8,3
TKT-0000287,CUST-001350,2024-08-15,Billing,High,95.8,4
TKT-0000288,CUST-000343,2024-01-31,Account,Medium,33.3,4
TKT-0000289,CUST-000664,2024-03-03,Account,Low,24.1,4
TKT-0000290,CUST-000974,2024-02-05,Account,Medium,64.7,2
TKT-0000291,CUST-001619,2024-04-04,Technical,Low,17.1,4
TKT-0000292,CUST-001265,2024-03-23,Feature Request,Medium,60.2,3
TKT-0000293,CUST-003226,2023-06-28,Bug,Low,34.3,3
TKT-0000294,CUST-001131,2024-08-04,Technical,High,60.8,4
TKT-0000295,CUST-003487,2024-01-23,Technical,Medium,13.6,4
TKT-0000296,CUST-002843,2023-02-02,Billing,High,85.4,5
TKT-0000297,CUST-001909,2024-10-09,Technical,Medium,58.4,5
TKT-0000298,CUST-003859,2023-06-10,Technical,Medium,71.7,2
TKT-0000299,CUST-003868,2024-12-27,Technical,Low,29.3,5
TKT-0000300,CUST-000875,2024-09-15,Technical,Medium,59.7,4
TKT-0000301,CUST-003830,2024-03-20,Billing,High,73.2,4
TKT-0000302,CUST-001080,2024-10-28,Feature Request,Low,29.2,4
TKT-0000303,CUST-003246,2023-11-16,Bug,High,77.2,5
TKT-0000304,CUST-001422,2024-09-16,Billing,High,106.6,3
TKT-0000305,CUST-003177,2024-09-04,Technical,Medium,46.3,4
TKT-0000306,CUST-004934,2023-03-13,Feature Request,Medium,41.4,3
TKT-0000307,CUST-002685,2024-10-14,Account,Medium,53.9,4
TKT-0000308,CUST-000903,2023-02-12,Bug,High,86.4,4
TKT-0000309,CUST-001488,2023-09-21,Bug,Low,38.8,5
TKT-0000310,CUST-000249,2024-05-19,Feature Request,Medium,44.9,3
TKT-0000311,CUST-004771,2023-05-06,Account,Medium,38.4,5
TKT-0000312,CUST-004603,2024-02-29,Technical,High,78.4,5
TKT-0000313,CUST-004511,2023-11-01,Bug,High,52.1,5
TKT-0000314,CUST-004936,2024-09-01,Feature Request,Medium,17.1,3
TKT-0000315,CUST-002922,2023-12-02,Bug,Critical,136.2,5
TKT-0000316,CUST-004910,2023-09-21,Technical,High,87.7,4
TKT-0000317,CUST-003153,2023-11-25,Billing,Medium,31.0,3
TKT-0000318,CUST-004663,2024-10-15,Technical,Low,34.9,5
TKT-0000319,CUST-002043,2024-05-29,Account,Low,42.5,5
TKT-0000320,CUST-001317,2023-09-29,Feature Request,Medium,45.3,4
TKT-0000321,CUST-001307,2023-11-08,Feature Request,Low,15.3,3
TKT-0000322,CUST-002688,2024-02-21,Bug,Low,42.3,3
TKT-0000323,CUST-002588,2023-12-19,Technical,Low,32.1,4
TKT-0000324,CUST-004334,2024-04-24,Bug,Medium,58.6,5
TKT-0000325,CUST-000514,2024-04-17,Bug,High,88.8,5
TKT-0000326,CUST-002488,2023-05-01,Account,Low,34.9,5
TKT-0000327,CUST-002328,2023-09-09,Account,Low,22.3,3
TKT-0000328,CUST-004847,2024-12-05,Account,Low,20.3,5
TKT-0000329,CUST-002107,2024-10-10,Technical,Low,23.6,5
TKT-0000330,CUST-001794,2024-04-06,Technical,High,66.6,4
TKT-0000331,CUST-001372,2023-04-24,Account,High,42.8,4
TKT-0000332,CUST-002341,2023-12-19,Feature Request,Medium,29.7,4
TKT-0000333,CUST-001184,2023-07-22,Bug,High,75.4,5
TKT-0000334,CUST-002887,2023-09-18,Account,Medium,41.7,4
TKT-0000335,CUST-001087,2023-06-21,Billing,Medium,44.6,5
TKT-0000336,CUST-002941,2024-04-21,Account,Medium,54.6,5
TKT-0000337,CUST-004234,2024-05-29,Feature Request,Low,25.7,4
TKT-0000338,CUST-003891,2024-08-18,Bug,Critical,150.6,5
TKT-0000339,CUST-000252,2023-08-05,Feature Request,High,80.3,5
TKT-0000340,CUST-003844,2024-10-12,Bug,Low,8.1,4
TKT-0000341,CUST-002515,2023-06-28,Account,High,54.6,4
TKT-0000342,CUST-002271,2024-06-17,Billing,Low,30.1,4
TKT-0000343,CUST-003039,2024-04-20,Account,Medium,36.8,2
TKT-0000344,CUST-004439,2023-08-09,Feature Request,Medium,62.8,5
TKT-0000345,CUST-003088,2023-05-30,Account,Medium,26.2,5
TKT-0000346,CUST-002616,2023-06-27,Feature Request,Low,19.5,4
TKT-0000347,CUST-004733,2024-04-24,Feature Request,Medium,54.0,5
TKT-0000348,CUST-002518,2024-01-22,Feature Request,High,65.7,1
TKT-0000349,CUST-000009,2024-03-12,Bug,Medium,29.3,4
TKT-0000350,CUST-000378,2023-11-25,Feature Request,Medium,38.9,4
TKT-0000351,CUST-000690,2023-09-21,Billing,Medium,53.6,1
TKT-0000352,CUST-001025,2024-07-01,Bug,High,82.3,4
TKT-0000353,CUST-002094,2024-10-08,Account,Critical,144.5,4
TKT-0000354,CUST-001671,2023-10-24,Bug,High,50.0,5
TKT-0000355,CUST-004910,2023-05-12,Feature Request,Low,9.0,5
TKT-0000356,CUST-001426,2024-05-26,Bug,Low,19.6,4
TKT-0000357,CUST-003398,2023-11-09,Account,High,76.8,5
TKT-0000358,CUST-001688,2024-08-31,Billing,High,78.6,2
TKT-0000359,CUST-000040,2023-10-24,Technical,Low,19.0,5
TKT-0000360,CUST-001223,2024-03-14,Feature Request,Low,23.4,3
TKT-0000361,CUST-002291,2024-12-06,Billing,Medium,43.1,4
TKT-0000362,CUST-000041,2023-11-09,Account,Medium,51.6,4
TKT-0000363,CUST-003737,2023-12-17,Bug,Critical,124.5,5
TKT-0000364,CUST-002535,2024-10-05,Technical,Medium,45.0,5
TKT-0000365,CUST-004997,2023-10-09,Billing,Low,37.2,4
TKT-0000366,CUST-000152,2024-10-25,Technical,Low,13.7,4
TKT-0000367,CUST-004637,2023-03-02,Bug,Medium,70.4,5
TKT-0000368,CUST-003229,2023-07-13,Feature Request,Medium,43.3,4
TKT-0000369,CUST-003710,2023-01-31,Bug,High,95.9,5
TKT-0000370,CUST-002060,2023-01-29,Feature Request,Medium,47.0,5
TKT-0000371,CUST-004616,2023-06-09,Bug,Low,21.5,3
TKT-0000372,CUST-000947,2024-10-20,Bug,Low,19.2,5
TKT-0000373,CUST-001071,2023-04-13,Bug,Medium,35.1,4
TKT-0000374,CUST-001154,2023-11-04,Billing,High,80.8,4
TKT-0000375,CUST-004214,2023-08-28,Billing,Medium,58.9,4
TKT-0000376,CUST-002866,2024-01-29,Account,Medium,18.7,2
TKT-0000377,CUST-003615,2024-03-01,Account,Medium,52.7,5
TKT-0000378,CUST-002353,2023-12-01,Account,High,65.6,4
TKT-0000379,CUST-003793,2024-07-30,Technical,High,77.9,3
TKT-0000380,CUST-000085,2023-10-28,Bug,High,86.7,5
TKT-0000381,CUST-002166,2024-01-03,Technical,High,94.3,2
TKT-0000382,CUST-001526,2023-07-26,Technical,Medium,55.4,3
TKT-0000383,CUST-002179,2024-07-21,Billing,Medium,65.2,3
TKT-0000384,CUST-000067,2024-07-20,Bug,Low,25.6,1
TKT-0000385,CUST-003865,2023-06-26,Bug,Medium,49.6,5
TKT-0000386,CUST-000552,2023-08-09,Account,Low,25.6,4
TKT-0000387,CUST-003587,2023-05-20,Billing,High,81.2,4
TKT-0000388,CUST-004874,2023-09-12,Account,Low,17.6,4
TKT-0000389,CUST-003318,2023-11-09,Technical,Low,20.8,4
TKT-0000390,CUST-001505,2023-12-07,Bug,Low,18.9,5
TKT-0000391,CUST-000638,2023-09-08,Feature Request,Medium,46.4,5
TKT-0000392,CUST-003606,2023-08-12,Feature Request,Medium,39.5,2
TKT-0000393,CUST-001681,2023-12-24,Billing,High,56.7,4
TKT-0000394,CUST-004265,2024-02-01,Bug,Medium,56.1,5
TKT-0000395,CUST-000308,2024-03-03,Feature Request,High,83.7,4
TKT-0000396,CUST-002692,2024-06-11,Feature Request,Medium,32.0,5
TKT-0000397,CUST-002194,2023-06-15,Bug,Low,20.3,1
TKT-0000398,CUST-002000,2023-05-16,Bug,High,36.4,4
TKT-0000399,CUST-004172,2024-06-20,Account,High,58.3,3
TKT-0000400,CUST-001570,2024-09-05,Feature Request,Medium,24.2,5
TKT-0000401,CUST-000325,2024-03-01,Technical,High,82.6,5
TKT-0000402,CUST-004673,2024-01-09,Bug,High,67.7,5
TKT-0000403,CUST-004226,2024-05-10,Billing,Low,28.5,4
TKT-0000404,CUST-001581,2024-11-17,Technical,Low,23.3,2
TKT-0000405,CUST-001251,2024-01-13,Billing,Medium,28.9,5
TKT-0000406,CUST-004104,2023-11-07,Technical,Low,22.1,5
TKT-0000407,CUST-000563,2024-09-11,Billing,Medium,45.7,4
TKT-0000408,CUST-000952,2024-10-11,Bug,Low,26.7,4
TKT-0000409,CUST-002520,2023-06-02,Account,High,39.4,5
TKT-0000410,CUST-000101,2024-11-11,Account,Medium,43.0,4
TKT-0000411,CUST-002558,2023-01-06,Account,High,86.4,5
TKT-0000412,CUST-003350,2023-08-15,Feature Request,Medium,53.6,5
TKT-0000413,CUST-003906,2024-12-17,Feature Request,Low,22.2,5
TKT-0000414,CUST-002573,2024-09-21,Bug,High,62.9,3
TKT-0000415,CUST-002825,2024-07-14,Bug,Medium,48.1,4
TKT-0000416,CUST-004503,2023-01-01,Feature Request,High,87.4,5
TKT-0000417,CUST-000281,2023-04-26,Bug,High,76.8,3
TKT-0000418,CUST-000982,2023-07-26,Feature Request,High,85.7,5
TKT-0000419,CUST-003247,2023-08-27,Bug,High,80.6,4
TKT-0000420,CUST-003131,2024-10-12,Account,Medium,59.3,4
TKT-0000421,CUST-001122,2024-04-22,Feature Request,Medium,51.5,5
TKT-0000422,CUST-000724,2024-10-16,Billing,Medium,41.5,5
TKT-0000423,CUST-002345,2024-02-11,Account,High,55.6,4
TKT-0000424,CUST-002472,2023-03-16,Feature Request,High,67.8,2
TKT-0000425,CUST-003100,2024-09-18,Feature Request,Medium,41.2,3
TKT-0000426,CUST-001022,2023-03-21,Bug,Medium,51.7,4
TKT-0000427,CUST-004649,2024-01-10,Bug,High,46.6,4
TKT-0000428,CUST-003663,2024-11-19,Billing,Low,13.7,5
TKT-0000429,CUST-000585,2024-04-12,Billing,Medium,51.6,5
TKT-0000430,CUST-001030,2024-05-08,Feature Request,Medium,62.0,5
TKT-0000431,CUST-000918,2023-01-09,Feature Request,Low,40.9,3
TKT-0000432,CUST-002534,2023-04-12,Technical,Medium,27.2,5
TKT-0000433,CUST-002784,2023-11-15,Bug,Critical,149.9,3
TKT-0000434,CUST-001792,2023-04-02,Bug,Medium,59.1,5
TKT-0000435,CUST-003611,2023-04-28,Account,High,74.1,4
TKT-0000436,CUST-002959,2023-03-22,Bug,High,41.6,5
TKT-0000437,CUST-003169,2023-12-31,Account,Low,34.5,5
TKT-0000438,CUST-002748,2024-06-25,Technical,Low,34.1,4
TKT-0000439,CUST-003831,2023-04-21,Account,High,124.6,5
TKT-0000440,CUST-003826,2024-10-13,Technical,Low,22.6,5
TKT-0000441,CUST-004716,2024-01-25,Account,Medium,60.6,4
TKT-0000442,CUST-001761,2023-06-07,Feature Request,Medium,61.6,4
TKT-0000443,CUST-001487,2023-08-05,Bug,Medium,34.8,5
TKT-0000444,CUST-003512,2023-03-12,Bug,Low,30.1,3
TKT-0000445,CUST-000703,2023-12-29,Technical,Low,30.8,4
TKT-0000446,CUST-000356,2023-09-07,Bug,Medium,59.7,4
TKT-0000447,CUST-004366,2024-09-16,Feature Request,High,16.9,2
TKT-0000448,CUST-002781,2023-10-07,Account,Critical,68.8,5
TKT-0000449,CUST-004871,2023-06-14,Bug,Medium,75.4,5
TKT-0000450,CUST-000259,2024-07-15,Bug,Medium,80.0,3
TKT-0000451,CUST-004789,2023-03-17,Account,High,73.5,2
TKT-0000452,CUST-002047,2023-04-26,Technical,Low,34.8,2
TKT-0000453,CUST-001945,2024-01-02,Technical,High,62.1,4
TKT-0000454,CUST-000032,2024-07-12,Account,Low,23.6,3
TKT-0000455,CUST-000506,2024-04-18,Account,Medium,38.7,4
TKT-0000456,CUST-000365,2024-02-19,Technical,Critical,189.4,4
TKT-0000457,CUST-004919,2023-12-12,Feature Request,Medium,50.7,5
TKT-0000458,CUST-004368,2023-02-09,Technical,Medium,42.8,4
TKT-0000459,CUST-001996,2024-08-13,Feature Request,High,94.5,5
TKT-0000460,CUST-003272,2023-03-07,Feature Request,Medium,54.6,4
TKT-0000461,CUST-000554,2024-01-21,Account,High,71.5,5
TKT-0000462,CUST-001666,2023-07-26,Account,Low,27.0,5
TKT-0000463,CUST-001542,2024-09-06,Feature Request,High,86.0,2
TKT-0000464,CUST-002660,2024-04-04,Bug,High,82.5,5
TKT-0000465,CUST-003354,2024-10-14,Account,Medium,32.5,4
TKT-0000466,CUST-003396,2024-01-09,Account,Medium,53.7,3
TKT-0000467,CUST-000298,2023-01-24,Technical,Medium,53.7,3
TKT-0000468,CUST-004914,2024-01-13,Feature Request,Medium,38.2,4
TKT-0000469,CUST-001954,2024-03-25,Technical,Medium,36.8,4
TKT-0000470,CUST-001145,2024-09-12,Billing,Low,20.7,5
TKT-0000471,CUST-003135,2023-05-21,Bug,Low,25.3,3
TKT-0000472,CUST-001540,2023-05-04,Feature Request,Medium,17.8,4
TKT-0000473,CUST-002536,2024-01-15,Bug,Low,20.9,5
TKT-0000474,CUST-001818,2023-03-07,Billing,High,55.8,5
TKT-0000475,CUST-001865,2023-02-09,Billing,Medium,53.8,4
TKT-0000476,CUST-000199,2024-11-02,Account,Medium,21.9,5
TKT-0000477,CUST-003025,2024-09-10,Account,Low,21.3,4
TKT-0000478,CUST-001090,2024-07-24,Billing,Medium,49.7,5
TKT-0000479,CUST-001474,2023-04-05,Billing,Medium,48.4,3
TKT-0000480,CUST-000284,2023-03-05,Account,Medium,32.2,3
TKT-0000481,CUST-000483,2023-02-01,Bug,Medium,50.8,5
TKT-0000482,CUST-000467,2024-10-21,Billing,Low,18.0,3
TKT-0000483,CUST-003607,2024-08-15,Technical,Critical,118.9,3
TKT-0000484,CUST-000900,2023-09-29,Feature Request,High,86.0,4
TKT-0000485,CUST-000218,2023-10-29,Bug,Low,16.6,5
TKT-0000486,CUST-001451,2023-08-15,Bug,Medium,49.7,2
TKT-0000487,CUST-002146,2023-01-16,Bug,Medium,35.6,4
TKT-0000488,CUST-004897,2023-02-06,Account,Low,16.3,5
TKT-0000489,CUST-002247,2023-05-23,Technical,Low,23.3,5
TKT-0000490,CUST-000552,2024-04-15,Bug,Medium,43.9,3
TKT-0000491,CUST-000949,2024-05-14,Account,High,75.9,4
TKT-0000492,CUST-001827,2023-08-19,Feature Request,Low,27.1,4
TKT-0000493,CUST-002896,2023-05-22,Feature Request,Low,18.0,3
TKT-0000494,CUST-004667,2023-01-15,Technical,High,48.4,4
TKT-0000495,CUST-001202,2024-11-24,Account,Medium,59.4,4
TKT-0000496,CUST-000448,2024-01-20,Billing,Low,23.9,2
TKT-0000497,CUST-002024,2023-12-10,Billing,Medium,53.0,5
TKT-0000498,CUST-004960,2024-02-11,Billing,High,55.2,4
TKT-0000499,CUST-002648,2024-08-02,Bug,Medium,50.5,2
TKT-0000500,CUST-004756,2023-10-24,Account,Medium,59.0,4
TKT-0000501,CUST-002599,2023-05-30,Bug,Low,27.1,5
TKT-0000502,CUST-004726,2024-04-02,Account,Low,30.9,3
TKT-0000503,CUST-004291,2024-10-20,Bug,Medium,48.6,4
TKT-0000504,CUST-002120,2024-02-27,Bug,Low,17.3,3
TKT-0000505,CUST-000226,2024-10-05,Account,Medium,48.3,5
TKT-0000506,CUST-003598,2023-07-13,Technical,Medium,40.1,4
TKT-0000507,CUST-001429,2024-07-20,Account,Medium,72.7,5
TKT-0000508,CUST-004250,2023-01-09,Feature Request,Medium,52.0,4
TKT-0000509,CUST-003923,2024-10-10,Bug,High,69.7,5
TKT-0000510,CUST-003281,2024-06-22,Bug,Medium,42.7,4
TKT-0000511,CUST-004000,2023-06-27,Bug,High,62.7,3
TKT-0000512,CUST-000003,2024-01-27,Feature Request,High,106.8,3
TKT-0000513,CUST-004172,2023-07-22,Feature Request,Low,26.9,3
TKT-0000514,CUST-000828,2023-06-18,Technical,Low,30.2,4
TKT-0000515,CUST-000717,2024-02-08,Bug,High,43.7,2
TKT-0000516,CUST-003353,2024-03-31,Billing,Low,33.9,2
TKT-0000517,CUST-004830,2024-03-03,Technical,Low,29.0,4
TKT-0000518,CUST-003917,2023-08-20,Feature Request,Medium,34.2,3
TKT-0000519,CUST-004576,2024-12-12,Technical,Medium,55.1,5
TKT-0000520,CUST-002224,2024-10-18,Account,High,64.9,2
TKT-0000521,CUST-004676,2023-04-13,Feature Request,Low,25.5,4
TKT-0000522,CUST-004144,2023-03-31,Account,Low,27.8,5
TKT-0000523,CUST-002804,2023-11-13,Feature Request,Medium,48.3,4
TKT-0000524,CUST-000742,2023-09-10,Feature Request,Critical,76.7,4
TKT-0000525,CUST-002421,2023-03-23,Account,Low,25.7,4
TKT-0000526,CUST-001098,2023-03-04,Billing,Medium,40.1,4
TKT-0000527,CUST-000957,2024-04-14,Bug,Low,27.7,4
TKT-0000528,CUST-003252,2023-12-14,Technical,High,71.2,5
TKT-0000529,CUST-002132,2023-08-23,Bug,Low,22.5,3
TKT-0000530,CUST-002039,2024-09-03,Account,Low,23.5,4
TKT-0000531,CUST-004456,2024-05-30,Account,Medium,45.1,4
TKT-0000532,CUST-001412,2024-05-02,Feature Request,Medium,80.8,4
TKT-0000533,CUST-002497,2023-03-22,Bug,High,77.6,4
TKT-0000534,CUST-001859,2023-10-10,Account,Low,19.9,5
TKT-0000535,CUST-004565,2023-04-22,Technical,High,114.2,5
TKT-0000536,CUST-002728,2023-09-30,Billing,Low,18.6,4
TKT-0000537,CUST-002955,2023-07-10,Technical,High,97.3,3
TKT-0000538,CUST-000354,2024-03-18,Account,Low,27.8,3
TKT-0000539,CUST-003685,2023-10-26,Billing,Medium,18.1,4
TKT-0000540,CUST-003270,2023-05-18,Billing,Low,17.1,2
TKT-0000541,CUST-003860,2024-08-29,Account,Medium,61.3,4
TKT-0000542,CUST-000276,2023-08-15,Account,Low,26.2,4
TKT-0000543,CUST-004710,2023-02-01,Bug,Low,29.8,3
TKT-0000544,CUST-003696,2024-01-21,Feature Request,Low,20.8,2
TKT-0000545,CUST-000930,2024-11-17,Account,Low,18.4,2
TKT-0000546,CUST-000007,2023-09-21,Feature Request,High,36.2,2
TKT-0000547,CUST-000304,2024-01-26,Billing,Medium,60.7,3
TKT-0000548,CUST-000029,2023-04-25,Account,Medium,22.5,3
TKT-0000549,CUST-000047,2023-10-16,Bug,Medium,53.3,3
TKT-0000550,CUST-000002,2023-07-23,Technical,Low,31.9,4
TKT-0000551,CUST-003921,2024-06-02,Account,High,92.3,5
TKT-0000552,CUST-000183,2023-07-26,Feature Request,Low,24.5,5
TKT-0000553,CUST-002965,2024-06-02,Technical,Medium,65.8,3
TKT-0000554,CUST-003833,2023-03-06,Feature Request,High,81.9,5
TKT-0000555,CUST-001833,2024-02-27,Technical,Medium,33.3,5
TKT-0000556,CUST-003250,2024-05-24,Billing,Medium,55.5,3
TKT-0000557,CUST-002202,2023-11-04,Billing,Medium,62.5,4
TKT-0000558,CUST-002612,2024-12-26,Billing,High,86.8,4
TKT-0000559,CUST-001583,2023-05-18,Technical,Medium,30.7,4
TKT-0000560,CUST-002802,2024-12-08,Technical,Low,9.6,2
TKT-0000561,CUST-003783,2024-07-07,Bug,Medium,43.7,4
TKT-0000562,CUST-003991,2024-09-01,Bug,Critical,101.9,4
TKT-0000563,CUST-000681,2023-11-17,Feature Request,Medium,56.8,3
TKT-0000564,CUST-000741,2023-11-15,Technical,Medium,43.5,4
TKT-0000565,CUST-000392,2023-02-22,Account,Medium,60.2,4
TKT-0000566,CUST-000639,2023-12-31,Bug,Low,21.4,5
TKT-0000567,CUST-004813,2024-06-29,Billing,High,83.0,5
TKT-0000568,CUST-001615,2023-10-19,Technical,Medium,54.2,5
TKT-0000569,CUST-001400,2024-11-03,Bug,Low,20.9,2
TKT-0000570,CUST-003417,2024-04-30,Feature Request,Medium,48.9,3
TKT-0000571,CUST-001621,2023-09-23,Bug,Low,27.4,5
TKT-0000572,CUST-001948,2023-09-10,Billing,Low,22.5,5
TKT-0000573,CUST-000583,2024-07-25,Bug,Low,22.1,4
TKT-0000574,CUST-001203,2024-08-20,Billing,Medium,16.1,4
TKT-0000575,CUST-004478,2023-10-27,Technical,Medium,67.9,4
TKT-0000576,CUST-001705,2024-05-15,Feature Request,High,86.9,4
TKT-0000577,CUST-002203,2023-12-11,Feature Request,High,64.9,5
TKT-0000578,CUST-004062,2023-05-17,Technical,Low,27.4,5
TKT-0000579,CUST-004336,2024-06-04,Bug,Medium,27.1,5
TKT-0000580,CUST-003215,2024-08-26,Feature Request,Medium,56.5,3
TKT-0000581,CUST-004086,2024-05-10,Technical,Medium,51.6,5
TKT-0000582,CUST-002160,2023-06-15,Account,High,89.5,4
TKT-0000583,CUST-003332,2024-10-29,Account,Low,38.3,4
TKT-0000584,CUST-002212,2023-11-09,Billing,High,54.1,4
TKT-0000585,CUST-003524,2023-12-08,Bug,Medium,38.2,4
TKT-0000586,CUST-003644,2024-09-13,Account,Medium,52.4,3
TKT-0000587,CUST-000011,2024-04-14,Technical,Medium,43.6,5
TKT-0000588,CUST-000981,2024-07-31,Account,Critical,116.5,2
TKT-0000589,CUST-003675,2024-07-23,Bug,Low,18.9,3
TKT-0000590,CUST-003828,2024-08-26,Billing,Medium,59.4,3
TKT-0000591,CUST-003451,2024-07-10,Bug,Medium,63.0,2
TKT-0000592,CUST-000989,2023-07-02,Account,Medium,36.1,4
TKT-0000593,CUST-002989,2023-07-11,Technical,Low,23.0,4
TKT-0000594,CUST-001777,2023-10-22,Billing,Low,32.1,5
TKT-0000595,CUST-001894,2023-12-15,Bug,Low,24.5,4
TKT-0000596,CUST-002478,2023-12-20,Feature Request,Medium,59.4,2
TKT-0000597,CUST-004227,2024-12-09,Billing,High,44.0,3
TKT-0000598,CUST-003900,2023-10-30,Billing,High,79.9,5
TKT-0000599,CUST-003233,2023-01-28,Billing,Medium,30.9,4
TKT-0000600,CUST-002119,2024-10-28,Bug,Low,30.1,4
TKT-0000601,CUST-004716,2023-10-14,Billing,Low,39.6,5
TKT-0000602,CUST-003944,2023-06-05,Technical,Medium,54.7,4
TKT-0000603,CUST-003968,2023-05-06,Technical,Low,32.2,4
TKT-0000604,CUST-001147,2023-01-22,Account,High,60.1,5
TKT-0000605,CUST-003599,2023-01-10,Technical,Medium,38.0,5
TKT-0000606,CUST-004288,2023-04-26,Feature Request,Critical,124.0,4
TKT-0000607,CUST-002762,2023-11-04,Bug,Low,31.6,4
TKT-0000608,CUST-002286,2024-10-13,Bug,Medium,30.6,2
TKT-0000609,CUST-004624,2024-08-28,Bug,High,63.4,4
TKT-0000610,CUST-004280,2024-09-17,Feature Request,Low,22.1,4
TKT-0000611,CUST-003212,2024-02-14,Technical,Medium,27.4,4
TKT-0000612,CUST-004441,2023-05-02,Account,High,43.1,5
TKT-0000613,CUST-000846,2023-04-23,Technical,Medium,52.9,4
TKT-0000614,CUST-000136,2024-04-29,Feature Request,Medium,39.7,4
TKT-0000615,CUST-000090,2024-04-01,Technical,Medium,53.1,4
TKT-0000616,CUST-004796,2024-06-23,Account,Medium,39.0,4
TKT-0000617,CUST-003543,2023-11-26,Billing,Medium,69.8,5
TKT-0000618,CUST-002638,2023-10-14,Account,Low,29.1,5
TKT-0000619,CUST-004922,2024-01-16,Billing,Medium,69.4,4
TKT-0000620,CUST-004326,2023-08-02,Technical,Medium,35.0,4
TKT-0000621,CUST-004207,2024-08-02,Bug,Critical,172.8,4
TKT-0000622,CUST-000380,2024-10-26,Feature Request,Medium,37.6,4
TKT-0000623,CUST-001887,2023-02-02,Account,Low,20.2,5
TKT-0000624,CUST-000668,2023-12-21,Account,Low,20.6,3
TKT-0000625,CUST-002542,2024-03-26,Feature Request,Medium,51.3,2
TKT-0000626,CUST-003167,2024-12-21,Feature Request,Low,22.3,4
TKT-0000627,CUST-002112,2024-09-26,Feature Request,Medium,17.6,4
TKT-0000628,CUST-000464,2024-07-13,Account,Medium,61.4,5
TKT-0000629,CUST-004253,2024-01-25,Technical,Medium,45.5,5
TKT-0000630,CUST-001517,2024-01-29,Billing,Medium,26.9,4
TKT-0000631,CUST-001159,2023-05-12,Billing,Medium,56.8,4
TKT-0000632,CUST-004780,2024-03-17,Billing,Medium,64.7,5
TKT-0000633,CUST-000365,2024-08-31,Technical,High,86.2,5
TKT-0000634,CUST-004650,2023-06-30,Technical,High,72.9,5
TKT-0000635,CUST-004966,2023-08-09,Billing,Low,17.8,3
TKT-0000636,CUST-002684,2023-08-31,Feature Request,Critical,132.5,5
TKT-0000637,CUST-003700,2024-08-03,Account,Low,33.8,4
TKT-0000638,CUST-003218,2023-12-13,Bug,High,106.7,4
TKT-0000639,CUST-004141,2023-09-05,Account,High,75.5,4
TKT-0000640,CUST-002842,2023-01-09,Bug,Medium,59.4,4
TKT-0000641,CUST-002573,2023-02-03,Account,Low,28.2,4
TKT-0000642,CUST-000292,2024-11-18,Bug,Low,26.9,5
TKT-0000643,CUST-002539,2024-10-05,Technical,High,67.7,4
TKT-0000644,CUST-004162,2023-05-11,Account,Medium,68.3,4
TKT-0000645,CUST-001569,2024-11-01,Technical,Medium,43.3,5
TKT-0000646,CUST-000924,2023-12-21,Technical,High,60.4,5
TKT-0000647,CUST-000763,2023-12-26,Account,Low,23.3,3
TKT-0000648,CUST-002390,2023-07-20,Billing,Medium,30.6,4
TKT-0000649,CUST-001943,2024-09-01,Technical,Medium,32.5,2
TKT-0000650,CUST-003429,2023-12-09,Billing,Low,25.2,3
TKT-0000651,CUST-001964,2024-11-05,Technical,Medium,72.4,4
TKT-0000652,CUST-001845,2023-07-07,Bug,Medium,47.1,3
TKT-0000653,CUST-003272,2024-10-16,Billing,Medium,40.2,3
TKT-0000654,CUST-001631,2024-01-14,Billing,High,72.7,5
TKT-0000655,CUST-004561,2024-02-14,Feature Request,High,70.9,4
TKT-0000656,CUST-003223,2024-12-10,Bug,Low,30.5,5
TKT-0000657,CUST-003815,2023-07-31,Bug,Low,20.7,5
TKT-0000658,CUST-000412,2024-04-10,Technical,High,76.9,3
TKT-0000659,CUST-001414,2024-05-14,Billing,Low,20.1,1
TKT-0000660,CUST-002081,2024-11-15,Technical,Medium,54.1,4
TKT-0000661,CUST-004437,2023-08-12,Bug,Medium,42.2,4
TKT-0000662,CUST-002378,2023-04-19,Technical,Medium,46.6,3
TKT-0000663,CUST-002920,2023-06-29,Bug,Critical,150.5,3
TKT-0000664,CUST-000324,2024-01-03,Bug,Medium,52.9,2
TKT-0000665,CUST-001673,2023-06-11,Feature Request,Medium,47.6,2
TKT-0000666,CUST-001246,2023-11-15,Technical,High,120.5,5
TKT-0000667,CUST-002076,2024-01-06,Technical,High,61.0,4
TKT-0000668,CUST-002890,2024-06-27,Feature Request,Medium,59.2,4
TKT-0000669,CUST-003539,2024-05-16,Billing,High,84.8,5
TKT-0000670,CUST-000353,2023-02-02,Bug,Medium,26.2,5
TKT-0000671,CUST-001177,2023-05-06,Technical,Low,23.9,4
TKT-0000672,CUST-003605,2023-08-15,Bug,Low,27.6,4
TKT-0000673,CUST-004624,2023-04-08,Bug,Low,16.3,4
TKT-0000674,CUST-003375,2023-04-30,Feature Request,Low,8.1,5
TKT-0000675,CUST-004261,2023-03-06,Bug,Low,23.5,4
TKT-0000676,CUST-004491,2024-03-31,Feature Request,Low,21.6,4
TKT-0000677,CUST-004052,2023-12-26,Bug,Medium,15.2,4
TKT-0000678,CUST-002038,2023-05-05,Feature Request,High,93.3,3
TKT-0000679,CUST-000319,2024-05-17,Account,Medium,55.0,2
TKT-0000680,CUST-003772,2023-09-01,Feature Request,High,55.5,5
TKT-0000681,CUST-003753,2024-11-14,Technical,Medium,45.7,1
TKT-0000682,CUST-001544,2023-07-31,Feature Request,Low,22.1,5
TKT-0000683,CUST-002365,2024-01-09,Billing,Low,30.4,5
TKT-0000684,CUST-004896,2024-07-24,Feature Request,High,82.2,5
TKT-0000685,CUST-000479,2023-07-20,Billing,Low,8.7,4
TKT-0000686,CUST-004483,2024-02-26,Technical,Low,41.0,5
TKT-0000687,CUST-003541,2023-05-26,Bug,Low,20.7,4
TKT-0000688,CUST-002501,2023-10-29,Technical,Critical,92.4,4
TKT-0000689,CUST-004120,2024-07-30,Bug,High,57.9,3
TKT-0000690,CUST-003826,2024-10-09,Bug,Medium,67.6,4
TKT-0000691,CUST-001997,2023-06-30,Account,Medium,51.2,4
TKT-0000692,CUST-003224,2023-05-08,Account,Low,20.5,4
TKT-0000693,CUST-002896,2023-12-11,Feature Request,High,101.8,5
TKT-0000694,CUST-001259,2023-03-30,Account,Medium,59.4,4
TKT-0000695,CUST-001836,2023-12-14,Feature Request,High,96.8,3
TKT-0000696,CUST-004589,2024-03-15,Account,Medium,41.0,5
TKT-0000697,CUST-003801,2024-08-16,Technical,Low,8.6,4
TKT-0000698,CUST-000911,2023-11-13,Account,Low,25.5,5
TKT-0000699,CUST-002218,2023-11-15,Feature Request,High,59.4,4
TKT-0000700,CUST-000269,2023-08-14,Bug,Medium,50.7,4
TKT-0000701,CUST-001900,2024-07-20,Feature Request,High,45.6,4
TKT-0000702,CUST-002581,2024-05-22,Feature Request,Low,23.5,3
TKT-0000703,CUST-002918,2024-07-14,Technical,High,74.8,4
TKT-0000704,CUST-002383,2024-05-02,Technical,Medium,42.5,5
TKT-0000705,CUST-004737,2023-03-13,Feature Request,Medium,37.1,3
TKT-0000706,CUST-000570,2024-04-13,Billing,Low,34.8,3
TKT-0000707,CUST-003728,2023-03-12,Feature Request,High,97.9,5
TKT-0000708,CUST-003485,2023-08-25,Technical,Medium,39.8,3
TKT-0000709,CUST-003313,2023-11-28,Account,Medium,51.6,2
TKT-0000710,CUST-000979,2024-12-01,Technical,Medium,65.4,2
TKT-0000711,CUST-003491,2024-09-15,Billing,Low,28.6,4
TKT-0000712,CUST-003769,2023-08-09,Bug,High,46.8,5
TKT-0000713,CUST-002416,2023-12-23,Feature Request,Low,19.4,3
TKT-0000714,CUST-002075,2024-12-14,Billing,Critical,82.2,5
TKT-0000715,CUST-003426,2024-11-16,Feature Request,Medium,55.5,5
TKT-0000716,CUST-003691,2024-06-09,Technical,High,56.3,4
TKT-0000717,CUST-001392,2024-11-28,Bug,High,77.3,4
TKT-0000718,CUST-001287,2024-08-21,Bug,Low,16.5,3
TKT-0000719,CUST-001612,2023-03-27,Technical,High,71.0,4
TKT-0000720,CUST-004528,2023-02-27,Account,Low,31.3,4
TKT-0000721,CUST-000918,2023-12-25,Account,Low,27.9,4
TKT-0000722,CUST-004001,2023-10-13,Technical,Medium,54.0,4
TKT-0000723,CUST-000588,2024-07-05,Account,Critical,29.7,1
TKT-0000724,CUST-004956,2023-06-28,Bug,Medium,50.0,2
TKT-0000725,CUST-000277,2023-12-05,Feature Request,Low,28.4,4
TKT-0000726,CUST-000872,2024-03-19,Account,High,96.4,4
TKT-0000727,CUST-004902,2023-06-12,Technical,Medium,49.4,4
TKT-0000728,CUST-001103,2024-05-10,Technical,High,66.6,2
TKT-0000729,CUST-003360,2023-08-07,Bug,High,79.1,5
TKT-0000730,CUST-000289,2024-09-17,Bug,Low,25.9,2
TKT-0000731,CUST-000083,2024-03-10,Account,Medium,20.7,4
TKT-0000732,CUST-004254,2023-10-15,Account,Low,17.6,5
TKT-0000733,CUST-000027,2023-07-23,Feature Request,Medium,58.8,3
TKT-0000734,CUST-002330,2024-11-20,Technical,Medium,51.5,4
TKT-0000735,CUST-000824,2023-07-26,Technical,High,64.8,5
TKT-0000736,CUST-001983,2023-05-08,Feature Request,Low,21.6,4
TKT-0000737,CUST-000699,2024-03-16,Billing,Medium,53.1,4
TKT-0000738,CUST-001692,2023-03-26,Technical,High,92.6,2
TKT-0000739,CUST-004501,2023-06-07,Account,Low,17.1,5
TKT-0000740,CUST-002415,2023-01-01,Bug,Low,20.4,3
TKT-0000741,CUST-002790,2024-10-21,Feature Request,High,92.9,3
TKT-0000742,CUST-003980,2024-09-05,Feature Request,Medium,41.2,3
TKT-0000743,CUST-001751,2024-09-23,Feature Request,Low,25.0,5
TKT-0000744,CUST-003168,2023-05-25,Account,Medium,23.6,3
TKT-0000745,CUST-002675,2024-07-16,Billing,Medium,51.6,4
TKT-0000746,CUST-003059,2024-03-06,Technical,High,65.4,5
TKT-0000747,CUST-001255,2024-11-07,Technical,Low,20.2,4
TKT-0000748,CUST-002230,2024-06-30,Account,Low,32.0,4
TKT-0000749,CUST-003612,2024-11-08,Bug,Low,22.0,4
TKT-0000750,CUST-001226,2024-12-21,Feature Request,Critical,70.8,4
TKT-0000751,CUST-004816,2024-05-02,Technical,Medium,45.0,3
TKT-0000752,CUST-003189,2024-07-25,Bug,Medium,61.9,3
TKT-0000753,CUST-000637,2023-10-28,Technical,Low,24.5,3
TKT-0000754,CUST-002388,2023-06-06,Account,Low,35.2,5
TKT-0000755,CUST-001336,2024-11-13,Account,High,50.5,5
TKT-0000756,CUST-003576,2024-12-12,Bug,High,83.3,4
TKT-0000757,CUST-000554,2024-04-28,Account,Critical,100.5,4
TKT-0000758,CUST-002877,2024-05-07,Technical,Medium,18.7,3
TKT-0000759,CUST-004888,2023-12-05,Feature Request,Medium,33.9,5
TKT-0000760,CUST-003418,2023-04-16,Bug,Medium,25.8,4
TKT-0000761,CUST-003656,2023-11-19,Billing,High,64.5,2
TKT-0000762,CUST-000282,2023-08-16,Account,High,59.8,5
TKT-0000763,CUST-002223,2024-02-11,Billing,High,78.1,3
TKT-0000764,CUST-002966,2024-11-04,Feature Request,Low,15.9,5
TKT-0000765,CUST-004784,2024-03-26,Technical,Medium,35.8,4
TKT-0000766,CUST-004520,2023-05-21,Bug,Medium,50.2,5
TKT-0000767,CUST-004489,2023-02-18,Bug,Medium,52.8,4
TKT-0000768,CUST-004318,2024-12-10,Technical,High,81.0,5
TKT-0000769,CUST-001170,2024-08-27,Billing,Medium,18.3,4
TKT-0000770,CUST-000296,2024-03-26,Bug,Low,32.4,5
TKT-0000771,CUST-000291,2023-12-29,Technical,Medium,35.1,3
TKT-0000772,CUST-000501,2023-02-06,Technical,Medium,51.3,5
TKT-0000773,CUST-004756,2024-01-29,Technical,High,75.8,4
TKT-0000774,CUST-002493,2024-01-20,Account,High,63.6,1
TKT-0000775,CUST-000140,2024-09-22,Account,High,73.1,4
TKT-0000776,CUST-004029,2024-08-30,Account,Low,21.3,4
TKT-0000777,CUST-003131,2023-04-17,Bug,Low,21.2,4
TKT-0000778,CUST-004841,2024-12-01,Feature Request,High,107.7,1
TKT-0000779,CUST-000120,2024-10-19,Feature Request,Medium,46.5,4
TKT-0000780,CUST-004791,2023-05-12,Billing,High,99.5,4
TKT-0000781,CUST-003230,2024-07-13,Feature Request,Medium,51.3,4
TKT-0000782,CUST-003651,2023-11-18,Bug,Low,33.0,5
TKT-0000783,CUST-003186,2024-02-10,Bug,Low,26.2,5
TKT-0000784,CUST-000565,2024-06-14,Bug,Medium,41.1,5
TKT-0000785,CUST-003754,2023-12-04,Account,Medium,46.8,1
TKT-0000786,CUST-002332,2024-08-01,Billing,Low,25.0,3
TKT-0000787,CUST-003639,2023-10-09,Technical,Low,28.3,5
TKT-0000788,CUST-000193,2023-10-26,Bug,Medium,35.1,5
TKT-0000789,CUST-001617,2023-03-22,Feature Request,Low,24.1,4
TKT-0000790,CUST-003343,2024-03-06,Feature Request,High,82.5,5
TKT-0000791,CUST-000524,2023-10-20,Bug,Medium,34.1,5
TKT-0000792,CUST-003048,2024-08-08,Bug,Medium,59.5,4
TKT-0000793,CUST-000317,2023-08-31,Account,Low,21.7,5
TKT-0000794,CUST-004697,2023-07-30,Technical,Low,41.0,5
TKT-0000795,CUST-003323,2023-04-12,Billing,Low,18.4,3
TKT-0000796,CUST-004006,2023-03-27,Bug,High,97.9,5
TKT-0000797,CUST-004854,2023-03-31,Technical,High,54.2,5
TKT-0000798,CUST-000301,2023-11-24,Bug,Medium,50.7,3
TKT-0000799,CUST-000107,2024-01-26,Bug,High,105.8,5
TKT-0000800,CUST-001548,2024-10-14,Bug,Critical,64.7,3
TKT-0000801,CUST-001096,2024-12-25,Bug,Low,16.8,4
TKT-0000802,CUST-000690,2024-07-08,Account,High,33.7,4
TKT-0000803,CUST-004320,2023-11-22,Bug,Medium,52.9,3
TKT-0000804,CUST-001038,2023-11-16,Feature Request,Critical,136.4,2
TKT-0000805,CUST-000976,2023-01-30,Feature Request,Low,20.2,5
TKT-0000806,CUST-001019,2023-06-24,Feature Request,Low,35.4,5
TKT-0000807,CUST-001486,2024-02-01,Feature Request,Low,26.3,3
TKT-0000808,CUST-003280,2023-05-09,Feature Request,Low,5.6,5
TKT-0000809,CUST-002722,2023-04-12,Billing,High,24.7,4
TKT-0000810,CUST-000939,2024-06-14,Feature Request,Low,28.9,3
TKT-0000811,CUST-002169,2023-02-12,Account,Medium,69.4,1
TKT-0000812,CUST-004569,2024-02-07,Feature Request,Medium,24.4,5
TKT-0000813,CUST-002229,2024-12-10,Feature Request,Medium,19.0,3
TKT-0000814,CUST-004238,2024-11-03,Technical,Medium,53.6,3
TKT-0000815,CUST-001508,2023-01-11,Feature Request,Medium,34.7,5
TKT-0000816,CUST-001510,2023-09-09,Technical,Critical,136.1,1
TKT-0000817,CUST-003370,2024-02-23,Account,Critical,100.2,5
TKT-0000818,CUST-001690,2023-09-13,Account,Medium,72.4,4
TKT-0000819,CUST-003227,2023-06-23,Feature Request,Low,24.3,5
TKT-0000820,CUST-001113,2023-08-25,Billing,Low,25.5,2
TKT-0000821,CUST-003711,2024-12-02,Bug,Medium,49.5,4
TKT-0000822,CUST-000806,2024-01-14,Bug,High,77.6,3
TKT-0000823,CUST-000349,2023-05-06,Bug,Medium,58.2,4
TKT-0000824,CUST-004201,2024-07-17,Billing,Critical,166.6,4
TKT-0000825,CUST-003091,2023-11-30,Technical,High,91.1,4
TKT-0000826,CUST-002427,2023-06-25,Account,High,90.5,4
TKT-0000827,CUST-000513,2023-05-29,Feature Request,High,71.1,4
TKT-0000828,CUST-002273,2024-08-31,Billing,High,58.9,2
TKT-0000829,CUST-002924,2024-11-05,Technical,High,71.9,3
TKT-0000830,CUST-001694,2023-04-02,Feature Request,Low,13.0,4
TKT-0000831,CUST-002044,2024-03-13,Feature Request,Medium,43.8,4
TKT-0000832,CUST-002227,2023-12-29,Feature Request,Low,23.8,3
TKT-0000833,CUST-001381,2024-02-13,Technical,Medium,42.2,5
TKT-0000834,CUST-000029,2023-04-06,Bug,Medium,54.3,4
TKT-0000835,CUST-002128,2023-07-24,Account,High,48.5,4
TKT-0000836,CUST-000528,2024-12-12,Technical,High,103.2,4
TKT-0000837,CUST-003925,2023-03-05,Billing,High,82.5,4
TKT-0000838,CUST-004526,2024-03-26,Feature Request,High,57.7,2
TKT-0000839,CUST-003182,2023-09-04,Feature Request,Low,23.5,5
TKT-0000840,CUST-001763,2024-09-27,Bug,Low,17.3,5
TKT-0000841,CUST-000748,2024-06-11,Billing,Medium,27.8,2
TKT-0000842,CUST-003115,2024-03-24,Technical,Critical,163.0,5
TKT-0000843,CUST-001359,2023-03-22,Account,Low,16.5,5
TKT-0000844,CUST-000548,2024-10-25,Feature Request,Medium,25.8,5
TKT-0000845,CUST-000527,2024-11-17,Technical,Critical,116.0,4
TKT-0000846,CUST-003535,2023-10-25,Bug,Medium,48.7,5
TKT-0000847,CUST-002862,2024-06-07,Technical,Low,17.2,4
TKT-0000848,CUST-004134,2023-10-24,Technical,High,71.5,5
TKT-0000849,CUST-000661,2024-11-28,Account,High,103.4,5
TKT-0000850,CUST-003969,2023-11-26,Technical,Low,26.0,2
TKT-0000851,CUST-002678,2023-10-05,Technical,High,98.7,4
TKT-0000852,CUST-002521,2023-11-12,Bug,Medium,55.5,4
TKT-0000853,CUST-002921,2023-07-23,Billing,Low,18.6,5
TKT-0000854,CUST-003225,2023-01-31,Bug,Low,20.3,5
TKT-0000855,CUST-004612,2023-01-05,Technical,Medium,32.7,4
TKT-0000856,CUST-002206,2024-04-20,Billing,High,69.8,4
TKT-0000857,CUST-002271,2024-10-23,Billing,High,60.9,5
TKT-0000858,CUST-000113,2023-10-27,Account,High,93.8,3
TKT-0000859,CUST-004270,2023-12-12,Bug,High,82.2,5
TKT-0000860,CUST-002086,2024-11-22,Account,Medium,51.7,5
TKT-0000861,CUST-004898,2024-04-06,Feature Request,Medium,39.1,5
TKT-0000862,CUST-000593,2024-05-15,Billing,Medium,37.4,5
TKT-0000863,CUST-003788,2024-04-25,Technical,Medium,49.4,5
TKT-0000864,CUST-000058,2023-10-25,Technical,Critical,143.8,5
TKT-0000865,CUST-002348,2023-05-05,Bug,Low,23.5,5
TKT-0000866,CUST-000545,2024-10-25,Feature Request,High,58.7,3
TKT-0000867,CUST-000579,2023-10-28,Bug,Low,18.7,3
TKT-0000868,CUST-003001,2024-03-06,Account,Low,9.4,5
TKT-0000869,CUST-002521,2023-12-21,Bug,Low,27.8,1
TKT-0000870,CUST-004105,2023-04-13,Feature Request,Medium,49.7,4
TKT-0000871,CUST-004866,2024-05-28,Account,Low,10.4,3
TKT-0000872,CUST-000942,2023-08-04,Feature Request,Medium,45.1,4
TKT-0000873,CUST-001130,2023-04-10,Billing,Low,17.2,5
TKT-0000874,CUST-001304,2024-02-16,Bug,Low,28.8,4
TKT-0000875,CUST-002473,2023-09-08,Billing,Low,17.0,4
TKT-0000876,CUST-003159,2023-07-25,Billing,High,27.0,4
TKT-0000877,CUST-003376,2023-06-29,Technical,Medium,22.8,5
TKT-0000878,CUST-001690,2024-01-11,Feature Request,High,41.5,3
TKT-0000879,CUST-003944,2023-08-16,Feature Request,High,99.2,5
TKT-0000880,CUST-002711,2023-09-06,Technical,High,77.0,4
TKT-0000881,CUST-003679,2024-12-23,Feature Request,Medium,65.7,2
TKT-0000882,CUST-004894,2024-03-19,Bug,Low,8.1,3
TKT-0000883,CUST-000188,2023-07-21,Technical,Low,23.8,5
TKT-0000884,CUST-001754,2023-02-10,Bug,Medium,35.3,4
TKT-0000885,CUST-000312,2023-12-07,Billing,Medium,31.9,5
TKT-0000886,CUST-001907,2024-04-12,Technical,Low,13.8,5
TKT-0000887,CUST-003717,2023-12-28,Account,Low,26.7,5
TKT-0000888,CUST-000494,2024-04-19,Account,Medium,35.4,3
TKT-0000889,CUST-003265,2024-12-05,Billing,High,100.6,3
TKT-0000890,CUST-002836,2024-06-01,Technical,Low,11.9,4
TKT-0000891,CUST-003867,2024-01-24,Bug,High,90.9,4
TKT-0000892,CUST-004437,2024-02-18,Technical,Low,24.8,3
TKT-0000893,CUST-002542,2023-02-27,Bug,Low,23.7,4
TKT-0000894,CUST-000065,2024-04-09,Billing,Medium,37.8,3
TKT-0000895,CUST-004715,2023-03-01,Bug,Medium,64.1,4
TKT-0000896,CUST-003027,2023-07-11,Technical,Medium,47.9,4
TKT-0000897,CUST-004483,2023-12-11,Technical,Medium,59.2,3
TKT-0000898,CUST-001181,2023-01-24,Feature Request,Medium,55.2,5
TKT-0000899,CUST-003701,2024-04-12,Technical,Medium,44.2,4
TKT-0000900,CUST-004278,2024-01-26,Account,Low,27.2,4
TKT-0000901,CUST-001729,2024-03-13,Technical,Medium,63.0,3
TKT-0000902,CUST-002782,2024-03-12,Account,High,67.3,4
TKT-0000903,CUST-002058,2023-02-15,Technical,Low,30.9,4
TKT-0000904,CUST-002239,2024-01-31,Feature Request,Critical,97.5,5
TKT-0000905,CUST-000731,2024-08-12,Bug,Medium,22.8,4
TKT-0000906,CUST-000720,2024-10-18,Account,High,56.2,5
TKT-0000907,CUST-001864,2024-11-20,Billing,Medium,60.6,5
TKT-0000908,CUST-003164,2024-01-01,Technical,High,85.0,4
TKT-0000909,CUST-003000,2023-01-20,Billing,Low,20.1,4
TKT-0000910,CUST-004391,2024-06-11,Technical,Medium,47.5,4
TKT-0000911,CUST-003901,2024-01-05,Billing,Low,27.7,5
TKT-0000912,CUST-001397,2024-12-29,Technical,High,95.9,4
TKT-0000913,CUST-000890,2023-06-01,Technical,Medium,49.3,2
TKT-0000914,CUST-004649,2024-03-12,Feature Request,Medium,101.0,5
TKT-0000915,CUST-001677,2023-03-25,Account,Critical,125.2,4
TKT-0000916,CUST-003057,2023-02-18,Feature Request,Medium,23.5,5
TKT-0000917,CUST-003546,2024-03-06,Billing,Low,21.6,5
TKT-0000918,CUST-001265,2024-06-09,Account,Low,25.3,2
TKT-0000919,CUST-003832,2024-09-23,Account,Medium,52.9,3
TKT-0000920,CUST-003641,2024-02-24,Account,Low,16.0,4
TKT-0000921,CUST-000260,2024-01-17,Technical,High,79.6,5
TKT-0000922,CUST-004258,2023-12-21,Feature Request,Low,19.1,2
TKT-0000923,CUST-003346,2023-08-03,Feature Request,Medium,32.0,4
TKT-0000924,CUST-004374,2023-05-20,Billing,Medium,72.4,5
TKT-0000925,CUST-000843,2024-01-30,Account,Low,18.9,4
TKT-0000926,CUST-004194,2023-09-18,Billing,Medium,62.5,4
TKT-0000927,CUST-000594,2024-05-23,Feature Request,Medium,51.0,4
TKT-0000928,CUST-003774,2023-10-05,Bug,Low,17.4,4
TKT-0000929,CUST-000967,2023-04-20,Account,Low,29.5,5
TKT-0000930,CUST-000864,2024-10-26,Technical,Low,18.8,5
TKT-0000931,CUST-003372,2024-12-27,Technical,Medium,39.0,2
TKT-0000932,CUST-001945,2023-09-23,Billing,High,70.1,4
TKT-0000933,CUST-004636,2023-03-07,Bug,Critical,99.3,5
TKT-0000934,CUST-001611,2023-07-04,Technical,Medium,29.0,5
TKT-0000935,CUST-001270,2024-11-19,Feature Request,High,53.2,1
TKT-0000936,CUST-000396,2023-10-06,Bug,Low,11.2,4
TKT-0000937,CUST-002163,2023-01-15,Account,High,40.3,5
TKT-0000938,CUST-001835,2024-11-21,Technical,High,92.2,5
TKT-0000939,CUST-003804,2023-09-24,Bug,Medium,47.1,3
TKT-0000940,CUST-001945,2023-07-20,Billing,Medium,38.8,3
TKT-0000941,CUST-002077,2024-08-05,Account,Medium,53.3,4
TKT-0000942,CUST-004790,2024-03-22,Bug,Medium,6.8,4
TKT-0000943,CUST-003252,2024-06-16,Feature Request,Medium,27.6,3
TKT-0000944,CUST-000168,2023-10-18,Account,High,55.1,4
TKT-0000945,CUST-002135,2024-06-11,Technical,Medium,35.5,5
TKT-0000946,CUST-001331,2023-08-04,Feature Request,Medium,47.8,4
TKT-0000947,CUST-001553,2023-11-22,Bug,Low,30.9,4
TKT-0000948,CUST-002794,2024-08-20,Account,Low,29.7,4
TKT-0000949,CUST-000442,2024-02-02,Feature Request,High,94.8,5
TKT-0000950,CUST-000734,2023-02-21,Technical,Low,29.0,5
TKT-0000951,CUST-004166,2023-01-08,Bug,Low,19.2,4
TKT-0000952,CUST-000607,2023-01-06,Bug,High,64.0,2
TKT-0000953,CUST-001580,2023-03-10,Account,Low,27.5,4
TKT-0000954,CUST-000543,2024-07-19,Technical,Medium,41.7,5
TKT-0000955,CUST-004398,2024-11-06,Billing,High,84.1,3
TKT-0000956,CUST-001716,2024-12-03,Billing,High,87.7,2
TKT-0000957,CUST-000942,2023-06-09,Bug,High,76.1,5
TKT-0000958,CUST-000230,2023-01-08,Bug,High,101.2,4
TKT-0000959,CUST-000029,2024-06-09,Technical,Medium,34.5,4
TKT-0000960,CUST-000720,2024-05-14,Feature Request,Medium,48.0,1
TKT-0000961,CUST-002888,2023-04-19,Bug,Medium,58.4,5
TKT-0000962,CUST-001852,2024-02-01,Feature Request,Low,4.7,3
TKT-0000963,CUST-002563,2024-10-09,Account,Medium,27.2,5
TKT-0000964,CUST-003810,2023-08-10,Billing,Low,12.8,5
TKT-0000965,CUST-001349,2024-06-27,Feature Request,Medium,54.0,4
TKT-0000966,CUST-004680,2024-07-18,Feature Request,Medium,44.6,4
TKT-0000967,CUST-004133,2023-05-05,Billing,Low,16.6,4
TKT-0000968,CUST-002636,2024-08-29,Billing,High,56.2,5
TKT-0000969,CUST-004498,2023-08-09,Bug,High,57.4,4
TKT-0000970,CUST-003163,2024-12-28,Billing,Low,29.0,4
TKT-0000971,CUST-003631,2024-11-24,Bug,Medium,58.6,4
TKT-0000972,CUST-001747,2024-08-18,Feature Request,Medium,37.5,4
TKT-0000973,CUST-003304,2024-10-08,Billing,Medium,64.0,3
TKT-0000974,CUST-004818,2024-10-18,Billing,Medium,39.3,3
TKT-0000975,CUST-004964,2023-05-29,Bug,Critical,173.5,4
TKT-0000976,CUST-003901,2024-05-03,Feature Request,Medium,51.8,4
TKT-0000977,CUST-001662,2023-03-25,Feature Request,High,75.7,4
TKT-0000978,CUST-001925,2024-08-02,Billing,Medium,43.3,3
TKT-0000979,CUST-001177,2023-04-08,Account,High,96.8,5
TKT-0000980,CUST-002881,2024-06-02,Bug,Medium,52.6,5
TKT-0000981,CUST-000749,2024-08-29,Billing,Medium,51.2,4
TKT-0000982,CUST-001833,2024-08-12,Account,High,43.4,3
TKT-0000983,CUST-001902,2023-08-14,Feature Request,Low,21.5,1
TKT-0000984,CUST-001971,2024-07-26,Feature Request,Low,24.7,4
TKT-0000985,CUST-000689,2023-04-19,Billing,High,89.9,4
TKT-0000986,CUST-004096,2024-09-17,Technical,High,107.7,4
TKT-0000987,CUST-004655,2024-07-01,Bug,Medium,35.2,3
TKT-0000988,CUST-004997,2024-05-04,Billing,Low,23.7,5
TKT-0000989,CUST-004561,2024-09-10,Feature Request,Medium,59.9,5
TKT-0000990,CUST-003195,2023-05-12,Account,Low,31.1,5
TKT-0000991,CUST-004427,2023-04-09,Bug,Medium,27.5,4
TKT-0000992,CUST-002590,2024-02-28,Feature Request,High,73.7,5
TKT-0000993,CUST-004239,2023-12-07,Bug,Low,31.5,5
TKT-0000994,CUST-004750,2023-01-03,Billing,Low,7.8,2
TKT-0000995,CUST-004720,2023-04-10,Bug,High,27.5,4
TKT-0000996,CUST-002957,2024-06-21,Technical,Medium,44.5,1
TKT-0000997,CUST-002027,2023-03-17,Technical,Medium,35.2,4
TKT-0000998,CUST-000440,2024-04-21,Account,High,55.1,5
TKT-0000999,CUST-000382,2024-01-06,Bug,High,53.4,4
TKT-0001000,CUST-000765,2024-04-12,Feature Request,Low,11.6,5
TKT-0001001,CUST-001047,2024-03-07,Bug,Low,23.6,5
TKT-0001002,CUST-002237,2023-01-09,Account,Low,24.3,2
TKT-0001003,CUST-000527,2023-04-16,Technical,Critical,132.4,3
TKT-0001004,CUST-003580,2024-06-07,Billing,Medium,31.2,5
TKT-0001005,CUST-000457,2023-02-02,Technical,High,87.6,2
TKT-0001006,CUST-004658,2024-06-16,Bug,Medium,60.9,5
TKT-0001007,CUST-002381,2024-03-17,Billing,Medium,41.5,4
TKT-0001008,CUST-001038,2024-12-30,Account,Low,18.8,4
TKT-0001009,CUST-001225,2024-03-26,Technical,Low,21.3,3
TKT-0001010,CUST-004995,2024-12-01,Bug,High,103.5,5
TKT-0001011,CUST-000402,2023-11-24,Feature Request,Low,15.5,4
TKT-0001012,CUST-004565,2023-05-09,Bug,Critical,117.2,2
TKT-0001013,CUST-001311,2023-05-10,Account,High,92.0,4
TKT-0001014,CUST-003288,2024-02-26,Feature Request,Medium,61.3,4
TKT-0001015,CUST-001314,2023-05-15,Technical,High,62.4,5
TKT-0001016,CUST-000298,2023-11-10,Feature Request,Low,15.6,4
TKT-0001017,CUST-003397,2024-09-03,Billing,Low,18.0,5
TKT-0001018,CUST-004799,2023-03-30,Bug,High,62.3,4
TKT-0001019,CUST-002592,2023-12-08,Feature Request,Medium,56.6,2
TKT-0001020,CUST-000725,2023-05-12,Technical,Medium,43.3,1
TKT-0001021,CUST-003822,2024-12-03,Technical,Medium,30.7,5
TKT-0001022,CUST-001249,2024-06-14,Bug,High,53.0,3
TKT-0001023,CUST-000899,2024-09-21,Account,Medium,30.9,1
TKT-0001024,CUST-003283,2023-08-19,Feature Request,Medium,59.1,5
TKT-0001025,CUST-003065,2023-06-22,Feature Request,Medium,26.3,4
TKT-0001026,CUST-001025,2024-06-06,Technical,High,106.9,3
TKT-0001027,CUST-002285,2023-04-20,Feature Request,High,91.8,5
TKT-0001028,CUST-003448,2024-02-18,Technical,High,43.2,3
TKT-0001029,CUST-004922,2024-03-22,Bug,Low,30.2,4
TKT-0001030,CUST-002267,2023-12-12,Feature Request,Medium,35.7,4
TKT-0001031,CUST-000234,2023-03-24,Account,High,15.9,5
TKT-0001032,CUST-003159,2024-05-14,Bug,Medium,36.3,4
TKT-0001033,CUST-000580,2024-05-15,Bug,High,19.2,5
TKT-0001034,CUST-003220,2023-07-25,Billing,Low,16.5,2
TKT-0001035,CUST-000652,2023-03-21,Account,Medium,30.6,3
TKT-0001036,CUST-003904,2023-07-31,Bug,Low,23.2,4
TKT-0001037,CUST-002143,2023-03-27,Billing,Medium,58.8,2
TKT-0001038,CUST-003657,2024-09-21,Account,High,60.6,4
TKT-0001039,CUST-002765,2024-04-16,Account,High,63.8,2
TKT-0001040,CUST-000930,2023-10-24,Bug,High,47.4,3
TKT-0001041,CUST-002806,2024-08-06,Technical,Medium,37.6,5
TKT-0001042,CUST-002478,2023-09-09,Bug,Medium,71.6,4
TKT-0001043,CUST-000943,2023-04-29,Feature Request,Low,24.4,4
TKT-0001044,CUST-002990,2023-09-03,Bug,Low,24.7,3
TKT-0001045,CUST-001572,2023-11-30,Account,Medium,42.3,2
TKT-0001046,CUST-004617,2023-05-21,Feature Request,High,90.9,3
TKT-0001047,CUST-004087,2024-12-31,Billing,High,69.1,3
TKT-0001048,CUST-000453,2024-05-15,Account,Low,24.3,4
TKT-0001049,CUST-002805,2024-11-23,Billing,Low,18.0,4
TKT-0001050,CUST-000258,2024-03-12,Account,Medium,71.4,4
TKT-0001051,CUST-000779,2023-07-06,Technical,Critical,143.1,5
TKT-0001052,CUST-000158,2023-12-19,Bug,Low,21.8,3
TKT-0001053,CUST-004268,2023-12-17,Billing,Medium,57.2,5
TKT-0001054,CUST-004955,2024-09-23,Account,Low,21.6,5
TKT-0001055,CUST-001039,2023-09-10,Account,Low,15.8,5
TKT-0001056,CUST-003496,2024-05-18,Feature Request,High,57.1,4
TKT-0001057,CUST-002230,2024-03-09,Feature Request,Critical,139.4,3
TKT-0001058,CUST-004764,2024-11-06,Bug,Medium,48.2,3
TKT-0001059,CUST-002219,2024-01-14,Technical,Low,26.2,2
TKT-0001060,CUST-003509,2023-03-06,Bug,Medium,32.6,2
TKT-0001061,CUST-001046,2023-04-06,Billing,Medium,43.8,4
TKT-0001062,CUST-000121,2024-06-15,Feature Request,High,58.8,2
TKT-0001063,CUST-003301,2023-05-11,Technical,Medium,38.2,4
TKT-0001064,CUST-003939,2023-11-25,Bug,Low,19.7,2
TKT-0001065,CUST-000966,2024-03-23,Account,Medium,44.2,5
TKT-0001066,CUST-001291,2024-03-10,Bug,Medium,60.9,2
TKT-0001067,CUST-004439,2024-10-03,Bug,Medium,48.6,4
TKT-0001068,CUST-000107,2023-12-12,Technical,Low,18.6,5
TKT-0001069,CUST-004047,2023-04-23,Bug,Medium,55.1,4
TKT-0001070,CUST-002835,2024-01-28,Bug,Medium,34.6,5
TKT-0001071,CUST-000170,2023-08-08,Account,Critical,188.0,4
TKT-0001072,CUST-002024,2024-09-02,Account,Medium,25.5,4
TKT-0001073,CUST-002514,2023-04-23,Bug,Low,25.0,4
TKT-0001074,CUST-001682,2024-04-11,Bug,Medium,55.2,1
TKT-0001075,CUST-002559,2023-06-23,Bug,Medium,49.2,5
TKT-0001076,CUST-002495,2024-04-25,Account,High,73.4,5
TKT-0001077,CUST-000960,2023-04-08,Technical,Medium,29.2,4
TKT-0001078,CUST-002083,2023-12-04,Bug,Medium,39.9,3
TKT-0001079,CUST-001180,2023-09-15,Technical,Medium,78.2,3
TKT-0001080,CUST-004493,2024-07-01,Bug,Low,30.5,5
TKT-0001081,CUST-001641,2024-12-10,Account,Low,35.9,5
TKT-0001082,CUST-004951,2023-07-18,Bug,Low,25.4,4
TKT-0001083,CUST-003538,2024-02-28,Technical,Medium,55.9,1
TKT-0001084,CUST-003162,2023-06-26,Technical,Low,24.0,4
TKT-0001085,CUST-001280,2024-07-01,Bug,High,53.0,3
TKT-0001086,CUST-002292,2023-04-06,Feature Request,High,66.0,4
TKT-0001087,CUST-003349,2023-07-19,Technical,High,32.2,5
TKT-0001088,CUST-002360,2023-10-22,Technical,Low,21.2,2
TKT-0001089,CUST-003977,2023-05-05,Billing,High,75.7,4
TKT-0001090,CUST-003702,2023-08-28,Billing,Critical,77.6,3
TKT-0001091,CUST-002862,2023-12-08,Bug,High,46.4,4
TKT-0001092,CUST-003221,2023-01-25,Bug,High,61.3,4
TKT-0001093,CUST-000879,2023-07-12,Account,High,107.9,4
TKT-0001094,CUST-004439,2023-07-26,Billing,Low,28.7,3
TKT-0001095,CUST-001833,2023-10-18,Account,Medium,35.6,4
TKT-0001096,CUST-000575,2024-02-16,Billing,Low,25.0,4
TKT-0001097,CUST-000029,2023-01-13,Technical,High,114.5,4
TKT-0001098,CUST-001601,2024-12-31,Bug,Low,22.4,5
TKT-0001099,CUST-003721,2024-04-29,Bug,High,52.8,4
TKT-0001100,CUST-002679,2023-11-15,Feature Request,Medium,61.1,5
TKT-0001101,CUST-003548,2024-08-29,Technical,Medium,28.1,4
TKT-0001102,CUST-000272,2024-03-01,Feature Request,Medium,32.4,1
TKT-0001103,CUST-003601,2024-10-11,Account,Low,26.7,3
TKT-0001104,CUST-003568,2024-06-01,Account,Low,8.9,4
TKT-0001105,CUST-003045,2024-03-27,Technical,Low,31.9,4
TKT-0001106,CUST-000742,2023-11-30,Billing,Medium,35.7,4
TKT-0001107,CUST-003106,2024-04-01,Billing,High,100.7,5
TKT-0001108,CUST-000275,2023-11-05,Bug,Medium,60.4,4
TKT-0001109,CUST-004017,2024-10-23,Bug,High,35.9,5
TKT-0001110,CUST-003223,2023-10-30,Bug,High,109.6,4
TKT-0001111,CUST-003856,2024-03-14,Technical,High,69.9,4
TKT-0001112,CUST-002746,2024-12-17,Feature Request,Medium,38.6,5
TKT-0001113,CUST-000654,2023-11-19,Bug,Low,29.6,3
TKT-0001114,CUST-002642,2023-11-08,Billing,Low,19.0,4
TKT-0001115,CUST-001137,2024-12-26,Feature Request,Low,29.7,4
TKT-0001116,CUST-001085,2023-09-17,Bug,High,51.7,1
TKT-0001117,CUST-001999,2024-07-05,Account,Low,36.4,2
TKT-0001118,CUST-000300,2023-05-26,Feature Request,Low,26.9,2
TKT-0001119,CUST-003507,2023-04-28,Feature Request,Medium,42.8,5
TKT-0001120,CUST-004889,2024-06-11,Technical,Medium,40.7,4
TKT-0001121,CUST-003296,2024-05-15,Technical,High,94.8,4
TKT-0001122,CUST-001340,2023-08-11,Account,Medium,57.4,5
TKT-0001123,CUST-002276,2024-09-21,Technical,Low,21.4,4
TKT-0001124,CUST-003016,2024-07-25,Technical,Low,24.4,5
TKT-0001125,CUST-002660,2024-11-06,Bug,Medium,47.7,5
TKT-0001126,CUST-001145,2023-07-01,Account,Low,26.1,3
TKT-0001127,CUST-002152,2023-04-19,Bug,Medium,55.7,5
TKT-0001128,CUST-000336,2023-05-11,Bug,High,120.4,5
TKT-0001129,CUST-003536,2023-12-04,Technical,Low,16.3,5
TKT-0001130,CUST-002182,2023-11-30,Technical,Low,18.6,4
TKT-0001131,CUST-004006,2024-06-06,Feature Request,Medium,36.2,5
TKT-0001132,CUST-002574,2024-07-10,Feature Request,High,90.8,4
TKT-0001133,CUST-004825,2024-05-16,Technical,Medium,31.2,3
TKT-0001134,CUST-000348,2024-04-27,Feature Request,Medium,74.3,4
TKT-0001135,CUST-002566,2023-10-14,Billing,High,66.1,5
TKT-0001136,CUST-000842,2023-02-10,Technical,Medium,83.3,4
TKT-0001137,CUST-003822,2023-12-26,Feature Request,Low,19.3,3
TKT-0001138,CUST-000903,2023-03-01,Bug,High,54.5,4
TKT-0001139,CUST-004171,2023-08-12,Account,Low,22.3,5
TKT-0001140,CUST-001804,2023-03-08,Bug,Low,22.0,5
TKT-0001141,CUST-004015,2023-12-15,Account,Medium,47.4,4
TKT-0001142,CUST-000389,2023-03-09,Bug,Medium,40.9,4
TKT-0001143,CUST-001946,2023-08-01,Bug,High,33.3,4
TKT-0001144,CUST-004315,2023-11-14,Bug,Medium,46.0,4
TKT-0001145,CUST-000255,2024-11-12,Feature Request,High,119.9,4
TKT-0001146,CUST-001071,2024-01-24,Bug,Medium,36.4,3
TKT-0001147,CUST-000040,2024-01-18,Technical,Medium,46.4,4
TKT-0001148,CUST-001276,2023-02-25,Feature Request,Critical,88.2,5
TKT-0001149,CUST-002033,2024-07-12,Feature Request,High,86.6,4
TKT-0001150,CUST-002001,2024-12-22,Bug,Low,14.3,1
TKT-0001151,CUST-001352,2024-11-09,Technical,Medium,50.7,4
TKT-0001152,CUST-004865,2024-03-01,Technical,Medium,51.2,4
TKT-0001153,CUST-001450,2023-11-27,Feature Request,Medium,37.5,5
TKT-0001154,CUST-003616,2024-12-10,Technical,Low,23.8,4
TKT-0001155,CUST-004410,2024-03-04,Technical,Low,22.0,5
TKT-0001156,CUST-003872,2024-09-26,Account,Medium,49.1,4
TKT-0001157,CUST-002094,2024-07-30,Technical,Medium,43.0,5
TKT-0001158,CUST-004677,2024-03-15,Account,Low,17.8,4
TKT-0001159,CUST-004501,2024-12-07,Account,Medium,37.9,2
TKT-0001160,CUST-002013,2023-08-13,Bug,High,84.3,5
TKT-0001161,CUST-003419,2024-07-12,Billing,High,73.0,4
TKT-0001162,CUST-001934,2024-05-17,Bug,Critical,96.7,1
TKT-0001163,CUST-000681,2023-09-30,Account,Medium,27.8,5
TKT-0001164,CUST-001072,2023-10-28,Account,High,57.1,4
TKT-0001165,CUST-001881,2024-05-05,Technical,Medium,56.0,3
TKT-0001166,CUST-003864,2024-05-18,Billing,High,66.5,1
TKT-0001167,CUST-002651,2023-03-22,Bug,Medium,56.8,5
TKT-0001168,CUST-004807,2023-08-22,Feature Request,Critical,127.9,5
TKT-0001169,CUST-003515,2023-11-12,Technical,Medium,43.9,5
TKT-0001170,CUST-003605,2023-03-30,Technical,Low,19.4,4
TKT-0001171,CUST-001445,2023-06-19,Technical,High,117.4,5
TKT-0001172,CUST-001862,2023-12-14,Feature Request,High,76.8,5
TKT-0001173,CUST-001941,2023-09-02,Technical,Medium,35.2,2
TKT-0001174,CUST-002486,2024-10-18,Bug,High,68.4,5
TKT-0001175,CUST-004733,2024-06-15,Technical,Medium,54.5,1
TKT-0001176,CUST-001282,2024-12-13,Technical,Medium,50.4,4
TKT-0001177,CUST-001808,2024-10-17,Technical,High,66.8,3
TKT-0001178,CUST-003855,2023-09-12,Bug,Medium,54.6,3
TKT-0001179,CUST-004989,2023-09-27,Feature Request,High,82.4,3
TKT-0001180,CUST-003652,2023-03-31,Account,High,88.1,5
TKT-0001181,CUST-002746,2023-01-27,Technical,Medium,57.5,4
TKT-0001182,CUST-001621,2024-03-10,Feature Request,Medium,51.0,4
TKT-0001183,CUST-002840,2024-01-13,Account,Low,17.3,3
TKT-0001184,CUST-000198,2024-04-14,Feature Request,Medium,49.2,4
TKT-0001185,CUST-004258,2023-05-19,Technical,Low,34.1,4
TKT-0001186,CUST-001234,2024-09-17,Bug,Medium,47.6,2
TKT-0001187,CUST-000277,2024-09-27,Feature Request,Low,13.4,4
TKT-0001188,CUST-000975,2024-04-01,Technical,High,62.2,5
TKT-0001189,CUST-000158,2024-03-07,Feature Request,Low,22.3,4
TKT-0001190,CUST-001016,2024-01-27,Bug,Low,26.6,5
TKT-0001191,CUST-003334,2024-01-11,Billing,Low,28.6,4
TKT-0001192,CUST-004030,2024-03-07,Feature Request,Low,20.4,5
TKT-0001193,CUST-000421,2023-06-10,Feature Request,Low,19.6,4
TKT-0001194,CUST-004618,2024-12-31,Technical,Low,15.6,4
TKT-0001195,CUST-004675,2023-02-13,Feature Request,Medium,74.4,5
TKT-0001196,CUST-001371,2024-03-07,Bug,Low,27.8,4
TKT-0001197,CUST-003928,2024-05-25,Bug,Low,27.0,3
TKT-0001198,CUST-000766,2024-10-08,Technical,Medium,40.1,4
TKT-0001199,CUST-004036,2023-02-20,Account,Medium,61.6,1
TKT-0001200,CUST-001374,2023-08-30,Bug,Medium,46.2,4
TKT-0001201,CUST-002240,2024-09-13,Bug,Medium,30.8,5
TKT-0001202,CUST-003570,2023-08-27,Billing,Low,29.0,4
TKT-0001203,CUST-000385,2023-08-08,Feature Request,High,97.0,5
TKT-0001204,CUST-003400,2024-01-20,Account,Medium,39.9,4
TKT-0001205,CUST-001355,2024-03-27,Account,High,54.1,3
TKT-0001206,CUST-001452,2024-11-27,Feature Request,Medium,42.5,5
TKT-0001207,CUST-004812,2024-05-13,Billing,Medium,35.2,5
TKT-0001208,CUST-002062,2024-04-10,Technical,High,41.7,2
TKT-0001209,CUST-001336,2023-09-20,Account,Low,19.9,5
TKT-0001210,CUST-002054,2023-11-15,Account,Medium,45.9,3
TKT-0001211,CUST-004301,2023-04-08,Technical,Low,23.4,4
TKT-0001212,CUST-004883,2023-02-04,Account,Low,32.0,2
TKT-0001213,CUST-004039,2024-12-01,Account,High,50.8,5
TKT-0001214,CUST-004752,2024-07-26,Feature Request,Low,20.3,4
TKT-0001215,CUST-001980,2023-09-15,Feature Request,Medium,57.3,4
TKT-0001216,CUST-002333,2023-07-27,Bug,Low,27.8,5
TKT-0001217,CUST-003377,2024-08-22,Technical,Medium,58.5,4
TKT-0001218,CUST-003936,2024-04-25,Billing,Low,22.6,4
TKT-0001219,CUST-000497,2023-05-05,Account,Medium,31.8,5
TKT-0001220,CUST-003202,2023-04-25,Bug,Medium,45.5,5
TKT-0001221,CUST-004654,2024-06-16,Technical,Low,24.5,5
TKT-0001222,CUST-004262,2023-07-10,Bug,Medium,33.3,5
TKT-0001223,CUST-003550,2024-12-22,Account,High,83.8,4
TKT-0001224,CUST-001691,2023-02-26,Bug,Medium,40.4,4
TKT-0001225,CUST-004136,2023-01-13,Bug,Medium,52.5,4
TKT-0001226,CUST-001796,2023-08-12,Bug,Medium,57.0,4
TKT-0001227,CUST-002167,2024-11-18,Feature Request,Medium,58.7,5
TKT-0001228,CUST-003392,2023-10-09,Bug,High,56.8,2
TKT-0001229,CUST-001064,2023-02-06,Feature Request,High,75.1,5
TKT-0001230,CUST-001110,2024-09-29,Billing,Low,20.6,5
TKT-0001231,CUST-001055,2023-09-09,Billing,Medium,50.3,4
TKT-0001232,CUST-000335,2023-12-10,Account,High,87.4,4
TKT-0001233,CUST-002249,2024-06-07,Billing,Medium,51.2,5
TKT-0001234,CUST-001091,2023-07-07,Technical,Low,28.7,3
TKT-0001235,CUST-000105,2024-05-03,Account,Medium,44.6,5
TKT-0001236,CUST-002641,2024-12-01,Bug,High,103.4,5
TKT-0001237,CUST-000614,2023-04-27,Account,Low,20.4,5
TKT-0001238,CUST-003929,2024-05-12,Feature Request,Low,25.0,3
TKT-0001239,CUST-004475,2023-07-22,Bug,Medium,68.1,5
TKT-0001240,CUST-001675,2024-12-04,Bug,High,74.3,3
TKT-0001241,CUST-002723,2023-05-19,Bug,High,81.7,5
TKT-0001242,CUST-000348,2023-02-24,Bug,High,67.1,5
TKT-0001243,CUST-004897,2023-08-05,Feature Request,Low,21.3,3
TKT-0001244,CUST-001038,2023-03-23,Technical,Low,32.8,2
TKT-0001245,CUST-004575,2024-11-11,Billing,High,100.9,4
TKT-0001246,CUST-003291,2023-01-12,Bug,High,61.7,5
TKT-0001247,CUST-001828,2024-03-23,Technical,High,107.6,3
TKT-0001248,CUST-002029,2024-02-11,Bug,High,104.4,4
TKT-0001249,CUST-000384,2024-02-09,Technical,Low,30.6,2
TKT-0001250,CUST-004227,2023-10-16,Technical,High,58.0,3
TKT-0001251,CUST-003755,2024-03-22,Feature Request,High,53.2,4
TKT-0001252,CUST-004703,2024-12-20,Billing,Medium,54.0,5
TKT-0001253,CUST-001592,2024-01-04,Feature Request,Low,8.3,3
TKT-0001254,CUST-001436,2023-04-09,Bug,Low,17.4,4
TKT-0001255,CUST-001442,2024-05-28,Bug,Low,24.3,3
TKT-0001256,CUST-000672,2023-10-01,Billing,Low,29.2,4
TKT-0001257,CUST-002108,2024-05-01,Technical,High,80.5,4
TKT-0001258,CUST-002960,2024-06-04,Bug,High,47.0,4
TKT-0001259,CUST-000977,2024-06-04,Account,Low,16.4,2
TKT-0001260,CUST-003313,2024-05-25,Bug,Low,22.0,3
TKT-0001261,CUST-002899,2024-10-19,Account,High,55.1,5
TKT-0001262,CUST-003008,2024-09-29,Billing,Medium,44.2,5
TKT-0001263,CUST-000451,2024-04-23,Feature Request,Medium,68.5,3
TKT-0001264,CUST-003796,2024-06-22,Technical,High,75.6,5
TKT-0001265,CUST-000693,2024-07-16,Bug,High,107.6,5
TKT-0001266,CUST-004441,2024-06-08,Billing,Medium,67.3,4
TKT-0001267,CUST-003226,2023-11-08,Bug,High,46.7,5
TKT-0001268,CUST-002286,2023-12-25,Account,High,71.4,4
TKT-0001269,CUST-003154,2024-05-27,Bug,Low,25.9,3
TKT-0001270,CUST-000446,2024-10-02,Account,Medium,45.6,4
TKT-0001271,CUST-003098,2024-12-22,Feature Request,Medium,44.9,4
TKT-0001272,CUST-002366,2024-05-18,Technical,High,59.5,5
TKT-0001273,CUST-003022,2024-09-26,Billing,High,91.6,3
TKT-0001274,CUST-002183,2023-12-31,Technical,Critical,147.9,5
TKT-0001275,CUST-003594,2024-04-21,Technical,Low,26.4,4
TKT-0001276,CUST-001290,2024-12-18,Bug,Low,27.3,5
TKT-0001277,CUST-000464,2024-08-17,Bug,Low,9.3,3
TKT-0001278,CUST-003569,2024-05-03,Bug,High,32.6,4
TKT-0001279,CUST-000326,2023-03-29,Bug,High,108.8,5
TKT-0001280,CUST-004582,2023-04-12,Bug,High,80.1,4
TKT-0001281,CUST-002524,2023-10-27,Billing,Low,27.8,4
TKT-0001282,CUST-000107,2024-09-05,Feature Request,Critical,72.7,5
TKT-0001283,CUST-004218,2023-03-30,Feature Request,Medium,26.4,3
TKT-0001284,CUST-003585,2024-04-14,Account,High,84.0,4
TKT-0001285,CUST-001776,2024-09-08,Billing,Medium,26.2,4
TKT-0001286,CUST-003507,2023-10-28,Feature Request,Medium,64.0,4
TKT-0001287,CUST-002469,2024-03-02,Billing,Medium,54.5,4
TKT-0001288,CUST-004590,2023-03-10,Bug,High,90.4,5
TKT-0001289,CUST-001291,2024-10-24,Billing,High,68.7,5
TKT-0001290,CUST-004578,2024-09-18,Technical,High,70.1,3
TKT-0001291,CUST-004446,2023-02-25,Technical,Medium,66.3,4
TKT-0001292,CUST-000385,2024-01-20,Account,Critical,109.4,4
TKT-0001293,CUST-001373,2024-08-26,Account,Low,38.9,4
TKT-0001294,CUST-000925,2024-12-26,Feature Request,Medium,30.2,5
TKT-0001295,CUST-002899,2023-07-01,Bug,Medium,49.2,5
TKT-0001296,CUST-000528,2023-08-19,Technical,High,33.4,5
TKT-0001297,CUST-000380,2024-10-15,Technical,Medium,48.3,4
TKT-0001298,CUST-001916,2024-08-07,Feature Request,Low,31.3,4
TKT-0001299,CUST-001332,2023-12-29,Billing,Medium,52.0,4
TKT-0001300,CUST-000045,2023-04-09,Billing,High,83.1,2
TKT-0001301,CUST-004802,2023-01-22,Bug,Medium,58.6,4
TKT-0001302,CUST-000660,2024-07-05,Account,Medium,52.7,4
TKT-0001303,CUST-003525,2024-10-26,Feature Request,Low,27.3,4
TKT-0001304,CUST-002524,2023-07-29,Feature Request,Critical,106.2,5
TKT-0001305,CUST-001808,2023-05-17,Billing,Low,28.5,4
TKT-0001306,CUST-002919,2024-05-20,Technical,Medium,39.9,5
TKT-0001307,CUST-003878,2024-11-17,Account,Critical,143.9,3
TKT-0001308,CUST-003797,2024-06-13,Feature Request,Low,21.4,4
TKT-0001309,CUST-002724,2024-02-12,Bug,Low,28.2,4
TKT-0001310,CUST-000607,2024-02-06,Feature Request,Medium,48.0,4
TKT-0001311,CUST-004265,2024-06-16,Billing,Low,22.4,4
TKT-0001312,CUST-000988,2024-03-11,Billing,Low,37.2,3
TKT-0001313,CUST-003946,2024-07-09,Account,Medium,40.2,3
TKT-0001314,CUST-000545,2024-11-07,Bug,Low,27.1,3
TKT-0001315,CUST-002477,2024-09-12,Technical,Medium,42.9,3
TKT-0001316,CUST-004478,2024-08-08,Technical,High,75.3,1
TKT-0001317,CUST-003315,2024-06-21,Bug,Medium,52.9,2
TKT-0001318,CUST-002439,2023-11-05,Bug,Medium,57.0,4
TKT-0001319,CUST-000004,2023-05-30,Account,Medium,35.2,1
TKT-0001320,CUST-002957,2023-01-19,Billing,Low,21.8,5
TKT-0001321,CUST-001813,2023-01-22,Account,Low,37.9,5
TKT-0001322,CUST-001256,2023-08-23,Bug,Low,16.6,5
TKT-0001323,CUST-003017,2023-07-11,Billing,Critical,128.6,5
TKT-0001324,CUST-000566,2024-01-30,Technical,High,113.6,5
TKT-0001325,CUST-000691,2023-12-05,Technical,Low,16.4,4
TKT-0001326,CUST-003111,2023-03-03,Account,High,60.2,4
TKT-0001327,CUST-000281,2024-10-18,Technical,Low,28.8,5
TKT-0001328,CUST-001852,2023-08-22,Technical,Low,20.1,4
TKT-0001329,CUST-004836,2023-02-20,Technical,Medium,48.5,4
TKT-0001330,CUST-000921,2023-11-21,Feature Request,Medium,68.8,5
TKT-0001331,CUST-004852,2023-05-24,Bug,Critical,103.7,5
TKT-0001332,CUST-003353,2023-09-25,Bug,High,55.3,4
TKT-0001333,CUST-001648,2023-04-07,Bug,Medium,59.8,5
TKT-0001334,CUST-001990,2023-04-09,Bug,Medium,59.7,5
TKT-0001335,CUST-000903,2023-10-07,Feature Request,High,42.8,5
TKT-0001336,CUST-000788,2023-06-22,Technical,Low,18.1,3
TKT-0001337,CUST-001926,2023-02-10,Bug,Low,26.3,4
TKT-0001338,CUST-000135,2024-03-29,Billing,High,90.5,4
TKT-0001339,CUST-003169,2024-02-21,Technical,High,59.8,1
TKT-0001340,CUST-002659,2024-01-18,Technical,Medium,52.5,3
TKT-0001341,CUST-004711,2023-04-08,Account,Medium,63.1,2
TKT-0001342,CUST-002237,2023-08-17,Technical,High,79.1,5
TKT-0001343,CUST-000554,2023-08-10,Billing,Low,22.4,5
TKT-0001344,CUST-004741,2023-12-12,Feature Request,Medium,32.6,3
TKT-0001345,CUST-000547,2023-07-02,Bug,Medium,44.9,5
TKT-0001346,CUST-001525,2024-07-30,Feature Request,High,79.0,5
TKT-0001347,CUST-002041,2023-10-17,Billing,Low,15.0,4
TKT-0001348,CUST-002490,2024-09-06,Technical,Low,19.2,3
TKT-0001349,CUST-003899,2024-01-18,Bug,Medium,92.3,5
TKT-0001350,CUST-003121,2024-05-02,Billing,Medium,24.1,5
TKT-0001351,CUST-001894,2024-03-23,Billing,Low,23.1,5
TKT-0001352,CUST-003093,2023-02-24,Bug,Medium,54.8,2
TKT-0001353,CUST-001635,2023-09-12,Bug,Low,30.4,1
TKT-0001354,CUST-002580,2024-12-30,Technical,Medium,58.2,4
TKT-0001355,CUST-002221,2024-10-07,Technical,Medium,43.0,5
TKT-0001356,CUST-003195,2024-08-06,Feature Request,High,90.8,4
TKT-0001357,CUST-001268,2024-03-03,Bug,Medium,47.6,4
TKT-0001358,CUST-004526,2024-12-06,Technical,Low,24.6,4
TKT-0001359,CUST-003086,2023-03-14,Bug,High,52.2,5
TKT-0001360,CUST-003398,2023-02-01,Technical,Low,31.2,4
TKT-0001361,CUST-003711,2024-07-06,Feature Request,High,85.7,2
TKT-0001362,CUST-000478,2023-10-04,Bug,Low,24.1,5
TKT-0001363,CUST-003843,2024-10-09,Technical,Medium,62.6,4
TKT-0001364,CUST-003507,2024-11-27,Bug,Medium,41.4,3
TKT-0001365,CUST-001570,2024-08-03,Feature Request,Low,19.5,3
TKT-0001366,CUST-000698,2023-06-18,Account,Critical,64.4,4
TKT-0001367,CUST-004331,2024-08-27,Bug,Medium,34.8,1
TKT-0001368,CUST-001621,2024-05-04,Account,Medium,37.9,5
TKT-0001369,CUST-002065,2023-02-25,Billing,Medium,29.9,5
TKT-0001370,CUST-004908,2023-11-05,Billing,Low,20.2,4
TKT-0001371,CUST-004659,2023-11-21,Feature Request,Low,22.6,5
TKT-0001372,CUST-004778,2023-07-30,Technical,Low,30.2,5
TKT-0001373,CUST-000114,2024-06-18,Account,Medium,73.3,4
TKT-0001374,CUST-001996,2024-03-10,Feature Request,Medium,47.2,4
TKT-0001375,CUST-001740,2024-07-09,Account,Low,27.1,5
TKT-0001376,CUST-002574,2024-03-30,Feature Request,Medium,55.9,3
TKT-0001377,CUST-002809,2024-02-12,Technical,High,66.9,5
TKT-0001378,CUST-002577,2023-03-13,Billing,Medium,48.8,3
TKT-0001379,CUST-002398,2023-05-27,Billing,High,69.3,5
TKT-0001380,CUST-001196,2024-12-12,Bug,Medium,57.0,5
TKT-0001381,CUST-004819,2024-08-04,Account,Low,32.1,4
TKT-0001382,CUST-000538,2024-04-04,Bug,Low,7.9,4
TKT-0001383,CUST-003789,2024-02-26,Account,Medium,86.2,4
TKT-0001384,CUST-001269,2024-05-17,Billing,Low,26.6,5
TKT-0001385,CUST-000670,2024-01-21,Billing,Medium,20.8,1
TKT-0001386,CUST-001660,2023-06-05,Technical,High,71.7,4
TKT-0001387,CUST-001254,2023-04-27,Technical,High,76.3,3
TKT-0001388,CUST-004914,2024-10-13,Bug,Low,19.3,4
TKT-0001389,CUST-000880,2023-07-20,Technical,Medium,54.4,4
TKT-0001390,CUST-000523,2023-12-10,Bug,Low,14.7,5
TKT-0001391,CUST-001790,2023-11-04,Feature Request,Low,16.3,4
TKT-0001392,CUST-004369,2024-10-08,Billing,Low,34.4,5
TKT-0001393,CUST-003945,2023-11-25,Account,High,45.2,5
TKT-0001394,CUST-003860,2024-02-18,Technical,Low,26.5,3
TKT-0001395,CUST-002509,2023-03-11,Billing,Medium,49.5,3
TKT-0001396,CUST-004179,2023-10-15,Feature Request,High,61.5,3
TKT-0001397,CUST-004295,2023-08-21,Billing,Medium,36.6,4
TKT-0001398,CUST-002116,2023-05-04,Bug,Medium,54.4,4
TKT-0001399,CUST-004168,2023-12-19,Bug,Medium,64.3,5
TKT-0001400,CUST-001548,2023-07-22,Account,Medium,78.7,5
TKT-0001401,CUST-003472,2024-11-12,Feature Request,Medium,59.3,4
TKT-0001402,CUST-004089,2024-06-08,Bug,Medium,58.0,4
TKT-0001403,CUST-000649,2024-10-03,Billing,High,97.5,2
TKT-0001404,CUST-002994,2023-07-15,Technical,Medium,12.3,4
TKT-0001405,CUST-000777,2024-12-01,Feature Request,Medium,45.4,2
TKT-0001406,CUST-003926,2023-11-08,Billing,Medium,47.0,3
TKT-0001407,CUST-001716,2024-07-25,Technical,Medium,52.8,5
TKT-0001408,CUST-001869,2024-10-18,Bug,Medium,34.3,3
TKT-0001409,CUST-004270,2024-08-13,Technical,Low,29.4,5
TKT-0001410,CUST-001345,2024-08-23,Feature Request,High,33.9,4
TKT-0001411,CUST-000803,2024-12-31,Technical,Medium,50.2,4
TKT-0001412,CUST-001386,2024-01-07,Bug,Low,16.4,2
TKT-0001413,CUST-000549,2023-09-08,Bug,Low,24.5,4
TKT-0001414,CUST-000411,2023-03-09,Bug,Medium,41.9,5
TKT-0001415,CUST-000320,2023-07-02,Bug,Medium,30.6,4
TKT-0001416,CUST-000162,2023-02-21,Feature Request,Critical,90.2,4
TKT-0001417,CUST-001250,2023-02-02,Billing,Critical,169.7,4
TKT-0001418,CUST-001984,2024-06-16,Technical,Medium,57.4,3
TKT-0001419,CUST-002979,2023-12-06,Account,Low,28.6,3
TKT-0001420,CUST-000017,2024-08-13,Billing,Medium,52.2,4
TKT-0001421,CUST-003577,2023-02-13,Technical,Medium,45.5,5
TKT-0001422,CUST-000599,2023-11-16,Feature Request,Low,20.3,4
TKT-0001423,CUST-000968,2023-02-18,Bug,Low,24.4,4
TKT-0001424,CUST-003408,2023-01-31,Technical,Medium,57.7,4
TKT-0001425,CUST-003999,2023-06-29,Account,Medium,62.6,5
TKT-0001426,CUST-002476,2023-10-14,Technical,Low,13.0,4
TKT-0001427,CUST-004108,2023-04-17,Bug,High,67.9,3
TKT-0001428,CUST-003294,2024-11-24,Technical,Medium,41.8,4
TKT-0001429,CUST-003608,2024-04-06,Technical,Low,24.3,4
TKT-0001430,CUST-004063,2023-02-02,Bug,Medium,49.1,3
TKT-0001431,CUST-004979,2023-08-09,Billing,High,65.6,3
TKT-0001432,CUST-001900,2024-02-19,Feature Request,Medium,59.0,3
TKT-0001433,CUST-004305,2023-09-15,Billing,Medium,54.1,4
TKT-0001434,CUST-004577,2023-07-07,Bug,High,54.5,4
TKT-0001435,CUST-000601,2023-09-07,Account,Medium,66.2,5
TKT-0001436,CUST-000568,2024-05-17,Feature Request,Medium,48.4,3
TKT-0001437,CUST-002447,2023-09-12,Account,High,104.0,4
TKT-0001438,CUST-001363,2023-08-11,Bug,Medium,37.9,4
TKT-0001439,CUST-004944,2023-03-21,Billing,Low,27.4,1
TKT-0001440,CUST-002718,2023-07-29,Feature Request,Medium,55.9,4
TKT-0001441,CUST-002377,2023-11-03,Bug,Low,19.7,3
TKT-0001442,CUST-004513,2024-10-10,Bug,Medium,37.6,4
TKT-0001443,CUST-000483,2023-06-02,Technical,Low,21.9,3
TKT-0001444,CUST-004144,2023-11-15,Billing,High,84.3,5
TKT-0001445,CUST-004552,2023-03-06,Account,Low,10.1,5
TKT-0001446,CUST-002156,2023-10-27,Account,Medium,46.5,3
TKT-0001447,CUST-002937,2024-10-03,Feature Request,Critical,205.7,5
TKT-0001448,CUST-001016,2024-03-26,Account,Medium,23.6,1
TKT-0001449,CUST-004710,2023-05-07,Bug,High,58.3,2
TKT-0001450,CUST-000814,2024-06-08,Bug,Medium,67.1,4
TKT-0001451,CUST-003001,2024-08-09,Bug,Low,16.4,3
TKT-0001452,CUST-001331,2024-05-08,Billing,High,84.6,3
TKT-0001453,CUST-004231,2024-02-07,Technical,Low,29.3,4
TKT-0001454,CUST-002735,2023-06-16,Billing,Low,18.2,5
TKT-0001455,CUST-000377,2023-03-18,Account,Low,28.8,3
TKT-0001456,CUST-001445,2024-05-06,Feature Request,High,42.5,3
TKT-0001457,CUST-003801,2024-04-25,Feature Request,Medium,60.6,5
TKT-0001458,CUST-002040,2024-09-12,Technical,Low,26.1,5
TKT-0001459,CUST-002761,2024-11-06,Feature Request,Critical,148.9,2
TKT-0001460,CUST-000924,2023-10-29,Feature Request,Medium,34.7,4
TKT-0001461,CUST-004012,2023-05-25,Technical,Low,28.6,4
TKT-0001462,CUST-000720,2024-10-19,Billing,Medium,17.6,5
TKT-0001463,CUST-004948,2024-09-16,Billing,Medium,67.7,4
TKT-0001464,CUST-003628,2023-07-01,Bug,Low,17.6,3
TKT-0001465,CUST-004732,2023-04-11,Feature Request,High,95.8,4
TKT-0001466,CUST-004241,2023-02-05,Feature Request,High,93.8,4
TKT-0001467,CUST-001378,2023-04-17,Billing,High,59.1,4
TKT-0001468,CUST-002058,2024-05-21,Billing,Low,16.3,2
TKT-0001469,CUST-004510,2023-05-20,Bug,Low,20.8,5
TKT-0001470,CUST-000992,2024-05-22,Technical,High,87.0,5
TKT-0001471,CUST-002653,2023-10-01,Technical,Medium,62.4,3
TKT-0001472,CUST-004809,2024-07-08,Technical,High,107.8,3
TKT-0001473,CUST-000116,2023-05-17,Billing,Low,32.2,3
TKT-0001474,CUST-001606,2023-03-24,Account,Medium,52.5,4
TKT-0001475,CUST-001684,2024-12-26,Account,Low,15.2,4
TKT-0001476,CUST-000279,2023-12-15,Bug,Medium,62.1,1
TKT-0001477,CUST-000315,2023-03-30,Technical,Low,21.6,5
TKT-0001478,CUST-004164,2024-05-06,Account,Medium,36.2,4
TKT-0001479,CUST-004235,2023-12-12,Bug,Low,25.5,3
TKT-0001480,CUST-002785,2023-01-21,Billing,Medium,43.0,4
TKT-0001481,CUST-001364,2024-05-17,Bug,Low,19.2,5
TKT-0001482,CUST-001218,2024-12-01,Bug,Medium,72.2,5
TKT-0001483,CUST-001512,2024-08-04,Account,High,72.3,4
TKT-0001484,CUST-003092,2024-03-07,Feature Request,Low,28.8,4
TKT-0001485,CUST-003842,2023-08-30,Bug,Medium,41.1,5
TKT-0001486,CUST-003539,2023-03-24,Bug,Medium,66.7,2
TKT-0001487,CUST-004109,2023-08-19,Bug,Low,22.2,3
TKT-0001488,CUST-004877,2023-05-28,Bug,Low,13.6,4
TKT-0001489,CUST-004608,2023-10-08,Technical,High,72.2,3
TKT-0001490,CUST-000261,2024-12-04,Bug,High,86.1,5
TKT-0001491,CUST-002722,2023-03-03,Billing,Low,21.2,5
TKT-0001492,CUST-003380,2024-11-09,Bug,High,89.9,5
TKT-0001493,CUST-003459,2023-10-09,Account,Low,31.1,5
TKT-0001494,CUST-002199,2024-08-23,Bug,Medium,49.2,5
TKT-0001495,CUST-004009,2024-02-03,Bug,Low,30.6,4
TKT-0001496,CUST-001530,2023-03-24,Feature Request,Medium,42.8,2
TKT-0001497,CUST-004657,2024-09-29,Feature Request,Low,17.6,5
TKT-0001498,CUST-000971,2024-03-05,Feature Request,High,46.2,3
TKT-0001499,CUST-004188,2024-12-16,Technical,Medium,56.9,5
TKT-0001500,CUST-001519,2024-10-21,Feature Request,Medium,28.3,2
TKT-0001501,CUST-000079,2024-10-10,Bug,Medium,55.1,4
TKT-0001502,CUST-003426,2023-11-23,Technical,High,108.8,5
TKT-0001503,CUST-000085,2023-04-05,Account,High,67.8,3
TKT-0001504,CUST-000424,2024-09-16,Bug,Medium,61.3,4
TKT-0001505,CUST-001231,2024-02-10,Feature Request,Medium,24.7,5
TKT-0001506,CUST-003306,2024-02-06,Technical,Medium,50.1,4
TKT-0001507,CUST-003235,2023-06-25,Billing,Medium,75.8,4
TKT-0001508,CUST-003436,2024-05-07,Feature Request,Low,21.6,4
TKT-0001509,CUST-003466,2023-04-05,Bug,Medium,59.8,3
TKT-0001510,CUST-000855,2023-10-10,Account,High,76.0,4
TKT-0001511,CUST-001960,2023-12-26,Billing,Low,10.9,5
TKT-0001512,CUST-000568,2024-05-10,Account,Medium,63.1,5
TKT-0001513,CUST-000993,2023-02-22,Billing,Medium,48.8,3
TKT-0001514,CUST-000333,2024-03-10,Technical,Medium,65.2,4
TKT-0001515,CUST-001921,2023-11-21,Feature Request,Low,26.5,5
TKT-0001516,CUST-002682,2024-12-07,Bug,High,76.6,4
TKT-0001517,CUST-001302,2024-06-28,Account,High,26.5,2
TKT-0001518,CUST-000630,2024-12-06,Account,Medium,73.2,4
TKT-0001519,CUST-004375,2024-03-19,Technical,Medium,49.2,4
TKT-0001520,CUST-003372,2024-06-03,Account,High,68.9,4
TKT-0001521,CUST-004035,2024-03-22,Account,High,100.2,4
TKT-0001522,CUST-003711,2023-06-16,Feature Request,Low,31.6,3
TKT-0001523,CUST-003309,2023-08-08,Account,High,35.4,4
TKT-0001524,CUST-001045,2024-03-28,Account,High,101.3,4
TKT-0001525,CUST-004477,2024-06-07,Feature Request,Low,27.3,5
TKT-0001526,CUST-002131,2024-01-16,Technical,High,89.5,3
TKT-0001527,CUST-004146,2024-12-14,Account,Low,33.2,4
TKT-0001528,CUST-003090,2024-04-04,Bug,Medium,41.0,4
TKT-0001529,CUST-003321,2024-04-18,Bug,High,70.9,2
TKT-0001530,CUST-001891,2023-04-09,Account,High,77.8,5
TKT-0001531,CUST-004710,2024-11-23,Billing,Low,35.1,4
TKT-0001532,CUST-004599,2024-04-19,Feature Request,High,51.1,4
TKT-0001533,CUST-000629,2023-05-06,Technical,Medium,47.4,3
TKT-0001534,CUST-000673,2023-07-02,Feature Request,Medium,16.9,5
TKT-0001535,CUST-003540,2023-03-09,Bug,Medium,45.7,5
TKT-0001536,CUST-001049,2024-08-12,Feature Request,High,85.2,3
TKT-0001537,CUST-002487,2024-08-27,Technical,Medium,37.9,5
TKT-0001538,CUST-001408,2024-08-07,Technical,Medium,27.0,5
TKT-0001539,CUST-000855,2023-07-19,Technical,Low,27.4,4
TKT-0001540,CUST-001596,2024-12-11,Account,Medium,51.9,3
TKT-0001541,CUST-000511,2024-11-02,Billing,High,97.8,5
TKT-0001542,CUST-004902,2024-09-11,Feature Request,High,72.2,5
TKT-0001543,CUST-000312,2023-03-30,Account,High,107.9,4
TKT-0001544,CUST-000195,2024-05-19,Bug,Low,35.8,5
TKT-0001545,CUST-004438,2024-01-24,Feature Request,Medium,47.0,4
TKT-0001546,CUST-004075,2024-05-04,Technical,Low,25.0,4
TKT-0001547,CUST-001974,2023-01-02,Feature Request,High,59.9,5
TKT-0001548,CUST-001802,2024-11-12,Account,Low,27.2,2
TKT-0001549,CUST-000306,2024-05-16,Feature Request,Medium,49.9,4
TKT-0001550,CUST-001681,2024-10-14,Bug,High,91.1,4
TKT-0001551,CUST-003155,2023-01-12,Billing,High,66.1,4
TKT-0001552,CUST-003141,2023-01-02,Bug,Medium,46.7,5
TKT-0001553,CUST-003781,2023-05-11,Account,Medium,50.8,4
TKT-0001554,CUST-001839,2023-06-25,Bug,Medium,48.0,2
TKT-0001555,CUST-000929,2024-10-24,Feature Request,Medium,41.3,4
TKT-0001556,CUST-000751,2024-03-25,Feature Request,Critical,107.9,3
TKT-0001557,CUST-000386,2024-08-14,Billing,High,77.8,5
TKT-0001558,CUST-000824,2024-03-10,Account,Low,21.0,4
TKT-0001559,CUST-002724,2023-06-14,Account,Low,23.7,4
TKT-0001560,CUST-004998,2023-10-11,Account,Critical,110.4,3
TKT-0001561,CUST-003995,2023-11-10,Technical,Medium,63.5,2
TKT-0001562,CUST-002794,2023-12-11,Bug,High,27.6,3
TKT-0001563,CUST-001382,2023-07-07,Bug,Low,25.4,4
TKT-0001564,CUST-003613,2024-03-29,Bug,Medium,31.5,5
TKT-0001565,CUST-002555,2024-06-01,Feature Request,Low,28.3,3
TKT-0001566,CUST-003152,2023-10-25,Bug,High,62.4,1
TKT-0001567,CUST-004480,2023-07-20,Feature Request,Medium,62.4,3
TKT-0001568,CUST-001273,2023-01-01,Billing,High,90.4,4
TKT-0001569,CUST-002111,2024-12-17,Bug,Medium,53.8,2
TKT-0001570,CUST-001065,2023-01-11,Bug,Low,25.5,2
TKT-0001571,CUST-003754,2023-08-13,Account,Low,29.9,4
TKT-0001572,CUST-004678,2024-09-12,Bug,Medium,52.7,4
TKT-0001573,CUST-004927,2024-07-12,Feature Request,Low,13.0,5
TKT-0001574,CUST-002923,2024-05-23,Feature Request,Medium,59.9,3
TKT-0001575,CUST-001513,2024-05-27,Bug,Critical,98.3,5
TKT-0001576,CUST-000290,2024-10-14,Billing,High,49.4,5
TKT-0001577,CUST-003955,2023-02-10,Bug,Medium,32.0,4
TKT-0001578,CUST-000665,2024-03-06,Feature Request,Medium,55.4,2
TKT-0001579,CUST-004188,2023-10-21,Technical,Medium,52.5,3
TKT-0001580,CUST-004270,2024-03-09,Feature Request,High,47.8,5
TKT-0001581,CUST-002701,2023-12-15,Billing,Low,36.4,1
TKT-0001582,CUST-000423,2024-07-31,Feature Request,Medium,33.6,4
TKT-0001583,CUST-003683,2023-11-11,Account,Medium,47.5,4
TKT-0001584,CUST-003556,2024-09-03,Billing,High,93.4,4
TKT-0001585,CUST-002357,2023-03-31,Feature Request,Low,23.8,5
TKT-0001586,CUST-000435,2024-11-05,Technical,Low,23.8,3
TKT-0001587,CUST-001366,2024-07-07,Bug,High,46.9,2
TKT-0001588,CUST-001351,2024-02-29,Bug,Medium,53.7,5
TKT-0001589,CUST-001086,2024-07-09,Technical,Medium,57.7,4
TKT-0001590,CUST-004741,2024-10-23,Technical,Medium,28.5,5
TKT-0001591,CUST-002365,2023-11-08,Billing,Low,25.2,4
TKT-0001592,CUST-000491,2024-09-07,Technical,Low,28.9,5
TKT-0001593,CUST-002086,2024-10-28,Account,Low,17.9,4
TKT-0001594,CUST-000650,2024-06-07,Technical,High,98.5,4
TKT-0001595,CUST-001535,2024-05-13,Feature Request,Medium,32.4,4
TKT-0001596,CUST-000264,2024-12-14,Account,High,93.2,3
TKT-0001597,CUST-002902,2023-10-06,Technical,Medium,53.2,2
TKT-0001598,CUST-004467,2024-09-08,Bug,High,91.5,4
TKT-0001599,CUST-003712,2024-12-28,Bug,Medium,59.7,5
TKT-0001600,CUST-003414,2023-07-18,Feature Request,High,54.4,4
TKT-0001601,CUST-004282,2024-12-16,Bug,High,74.4,2
TKT-0001602,CUST-002895,2023-07-02,Feature Request,Low,29.6,5
TKT-0001603,CUST-003559,2023-01-08,Account,Low,25.4,4
TKT-0001604,CUST-004382,2023-08-03,Bug,High,85.7,4
TKT-0001605,CUST-003090,2024-08-18,Account,Low,23.3,5
TKT-0001606,CUST-002934,2023-05-25,Feature Request,Medium,59.3,4
TKT-0001607,CUST-004236,2023-06-20,Technical,High,78.6,5
TKT-0001608,CUST-000117,2024-01-23,Technical,High,72.6,5
TKT-0001609,CUST-002926,2024-07-20,Account,High,71.5,1
TKT-0001610,CUST-000578,2024-02-17,Feature Request,Low,41.1,3
TKT-0001611,CUST-000326,2024-05-28,Account,Medium,47.0,4
TKT-0001612,CUST-004024,2024-04-27,Feature Request,Medium,41.5,5
TKT-0001613,CUST-003286,2023-01-27,Billing,Low,17.6,4
TKT-0001614,CUST-004996,2024-10-25,Billing,Medium,40.1,5
TKT-0001615,CUST-004278,2024-12-02,Account,Critical,183.2,4
TKT-0001616,CUST-001061,2023-07-31,Billing,Medium,32.7,5
TKT-0001617,CUST-002334,2024-04-26,Account,High,70.2,4
TKT-0001618,CUST-004329,2024-01-11,Billing,Low,10.2,5
TKT-0001619,CUST-001534,2024-01-17,Technical,Medium,64.6,3
TKT-0001620,CUST-004308,2024-05-17,Technical,Medium,65.0,4
TKT-0001621,CUST-000740,2024-06-28,Feature Request,Low,34.5,5
TKT-0001622,CUST-000246,2024-01-12,Billing,Low,24.9,5
TKT-0001623,CUST-000240,2023-10-21,Bug,High,88.5,5
TKT-0001624,CUST-004124,2023-12-02,Feature Request,Medium,38.1,4
TKT-0001625,CUST-003601,2024-05-10,Account,High,84.8,4
TKT-0001626,CUST-000274,2024-12-23,Account,Low,28.1,3
TKT-0001627,CUST-003934,2024-12-11,Account,Medium,41.9,4
TKT-0001628,CUST-002115,2024-01-31,Billing,Medium,49.2,5
TKT-0001629,CUST-001888,2023-11-29,Feature Request,Low,15.4,5
TKT-0001630,CUST-001295,2023-08-08,Bug,Medium,63.6,5
TKT-0001631,CUST-004729,2023-01-05,Technical,Critical,78.0,3
TKT-0001632,CUST-004421,2024-08-16,Technical,Low,17.4,4
TKT-0001633,CUST-004576,2023-05-27,Bug,Critical,73.7,3
TKT-0001634,CUST-002353,2023-09-24,Feature Request,Medium,65.8,4
TKT-0001635,CUST-004081,2024-03-04,Bug,Medium,34.9,3
TKT-0001636,CUST-004312,2023-10-22,Account,Low,33.2,3
TKT-0001637,CUST-003582,2023-07-30,Account,Medium,46.7,5
TKT-0001638,CUST-001493,2023-01-19,Bug,Low,25.2,2
TKT-0001639,CUST-004169,2024-06-01,Feature Request,Low,19.8,3
TKT-0001640,CUST-004634,2023-04-25,Feature Request,High,35.0,5
TKT-0001641,CUST-002903,2023-08-16,Account,Medium,1.0,1
TKT-0001642,CUST-004189,2023-05-13,Bug,High,47.3,4
TKT-0001643,CUST-000812,2023-06-03,Technical,Medium,35.8,3
TKT-0001644,CUST-000635,2023-06-27,Bug,Low,32.7,4
TKT-0001645,CUST-004556,2023-12-21,Bug,High,64.4,3
TKT-0001646,CUST-004949,2024-04-16,Bug,Medium,18.8,5
TKT-0001647,CUST-000134,2024-01-15,Technical,Medium,26.1,4
TKT-0001648,CUST-000019,2023-01-20,Technical,Medium,48.4,3
TKT-0001649,CUST-001200,2023-09-22,Account,Critical,91.8,1
TKT-0001650,CUST-001765,2023-03-19,Technical,High,75.9,5
TKT-0001651,CUST-004613,2023-05-22,Bug,Low,8.1,4
TKT-0001652,CUST-003700,2023-06-17,Technical,Medium,43.7,5
TKT-0001653,CUST-000456,2024-03-07,Account,High,60.8,5
TKT-0001654,CUST-003597,2024-02-07,Bug,Medium,57.6,3
TKT-0001655,CUST-003514,2023-11-10,Account,Low,23.0,4
TKT-0001656,CUST-003328,2023-09-02,Account,High,106.3,4
TKT-0001657,CUST-003370,2024-12-09,Feature Request,Medium,46.4,4
TKT-0001658,CUST-001890,2024-01-18,Billing,High,92.0,3
TKT-0001659,CUST-001871,2023-01-04,Bug,Medium,61.4,5
TKT-0001660,CUST-004869,2024-08-08,Bug,Low,30.3,4
TKT-0001661,CUST-002553,2023-10-15,Feature Request,Low,20.1,5
TKT-0001662,CUST-003496,2023-11-19,Feature Request,High,50.3,3
TKT-0001663,CUST-002746,2024-01-14,Technical,High,95.5,4
TKT-0001664,CUST-001915,2024-10-24,Billing,Medium,47.8,5
TKT-0001665,CUST-003124,2024-10-21,Technical,High,82.3,4
TKT-0001666,CUST-002239,2024-03-30,Account,High,35.6,4
TKT-0001667,CUST-000422,2023-08-26,Account,High,46.9,5
TKT-0001668,CUST-003517,2023-04-11,Feature Request,Medium,34.6,4
TKT-0001669,CUST-001548,2023-10-21,Bug,Low,21.8,5
TKT-0001670,CUST-000381,2024-08-06,Billing,Medium,73.4,4
TKT-0001671,CUST-002354,2023-06-04,Account,Medium,83.0,3
TKT-0001672,CUST-004097,2024-11-06,Feature Request,Medium,22.4,4
TKT-0001673,CUST-003392,2024-03-10,Technical,Critical,123.9,4
TKT-0001674,CUST-003541,2024-03-08,Account,Low,35.9,5
TKT-0001675,CUST-002052,2023-07-01,Bug,Medium,57.6,3
TKT-0001676,CUST-002177,2023-05-29,Feature Request,Medium,35.6,2
TKT-0001677,CUST-002584,2024-11-04,Bug,High,75.0,5
TKT-0001678,CUST-000500,2023-09-17,Feature Request,Medium,55.5,2
TKT-0001679,CUST-004114,2024-05-18,Billing,High,71.9,3
TKT-0001680,CUST-002434,2024-03-24,Technical,Low,28.7,5
TKT-0001681,CUST-002481,2024-03-14,Feature Request,Medium,43.4,4
TKT-0001682,CUST-004952,2023-01-03,Account,High,69.3,3
TKT-0001683,CUST-002502,2023-07-26,Feature Request,High,64.4,2
TKT-0001684,CUST-002217,2024-07-22,Account,Medium,53.7,5
TKT-0001685,CUST-000568,2023-06-05,Bug,High,101.3,3
TKT-0001686,CUST-002478,2024-11-27,Bug,High,56.1,5
TKT-0001687,CUST-000151,2024-05-29,Technical,Low,36.8,1
TKT-0001688,CUST-003818,2023-03-02,Feature Request,Medium,75.4,4
TKT-0001689,CUST-004906,2024-05-07,Feature Request,High,69.4,4
TKT-0001690,CUST-003540,2023-03-13,Bug,Medium,44.9,1
TKT-0001691,CUST-003006,2023-03-04,Account,Critical,102.6,5
TKT-0001692,CUST-001672,2023-02-20,Billing,Low,16.6,5
TKT-0001693,CUST-004696,2023-05-28,Bug,Medium,42.5,5
TKT-0001694,CUST-002458,2023-09-19,Technical,Low,18.0,4
TKT-0001695,CUST-000230,2023-11-20,Account,High,58.8,2
TKT-0001696,CUST-004591,2024-06-22,Feature Request,High,84.6,2
TKT-0001697,CUST-004793,2024-06-24,Bug,Critical,99.6,4
TKT-0001698,CUST-004265,2024-11-24,Feature Request,High,65.1,5
TKT-0001699,CUST-001207,2024-03-14,Feature Request,Low,12.0,4
TKT-0001700,CUST-001484,2023-10-07,Bug,High,60.1,5
TKT-0001701,CUST-001074,2023-04-26,Technical,Medium,58.4,4
TKT-0001702,CUST-004104,2024-10-06,Feature Request,Critical,123.3,4
TKT-0001703,CUST-000009,2024-04-15,Billing,High,83.6,5
TKT-0001704,CUST-002323,2024-11-01,Account,Medium,64.8,4
TKT-0001705,CUST-003126,2024-08-24,Technical,High,133.1,5
TKT-0001706,CUST-004211,2023-09-03,Bug,Medium,61.1,5
TKT-0001707,CUST-001598,2024-09-04,Bug,Medium,56.7,3
TKT-0001708,CUST-003712,2024-09-09,Account,Low,11.3,4
TKT-0001709,CUST-001122,2024-02-03,Feature Request,Medium,5.2,4
TKT-0001710,CUST-004289,2024-09-19,Account,Low,19.5,4
TKT-0001711,CUST-003452,2024-05-04,Bug,Medium,50.4,3
TKT-0001712,CUST-001149,2024-09-09,Billing,Medium,39.2,4
TKT-0001713,CUST-001519,2023-09-08,Account,High,69.3,4
TKT-0001714,CUST-000340,2024-11-04,Account,Medium,30.5,4
TKT-0001715,CUST-000690,2024-10-17,Account,High,84.2,5
TKT-0001716,CUST-002429,2023-08-18,Account,Medium,43.7,4
TKT-0001717,CUST-001180,2024-09-19,Technical,Medium,30.5,4
TKT-0001718,CUST-002588,2023-07-27,Technical,Low,30.6,3
TKT-0001719,CUST-004309,2023-09-09,Bug,High,74.4,5
TKT-0001720,CUST-004326,2024-06-01,Feature Request,Low,29.6,3
TKT-0001721,CUST-001880,2023-07-20,Technical,Low,14.9,2
TKT-0001722,CUST-003866,2023-07-20,Billing,High,65.4,4
TKT-0001723,CUST-001724,2024-06-23,Feature Request,Medium,44.2,5
TKT-0001724,CUST-003694,2024-04-01,Technical,High,69.9,3
TKT-0001725,CUST-000944,2024-03-15,Feature Request,High,42.2,5
TKT-0001726,CUST-000676,2024-07-21,Bug,Medium,43.9,5
TKT-0001727,CUST-003274,2024-06-08,Billing,Low,29.6,3
TKT-0001728,CUST-003932,2023-08-04,Feature Request,Low,21.0,5
TKT-0001729,CUST-000842,2024-07-18,Bug,Low,31.6,1
TKT-0001730,CUST-002574,2024-02-13,Feature Request,Low,20.0,1
TKT-0001731,CUST-000884,2024-06-18,Bug,Medium,44.9,3
TKT-0001732,CUST-002212,2024-08-17,Billing,High,94.4,3
TKT-0001733,CUST-002876,2024-06-26,Feature Request,Medium,46.9,5
TKT-0001734,CUST-002218,2023-06-03,Bug,High,80.7,4
TKT-0001735,CUST-003063,2023-12-20,Technical,High,85.4,3
TKT-0001736,CUST-004360,2024-06-09,Technical,Low,27.6,3
TKT-0001737,CUST-003302,2023-05-06,Technical,Medium,54.2,4
TKT-0001738,CUST-001148,2024-04-03,Bug,Medium,56.4,4
TKT-0001739,CUST-000626,2023-08-04,Bug,Medium,63.0,4
TKT-0001740,CUST-002473,2024-07-24,Feature Request,Medium,39.5,4
TKT-0001741,CUST-002605,2024-03-20,Account,Medium,28.6,4
TKT-0001742,CUST-003291,2024-07-05,Technical,High,78.3,3
TKT-0001743,CUST-003211,2023-04-15,Feature Request,Medium,39.2,3
TKT-0001744,CUST-004944,2024-01-23,Feature Request,Medium,38.5,3
TKT-0001745,CUST-002288,2023-12-23,Bug,High,60.9,3
TKT-0001746,CUST-002485,2023-07-04,Technical,Medium,35.6,4
TKT-0001747,CUST-003100,2023-05-26,Feature Request,Medium,51.8,5
TKT-0001748,CUST-000523,2023-09-13,Technical,Low,25.0,4
TKT-0001749,CUST-004436,2023-12-07,Feature Request,High,82.6,5
TKT-0001750,CUST-003847,2023-02-08,Bug,High,39.7,4
TKT-0001751,CUST-004362,2024-05-17,Bug,Low,24.8,5
TKT-0001752,CUST-002941,2024-10-12,Billing,High,54.0,3
TKT-0001753,CUST-001511,2024-09-09,Account,High,83.6,4
TKT-0001754,CUST-000176,2024-12-28,Bug,High,97.0,3
TKT-0001755,CUST-004842,2024-10-08,Bug,Medium,74.8,4
TKT-0001756,CUST-004739,2024-09-22,Feature Request,High,84.6,2
TKT-0001757,CUST-000645,2023-08-30,Bug,High,97.2,4
TKT-0001758,CUST-004260,2024-05-06,Billing,Low,12.5,4
TKT-0001759,CUST-004876,2024-07-10,Technical,Low,23.1,5
TKT-0001760,CUST-001193,2024-05-17,Bug,Low,22.3,3
TKT-0001761,CUST-002274,2023-08-27,Feature Request,Medium,54.6,5
TKT-0001762,CUST-002925,2024-10-08,Account,Low,20.0,2
TKT-0001763,CUST-000807,2024-01-04,Billing,Low,26.5,4
TKT-0001764,CUST-001133,2023-05-17,Bug,Medium,38.7,3
TKT-0001765,CUST-001496,2023-04-27,Feature Request,Low,16.8,5
TKT-0001766,CUST-001003,2024-08-16,Account,Low,9.4,4
TKT-0001767,CUST-003575,2024-09-10,Bug,Low,30.9,3
TKT-0001768,CUST-000901,2024-06-19,Bug,Low,27.9,3
TKT-0001769,CUST-004417,2023-01-26,Technical,Medium,33.5,4
TKT-0001770,CUST-000648,2024-01-21,Bug,High,64.4,4
TKT-0001771,CUST-002851,2024-06-12,Feature Request,Medium,56.2,5
TKT-0001772,CUST-004190,2023-09-19,Billing,High,75.1,4
TKT-0001773,CUST-002002,2024-09-03,Bug,Low,23.3,5
TKT-0001774,CUST-003629,2024-02-18,Technical,Medium,28.0,3
TKT-0001775,CUST-001581,2023-02-01,Technical,Low,37.2,4
TKT-0001776,CUST-004527,2024-11-13,Feature Request,Low,30.7,4
TKT-0001777,CUST-001307,2023-07-21,Technical,Low,25.8,5
TKT-0001778,CUST-001886,2023-08-02,Bug,High,67.9,3
TKT-0001779,CUST-000438,2023-10-24,Bug,Medium,59.0,4
TKT-0001780,CUST-003621,2023-06-30,Bug,Low,33.5,3
TKT-0001781,CUST-000803,2024-08-31,Feature Request,Low,22.4,3
TKT-0001782,CUST-004243,2024-09-23,Account,Low,15.5,5
TKT-0001783,CUST-000437,2023-12-26,Technical,High,83.0,3
TKT-0001784,CUST-002410,2023-02-28,Bug,Medium,63.2,3
TKT-0001785,CUST-003369,2024-07-08,Technical,Low,19.2,5
TKT-0001786,CUST-001783,2024-02-09,Account,Medium,69.2,3
TKT-0001787,CUST-001982,2024-04-19,Feature Request,Medium,17.9,5
TKT-0001788,CUST-004198,2023-06-07,Billing,Low,12.5,3
TKT-0001789,CUST-003204,2023-06-07,Feature Request,High,55.5,4
TKT-0001790,CUST-003523,2024-02-23,Bug,Medium,68.1,3
TKT-0001791,CUST-001738,2024-11-09,Bug,Low,27.1,2
TKT-0001792,CUST-004471,2024-10-08,Account,Medium,51.5,4
TKT-0001793,CUST-003147,2024-03-20,Bug,Medium,54.1,4
TKT-0001794,CUST-002093,2023-07-09,Technical,Medium,45.8,5
TKT-0001795,CUST-004508,2024-07-01,Billing,Medium,81.1,4
TKT-0001796,CUST-000488,2023-04-01,Account,High,64.8,3
TKT-0001797,CUST-000946,2023-02-27,Account,Medium,39.0,4
TKT-0001798,CUST-000167,2024-04-05,Account,High,85.2,5
TKT-0001799,CUST-002927,2024-02-18,Technical,High,43.0,5
TKT-0001800,CUST-002585,2024-03-26,Feature Request,High,47.7,4
TKT-0001801,CUST-003921,2024-04-12,Account,Medium,39.0,5
TKT-0001802,CUST-001534,2024-03-30,Bug,High,35.6,4
TKT-0001803,CUST-002647,2024-07-05,Account,Low,17.0,2
TKT-0001804,CUST-003217,2024-02-28,Feature Request,High,65.3,4
TKT-0001805,CUST-002645,2024-03-29,Technical,Medium,52.8,5
TKT-0001806,CUST-004559,2024-11-17,Feature Request,High,72.6,1
TKT-0001807,CUST-003187,2024-12-30,Technical,Medium,42.4,5
TKT-0001808,CUST-000761,2023-08-23,Billing,High,61.6,5
TKT-0001809,CUST-002834,2024-12-19,Technical,Critical,132.1,4
TKT-0001810,CUST-001334,2024-09-08,Technical,High,48.7,3
TKT-0001811,CUST-003735,2024-05-08,Technical,Medium,56.4,5
TKT-0001812,CUST-003857,2023-03-19,Feature Request,Medium,52.2,4
TKT-0001813,CUST-002125,2024-06-29,Technical,Low,20.9,5
TKT-0001814,CUST-002432,2023-03-11,Technical,High,80.3,4
TKT-0001815,CUST-000571,2024-09-15,Bug,Medium,47.2,5
TKT-0001816,CUST-001039,2023-02-16,Feature Request,Low,20.4,3
TKT-0001817,CUST-003883,2024-01-03,Bug,Medium,47.4,4
TKT-0001818,CUST-000181,2024-10-29,Bug,Medium,54.4,5
TKT-0001819,CUST-004940,2024-08-13,Technical,Low,38.7,2
TKT-0001820,CUST-003737,2024-03-24,Feature Request,Low,22.6,2
TKT-0001821,CUST-002414,2023-09-29,Billing,Medium,40.2,5
TKT-0001822,CUST-003511,2024-03-16,Billing,High,95.9,3
TKT-0001823,CUST-001719,2024-05-28,Technical,Medium,32.6,3
TKT-0001824,CUST-004984,2024-08-10,Bug,High,64.0,5
TKT-0001825,CUST-002381,2024-08-05,Feature Request,Medium,67.1,5
TKT-0001826,CUST-003761,2023-08-22,Bug,Low,22.5,5
TKT-0001827,CUST-001134,2023-08-11,Account,Low,23.0,4
TKT-0001828,CUST-000354,2023-02-03,Technical,High,70.3,3
TKT-0001829,CUST-004404,2024-01-06,Feature Request,Medium,57.6,3
TKT-0001830,CUST-000162,2023-08-09,Account,High,78.9,4
TKT-0001831,CUST-003712,2024-12-09,Bug,Medium,48.5,4
TKT-0001832,CUST-002453,2024-05-12,Billing,Medium,37.3,2
TKT-0001833,CUST-002505,2023-10-15,Feature Request,Medium,65.6,1
TKT-0001834,CUST-000787,2023-02-13,Account,Medium,62.6,5
TKT-0001835,CUST-001162,2024-11-15,Account,Low,15.4,4
TKT-0001836,CUST-001230,2024-03-10,Feature Request,Medium,33.3,4
TKT-0001837,CUST-002612,2023-06-11,Feature Request,Medium,50.0,5
TKT-0001838,CUST-002030,2023-09-20,Account,Medium,38.2,4
TKT-0001839,CUST-001472,2023-05-24,Billing,High,84.7,2
TKT-0001840,CUST-002312,2024-02-02,Billing,Low,23.2,4
TKT-0001841,CUST-000144,2023-05-01,Account,Medium,43.2,5
TKT-0001842,CUST-001984,2023-02-26,Account,Medium,40.2,3
TKT-0001843,CUST-003789,2024-12-27,Bug,Low,25.9,5
TKT-0001844,CUST-002587,2023-08-30,Bug,Low,24.4,4
TKT-0001845,CUST-002785,2023-09-05,Feature Request,High,51.0,2
TKT-0001846,CUST-003588,2023-06-05,Feature Request,Low,14.8,3
TKT-0001847,CUST-000587,2023-10-14,Feature Request,Medium,62.2,2
TKT-0001848,CUST-004502,2024-07-23,Bug,Medium,64.9,4
TKT-0001849,CUST-000590,2024-12-10,Bug,Medium,55.3,4
TKT-0001850,CUST-002434,2024-04-28,Billing,High,87.0,4
TKT-0001851,CUST-002059,2024-05-25,Bug,Low,31.5,5
TKT-0001852,CUST-002872,2023-07-12,Billing,Medium,56.4,5
TKT-0001853,CUST-000237,2024-02-03,Bug,Low,24.1,5
TKT-0001854,CUST-003525,2023-12-25,Technical,Low,24.5,4
TKT-0001855,CUST-003379,2023-04-22,Feature Request,High,46.1,5
TKT-0001856,CUST-000992,2024-06-24,Account,Low,24.5,4
TKT-0001857,CUST-000952,2024-07-03,Bug,High,95.5,2
TKT-0001858,CUST-002944,2023-10-08,Technical,High,25.5,4
TKT-0001859,CUST-003655,2024-09-12,Billing,Medium,59.9,5
TKT-0001860,CUST-003750,2023-04-24,Account,Low,17.2,3
TKT-0001861,CUST-001048,2024-09-20,Technical,Low,19.1,4
TKT-0001862,CUST-002808,2024-07-03,Feature Request,Medium,47.6,3
TKT-0001863,CUST-001240,2024-02-23,Feature Request,High,100.5,5
TKT-0001864,CUST-004056,2024-02-07,Account,High,74.0,5
TKT-0001865,CUST-003677,2023-03-25,Bug,Medium,39.6,4
TKT-0001866,CUST-000920,2023-08-05,Account,Medium,71.6,4
TKT-0001867,CUST-002599,2023-05-25,Technical,Medium,46.4,3
TKT-0001868,CUST-003940,2024-08-17,Account,High,51.1,4
TKT-0001869,CUST-000102,2023-11-05,Feature Request,Medium,47.4,4
TKT-0001870,CUST-002287,2023-01-22,Account,Medium,57.7,4
TKT-0001871,CUST-003866,2024-02-14,Technical,Low,23.1,5
TKT-0001872,CUST-003983,2023-09-01,Feature Request,Critical,63.3,5
TKT-0001873,CUST-003524,2024-01-09,Technical,Low,10.7,4
TKT-0001874,CUST-003141,2024-04-28,Account,Low,21.4,4
TKT-0001875,CUST-000249,2023-07-06,Feature Request,Low,45.7,5
TKT-0001876,CUST-003908,2023-09-28,Technical,Medium,52.2,4
TKT-0001877,CUST-003715,2024-04-23,Bug,Medium,68.4,4
TKT-0001878,CUST-003583,2024-02-17,Feature Request,High,53.0,4
TKT-0001879,CUST-000913,2023-07-28,Account,Medium,43.3,4
TKT-0001880,CUST-003031,2024-09-05,Bug,Low,16.1,4
TKT-0001881,CUST-004681,2024-07-17,Technical,Low,27.4,3
TKT-0001882,CUST-001641,2023-12-23,Feature Request,Critical,159.6,2
TKT-0001883,CUST-001206,2024-05-02,Bug,Medium,16.6,4
TKT-0001884,CUST-003972,2023-05-31,Feature Request,Medium,24.9,5
TKT-0001885,CUST-000541,2024-02-11,Bug,Low,13.0,3
TKT-0001886,CUST-004018,2024-11-07,Bug,Low,28.2,4
TKT-0001887,CUST-001917,2024-12-17,Bug,Low,20.2,4
TKT-0001888,CUST-003647,2024-06-19,Bug,High,92.2,4
TKT-0001889,CUST-001676,2023-11-27,Account,Medium,40.5,5
TKT-0001890,CUST-003806,2023-02-05,Bug,Medium,49.4,5
TKT-0001891,CUST-003282,2023-01-12,Account,Medium,69.6,5
TKT-0001892,CUST-002535,2024-04-21,Bug,High,50.5,4
TKT-0001893,CUST-003358,2023-05-24,Billing,High,76.7,2
TKT-0001894,CUST-004011,2024-07-20,Feature Request,Medium,43.4,4
TKT-0001895,CUST-002965,2024-11-24,Billing,Medium,53.8,3
TKT-0001896,CUST-001136,2024-12-24,Account,Low,22.2,4
TKT-0001897,CUST-003526,2023-11-03,Bug,Low,33.8,5
TKT-0001898,CUST-004473,2023-08-21,Bug,High,60.2,5
TKT-0001899,CUST-001325,2024-06-04,Technical,Medium,26.4,4
TKT-0001900,CUST-004381,2024-10-25,Bug,Low,36.9,5
TKT-0001901,CUST-002183,2024-12-30,Billing,Medium,41.1,3
TKT-0001902,CUST-000285,2024-12-12,Billing,High,70.3,4
TKT-0001903,CUST-004975,2023-12-30,Bug,Low,30.2,4
TKT-0001904,CUST-001339,2024-06-21,Feature Request,High,82.9,1
TKT-0001905,CUST-002825,2023-01-09,Feature Request,Low,28.2,4
TKT-0001906,CUST-001842,2023-01-28,Technical,High,60.7,5
TKT-0001907,CUST-002069,2024-08-15,Bug,High,83.2,4
TKT-0001908,CUST-000789,2024-09-28,Account,Low,26.4,4
TKT-0001909,CUST-004475,2024-08-25,Billing,Low,22.5,5
TKT-0001910,CUST-004241,2024-06-07,Technical,Medium,53.1,3
TKT-0001911,CUST-004441,2024-03-15,Bug,Medium,35.8,5
TKT-0001912,CUST-002038,2024-03-20,Feature Request,Low,32.8,5
TKT-0001913,CUST-002521,2024-12-04,Billing,High,113.8,3
TKT-0001914,CUST-000693,2024-12-17,Bug,Medium,28.9,5
TKT-0001915,CUST-000944,2024-08-05,Bug,Low,23.7,5
TKT-0001916,CUST-000862,2023-06-14,Billing,High,55.4,3
TKT-0001917,CUST-003079,2024-12-15,Billing,High,35.4,4
TKT-0001918,CUST-000766,2023-10-02,Bug,High,68.7,3
TKT-0001919,CUST-003241,2024-10-22,Billing,Medium,42.7,4
TKT-0001920,CUST-000249,2023-11-17,Bug,Low,29.5,4
TKT-0001921,CUST-002185,2024-12-07,Bug,High,97.1,4
TKT-0001922,CUST-000561,2023-01-17,Account,Low,22.4,5
TKT-0001923,CUST-000097,2023-12-01,Bug,Medium,69.3,4
TKT-0001924,CUST-000229,2023-03-08,Bug,Medium,44.7,4
TKT-0001925,CUST-004613,2023-10-01,Billing,Medium,51.5,4
TKT-0001926,CUST-000165,2024-09-23,Feature Request,High,87.1,3
TKT-0001927,CUST-002782,2023-01-30,Billing,High,92.6,4
TKT-0001928,CUST-000335,2023-11-14,Bug,Medium,60.1,5
TKT-0001929,CUST-003680,2024-05-30,Billing,Medium,40.5,4
TKT-0001930,CUST-003745,2024-04-23,Billing,Medium,63.2,5
TKT-0001931,CUST-000271,2023-08-17,Technical,Low,31.8,4
TKT-0001932,CUST-004404,2023-12-20,Account,High,79.0,4
TKT-0001933,CUST-000034,2024-09-13,Technical,Low,25.3,2
TKT-0001934,CUST-002756,2024-05-14,Technical,High,75.8,3
TKT-0001935,CUST-002833,2024-01-19,Technical,Low,33.2,3
TKT-0001936,CUST-002100,2023-10-07,Technical,High,59.6,2
TKT-0001937,CUST-002544,2023-08-20,Technical,Medium,36.7,5
TKT-0001938,CUST-004731,2023-10-21,Account,Medium,36.9,5
TKT-0001939,CUST-004716,2023-11-26,Bug,Medium,49.6,5
TKT-0001940,CUST-002876,2023-08-29,Technical,Medium,40.0,4
TKT-0001941,CUST-004665,2024-01-26,Billing,Medium,45.2,4
TKT-0001942,CUST-004993,2023-10-28,Billing,Critical,123.2,2
TKT-0001943,CUST-002260,2024-09-25,Billing,Low,35.4,2
TKT-0001944,CUST-000565,2024-08-01,Bug,High,39.6,3
TKT-0001945,CUST-003067,2024-02-06,Bug,Low,16.7,5
TKT-0001946,CUST-004406,2023-04-13,Billing,Medium,60.7,3
TKT-0001947,CUST-000792,2023-03-04,Account,Medium,75.0,1
TKT-0001948,CUST-000330,2024-05-14,Bug,Critical,145.0,5
TKT-0001949,CUST-003963,2024-05-26,Account,Low,17.2,5
TKT-0001950,CUST-000379,2024-08-10,Bug,Low,28.5,4
TKT-0001951,CUST-003790,2024-09-11,Feature Request,Low,28.3,3
TKT-0001952,CUST-002291,2024-10-13,Bug,High,90.7,4
TKT-0001953,CUST-000521,2024-03-31,Account,Medium,54.9,3
TKT-0001954,CUST-002271,2024-04-12,Technical,Low,29.5,4
TKT-0001955,CUST-002904,2023-05-26,Billing,High,91.3,5
TKT-0001956,CUST-001125,2023-06-03,Technical,Low,27.5,3
TKT-0001957,CUST-001034,2023-06-14,Account,Medium,61.3,3
TKT-0001958,CUST-004631,2023-05-25,Account,Medium,45.3,4
TKT-0001959,CUST-003390,2024-12-15,Feature Request,Medium,41.7,5
TKT-0001960,CUST-002586,2024-03-15,Feature Request,Medium,25.9,3
TKT-0001961,CUST-002162,2023-11-11,Bug,High,88.0,5
TKT-0001962,CUST-004327,2024-01-23,Billing,Low,5.9,2
TKT-0001963,CUST-004917,2024-11-22,Technical,High,84.4,2
TKT-0001964,CUST-003525,2023-03-28,Billing,Low,15.3,4
TKT-0001965,CUST-003255,2023-11-28,Billing,Medium,31.0,3
TKT-0001966,CUST-001320,2023-09-05,Feature Request,High,57.3,2
TKT-0001967,CUST-003766,2023-08-31,Bug,Low,30.0,5
TKT-0001968,CUST-001639,2023-02-04,Technical,Medium,55.7,3
TKT-0001969,CUST-004652,2023-01-11,Feature Request,High,76.3,3
TKT-0001970,CUST-001607,2023-06-01,Bug,High,74.0,4
TKT-0001971,CUST-000655,2024-05-23,Feature Request,Low,22.4,1
TKT-0001972,CUST-003404,2023-01-12,Account,Low,13.6,2
TKT-0001973,CUST-004803,2023-05-20,Technical,Medium,50.2,4
TKT-0001974,CUST-000530,2024-04-16,Bug,High,70.8,3
TKT-0001975,CUST-003357,2024-01-08,Billing,High,56.3,4
TKT-0001976,CUST-001786,2023-03-03,Feature Request,Medium,68.9,4
TKT-0001977,CUST-001078,2024-05-02,Feature Request,High,86.8,4
TKT-0001978,CUST-000205,2024-03-05,Bug,Low,19.0,5
TKT-0001979,CUST-003315,2024-09-18,Billing,Low,32.5,5
TKT-0001980,CUST-004742,2024-04-26,Feature Request,Low,34.1,4
TKT-0001981,CUST-002329,2024-12-10,Bug,Medium,43.2,5
TKT-0001982,CUST-003662,2024-03-23,Bug,Medium,55.6,3
TKT-0001983,CUST-001244,2024-12-11,Feature Request,Low,25.4,1
TKT-0001984,CUST-004852,2024-07-30,Feature Request,Medium,24.2,5
TKT-0001985,CUST-002831,2023-09-07,Account,Medium,45.0,4
TKT-0001986,CUST-002624,2024-07-04,Feature Request,Critical,149.1,4
TKT-0001987,CUST-003064,2024-12-09,Technical,High,75.0,2
TKT-0001988,CUST-002965,2023-02-09,Billing,Medium,61.2,4
TKT-0001989,CUST-002164,2023-11-23,Billing,Medium,51.9,3
TKT-0001990,CUST-003665,2023-04-21,Technical,Medium,43.3,5
TKT-0001991,CUST-001461,2023-09-16,Bug,Medium,68.7,4
TKT-0001992,CUST-001892,2024-01-02,Feature Request,Medium,42.2,5
TKT-0001993,CUST-001896,2023-09-04,Bug,High,69.8,5
TKT-0001994,CUST-001565,2024-07-21,Billing,Medium,68.0,5
TKT-0001995,CUST-003042,2024-01-22,Technical,Medium,82.8,5
TKT-0001996,CUST-002486,2024-10-26,Technical,Medium,60.3,5
TKT-0001997,CUST-001503,2024-08-31,Bug,Medium,46.4,4
TKT-0001998,CUST-000074,2024-11-24,Feature Request,High,63.2,4
TKT-0001999,CUST-002101,2023-01-11,Feature Request,Medium,32.8,5
TKT-0002000,CUST-004004,2023-04-30,Account,Medium,67.5,3
TKT-0002001,CUST-003590,2024-03-21,Technical,Low,31.8,4
TKT-0002002,CUST-003932,2024-06-12,Feature Request,Medium,40.7,5
TKT-0002003,CUST-000185,2023-03-14,Billing,Medium,42.0,4
TKT-0002004,CUST-000818,2023-06-08,Bug,Low,17.1,4
TKT-0002005,CUST-004932,2023-02-08,Bug,Medium,35.6,4
TKT-0002006,CUST-003554,2024-05-24,Account,High,64.5,1
TKT-0002007,CUST-003797,2023-12-17,Technical,Low,24.5,3
TKT-0002008,CUST-002788,2023-01-07,Feature Request,Medium,71.8,5
TKT-0002009,CUST-001797,2023-02-25,Billing,Medium,39.3,5
TKT-0002010,CUST-002553,2023-01-26,Billing,Medium,71.0,4
TKT-0002011,CUST-002277,2024-02-17,Technical,Low,26.1,3
TKT-0002012,CUST-002016,2024-09-18,Bug,Low,10.7,4
TKT-0002013,CUST-003334,2024-09-24,Account,Low,31.4,4
TKT-0002014,CUST-003101,2024-12-01,Feature Request,Low,13.8,3
TKT-0002015,CUST-001896,2023-03-24,Account,Medium,77.4,4
TKT-0002016,CUST-004419,2023-12-23,Bug,Low,28.5,1
TKT-0002017,CUST-003498,2024-01-10,Account,Medium,69.1,4
TKT-0002018,CUST-000999,2024-06-26,Technical,High,54.4,1
TKT-0002019,CUST-003573,2023-12-21,Technical,Low,20.8,4
TKT-0002020,CUST-004686,2024-08-05,Technical,Low,24.6,4
TKT-0002021,CUST-001867,2023-08-13,Bug,Low,23.2,4
TKT-0002022,CUST-004790,2024-08-22,Account,Medium,43.9,4
TKT-0002023,CUST-004724,2024-11-08,Bug,High,30.4,2
TKT-0002024,CUST-001274,2023-06-10,Billing,High,86.9,5
TKT-0002025,CUST-004227,2023-05-28,Billing,High,79.5,3
TKT-0002026,CUST-004582,2023-09-22,Bug,Medium,70.5,4
TKT-0002027,CUST-003225,2023-09-20,Bug,Medium,35.5,3
TKT-0002028,CUST-004963,2023-11-23,Technical,Medium,45.0,4
TKT-0002029,CUST-001297,2023-12-31,Billing,Low,26.4,4
TKT-0002030,CUST-004073,2024-03-22,Billing,Low,22.9,4
TKT-0002031,CUST-004771,2023-12-13,Feature Request,Critical,99.6,2
TKT-0002032,CUST-001561,2023-07-07,Account,Low,22.3,5
TKT-0002033,CUST-001564,2023-08-06,Feature Request,Medium,60.2,4
TKT-0002034,CUST-004916,2023-07-05,Account,High,86.0,4
TKT-0002035,CUST-003524,2023-05-11,Bug,High,94.6,4
TKT-0002036,CUST-002756,2023-04-09,Bug,Medium,36.6,4
TKT-0002037,CUST-004876,2023-11-07,Technical,Medium,52.6,3
TKT-0002038,CUST-004763,2024-07-02,Feature Request,Medium,36.2,4
TKT-0002039,CUST-004880,2024-09-21,Account,Medium,63.4,4
TKT-0002040,CUST-001101,2023-11-13,Bug,Critical,184.0,4
TKT-0002041,CUST-002978,2023-10-14,Billing,Low,24.3,3
TKT-0002042,CUST-002381,2023-03-27,Feature Request,High,46.1,2
TKT-0002043,CUST-003704,2023-07-14,Bug,High,55.8,4
TKT-0002044,CUST-003475,2024-09-28,Account,Medium,28.5,4
TKT-0002045,CUST-002570,2024-08-08,Feature Request,High,63.7,5
TKT-0002046,CUST-003000,2024-08-11,Account,Low,27.9,3
TKT-0002047,CUST-002568,2024-01-18,Feature Request,Low,21.2,4
TKT-0002048,CUST-002997,2024-11-02,Feature Request,High,38.1,3
TKT-0002049,CUST-002146,2023-03-29,Bug,Medium,57.9,3
TKT-0002050,CUST-004346,2024-04-02,Bug,Low,14.3,1
TKT-0002051,CUST-004942,2024-02-16,Technical,High,105.2,1
TKT-0002052,CUST-003675,2024-07-31,Account,Critical,118.4,1
TKT-0002053,CUST-000117,2024-09-06,Technical,Low,25.0,5
TKT-0002054,CUST-000342,2023-07-23,Bug,High,99.3,4
TKT-0002055,CUST-001434,2023-08-02,Billing,Low,36.6,3
TKT-0002056,CUST-001550,2023-02-23,Bug,Low,13.6,4
TKT-0002057,CUST-002184,2023-09-02,Bug,Medium,14.9,4
TKT-0002058,CUST-002991,2024-07-18,Bug,Low,26.1,5
TKT-0002059,CUST-003548,2023-03-23,Account,Medium,64.8,3
TKT-0002060,CUST-003534,2023-11-21,Billing,Low,22.4,5
TKT-0002061,CUST-003787,2024-03-20,Technical,Medium,67.4,3
TKT-0002062,CUST-000774,2024-08-20,Billing,High,101.5,2
TKT-0002063,CUST-001215,2023-12-01,Billing,High,124.1,3
TKT-0002064,CUST-001736,2024-08-24,Account,Medium,53.3,5
TKT-0002065,CUST-001574,2023-02-12,Bug,High,26.4,4
TKT-0002066,CUST-001280,2024-05-08,Technical,Low,21.3,4
TKT-0002067,CUST-001305,2023-01-14,Billing,Medium,64.4,3
TKT-0002068,CUST-003485,2023-12-24,Account,Low,31.9,4
TKT-0002069,CUST-004799,2024-11-06,Feature Request,Low,18.6,3
TKT-0002070,CUST-002532,2024-11-20,Billing,High,75.2,3
TKT-0002071,CUST-001175,2024-03-21,Billing,Low,22.1,5
TKT-0002072,CUST-002276,2024-09-04,Account,High,53.3,4
TKT-0002073,CUST-004220,2024-01-14,Bug,Medium,57.5,3
TKT-0002074,CUST-003963,2024-12-26,Account,Medium,39.7,4
TKT-0002075,CUST-001237,2023-03-08,Account,Low,22.2,2
TKT-0002076,CUST-004012,2023-01-14,Bug,Low,15.8,3
TKT-0002077,CUST-003262,2024-03-17,Billing,Low,36.4,4
TKT-0002078,CUST-001979,2023-08-02,Bug,Low,27.7,3
TKT-0002079,CUST-000130,2024-02-26,Feature Request,High,77.4,1
TKT-0002080,CUST-003161,2023-04-25,Bug,High,66.1,5
TKT-0002081,CUST-000065,2024-10-28,Technical,Low,21.9,4
TKT-0002082,CUST-002784,2023-03-07,Bug,Medium,67.1,4
TKT-0002083,CUST-002720,2023-05-24,Feature Request,Medium,18.0,4
TKT-0002084,CUST-004373,2024-06-15,Feature Request,Medium,61.8,4
TKT-0002085,CUST-004023,2024-05-11,Bug,Medium,41.0,1
TKT-0002086,CUST-000022,2023-10-26,Feature Request,Low,24.1,5
TKT-0002087,CUST-004418,2023-02-12,Billing,Low,35.6,3
TKT-0002088,CUST-004862,2024-12-22,Bug,Medium,77.1,4
TKT-0002089,CUST-001835,2024-05-29,Technical,Low,32.6,4
TKT-0002090,CUST-002369,2024-10-25,Feature Request,High,61.3,4
TKT-0002091,CUST-001790,2023-04-26,Feature Request,Low,19.0,5
TKT-0002092,CUST-002349,2023-03-07,Feature Request,High,121.7,4
TKT-0002093,CUST-004140,2024-04-09,Feature Request,Medium,28.3,4
TKT-0002094,CUST-004459,2023-07-15,Account,Low,17.9,3
TKT-0002095,CUST-004197,2023-01-26,Feature Request,High,80.1,4
TKT-0002096,CUST-004360,2024-12-04,Feature Request,Medium,67.0,1
TKT-0002097,CUST-001143,2024-01-20,Bug,High,61.7,4
TKT-0002098,CUST-003577,2024-08-14,Account,Medium,40.3,4
TKT-0002099,CUST-004792,2024-09-07,Billing,Medium,34.9,2
TKT-0002100,CUST-000538,2023-08-23,Technical,Low,26.0,4
TKT-0002101,CUST-002107,2024-06-27,Bug,Medium,43.0,4
TKT-0002102,CUST-000968,2023-05-29,Feature Request,High,46.2,2
TKT-0002103,CUST-000639,2023-03-12,Technical,Medium,67.6,4
TKT-0002104,CUST-004223,2023-10-10,Technical,Medium,67.2,3
TKT-0002105,CUST-004371,2023-11-18,Bug,Low,32.3,5
TKT-0002106,CUST-003327,2023-05-16,Bug,Critical,87.4,4
TKT-0002107,CUST-001421,2024-07-12,Technical,Critical,170.4,4
TKT-0002108,CUST-004339,2024-03-27,Technical,High,64.3,4
TKT-0002109,CUST-003982,2024-06-15,Technical,Low,24.0,4
TKT-0002110,CUST-002272,2024-08-19,Billing,Medium,50.6,3
TKT-0002111,CUST-001865,2024-09-08,Account,Medium,59.3,5
TKT-0002112,CUST-001134,2024-08-17,Account,Medium,49.3,1
TKT-0002113,CUST-000634,2024-08-01,Feature Request,Low,25.3,4
TKT-0002114,CUST-004170,2024-02-11,Account,High,57.4,3
TKT-0002115,CUST-002210,2023-05-19,Technical,Medium,48.8,5
TKT-0002116,CUST-001134,2024-06-01,Feature Request,Low,19.0,4
TKT-0002117,CUST-002124,2024-08-13,Feature Request,Medium,44.2,3
TKT-0002118,CUST-003214,2023-08-29,Account,Medium,71.8,4
TKT-0002119,CUST-003925,2023-01-08,Technical,Medium,51.7,4
TKT-0002120,CUST-004972,2024-10-19,Billing,Low,28.8,5
TKT-0002121,CUST-004865,2023-07-11,Account,Low,25.7,4
TKT-0002122,CUST-000913,2024-07-19,Feature Request,Medium,70.8,5
TKT-0002123,CUST-000367,2023-10-21,Feature Request,Low,7.8,5
TKT-0002124,CUST-002913,2023-02-27,Billing,Medium,49.5,4
TKT-0002125,CUST-003395,2024-01-05,Technical,Medium,53.3,4
TKT-0002126,CUST-001176,2023-05-28,Technical,Low,27.4,3
TKT-0002127,CUST-004262,2023-03-18,Account,High,62.8,5
TKT-0002128,CUST-003065,2024-05-29,Billing,Medium,41.6,4
TKT-0002129,CUST-002970,2024-01-03,Billing,Low,28.7,4
TKT-0002130,CUST-004940,2023-02-18,Bug,Medium,91.4,5
TKT-0002131,CUST-000953,2023-11-25,Account,Low,20.3,3
TKT-0002132,CUST-003984,2024-01-28,Bug,Medium,64.4,2
TKT-0002133,CUST-000847,2023-02-23,Feature Request,High,48.8,5
TKT-0002134,CUST-004021,2024-07-27,Technical,High,15.2,2
TKT-0002135,CUST-001939,2023-07-14,Feature Request,Medium,35.1,3
TKT-0002136,CUST-000019,2023-04-20,Technical,High,78.4,2
TKT-0002137,CUST-004261,2024-08-07,Billing,Low,29.2,1
TKT-0002138,CUST-004423,2023-04-09,Bug,High,49.7,5
TKT-0002139,CUST-002309,2023-06-03,Bug,High,72.6,5
TKT-0002140,CUST-001105,2024-10-30,Bug,High,57.1,4
TKT-0002141,CUST-003168,2024-02-23,Feature Request,Medium,29.1,5
TKT-0002142,CUST-000587,2023-02-24,Feature Request,Low,14.2,4
TKT-0002143,CUST-000192,2023-09-26,Billing,Medium,59.3,4
TKT-0002144,CUST-004871,2024-12-19,Billing,Medium,26.8,3
TKT-0002145,CUST-004997,2024-07-13,Account,Low,30.3,5
TKT-0002146,CUST-004253,2023-12-29,Feature Request,High,99.0,3
TKT-0002147,CUST-000989,2024-06-24,Feature Request,Low,11.3,4
TKT-0002148,CUST-000169,2024-08-03,Account,High,91.3,5
TKT-0002149,CUST-003830,2024-03-07,Billing,Medium,41.0,4
TKT-0002150,CUST-003480,2023-11-30,Account,High,57.8,4
TKT-0002151,CUST-002148,2023-09-27,Account,Medium,45.5,4
TKT-0002152,CUST-002328,2024-09-19,Bug,Low,22.8,5
TKT-0002153,CUST-003074,2024-07-18,Billing,Medium,47.3,4
TKT-0002154,CUST-001172,2023-03-11,Technical,High,45.6,4
TKT-0002155,CUST-002227,2024-07-15,Technical,Medium,57.6,3
TKT-0002156,CUST-004116,2023-10-06,Bug,Low,33.6,4
TKT-0002157,CUST-004716,2023-10-06,Feature Request,Medium,47.8,3
TKT-0002158,CUST-004688,2023-01-16,Bug,High,76.3,4
TKT-0002159,CUST-001299,2024-08-31,Bug,Medium,45.2,4
TKT-0002160,CUST-002897,2023-09-05,Account,High,68.1,4
TKT-0002161,CUST-004875,2024-07-10,Billing,Medium,48.9,3
TKT-0002162,CUST-004585,2024-03-14,Billing,Medium,44.0,3
TKT-0002163,CUST-004693,2023-12-28,Bug,Medium,78.3,5
TKT-0002164,CUST-003157,2023-11-12,Feature Request,High,79.4,3
TKT-0002165,CUST-002862,2024-04-15,Bug,Medium,53.8,3
TKT-0002166,CUST-003968,2023-03-13,Account,High,55.5,4
TKT-0002167,CUST-004720,2024-09-29,Feature Request,High,100.4,5
TKT-0002168,CUST-002335,2023-07-11,Account,Low,22.6,3
TKT-0002169,CUST-001726,2024-05-26,Bug,High,46.7,4
TKT-0002170,CUST-002177,2024-10-18,Bug,Medium,40.1,4
TKT-0002171,CUST-004514,2023-02-22,Billing,Critical,180.4,3
TKT-0002172,CUST-002869,2024-12-04,Technical,Low,26.6,4
TKT-0002173,CUST-004943,2024-01-17,Account,Medium,41.2,3
TKT-0002174,CUST-004677,2023-09-17,Technical,Medium,31.4,4
TKT-0002175,CUST-001325,2024-06-06,Bug,Medium,81.8,5
TKT-0002176,CUST-001843,2024-04-13,Billing,Medium,44.5,3
TKT-0002177,CUST-002291,2023-11-10,Technical,Medium,45.8,5
TKT-0002178,CUST-001317,2024-06-26,Technical,High,30.0,4
TKT-0002179,CUST-004144,2024-04-28,Bug,High,79.3,4
TKT-0002180,CUST-001927,2023-02-07,Bug,Medium,33.6,5
TKT-0002181,CUST-003805,2023-12-11,Bug,High,69.3,4
TKT-0002182,CUST-004876,2024-02-13,Bug,High,82.9,3
TKT-0002183,CUST-001141,2024-01-25,Bug,Low,34.4,4
TKT-0002184,CUST-002177,2023-06-06,Billing,Medium,53.0,4
TKT-0002185,CUST-002420,2023-08-19,Feature Request,Medium,46.7,3
TKT-0002186,CUST-004695,2023-01-29,Bug,Low,32.9,4
TKT-0002187,CUST-004954,2023-02-18,Feature Request,Medium,51.5,4
TKT-0002188,CUST-003830,2024-01-16,Technical,Medium,56.8,5
TKT-0002189,CUST-000596,2024-02-06,Billing,Low,34.3,5
TKT-0002190,CUST-000078,2023-01-07,Account,High,51.1,3
TKT-0002191,CUST-001296,2024-08-21,Bug,High,81.1,4
TKT-0002192,CUST-004497,2024-10-26,Billing,Low,30.1,3
TKT-0002193,CUST-003597,2023-11-13,Technical,High,57.7,4
TKT-0002194,CUST-003385,2023-10-06,Technical,Medium,72.4,3
TKT-0002195,CUST-000286,2024-10-03,Bug,Medium,54.0,4
TKT-0002196,CUST-004113,2024-02-05,Feature Request,Medium,64.1,4
TKT-0002197,CUST-004438,2023-04-21,Feature Request,Medium,36.5,5
TKT-0002198,CUST-001880,2024-01-05,Feature Request,Low,11.7,3
TKT-0002199,CUST-001836,2023-01-11,Feature Request,Medium,36.2,5
TKT-0002200,CUST-001989,2023-04-10,Billing,High,115.3,4
TKT-0002201,CUST-000824,2023-05-22,Billing,Low,15.4,2
TKT-0002202,CUST-002256,2024-11-19,Bug,Medium,42.6,4
TKT-0002203,CUST-000638,2023-08-15,Bug,Low,25.1,4
TKT-0002204,CUST-002301,2023-12-09,Account,Medium,54.5,4
TKT-0002205,CUST-003937,2023-02-23,Account,Medium,46.4,4
TKT-0002206,CUST-004160,2024-03-03,Account,Medium,58.1,2
TKT-0002207,CUST-001426,2024-02-09,Bug,Medium,47.7,3
TKT-0002208,CUST-003223,2024-10-05,Feature Request,Low,29.3,5
TKT-0002209,CUST-002839,2024-01-19,Billing,Critical,96.5,5
TKT-0002210,CUST-001354,2024-01-21,Bug,Critical,168.2,4
TKT-0002211,CUST-003472,2024-03-19,Technical,Low,24.5,3
TKT-0002212,CUST-003678,2023-02-26,Billing,High,92.5,4
TKT-0002213,CUST-000992,2024-01-04,Bug,High,66.0,4
TKT-0002214,CUST-003210,2023-01-30,Account,Medium,28.5,4
TKT-0002215,CUST-004045,2023-12-24,Technical,High,90.6,5
TKT-0002216,CUST-004593,2024-09-24,Bug,High,52.6,4
TKT-0002217,CUST-003858,2023-01-22,Bug,Medium,52.9,4
TKT-0002218,CUST-002815,2024-06-07,Billing,Medium,45.4,5
TKT-0002219,CUST-003352,2024-01-05,Bug,Medium,37.9,4
TKT-0002220,CUST-000790,2024-10-21,Bug,Low,12.4,4
TKT-0002221,CUST-001912,2024-01-17,Billing,High,66.5,3
TKT-0002222,CUST-001576,2024-12-13,Technical,High,77.2,5
TKT-0002223,CUST-004311,2024-04-13,Bug,Medium,43.6,4
TKT-0002224,CUST-001761,2024-03-14,Billing,Medium,45.5,1
TKT-0002225,CUST-003082,2023-12-04,Billing,Low,34.2,5
TKT-0002226,CUST-000607,2024-05-11,Account,High,97.3,5
TKT-0002227,CUST-004317,2024-07-04,Technical,Critical,120.2,5
TKT-0002228,CUST-001344,2024-08-11,Billing,Medium,52.1,3
TKT-0002229,CUST-004599,2023-08-06,Billing,High,66.7,5
TKT-0002230,CUST-002555,2024-05-02,Billing,Low,16.0,5
TKT-0002231,CUST-001298,2024-08-09,Bug,Low,15.9,4
TKT-0002232,CUST-003029,2024-12-17,Feature Request,High,106.6,5
TKT-0002233,CUST-003165,2023-09-12,Bug,Low,14.4,5
TKT-0002234,CUST-003401,2024-08-20,Feature Request,Low,29.8,5
TKT-0002235,CUST-003964,2023-04-09,Bug,Medium,43.4,4
TKT-0002236,CUST-003475,2024-09-08,Feature Request,Low,20.4,5
TKT-0002237,CUST-000521,2023-11-12,Account,Low,19.9,2
TKT-0002238,CUST-000338,2024-05-14,Feature Request,Low,21.0,3
TKT-0002239,CUST-003746,2023-09-30,Billing,High,98.6,4
TKT-0002240,CUST-002597,2023-08-20,Technical,Low,17.0,1
TKT-0002241,CUST-001056,2024-04-17,Technical,Low,32.6,5
TKT-0002242,CUST-002158,2023-06-05,Technical,High,61.9,4
TKT-0002243,CUST-001256,2024-08-03,Feature Request,Low,28.3,5
TKT-0002244,CUST-003731,2024-08-30,Account,High,86.1,5
TKT-0002245,CUST-002817,2023-02-12,Feature Request,Medium,64.9,5
TKT-0002246,CUST-004549,2024-12-22,Account,Medium,70.3,3
TKT-0002247,CUST-003436,2023-07-15,Technical,Medium,42.0,4
TKT-0002248,CUST-003281,2023-11-30,Technical,Low,19.8,4
TKT-0002249,CUST-000569,2023-06-06,Bug,Medium,20.7,3
TKT-0002250,CUST-001143,2023-03-26,Billing,Medium,22.7,4
TKT-0002251,CUST-000910,2024-12-11,Technical,Medium,28.1,5
TKT-0002252,CUST-003153,2024-08-03,Technical,Medium,56.1,5
TKT-0002253,CUST-001097,2024-02-01,Feature Request,Medium,39.6,4
TKT-0002254,CUST-003973,2023-01-19,Technical,Medium,42.5,2
TKT-0002255,CUST-002670,2024-08-29,Technical,Low,30.6,4
TKT-0002256,CUST-002322,2023-05-08,Bug,High,89.9,3
TKT-0002257,CUST-001452,2023-01-28,Technical,Medium,51.3,2
TKT-0002258,CUST-004309,2023-05-22,Account,Low,8.5,5
TKT-0002259,CUST-001419,2024-04-11,Account,Low,21.8,3
TKT-0002260,CUST-003338,2024-03-08,Bug,High,76.4,3
TKT-0002261,CUST-004093,2023-10-06,Technical,Low,24.7,3
TKT-0002262,CUST-002901,2024-05-24,Billing,High,74.3,4
TKT-0002263,CUST-003622,2023-03-14,Account,Medium,53.2,1
TKT-0002264,CUST-003072,2023-11-12,Billing,Medium,23.3,4
TKT-0002265,CUST-003872,2023-07-11,Technical,Low,26.6,2
TKT-0002266,CUST-004350,2023-09-15,Feature Request,Medium,79.3,1
TKT-0002267,CUST-002336,2024-11-22,Bug,High,56.1,4
TKT-0002268,CUST-001975,2024-10-29,Account,Low,23.6,4
TKT-0002269,CUST-004020,2023-08-22,Bug,Medium,27.5,4
TKT-0002270,CUST-001987,2023-06-22,Bug,Medium,61.9,5
TKT-0002271,CUST-004784,2023-03-24,Bug,Medium,40.7,5
TKT-0002272,CUST-003749,2023-04-14,Bug,High,83.2,4
TKT-0002273,CUST-001070,2023-03-18,Bug,Medium,59.6,2
TKT-0002274,CUST-004220,2024-10-09,Feature Request,Medium,42.3,5
TKT-0002275,CUST-000448,2024-08-17,Feature Request,Low,32.1,5
TKT-0002276,CUST-004540,2023-02-20,Billing,Low,19.2,4
TKT-0002277,CUST-002352,2023-05-14,Feature Request,High,68.8,5
TKT-0002278,CUST-001662,2024-03-23,Feature Request,Medium,35.6,4
TKT-0002279,CUST-000673,2024-10-25,Account,Medium,82.3,3
TKT-0002280,CUST-001753,2024-03-02,Bug,Low,24.4,3
TKT-0002281,CUST-003248,2024-11-20,Bug,High,55.0,5
TKT-0002282,CUST-002946,2023-05-17,Bug,Low,26.9,3
TKT-0002283,CUST-004485,2023-08-29,Feature Request,High,60.2,5
TKT-0002284,CUST-000999,2024-05-11,Technical,Low,22.6,5
TKT-0002285,CUST-003859,2024-04-05,Account,High,71.3,5
TKT-0002286,CUST-003408,2023-07-16,Account,Critical,145.4,5
TKT-0002287,CUST-003445,2024-10-09,Feature Request,Medium,60.8,4
TKT-0002288,CUST-002050,2024-07-19,Account,High,62.4,4
TKT-0002289,CUST-002883,2023-04-22,Billing,Medium,36.4,4
TKT-0002290,CUST-002427,2023-08-13,Account,Medium,77.9,4
TKT-0002291,CUST-002060,2023-09-13,Technical,Low,31.5,5
TKT-0002292,CUST-004304,2023-01-08,Account,Medium,51.9,3
TKT-0002293,CUST-001938,2024-09-18,Billing,High,90.4,4
TKT-0002294,CUST-004515,2024-07-04,Technical,High,82.1,5
TKT-0002295,CUST-001080,2023-09-07,Bug,Medium,68.0,3
TKT-0002296,CUST-000074,2023-04-11,Account,High,41.7,5
TKT-0002297,CUST-002192,2023-09-27,Feature Request,Low,28.1,5
TKT-0002298,CUST-000328,2024-01-14,Bug,Medium,46.1,4
TKT-0002299,CUST-004161,2023-06-16,Technical,Medium,41.1,5
TKT-0002300,CUST-002505,2023-09-13,Billing,Medium,60.8,4
TKT-0002301,CUST-000865,2024-05-17,Feature Request,High,71.2,5
TKT-0002302,CUST-000976,2024-06-30,Bug,High,70.7,5
TKT-0002303,CUST-001284,2023-01-14,Account,High,80.3,3
TKT-0002304,CUST-002026,2023-08-01,Bug,Medium,52.8,4
TKT-0002305,CUST-003187,2023-11-13,Feature Request,Low,16.7,5
TKT-0002306,CUST-001287,2024-01-31,Billing,Medium,42.9,4
TKT-0002307,CUST-002142,2023-08-11,Bug,Low,23.5,3
TKT-0002308,CUST-004931,2023-07-20,Account,High,74.9,5
TKT-0002309,CUST-003944,2023-07-05,Technical,Medium,52.6,4
TKT-0002310,CUST-001432,2024-06-11,Technical,Medium,40.2,5
TKT-0002311,CUST-004730,2024-03-29,Billing,Low,25.1,4
TKT-0002312,CUST-000208,2023-09-28,Feature Request,Medium,64.6,3
TKT-0002313,CUST-000498,2024-10-10,Feature Request,Low,34.9,5
TKT-0002314,CUST-000318,2023-06-07,Technical,Low,21.1,4
TKT-0002315,CUST-000968,2024-01-09,Account,Low,22.9,4
TKT-0002316,CUST-001621,2024-03-02,Billing,High,57.9,2
TKT-0002317,CUST-000542,2023-11-24,Account,Medium,21.1,4
TKT-0002318,CUST-002547,2024-02-18,Feature Request,Low,26.7,3
TKT-0002319,CUST-004491,2024-07-19,Account,High,80.8,4
TKT-0002320,CUST-003063,2024-02-07,Technical,Medium,43.1,5
TKT-0002321,CUST-001716,2024-02-28,Bug,High,69.5,4
TKT-0002322,CUST-000986,2024-06-28,Feature Request,Low,33.0,5
TKT-0002323,CUST-002238,2023-02-04,Account,Low,31.6,5
TKT-0002324,CUST-001436,2024-11-05,Billing,Critical,70.9,4
TKT-0002325,CUST-001807,2023-12-08,Billing,High,63.0,4
TKT-0002326,CUST-002505,2024-07-21,Technical,Medium,41.7,4
TKT-0002327,CUST-003705,2023-02-11,Account,High,56.9,3
TKT-0002328,CUST-001978,2023-02-02,Billing,High,83.7,4
TKT-0002329,CUST-001373,2023-02-20,Bug,Low,23.8,2
TKT-0002330,CUST-000153,2024-01-04,Account,Medium,60.5,4
TKT-0002331,CUST-002957,2024-07-23,Feature Request,Low,33.5,3
TKT-0002332,CUST-004209,2024-08-12,Technical,Low,24.2,5
TKT-0002333,CUST-002093,2024-11-04,Bug,Low,20.6,5
TKT-0002334,CUST-004387,2023-12-25,Billing,Medium,48.7,2
TKT-0002335,CUST-004950,2024-12-17,Account,High,108.9,5
TKT-0002336,CUST-003151,2023-08-09,Bug,Medium,36.1,4
TKT-0002337,CUST-004727,2024-07-11,Billing,Medium,63.3,4
TKT-0002338,CUST-001734,2023-04-29,Bug,Medium,56.5,3
TKT-0002339,CUST-002221,2023-12-02,Feature Request,High,46.2,5
TKT-0002340,CUST-001765,2024-04-25,Account,Medium,39.1,4
TKT-0002341,CUST-004913,2024-01-17,Account,Low,24.8,4
TKT-0002342,CUST-004851,2023-02-24,Billing,Medium,55.4,3
TKT-0002343,CUST-000754,2023-04-05,Technical,Low,22.4,5
TKT-0002344,CUST-003199,2023-11-18,Billing,Low,17.3,2
TKT-0002345,CUST-001107,2023-10-04,Account,Low,9.0,4
TKT-0002346,CUST-004577,2023-08-15,Bug,Medium,29.5,5
TKT-0002347,CUST-003119,2024-12-02,Billing,High,77.2,5
TKT-0002348,CUST-002453,2024-07-10,Bug,Medium,67.0,5
TKT-0002349,CUST-000591,2024-12-05,Feature Request,Medium,67.0,5
TKT-0002350,CUST-000667,2023-12-08,Bug,Medium,54.8,3
TKT-0002351,CUST-000005,2024-04-09,Feature Request,Low,22.7,5
TKT-0002352,CUST-001710,2024-07-07,Billing,Low,13.5,5
TKT-0002353,CUST-000469,2023-04-20,Bug,Medium,52.5,3
TKT-0002354,CUST-004289,2024-07-27,Bug,Medium,13.9,5
TKT-0002355,CUST-002761,2024-10-12,Feature Request,High,39.1,4
TKT-0002356,CUST-003383,2023-02-20,Bug,Medium,44.6,4
TKT-0002357,CUST-003554,2024-05-07,Bug,Medium,49.5,4
TKT-0002358,CUST-003888,2024-04-09,Technical,Low,31.4,3
TKT-0002359,CUST-004934,2024-09-27,Feature Request,Medium,38.4,4
TKT-0002360,CUST-000657,2024-12-30,Feature Request,Medium,60.9,2
TKT-0002361,CUST-000527,2023-10-08,Bug,Medium,32.5,3
TKT-0002362,CUST-003055,2024-09-26,Feature Request,High,98.1,3
TKT-0002363,CUST-001476,2023-04-20,Billing,Low,26.5,5
TKT-0002364,CUST-003046,2023-10-16,Feature Request,Medium,26.1,4
TKT-0002365,CUST-001653,2024-06-27,Billing,Medium,36.9,4
TKT-0002366,CUST-002556,2024-06-16,Technical,High,36.9,4
TKT-0002367,CUST-002266,2023-04-28,Feature Request,Low,34.8,5
TKT-0002368,CUST-002246,2023-12-22,Billing,Medium,60.4,4
TKT-0002369,CUST-003034,2024-11-16,Bug,Low,28.3,5
TKT-0002370,CUST-004576,2024-10-11,Account,High,56.5,2
TKT-0002371,CUST-003347,2023-04-27,Bug,Medium,59.2,5
TKT-0002372,CUST-003762,2023-10-30,Bug,Low,14.7,4
TKT-0002373,CUST-004716,2023-10-05,Feature Request,Medium,35.7,4
TKT-0002374,CUST-003565,2024-03-13,Account,Low,12.9,3
TKT-0002375,CUST-003863,2024-02-21,Account,Low,30.9,4
TKT-0002376,CUST-000558,2023-04-05,Technical,High,123.6,3
TKT-0002377,CUST-001725,2024-09-02,Technical,High,89.8,4
TKT-0002378,CUST-002297,2024-11-04,Bug,Low,34.5,4
TKT-0002379,CUST-004878,2024-08-31,Technical,Medium,21.9,5
TKT-0002380,CUST-001482,2023-12-16,Bug,Low,31.3,2
TKT-0002381,CUST-001757,2023-09-16,Account,High,59.7,4
TKT-0002382,CUST-000905,2023-04-24,Bug,High,47.1,3
TKT-0002383,CUST-001046,2024-04-10,Bug,Medium,63.8,5
TKT-0002384,CUST-001881,2023-04-06,Feature Request,Low,19.3,5
TKT-0002385,CUST-001714,2023-02-06,Bug,Low,21.8,5
TKT-0002386,CUST-003752,2023-01-04,Feature Request,Medium,62.1,5
TKT-0002387,CUST-003525,2024-02-21,Feature Request,Low,29.8,4
TKT-0002388,CUST-003921,2024-01-08,Bug,Critical,103.4,5
TKT-0002389,CUST-003047,2024-02-29,Bug,Low,19.7,3
TKT-0002390,CUST-003439,2023-05-25,Bug,Medium,51.0,5
TKT-0002391,CUST-000153,2024-02-10,Billing,High,57.1,4
TKT-0002392,CUST-003443,2024-02-05,Technical,Low,26.4,3
TKT-0002393,CUST-004082,2024-03-14,Billing,Low,27.8,4
TKT-0002394,CUST-004828,2024-07-03,Feature Request,High,94.9,4
TKT-0002395,CUST-003310,2024-07-20,Technical,Low,31.7,4
TKT-0002396,CUST-002662,2024-01-06,Bug,Low,24.3,4
TKT-0002397,CUST-004934,2023-10-25,Technical,Medium,62.0,5
TKT-0002398,CUST-004228,2023-11-18,Account,Low,16.8,3
TKT-0002399,CUST-000530,2024-11-14,Bug,Low,25.6,5
TKT-0002400,CUST-003197,2023-12-07,Bug,Medium,55.2,4
TKT-0002401,CUST-001763,2023-08-29,Bug,Low,30.2,4
TKT-0002402,CUST-004624,2024-10-11,Technical,Medium,46.1,1
TKT-0002403,CUST-003013,2024-12-02,Account,Medium,16.7,4
TKT-0002404,CUST-004868,2024-02-13,Technical,Low,39.6,5
TKT-0002405,CUST-003813,2023-08-14,Bug,Medium,38.9,4
TKT-0002406,CUST-001726,2024-05-24,Bug,Medium,61.2,5
TKT-0002407,CUST-000123,2024-05-23,Billing,Low,31.5,1
TKT-0002408,CUST-000023,2024-03-11,Feature Request,Medium,56.6,5
TKT-0002409,CUST-001429,2024-03-19,Feature Request,Low,33.3,5
TKT-0002410,CUST-001787,2024-01-05,Billing,High,31.4,5
TKT-0002411,CUST-003674,2024-09-10,Account,High,98.4,5
TKT-0002412,CUST-004455,2024-09-27,Account,Medium,22.7,3
TKT-0002413,CUST-004372,2023-12-27,Account,Low,23.4,3
TKT-0002414,CUST-004068,2024-09-25,Bug,Low,35.9,5
TKT-0002415,CUST-003493,2024-09-05,Bug,High,69.5,3
TKT-0002416,CUST-003672,2023-02-16,Technical,Low,26.5,3
TKT-0002417,CUST-004499,2023-06-22,Feature Request,Low,8.5,5
TKT-0002418,CUST-004242,2024-11-09,Feature Request,Medium,64.1,4
TKT-0002419,CUST-004331,2023-08-23,Account,Medium,49.1,3
TKT-0002420,CUST-002822,2023-10-10,Bug,Low,43.0,3
TKT-0002421,CUST-000742,2023-10-16,Feature Request,Medium,25.1,3
TKT-0002422,CUST-001472,2023-05-16,Billing,High,56.3,4
TKT-0002423,CUST-002209,2023-08-27,Technical,Medium,32.9,4
TKT-0002424,CUST-001353,2024-07-28,Account,High,103.1,2
TKT-0002425,CUST-002913,2023-04-15,Technical,Low,24.4,4
TKT-0002426,CUST-003003,2024-03-14,Technical,High,119.7,3
TKT-0002427,CUST-004841,2023-07-05,Feature Request,Low,22.5,4
TKT-0002428,CUST-001937,2023-07-08,Bug,Medium,39.6,3
TKT-0002429,CUST-003445,2024-01-26,Technical,Medium,56.3,4
TKT-0002430,CUST-003422,2024-03-15,Bug,Low,28.9,5
TKT-0002431,CUST-002320,2023-10-03,Billing,Low,23.7,4
TKT-0002432,CUST-002727,2024-06-06,Feature Request,Medium,70.8,4
TKT-0002433,CUST-002230,2023-11-14,Account,Medium,20.6,2
TKT-0002434,CUST-003782,2024-09-20,Feature Request,Medium,30.2,2
TKT-0002435,CUST-004446,2024-10-23,Account,Medium,69.7,5
TKT-0002436,CUST-001710,2023-04-21,Feature Request,Medium,46.7,3
TKT-0002437,CUST-000472,2024-06-23,Billing,Medium,57.4,4
TKT-0002438,CUST-004362,2024-10-25,Account,High,51.0,3
TKT-0002439,CUST-002338,2024-02-06,Account,Medium,49.0,3
TKT-0002440,CUST-004073,2023-04-10,Account,Critical,131.5,4
TKT-0002441,CUST-004983,2023-11-16,Account,Medium,64.7,2
TKT-0002442,CUST-002873,2024-01-30,Technical,Low,19.9,5
TKT-0002443,CUST-004764,2023-06-14,Bug,Medium,63.4,4
TKT-0002444,CUST-002119,2024-07-15,Feature Request,Low,12.1,4
TKT-0002445,CUST-002262,2024-06-13,Technical,Medium,40.5,4
TKT-0002446,CUST-002014,2023-08-28,Bug,Low,29.3,2
TKT-0002447,CUST-004440,2024-02-18,Feature Request,Medium,44.5,3
TKT-0002448,CUST-002073,2023-08-12,Technical,Medium,58.2,4
TKT-0002449,CUST-004862,2024-12-30,Feature Request,Critical,155.0,5
TKT-0002450,CUST-004413,2023-12-10,Technical,Medium,34.6,4
TKT-0002451,CUST-002873,2024-07-04,Technical,Medium,33.7,5
TKT-0002452,CUST-002285,2023-03-03,Technical,Medium,77.3,5
TKT-0002453,CUST-002056,2024-11-06,Bug,Low,25.9,3
TKT-0002454,CUST-000939,2024-01-19,Bug,Medium,77.7,4
TKT-0002455,CUST-004064,2023-07-31,Technical,High,49.8,4
TKT-0002456,CUST-002280,2023-07-25,Account,High,67.5,4
TKT-0002457,CUST-004463,2023-03-30,Feature Request,Critical,92.7,2
TKT-0002458,CUST-003053,2024-11-05,Feature Request,Medium,44.9,5
TKT-0002459,CUST-002062,2024-01-05,Bug,High,92.9,3
TKT-0002460,CUST-004856,2023-03-26,Billing,Critical,130.2,5
TKT-0002461,CUST-000424,2024-10-07,Billing,Medium,53.6,5
TKT-0002462,CUST-000920,2023-07-24,Account,Low,18.1,3
TKT-0002463,CUST-004587,2023-03-21,Account,Low,19.7,5
TKT-0002464,CUST-001219,2024-11-24,Feature Request,Medium,40.0,4
TKT-0002465,CUST-002817,2023-07-21,Billing,High,77.8,3
TKT-0002466,CUST-002460,2023-12-20,Feature Request,High,102.5,4
TKT-0002467,CUST-001050,2024-03-17,Bug,Medium,32.4,3
TKT-0002468,CUST-003289,2023-04-27,Bug,High,108.7,4
TKT-0002469,CUST-004874,2023-04-22,Technical,Low,18.2,3
TKT-0002470,CUST-000887,2024-03-30,Billing,High,61.3,5
TKT-0002471,CUST-004027,2023-01-05,Account,High,12.5,5
TKT-0002472,CUST-001960,2023-06-17,Account,Critical,60.4,3
TKT-0002473,CUST-003872,2024-05-11,Technical,Low,30.8,3
TKT-0002474,CUST-000382,2024-06-02,Feature Request,Medium,41.8,4
TKT-0002475,CUST-000641,2023-10-24,Technical,Medium,57.3,5
TKT-0002476,CUST-003138,2024-05-01,Technical,Low,22.9,4
TKT-0002477,CUST-002703,2023-07-12,Account,Medium,38.1,3
TKT-0002478,CUST-004002,2023-11-01,Account,High,107.9,3
TKT-0002479,CUST-003160,2023-11-11,Technical,High,21.1,5
TKT-0002480,CUST-003497,2024-04-12,Billing,High,83.2,3
TKT-0002481,CUST-003219,2024-08-14,Billing,High,58.3,2
TKT-0002482,CUST-004556,2023-07-16,Bug,Medium,46.8,3
TKT-0002483,CUST-003529,2024-04-01,Feature Request,High,67.3,4
TKT-0002484,CUST-000569,2023-06-24,Billing,Medium,48.4,5
TKT-0002485,CUST-004994,2023-06-29,Technical,Medium,10.8,5
TKT-0002486,CUST-000328,2023-08-21,Feature Request,High,100.5,4
TKT-0002487,CUST-003960,2024-09-27,Technical,High,62.0,4
TKT-0002488,CUST-003338,2023-04-23,Bug,Low,5.0,4
TKT-0002489,CUST-002781,2024-05-09,Billing,High,52.1,5
TKT-0002490,CUST-003867,2024-01-25,Feature Request,Low,25.9,3
TKT-0002491,CUST-000829,2023-03-19,Account,Medium,36.3,4
TKT-0002492,CUST-004901,2024-09-16,Technical,Low,33.7,4
TKT-0002493,CUST-004944,2024-12-16,Bug,Medium,57.6,5
TKT-0002494,CUST-002987,2024-02-22,Bug,Low,24.1,5
TKT-0002495,CUST-004704,2024-07-24,Billing,Low,12.0,3
TKT-0002496,CUST-000448,2023-06-14,Billing,Medium,36.4,4
TKT-0002497,CUST-002675,2023-06-24,Billing,Low,29.0,5
TKT-0002498,CUST-004668,2023-12-21,Bug,Medium,38.6,4
TKT-0002499,CUST-004285,2024-06-18,Feature Request,Medium,42.5,4
TKT-0002500,CUST-002571,2024-07-13,Bug,Medium,38.6,4
TKT-0002501,CUST-000990,2023-12-16,Technical,High,75.5,4
TKT-0002502,CUST-000278,2024-11-13,Feature Request,Medium,31.9,4
TKT-0002503,CUST-000259,2024-06-19,Bug,High,68.6,4
TKT-0002504,CUST-000597,2023-10-07,Account,High,64.2,5
TKT-0002505,CUST-001973,2024-11-08,Bug,Low,22.5,3
TKT-0002506,CUST-003503,2023-07-21,Bug,Medium,59.2,3
TKT-0002507,CUST-001715,2023-05-04,Feature Request,Low,33.2,3
TKT-0002508,CUST-000179,2023-08-09,Technical,Low,14.4,5
TKT-0002509,CUST-002185,2024-10-11,Account,Medium,49.0,4
TKT-0002510,CUST-002542,2024-12-23,Bug,High,27.2,4
TKT-0002511,CUST-004277,2023-11-18,Technical,Low,20.1,5
TKT-0002512,CUST-000662,2024-12-13,Technical,Medium,46.8,5
TKT-0002513,CUST-003748,2024-11-28,Bug,Medium,29.4,4
TKT-0002514,CUST-000097,2024-11-28,Billing,Medium,30.6,1
TKT-0002515,CUST-001200,2024-05-22,Technical,Medium,46.2,4
TKT-0002516,CUST-001494,2023-11-08,Account,High,99.8,3
TKT-0002517,CUST-004487,2023-01-16,Bug,Low,23.0,4
TKT-0002518,CUST-001880,2024-06-24,Bug,Medium,29.6,3
TKT-0002519,CUST-002293,2024-04-03,Bug,Medium,29.8,1
TKT-0002520,CUST-000898,2023-11-11,Account,Critical,132.3,4
TKT-0002521,CUST-000838,2024-04-02,Account,Medium,51.6,5
TKT-0002522,CUST-003889,2023-10-08,Feature Request,Low,22.3,5
TKT-0002523,CUST-004154,2023-01-29,Bug,High,57.0,5
TKT-0002524,CUST-000579,2024-04-07,Technical,Low,20.3,5
TKT-0002525,CUST-003257,2023-07-19,Billing,Low,23.3,5
TKT-0002526,CUST-004868,2024-09-16,Billing,Low,21.3,4
TKT-0002527,CUST-003696,2024-05-03,Technical,Medium,74.2,3
TKT-0002528,CUST-004844,2023-06-05,Billing,High,62.1,1
TKT-0002529,CUST-000318,2024-08-11,Bug,Medium,51.2,3
TKT-0002530,CUST-001677,2024-10-05,Bug,Medium,48.0,4
TKT-0002531,CUST-001427,2024-03-05,Technical,High,67.6,4
TKT-0002532,CUST-002349,2023-04-17,Billing,High,72.2,4
TKT-0002533,CUST-000561,2024-05-13,Bug,High,54.6,4
TKT-0002534,CUST-002604,2023-12-22,Technical,Low,30.0,4
TKT-0002535,CUST-000787,2024-02-22,Account,High,64.6,3
TKT-0002536,CUST-003007,2023-12-16,Technical,Medium,57.7,5
TKT-0002537,CUST-004338,2024-03-25,Technical,Low,29.6,5
TKT-0002538,CUST-004939,2024-05-11,Feature Request,High,83.7,4
TKT-0002539,CUST-004780,2024-08-26,Bug,Low,19.0,3
TKT-0002540,CUST-000340,2024-08-08,Bug,Medium,59.1,4
TKT-0002541,CUST-000237,2023-02-26,Account,Medium,25.5,4
TKT-0002542,CUST-003133,2024-01-30,Bug,Medium,26.7,2
TKT-0002543,CUST-000886,2023-05-08,Billing,High,69.1,4
TKT-0002544,CUST-004865,2024-06-02,Technical,High,88.3,4
TKT-0002545,CUST-001790,2023-09-06,Bug,Low,32.7,3
TKT-0002546,CUST-003101,2023-10-24,Bug,High,90.3,5
TKT-0002547,CUST-004639,2023-09-26,Feature Request,Medium,50.5,5
TKT-0002548,CUST-003674,2023-06-02,Technical,High,75.4,4
TKT-0002549,CUST-000757,2023-12-03,Billing,Medium,72.1,4
TKT-0002550,CUST-000326,2023-05-08,Billing,Low,8.4,4
TKT-0002551,CUST-001264,2023-03-30,Bug,High,55.0,5
TKT-0002552,CUST-000735,2024-06-02,Billing,High,43.8,4
TKT-0002553,CUST-003900,2023-02-08,Technical,Medium,49.7,3
TKT-0002554,CUST-003916,2024-09-03,Account,High,93.2,5
TKT-0002555,CUST-002193,2023-11-20,Technical,High,88.3,4
TKT-0002556,CUST-003700,2023-09-24,Technical,Medium,52.9,4
TKT-0002557,CUST-002685,2023-12-08,Technical,Medium,34.8,4
TKT-0002558,CUST-004038,2023-11-17,Bug,High,115.3,4
TKT-0002559,CUST-002999,2023-03-21,Billing,Medium,67.0,1
TKT-0002560,CUST-003603,2024-08-22,Billing,Low,32.6,3
TKT-0002561,CUST-001657,2024-11-09,Account,High,84.8,4
TKT-0002562,CUST-003369,2023-05-10,Billing,Medium,47.9,4
TKT-0002563,CUST-000046,2023-10-24,Billing,Medium,58.5,4
TKT-0002564,CUST-001122,2023-04-17,Bug,Critical,109.1,2
TKT-0002565,CUST-002051,2024-01-13,Bug,High,74.2,5
TKT-0002566,CUST-004159,2023-05-13,Bug,High,66.6,1
TKT-0002567,CUST-003217,2024-06-10,Feature Request,Medium,41.9,4
TKT-0002568,CUST-002426,2024-03-18,Bug,Low,26.1,3
TKT-0002569,CUST-004819,2023-08-31,Feature Request,Low,26.1,2
TKT-0002570,CUST-001860,2023-11-15,Account,Medium,56.3,4
TKT-0002571,CUST-002294,2024-07-14,Account,Medium,55.3,4
TKT-0002572,CUST-002298,2023-09-15,Billing,Low,18.4,5
TKT-0002573,CUST-004685,2023-01-07,Bug,Medium,37.9,3
TKT-0002574,CUST-001720,2023-03-10,Account,High,91.7,5
TKT-0002575,CUST-001743,2024-03-12,Technical,Medium,57.7,5
TKT-0002576,CUST-001207,2023-03-31,Account,Medium,69.8,4
TKT-0002577,CUST-004041,2024-11-17,Bug,Critical,155.4,2
TKT-0002578,CUST-003634,2024-04-07,Bug,Medium,57.6,3
TKT-0002579,CUST-004256,2023-02-19,Billing,Low,22.5,5
TKT-0002580,CUST-000135,2024-10-27,Account,Medium,56.1,4
TKT-0002581,CUST-003711,2024-11-14,Feature Request,High,79.6,3
TKT-0002582,CUST-002432,2024-01-25,Bug,Medium,36.6,4
TKT-0002583,CUST-003906,2023-09-15,Feature Request,Medium,58.1,5
TKT-0002584,CUST-000649,2024-09-13,Bug,High,90.3,5
TKT-0002585,CUST-000282,2023-05-01,Billing,Medium,48.3,4
TKT-0002586,CUST-004561,2023-11-08,Bug,Medium,65.7,2
TKT-0002587,CUST-002016,2023-11-10,Account,Medium,51.9,4
TKT-0002588,CUST-004357,2023-11-30,Account,Critical,150.6,4
TKT-0002589,CUST-001778,2023-08-06,Bug,Medium,31.2,2
TKT-0002590,CUST-003910,2023-09-09,Account,High,62.6,5
TKT-0002591,CUST-004094,2024-05-19,Feature Request,Medium,80.4,5
TKT-0002592,CUST-000602,2024-12-06,Billing,Low,26.3,5
TKT-0002593,CUST-002324,2023-12-24,Feature Request,High,96.6,3
TKT-0002594,CUST-002920,2023-07-03,Technical,Low,22.0,4
TKT-0002595,CUST-002392,2023-01-21,Account,High,84.7,4
TKT-0002596,CUST-002786,2023-04-09,Feature Request,High,63.6,5
TKT-0002597,CUST-003912,2024-01-04,Account,Medium,51.3,5
TKT-0002598,CUST-000661,2024-01-26,Feature Request,Low,38.9,3
TKT-0002599,CUST-000500,2024-09-19,Bug,Medium,48.6,4
TKT-0002600,CUST-000759,2023-04-08,Feature Request,Low,19.8,2
TKT-0002601,CUST-001110,2023-10-10,Bug,Low,20.4,5
TKT-0002602,CUST-002783,2024-03-21,Bug,Low,22.0,5
TKT-0002603,CUST-001621,2024-11-20,Bug,Medium,51.1,5
TKT-0002604,CUST-001708,2023-04-22,Feature Request,High,50.6,5
TKT-0002605,CUST-003416,2024-01-24,Technical,Medium,60.2,4
TKT-0002606,CUST-001105,2024-12-02,Technical,Low,29.0,5
TKT-0002607,CUST-003198,2023-11-02,Technical,Low,9.7,4
TKT-0002608,CUST-002437,2023-03-20,Bug,Critical,181.6,4
TKT-0002609,CUST-000395,2023-12-26,Feature Request,Medium,39.2,3
TKT-0002610,CUST-000070,2024-04-30,Bug,Medium,14.7,5
TKT-0002611,CUST-001929,2023-08-22,Account,Critical,138.7,4
TKT-0002612,CUST-002681,2023-07-12,Bug,Medium,67.8,5
TKT-0002613,CUST-004860,2024-05-01,Account,High,90.0,4
TKT-0002614,CUST-004519,2024-03-11,Billing,Medium,34.8,4
TKT-0002615,CUST-002182,2024-06-14,Bug,High,107.0,4
TKT-0002616,CUST-004102,2023-10-04,Account,Medium,67.3,3
TKT-0002617,CUST-003412,2023-01-08,Feature Request,High,43.4,4
TKT-0002618,CUST-000067,2024-09-25,Bug,High,100.2,3
TKT-0002619,CUST-000332,2023-04-01,Feature Request,Medium,52.5,5
TKT-0002620,CUST-003081,2023-07-26,Technical,Low,18.5,4
TKT-0002621,CUST-003882,2023-10-01,Account,Medium,70.9,3
TKT-0002622,CUST-000345,2023-03-15,Billing,Low,32.4,3
TKT-0002623,CUST-002548,2024-10-06,Account,Low,19.4,2
TKT-0002624,CUST-003869,2024-05-18,Feature Request,Medium,60.9,3
TKT-0002625,CUST-002491,2024-06-02,Billing,Critical,128.0,5
TKT-0002626,CUST-000752,2023-03-12,Feature Request,Low,25.8,4
TKT-0002627,CUST-003699,2023-01-16,Billing,High,69.1,4
TKT-0002628,CUST-003450,2024-09-25,Account,Medium,50.9,5
TKT-0002629,CUST-003060,2023-01-06,Account,Medium,58.1,5
TKT-0002630,CUST-003658,2024-05-13,Technical,High,69.5,5
TKT-0002631,CUST-000950,2023-04-24,Billing,Medium,66.4,4
TKT-0002632,CUST-003597,2024-08-10,Technical,High,101.1,5
TKT-0002633,CUST-000173,2024-01-19,Bug,Critical,102.6,3
TKT-0002634,CUST-002495,2024-05-08,Technical,High,44.6,5
TKT-0002635,CUST-000734,2024-10-19,Bug,Low,29.3,4
TKT-0002636,CUST-001737,2023-04-15,Account,Medium,28.2,3
TKT-0002637,CUST-004492,2024-11-03,Account,Critical,180.3,2
TKT-0002638,CUST-002434,2023-11-03,Account,High,85.2,4
TKT-0002639,CUST-000273,2023-12-20,Feature Request,Low,23.3,3
TKT-0002640,CUST-001304,2023-04-15,Account,High,61.8,4
TKT-0002641,CUST-002596,2023-11-16,Bug,Low,17.9,3
TKT-0002642,CUST-002205,2024-08-19,Feature Request,Low,23.4,4
TKT-0002643,CUST-002988,2024-01-03,Account,Low,26.2,5
TKT-0002644,CUST-003260,2023-04-12,Billing,Critical,125.1,5
TKT-0002645,CUST-002670,2023-10-14,Technical,Low,13.7,2
TKT-0002646,CUST-003144,2024-08-19,Billing,Low,24.4,5
TKT-0002647,CUST-004656,2024-12-08,Account,Low,22.6,5
TKT-0002648,CUST-001049,2024-10-29,Account,Medium,46.0,4
TKT-0002649,CUST-003153,2024-01-03,Technical,Low,28.8,4
TKT-0002650,CUST-002328,2023-12-01,Billing,Medium,50.5,5
TKT-0002651,CUST-000490,2024-06-28,Account,Low,26.3,4
TKT-0002652,CUST-001295,2023-07-13,Technical,Medium,50.6,4
TKT-0002653,CUST-001277,2024-07-09,Bug,High,92.2,5
TKT-0002654,CUST-001026,2024-05-13,Feature Request,Low,22.3,4
TKT-0002655,CUST-004063,2023-08-06,Bug,Medium,53.0,5
TKT-0002656,CUST-002239,2024-01-28,Account,Low,25.9,3
TKT-0002657,CUST-000452,2024-07-16,Billing,Medium,49.1,2
TKT-0002658,CUST-004308,2023-02-07,Technical,Medium,51.3,5
TKT-0002659,CUST-004336,2024-04-23,Billing,Low,32.0,5
TKT-0002660,CUST-000513,2023-06-29,Billing,Low,30.5,4
TKT-0002661,CUST-002859,2024-09-01,Technical,Medium,64.1,5
TKT-0002662,CUST-000960,2024-02-08,Bug,Medium,66.2,3
TKT-0002663,CUST-003966,2024-03-12,Bug,High,71.7,1
TKT-0002664,CUST-001199,2023-03-21,Feature Request,Medium,54.5,4
TKT-0002665,CUST-002155,2024-06-13,Bug,Medium,64.9,3
TKT-0002666,CUST-004345,2023-02-20,Bug,High,60.1,4
TKT-0002667,CUST-004626,2024-07-01,Bug,Medium,39.9,4
TKT-0002668,CUST-000272,2023-09-21,Technical,High,69.6,2
TKT-0002669,CUST-000699,2023-09-05,Account,High,132.8,4
TKT-0002670,CUST-002091,2024-06-16,Account,Medium,51.2,4
TKT-0002671,CUST-000802,2024-06-15,Account,Medium,47.7,5
TKT-0002672,CUST-001997,2023-03-12,Technical,Low,25.3,5
TKT-0002673,CUST-002945,2024-01-27,Billing,Low,31.9,2
TKT-0002674,CUST-004019,2024-07-07,Account,Low,21.1,5
TKT-0002675,CUST-003308,2023-11-15,Technical,High,71.9,4
TKT-0002676,CUST-000934,2024-06-26,Billing,Medium,46.1,3
TKT-0002677,CUST-001544,2023-05-24,Billing,High,96.5,5
TKT-0002678,CUST-003557,2024-04-24,Bug,High,84.8,4
TKT-0002679,CUST-002140,2024-12-31,Billing,Medium,38.6,5
TKT-0002680,CUST-000176,2023-06-23,Account,Low,11.6,5
TKT-0002681,CUST-000633,2023-07-20,Bug,Low,27.3,4
TKT-0002682,CUST-002579,2024-10-29,Billing,Medium,60.2,2
TKT-0002683,CUST-004535,2023-01-24,Bug,Low,19.9,3
TKT-0002684,CUST-000725,2024-08-31,Account,Medium,54.6,5
TKT-0002685,CUST-001638,2024-09-10,Technical,Critical,101.0,5
TKT-0002686,CUST-001939,2023-02-02,Technical,Medium,29.7,3
TKT-0002687,CUST-004439,2024-04-11,Bug,Medium,53.4,3
TKT-0002688,CUST-004808,2023-01-18,Billing,Low,30.3,5
TKT-0002689,CUST-001246,2023-11-16,Billing,Low,21.5,5
TKT-0002690,CUST-000170,2024-01-30,Technical,Medium,50.6,5
TKT-0002691,CUST-001618,2023-10-10,Billing,High,74.7,4
TKT-0002692,CUST-003821,2023-09-14,Bug,Medium,46.1,1
TKT-0002693,CUST-002015,2023-12-15,Account,High,69.1,4
TKT-0002694,CUST-001055,2023-01-04,Feature Request,Medium,44.6,3
TKT-0002695,CUST-000331,2023-08-30,Bug,Low,22.3,5
TKT-0002696,CUST-004434,2023-01-23,Technical,High,50.1,4
TKT-0002697,CUST-002320,2024-11-09,Billing,Critical,70.1,5
TKT-0002698,CUST-003132,2023-01-08,Account,Low,27.0,5
TKT-0002699,CUST-001095,2024-01-22,Account,Low,28.6,4
TKT-0002700,CUST-000143,2024-11-18,Billing,Medium,74.8,4
TKT-0002701,CUST-003059,2023-01-03,Billing,High,64.8,5
TKT-0002702,CUST-003193,2023-09-25,Bug,Medium,44.8,5
TKT-0002703,CUST-002680,2024-01-02,Account,High,29.8,5
TKT-0002704,CUST-002123,2024-12-31,Bug,Low,27.8,5
TKT-0002705,CUST-000714,2023-05-08,Bug,Medium,39.9,4
TKT-0002706,CUST-000122,2024-11-21,Account,Low,18.9,4
TKT-0002707,CUST-004768,2024-09-16,Feature Request,High,68.0,4
TKT-0002708,CUST-003858,2024-09-21,Feature Request,Low,25.3,5
TKT-0002709,CUST-002908,2023-02-18,Technical,Medium,56.4,4
TKT-0002710,CUST-003632,2024-06-07,Billing,Low,23.4,4
TKT-0002711,CUST-001085,2023-03-27,Account,Medium,31.5,5
TKT-0002712,CUST-002355,2024-06-09,Feature Request,Low,23.6,4
TKT-0002713,CUST-004989,2024-05-05,Technical,High,62.7,4
TKT-0002714,CUST-001967,2023-08-25,Feature Request,Low,22.6,4
TKT-0002715,CUST-000057,2023-08-05,Technical,Low,23.3,4
TKT-0002716,CUST-001357,2023-02-24,Feature Request,Low,24.3,3
TKT-0002717,CUST-001054,2023-01-30,Account,Low,25.5,3
TKT-0002718,CUST-003376,2023-07-01,Bug,Low,17.3,3
TKT-0002719,CUST-000677,2024-05-19,Technical,Low,35.2,4
TKT-0002720,CUST-002643,2024-10-15,Technical,Medium,50.8,5
TKT-0002721,CUST-000518,2024-01-22,Bug,Critical,119.1,5
TKT-0002722,CUST-000157,2023-09-02,Feature Request,High,50.5,5
TKT-0002723,CUST-001556,2023-05-23,Feature Request,Medium,48.1,4
TKT-0002724,CUST-003324,2024-04-12,Feature Request,Medium,63.7,5
TKT-0002725,CUST-003442,2023-07-07,Feature Request,High,58.5,2
TKT-0002726,CUST-003688,2023-06-20,Bug,Low,20.0,4
TKT-0002727,CUST-004114,2023-07-31,Technical,Medium,1.0,4
TKT-0002728,CUST-002758,2024-05-23,Feature Request,High,51.9,4
TKT-0002729,CUST-002242,2023-08-16,Feature Request,High,110.6,4
TKT-0002730,CUST-001054,2024-03-12,Feature Request,High,66.8,3
TKT-0002731,CUST-000140,2024-09-19,Account,High,101.7,4
TKT-0002732,CUST-001221,2023-11-28,Bug,Medium,35.9,5
TKT-0002733,CUST-001319,2023-03-02,Bug,High,67.9,4
TKT-0002734,CUST-001787,2023-09-26,Feature Request,High,58.1,5
TKT-0002735,CUST-002498,2023-08-01,Account,Low,33.6,4
TKT-0002736,CUST-003686,2023-05-30,Billing,High,95.6,5
TKT-0002737,CUST-004360,2024-10-26,Bug,Low,22.1,4
TKT-0002738,CUST-002609,2024-01-31,Technical,Medium,37.1,3
TKT-0002739,CUST-002635,2023-02-15,Bug,High,64.6,4
TKT-0002740,CUST-001467,2023-12-06,Billing,High,52.9,3
TKT-0002741,CUST-002399,2024-08-22,Bug,Medium,66.5,4
TKT-0002742,CUST-001034,2023-02-19,Billing,High,60.5,2
TKT-0002743,CUST-002237,2023-09-24,Billing,Low,22.1,5
TKT-0002744,CUST-003094,2024-04-20,Billing,High,57.5,5
TKT-0002745,CUST-001697,2023-08-28,Technical,Medium,48.2,5
TKT-0002746,CUST-001599,2024-01-01,Billing,Low,28.0,5
TKT-0002747,CUST-000393,2023-08-04,Feature Request,Critical,92.7,4
TKT-0002748,CUST-002839,2023-12-02,Bug,High,77.8,5
TKT-0002749,CUST-004911,2023-05-25,Feature Request,High,81.9,5
TKT-0002750,CUST-004309,2023-06-18,Technical,Low,4.7,5
TKT-0002751,CUST-001859,2024-03-04,Bug,High,96.7,4
TKT-0002752,CUST-000523,2024-11-03,Technical,Low,23.7,5
TKT-0002753,CUST-003934,2024-01-10,Feature Request,Critical,103.6,3
TKT-0002754,CUST-002989,2023-09-24,Billing,Low,14.8,4
TKT-0002755,CUST-000345,2024-08-26,Billing,Low,32.7,4
TKT-0002756,CUST-002513,2023-07-30,Account,Medium,55.9,2
TKT-0002757,CUST-003134,2023-02-23,Feature Request,Medium,75.6,3
TKT-0002758,CUST-001124,2023-12-19,Account,High,72.3,5
TKT-0002759,CUST-001965,2023-08-03,Bug,Medium,46.0,4
TKT-0002760,CUST-003825,2024-07-30,Bug,Medium,40.4,3
TKT-0002761,CUST-001726,2024-04-24,Technical,Medium,58.7,4
TKT-0002762,CUST-001447,2023-07-14,Feature Request,Low,29.4,3
TKT-0002763,CUST-003836,2023-11-09,Bug,High,76.2,3
TKT-0002764,CUST-000898,2024-01-14,Bug,High,71.7,3
TKT-0002765,CUST-001227,2023-04-09,Bug,High,68.7,2
TKT-0002766,CUST-000076,2023-07-19,Bug,Low,26.1,4
TKT-0002767,CUST-004629,2024-11-24,Account,Medium,51.9,4
TKT-0002768,CUST-003589,2024-11-05,Billing,Low,37.9,1
TKT-0002769,CUST-003458,2023-12-22,Technical,Low,34.2,3
TKT-0002770,CUST-003515,2024-09-21,Account,Medium,35.3,5
TKT-0002771,CUST-000675,2024-08-24,Bug,Medium,44.2,4
TKT-0002772,CUST-002172,2024-03-20,Bug,Low,37.4,3
TKT-0002773,CUST-003107,2023-10-31,Account,High,72.2,4
TKT-0002774,CUST-002870,2023-05-29,Feature Request,High,89.9,3
TKT-0002775,CUST-000297,2024-03-06,Billing,Medium,64.5,5
TKT-0002776,CUST-003415,2023-03-02,Technical,Low,28.9,5
TKT-0002777,CUST-001121,2024-10-10,Bug,Medium,28.8,4
TKT-0002778,CUST-001229,2024-01-24,Account,Low,27.1,5
TKT-0002779,CUST-003666,2023-03-05,Bug,High,57.0,4
TKT-0002780,CUST-003221,2023-01-27,Account,High,49.5,5
TKT-0002781,CUST-003558,2024-09-16,Billing,Critical,104.9,4
TKT-0002782,CUST-000882,2024-07-29,Feature Request,Low,31.3,4
TKT-0002783,CUST-003890,2024-09-29,Billing,Low,22.1,4
TKT-0002784,CUST-000064,2024-12-24,Feature Request,Medium,43.3,2
TKT-0002785,CUST-003701,2024-04-14,Bug,Low,11.2,3
TKT-0002786,CUST-001164,2023-06-10,Billing,Medium,62.1,4
TKT-0002787,CUST-000031,2024-04-23,Account,Medium,25.5,4
TKT-0002788,CUST-000159,2023-09-19,Feature Request,Medium,29.9,2
TKT-0002789,CUST-000802,2023-01-12,Bug,High,131.7,4
TKT-0002790,CUST-004315,2024-12-18,Feature Request,Low,16.2,5
TKT-0002791,CUST-003119,2023-11-18,Technical,High,112.1,3
TKT-0002792,CUST-000769,2023-04-02,Bug,High,108.6,3
TKT-0002793,CUST-000463,2023-09-22,Bug,Medium,51.6,5
TKT-0002794,CUST-000197,2024-11-01,Technical,Medium,43.5,5
TKT-0002795,CUST-004823,2024-12-16,Feature Request,Medium,44.3,4
TKT-0002796,CUST-001204,2023-09-06,Bug,High,60.7,5
TKT-0002797,CUST-002306,2023-04-28,Feature Request,Medium,82.7,4
TKT-0002798,CUST-004164,2024-02-01,Technical,Low,18.0,4
TKT-0002799,CUST-002618,2023-10-25,Bug,Medium,48.0,1
TKT-0002800,CUST-003745,2023-04-04,Account,Low,25.9,4
TKT-0002801,CUST-003183,2023-03-12,Technical,Medium,26.4,4
TKT-0002802,CUST-004316,2024-09-14,Technical,Medium,59.3,2
TKT-0002803,CUST-004675,2024-09-21,Technical,Low,18.6,3
TKT-0002804,CUST-000423,2023-04-02,Technical,Low,24.1,4
TKT-0002805,CUST-001531,2024-12-19,Feature Request,Low,27.0,1
TKT-0002806,CUST-001993,2023-07-24,Account,Medium,62.3,5
TKT-0002807,CUST-002452,2024-03-20,Bug,Medium,33.9,5
TKT-0002808,CUST-004817,2024-01-11,Account,Low,21.6,5
TKT-0002809,CUST-004393,2024-03-05,Billing,High,73.6,3
TKT-0002810,CUST-003190,2023-11-14,Technical,Medium,64.2,3
TKT-0002811,CUST-000916,2023-02-20,Bug,High,90.0,3
TKT-0002812,CUST-000846,2024-10-18,Bug,Medium,23.0,5
TKT-0002813,CUST-004750,2023-06-10,Technical,Medium,45.3,4
TKT-0002814,CUST-004413,2024-12-15,Billing,Medium,35.8,2
TKT-0002815,CUST-004651,2024-01-05,Account,Low,26.0,4
TKT-0002816,CUST-003779,2023-10-23,Feature Request,Medium,48.8,4
TKT-0002817,CUST-001402,2023-06-27,Bug,High,47.0,4
TKT-0002818,CUST-002880,2024-03-14,Billing,High,66.7,5
TKT-0002819,CUST-003576,2023-02-11,Billing,Critical,46.6,5
TKT-0002820,CUST-004297,2023-02-13,Technical,Low,28.8,4
TKT-0002821,CUST-004752,2024-02-27,Technical,High,99.7,4
TKT-0002822,CUST-004551,2023-05-11,Billing,Medium,55.8,3
TKT-0002823,CUST-003292,2024-07-06,Bug,Low,25.3,5
TKT-0002824,CUST-001836,2024-10-23,Account,Medium,15.5,3
TKT-0002825,CUST-000862,2024-08-11,Account,Low,26.2,3
TKT-0002826,CUST-000060,2024-11-05,Billing,High,108.7,5
TKT-0002827,CUST-002492,2023-07-07,Billing,Medium,79.8,5
TKT-0002828,CUST-000922,2023-06-21,Bug,Medium,67.2,4
TKT-0002829,CUST-000752,2023-07-13,Feature Request,Low,19.8,5
TKT-0002830,CUST-001191,2024-06-17,Account,Medium,49.9,5
TKT-0002831,CUST-000955,2023-09-23,Billing,High,56.8,5
TKT-0002832,CUST-001242,2023-07-28,Feature Request,Medium,54.1,2
TKT-0002833,CUST-000423,2024-01-04,Billing,Medium,54.1,4
TKT-0002834,CUST-003786,2024-04-18,Technical,High,58.2,3
TKT-0002835,CUST-001638,2024-09-15,Account,High,52.7,4
TKT-0002836,CUST-000978,2024-09-22,Feature Request,High,78.1,5
TKT-0002837,CUST-000284,2023-07-12,Bug,High,93.9,5
TKT-0002838,CUST-000552,2024-07-04,Account,Medium,91.3,3
TKT-0002839,CUST-004349,2024-10-23,Account,High,46.2,4
TKT-0002840,CUST-003727,2024-09-03,Billing,Medium,62.1,3
TKT-0002841,CUST-001685,2023-11-23,Billing,High,92.0,3
TKT-0002842,CUST-002611,2024-08-09,Feature Request,Medium,56.1,4
TKT-0002843,CUST-002108,2023-11-04,Bug,Low,37.5,4
TKT-0002844,CUST-002245,2024-01-12,Bug,Medium,38.2,4
TKT-0002845,CUST-003527,2024-07-29,Feature Request,High,52.7,4
TKT-0002846,CUST-003530,2024-08-01,Bug,Medium,22.7,5
TKT-0002847,CUST-004875,2023-06-21,Billing,Low,10.6,5
TKT-0002848,CUST-003117,2023-06-09,Technical,Low,11.1,4
TKT-0002849,CUST-001718,2023-11-30,Billing,Low,18.6,4
TKT-0002850,CUST-002858,2023-03-07,Bug,Low,33.3,3
TKT-0002851,CUST-000855,2024-10-18,Technical,Medium,44.7,5
TKT-0002852,CUST-004402,2024-05-09,Feature Request,High,79.3,4
TKT-0002853,CUST-003980,2023-10-13,Bug,Low,13.2,5
TKT-0002854,CUST-000186,2024-05-12,Feature Request,Low,25.1,3
TKT-0002855,CUST-001569,2023-11-26,Account,Medium,18.2,5
TKT-0002856,CUST-002436,2023-06-30,Feature Request,Medium,35.3,3
TKT-0002857,CUST-004294,2024-09-02,Billing,High,70.7,3
TKT-0002858,CUST-000969,2023-10-05,Bug,Low,19.4,4
TKT-0002859,CUST-000672,2024-09-29,Technical,Low,32.1,5
TKT-0002860,CUST-000769,2024-03-31,Billing,Critical,50.7,5
TKT-0002861,CUST-004344,2024-04-14,Bug,High,83.7,4
TKT-0002862,CUST-004198,2023-12-30,Account,High,67.2,4
TKT-0002863,CUST-001451,2024-02-12,Billing,High,66.8,3
TKT-0002864,CUST-002234,2024-01-11,Bug,Medium,79.5,5
TKT-0002865,CUST-004869,2023-11-19,Bug,Low,21.1,5
TKT-0002866,CUST-000931,2023-04-15,Bug,Medium,38.7,5
TKT-0002867,CUST-001015,2023-06-16,Bug,Low,26.8,4
TKT-0002868,CUST-001976,2024-06-11,Billing,Low,21.1,4
TKT-0002869,CUST-000238,2024-06-09,Feature Request,High,108.0,4
TKT-0002870,CUST-001940,2024-11-20,Bug,Low,19.9,4
TKT-0002871,CUST-002718,2024-09-24,Bug,High,87.9,4
TKT-0002872,CUST-001153,2024-11-18,Feature Request,Medium,45.1,2
TKT-0002873,CUST-002287,2023-12-08,Technical,Medium,36.2,4
TKT-0002874,CUST-002483,2024-03-22,Feature Request,Low,18.8,4
TKT-0002875,CUST-002042,2023-07-26,Bug,Medium,38.8,3
TKT-0002876,CUST-004059,2024-07-02,Account,High,85.4,5
TKT-0002877,CUST-004674,2023-07-12,Account,Medium,30.7,5
TKT-0002878,CUST-004361,2024-03-14,Bug,Critical,129.8,1
TKT-0002879,CUST-004008,2024-05-17,Bug,Medium,45.3,5
TKT-0002880,CUST-002821,2024-02-22,Account,Medium,54.0,4
TKT-0002881,CUST-000163,2024-03-09,Feature Request,Low,14.5,4
TKT-0002882,CUST-004041,2023-12-22,Bug,Medium,50.8,4
TKT-0002883,CUST-000559,2024-04-09,Account,High,53.5,4
TKT-0002884,CUST-002684,2023-03-01,Account,Medium,63.9,3
TKT-0002885,CUST-002755,2023-08-04,Account,High,74.1,4
TKT-0002886,CUST-004449,2023-03-24,Feature Request,High,71.0,3
TKT-0002887,CUST-003068,2023-01-04,Technical,High,83.5,3
TKT-0002888,CUST-004064,2023-03-22,Feature Request,Low,35.1,5
TKT-0002889,CUST-002910,2023-06-21,Feature Request,Low,15.7,4
TKT-0002890,CUST-003151,2023-05-11,Feature Request,High,71.1,3
TKT-0002891,CUST-003294,2024-10-04,Account,Medium,49.5,4
TKT-0002892,CUST-002234,2023-03-15,Billing,Medium,42.2,3
TKT-0002893,CUST-001859,2023-09-09,Feature Request,High,76.0,4
TKT-0002894,CUST-001629,2023-08-18,Billing,Medium,25.1,5
TKT-0002895,CUST-000022,2024-10-21,Feature Request,High,105.4,3
TKT-0002896,CUST-002008,2024-12-17,Technical,Medium,42.9,5
TKT-0002897,CUST-003319,2024-06-12,Billing,Medium,39.2,3
TKT-0002898,CUST-002802,2024-05-19,Bug,High,63.9,3
TKT-0002899,CUST-001010,2023-12-31,Feature Request,Critical,160.1,4
TKT-0002900,CUST-004351,2023-08-04,Bug,Medium,53.1,3
TKT-0002901,CUST-000320,2024-10-18,Feature Request,Low,30.0,5
TKT-0002902,CUST-003459,2024-11-27,Bug,Medium,62.8,5
TKT-0002903,CUST-003168,2023-09-26,Feature Request,Medium,21.5,4
TKT-0002904,CUST-004873,2023-07-02,Technical,High,96.6,2
TKT-0002905,CUST-000414,2023-03-17,Bug,Medium,39.8,1
TKT-0002906,CUST-002219,2023-11-05,Account,High,66.2,5
TKT-0002907,CUST-000268,2023-10-22,Billing,Medium,28.3,5
TKT-0002908,CUST-002135,2024-06-07,Technical,Medium,53.9,4
TKT-0002909,CUST-004153,2023-08-08,Bug,Low,22.2,5
TKT-0002910,CUST-003792,2023-12-10,Feature Request,Low,26.5,3
TKT-0002911,CUST-004347,2023-10-23,Billing,Medium,38.2,5
TKT-0002912,CUST-003413,2024-11-23,Feature Request,Medium,65.4,5
TKT-0002913,CUST-003812,2023-12-06,Technical,Medium,56.2,5
TKT-0002914,CUST-002190,2024-04-09,Technical,High,88.5,5
TKT-0002915,CUST-002312,2023-10-23,Feature Request,High,72.3,5
TKT-0002916,CUST-001670,2024-07-31,Bug,High,71.0,4
TKT-0002917,CUST-001641,2024-06-02,Bug,High,99.6,4
TKT-0002918,CUST-003921,2024-06-23,Bug,Medium,51.5,4
TKT-0002919,CUST-004532,2024-12-30,Technical,Critical,147.8,4
TKT-0002920,CUST-001821,2024-10-05,Technical,High,52.6,5
TKT-0002921,CUST-003505,2023-08-25,Bug,Medium,51.5,5
TKT-0002922,CUST-000149,2024-09-25,Account,Low,26.4,3
TKT-0002923,CUST-001986,2024-03-11,Billing,High,67.0,5
TKT-0002924,CUST-003941,2024-06-16,Bug,Medium,55.2,4
TKT-0002925,CUST-001620,2023-07-25,Bug,Medium,21.4,3
TKT-0002926,CUST-002623,2024-07-29,Bug,Medium,28.4,5
TKT-0002927,CUST-001409,2024-12-10,Technical,High,51.9,5
TKT-0002928,CUST-003849,2023-05-11,Billing,High,62.7,4
TKT-0002929,CUST-004767,2024-01-06,Account,Medium,42.1,1
TKT-0002930,CUST-003524,2023-06-04,Account,Low,26.6,2
TKT-0002931,CUST-003012,2024-01-16,Billing,High,50.5,5
TKT-0002932,CUST-004583,2023-10-21,Account,Critical,125.4,2
TKT-0002933,CUST-003288,2023-08-09,Technical,Medium,37.1,3
TKT-0002934,CUST-000634,2023-02-06,Bug,High,79.0,4
TKT-0002935,CUST-004815,2024-09-30,Technical,Low,18.8,4
TKT-0002936,CUST-002847,2023-07-16,Bug,Low,21.1,4
TKT-0002937,CUST-000905,2023-12-16,Technical,Medium,28.1,4
TKT-0002938,CUST-003072,2024-12-06,Bug,Medium,32.6,3
TKT-0002939,CUST-002482,2023-09-12,Account,High,56.8,5
TKT-0002940,CUST-000161,2023-12-14,Technical,Medium,41.4,3
TKT-0002941,CUST-003231,2023-06-27,Bug,Low,13.7,4
TKT-0002942,CUST-001923,2023-03-07,Technical,Medium,49.4,4
TKT-0002943,CUST-002292,2023-12-27,Feature Request,Low,27.4,4
TKT-0002944,CUST-001155,2023-03-06,Feature Request,Low,31.1,3
TKT-0002945,CUST-002534,2024-05-16,Account,Medium,39.9,3
TKT-0002946,CUST-003725,2023-07-20,Technical,Low,22.4,3
TKT-0002947,CUST-003079,2024-11-27,Billing,Medium,42.4,4
TKT-0002948,CUST-000559,2023-10-21,Account,Medium,24.9,4
TKT-0002949,CUST-002619,2024-01-24,Technical,Low,23.5,4
TKT-0002950,CUST-001650,2024-03-06,Technical,High,86.7,1
TKT-0002951,CUST-002817,2023-01-22,Billing,Medium,63.8,3
TKT-0002952,CUST-001858,2024-03-18,Feature Request,High,70.1,4
TKT-0002953,CUST-004345,2024-06-29,Account,Medium,45.9,5
TKT-0002954,CUST-003752,2024-08-10,Technical,High,91.1,3
TKT-0002955,CUST-002201,2024-10-17,Bug,Medium,52.1,4
TKT-0002956,CUST-001233,2024-08-01,Billing,Medium,51.5,3
TKT-0002957,CUST-004517,2024-12-30,Feature Request,Medium,33.5,4
TKT-0002958,CUST-001413,2023-06-05,Account,High,16.5,5
TKT-0002959,CUST-003068,2023-09-19,Account,Medium,43.0,4
TKT-0002960,CUST-000679,2024-04-26,Technical,Low,11.9,2
TKT-0002961,CUST-000087,2023-04-15,Billing,High,120.0,4
TKT-0002962,CUST-004648,2024-01-02,Billing,Medium,45.5,5
TKT-0002963,CUST-000657,2024-05-02,Technical,High,91.2,4
TKT-0002964,CUST-003153,2023-11-25,Account,Medium,51.0,2
TKT-0002965,CUST-002495,2024-03-01,Feature Request,Medium,34.8,5
TKT-0002966,CUST-003269,2023-04-18,Billing,High,80.1,3
TKT-0002967,CUST-004080,2023-01-18,Feature Request,Medium,51.2,5
TKT-0002968,CUST-004983,2024-07-12,Billing,Low,23.0,4
TKT-0002969,CUST-004763,2023-02-17,Account,High,75.5,4
TKT-0002970,CUST-001959,2024-11-11,Bug,Medium,42.9,5
TKT-0002971,CUST-003886,2023-03-20,Feature Request,Medium,40.4,4
TKT-0002972,CUST-004418,2023-02-09,Bug,Low,32.2,3
TKT-0002973,CUST-000618,2023-08-07,Bug,Medium,69.6,3
TKT-0002974,CUST-004395,2023-01-21,Bug,Medium,46.5,5
TKT-0002975,CUST-001787,2023-06-16,Billing,Medium,24.8,5
TKT-0002976,CUST-003211,2023-07-03,Bug,Medium,56.5,4
TKT-0002977,CUST-004477,2023-04-16,Account,High,70.2,3
TKT-0002978,CUST-000450,2023-05-24,Account,High,85.2,5
TKT-0002979,CUST-000223,2023-08-03,Billing,Medium,48.2,5
TKT-0002980,CUST-003329,2024-08-19,Bug,Low,33.8,4
TKT-0002981,CUST-003361,2023-12-13,Account,Low,10.7,5
TKT-0002982,CUST-001682,2024-01-08,Technical,Medium,51.7,5
TKT-0002983,CUST-004956,2023-04-20,Account,Medium,52.8,4
TKT-0002984,CUST-001954,2023-07-03,Billing,Medium,52.6,3
TKT-0002985,CUST-004848,2023-04-09,Feature Request,Low,33.9,5
TKT-0002986,CUST-004759,2024-03-03,Account,Medium,50.8,4
TKT-0002987,CUST-003192,2024-09-02,Account,Medium,37.4,4
TKT-0002988,CUST-002145,2024-06-08,Billing,Medium,60.0,4
TKT-0002989,CUST-004747,2023-08-18,Feature Request,Medium,46.5,4
TKT-0002990,CUST-003625,2023-05-20,Technical,Medium,50.0,4
TKT-0002991,CUST-004258,2023-07-15,Bug,Low,28.7,4
TKT-0002992,CUST-001079,2023-06-06,Technical,Medium,50.7,2
TKT-0002993,CUST-003087,2024-07-22,Bug,Low,25.5,5
TKT-0002994,CUST-001564,2023-12-30,Bug,High,35.7,4
TKT-0002995,CUST-003143,2023-09-23,Account,Medium,58.2,4
TKT-0002996,CUST-003813,2023-04-12,Billing,Medium,55.3,5
TKT-0002997,CUST-001909,2023-09-26,Account,Low,24.3,3
TKT-0002998,CUST-003410,2023-05-10,Account,High,87.9,3
TKT-0002999,CUST-000885,2023-06-18,Bug,Medium,33.1,5
TKT-0003000,CUST-004879,2024-02-24,Account,Low,32.0,5
TKT-0003001,CUST-004946,2023-08-25,Account,Low,30.6,4
TKT-0003002,CUST-001034,2024-10-04,Technical,Low,13.7,2
TKT-0003003,CUST-002700,2023-05-17,Account,Medium,57.6,4
TKT-0003004,CUST-001859,2024-02-27,Feature Request,Critical,87.1,5
TKT-0003005,CUST-000658,2023-05-11,Account,High,79.1,2
TKT-0003006,CUST-000523,2023-04-27,Bug,Medium,58.9,4
TKT-0003007,CUST-004516,2023-10-30,Bug,Medium,55.8,5
TKT-0003008,CUST-000554,2023-09-28,Billing,Medium,66.9,4
TKT-0003009,CUST-003394,2023-11-24,Feature Request,Critical,94.0,4
TKT-0003010,CUST-002769,2023-07-27,Account,Medium,55.6,4
TKT-0003011,CUST-003137,2024-05-01,Account,Critical,153.4,3
TKT-0003012,CUST-001039,2023-04-19,Bug,High,102.0,5
TKT-0003013,CUST-003402,2023-12-11,Account,Medium,57.8,4
TKT-0003014,CUST-001617,2024-10-23,Feature Request,High,66.3,5
TKT-0003015,CUST-004739,2023-02-07,Account,Medium,54.3,4
TKT-0003016,CUST-004792,2023-10-01,Billing,Medium,38.4,5
TKT-0003017,CUST-004716,2023-11-26,Account,Low,27.3,5
TKT-0003018,CUST-004700,2023-05-08,Account,High,71.8,4
TKT-0003019,CUST-003409,2024-09-24,Feature Request,Medium,27.1,4
TKT-0003020,CUST-001378,2024-02-07,Billing,Low,22.9,5
TKT-0003021,CUST-002664,2024-05-15,Billing,High,99.4,4
TKT-0003022,CUST-004164,2024-07-10,Account,High,78.9,5
TKT-0003023,CUST-004627,2024-03-27,Feature Request,High,53.8,4
TKT-0003024,CUST-004111,2024-05-20,Billing,High,81.1,5
TKT-0003025,CUST-001625,2024-07-17,Billing,High,52.8,5
TKT-0003026,CUST-003838,2024-05-27,Feature Request,Low,23.9,5
TKT-0003027,CUST-003664,2023-02-03,Technical,Medium,47.9,4
TKT-0003028,CUST-001583,2023-03-22,Bug,Medium,44.5,3
TKT-0003029,CUST-002382,2024-11-26,Feature Request,Medium,41.8,3
TKT-0003030,CUST-004786,2023-05-08,Technical,Medium,39.8,4
TKT-0003031,CUST-001357,2024-10-16,Account,High,57.1,4
TKT-0003032,CUST-002909,2023-12-28,Bug,Medium,40.1,4
TKT-0003033,CUST-000043,2024-09-12,Bug,Medium,71.5,5
TKT-0003034,CUST-002841,2023-04-13,Feature Request,High,69.5,5
TKT-0003035,CUST-001810,2023-08-02,Bug,Low,38.0,2
TKT-0003036,CUST-004548,2023-07-02,Account,Low,34.6,4
TKT-0003037,CUST-002764,2024-03-08,Account,Low,20.7,4
TKT-0003038,CUST-001052,2024-07-03,Technical,Low,26.8,3
TKT-0003039,CUST-003005,2023-11-02,Bug,Critical,126.3,2
TKT-0003040,CUST-002586,2023-07-10,Bug,Low,24.7,3
TKT-0003041,CUST-001878,2023-07-20,Account,Medium,56.8,3
TKT-0003042,CUST-001084,2023-06-29,Bug,High,51.3,4
TKT-0003043,CUST-002217,2024-12-24,Feature Request,High,78.6,4
TKT-0003044,CUST-002034,2024-12-03,Bug,Medium,37.6,5
TKT-0003045,CUST-002322,2024-02-07,Feature Request,Low,16.4,4
TKT-0003046,CUST-000945,2023-07-14,Feature Request,Medium,71.7,4
TKT-0003047,CUST-004382,2023-12-12,Technical,Low,35.4,3
TKT-0003048,CUST-002441,2023-12-30,Bug,Low,34.6,4
TKT-0003049,CUST-004527,2023-10-03,Feature Request,Low,28.5,5
TKT-0003050,CUST-002240,2024-02-29,Feature Request,Low,15.7,5
TKT-0003051,CUST-002005,2024-09-17,Bug,High,45.3,2
TKT-0003052,CUST-001269,2024-11-27,Feature Request,Medium,73.3,3
TKT-0003053,CUST-000677,2023-02-11,Account,Medium,61.6,5
TKT-0003054,CUST-003767,2023-08-01,Technical,Medium,33.0,4
TKT-0003055,CUST-003106,2023-07-16,Feature Request,Low,35.7,5
TKT-0003056,CUST-003561,2024-02-01,Feature Request,Medium,35.5,5
TKT-0003057,CUST-001379,2024-07-30,Account,Medium,29.1,5
TKT-0003058,CUST-004320,2024-12-23,Billing,High,80.2,2
TKT-0003059,CUST-003797,2023-07-12,Billing,High,73.8,5
TKT-0003060,CUST-001370,2023-03-30,Account,Low,29.3,4
TKT-0003061,CUST-002940,2023-02-05,Technical,Low,22.7,1
TKT-0003062,CUST-001061,2023-12-16,Feature Request,Medium,31.9,3
TKT-0003063,CUST-000988,2024-03-31,Bug,Medium,44.6,4
TKT-0003064,CUST-004345,2023-03-26,Feature Request,High,69.4,4
TKT-0003065,CUST-003356,2024-08-04,Feature Request,Medium,46.4,4
TKT-0003066,CUST-003838,2024-04-10,Account,Critical,133.1,4
TKT-0003067,CUST-001806,2023-09-11,Account,Medium,40.8,4
TKT-0003068,CUST-001569,2023-06-30,Feature Request,Low,20.2,2
TKT-0003069,CUST-003552,2023-07-25,Bug,Medium,53.9,4
TKT-0003070,CUST-002964,2024-12-21,Feature Request,Medium,17.8,5
TKT-0003071,CUST-001292,2024-07-15,Billing,Medium,56.0,5
TKT-0003072,CUST-002600,2023-04-13,Feature Request,High,61.0,4
TKT-0003073,CUST-002526,2023-12-29,Feature Request,Medium,61.6,3
TKT-0003074,CUST-000039,2023-10-28,Billing,High,87.9,5
TKT-0003075,CUST-003931,2023-12-15,Account,Medium,19.9,4
TKT-0003076,CUST-004694,2023-12-13,Billing,Low,23.0,3
TKT-0003077,CUST-003977,2023-05-21,Feature Request,Low,16.8,4
TKT-0003078,CUST-004766,2024-04-09,Technical,Critical,113.1,4
TKT-0003079,CUST-003295,2024-07-26,Account,Low,32.4,4
TKT-0003080,CUST-001980,2024-04-25,Technical,Medium,55.7,5
TKT-0003081,CUST-001795,2024-03-23,Account,Critical,28.9,3
TKT-0003082,CUST-002622,2024-10-16,Feature Request,Medium,62.2,4
TKT-0003083,CUST-000265,2023-06-15,Billing,High,70.0,3
TKT-0003084,CUST-000598,2024-10-07,Account,Medium,29.4,4
TKT-0003085,CUST-003551,2024-01-26,Technical,High,91.6,4
TKT-0003086,CUST-000991,2023-01-07,Billing,Medium,45.1,3
TKT-0003087,CUST-001746,2023-07-06,Account,Low,27.3,5
TKT-0003088,CUST-004117,2023-08-09,Technical,Medium,36.3,3
TKT-0003089,CUST-002528,2023-12-04,Feature Request,High,50.7,1
TKT-0003090,CUST-000184,2024-03-15,Feature Request,Medium,53.5,5
TKT-0003091,CUST-003437,2023-10-19,Technical,Low,30.5,4
TKT-0003092,CUST-003906,2023-01-23,Technical,Medium,60.7,4
TKT-0003093,CUST-001110,2024-11-23,Billing,Medium,32.7,3
TKT-0003094,CUST-000158,2024-08-20,Technical,Low,24.9,5
TKT-0003095,CUST-004593,2023-08-27,Technical,High,83.4,4
TKT-0003096,CUST-002154,2023-01-15,Account,Low,6.8,4
TKT-0003097,CUST-001233,2024-09-29,Feature Request,High,115.3,2
TKT-0003098,CUST-002176,2024-09-18,Bug,Medium,68.9,5
TKT-0003099,CUST-000351,2024-09-22,Feature Request,Low,26.8,3
TKT-0003100,CUST-003813,2024-06-30,Account,Medium,50.6,3
TKT-0003101,CUST-002923,2024-03-19,Feature Request,Medium,50.0,3
TKT-0003102,CUST-001463,2024-06-05,Feature Request,High,43.4,5
TKT-0003103,CUST-000067,2024-09-13,Account,Medium,40.3,5
TKT-0003104,CUST-003758,2023-03-22,Account,Medium,74.0,4
TKT-0003105,CUST-001683,2024-09-06,Account,High,94.3,4
TKT-0003106,CUST-000027,2024-01-18,Bug,Medium,74.6,5
TKT-0003107,CUST-003351,2023-01-13,Feature Request,High,82.1,4
TKT-0003108,CUST-004034,2024-05-08,Technical,Medium,57.4,4
TKT-0003109,CUST-001824,2024-12-13,Technical,Medium,31.1,3
TKT-0003110,CUST-004929,2024-07-28,Bug,Low,20.4,5
TKT-0003111,CUST-001968,2024-03-23,Account,Low,27.9,3
TKT-0003112,CUST-001635,2024-05-22,Feature Request,Medium,53.6,5
TKT-0003113,CUST-002845,2024-08-05,Feature Request,Low,19.4,5
TKT-0003114,CUST-004948,2024-02-06,Billing,Medium,24.7,4
TKT-0003115,CUST-004584,2024-08-06,Bug,High,91.1,5
TKT-0003116,CUST-002305,2024-08-08,Bug,Medium,13.6,2
TKT-0003117,CUST-002946,2024-09-13,Bug,Critical,143.9,3
TKT-0003118,CUST-003966,2024-08-02,Bug,Medium,72.2,3
TKT-0003119,CUST-002994,2023-08-11,Bug,Medium,50.0,3
TKT-0003120,CUST-002956,2024-11-14,Technical,High,65.1,5
TKT-0003121,CUST-004138,2024-06-21,Technical,High,103.2,5
TKT-0003122,CUST-002536,2023-04-21,Bug,Low,35.7,4
TKT-0003123,CUST-002153,2024-08-06,Technical,High,68.6,4
TKT-0003124,CUST-002614,2024-10-23,Billing,Medium,58.2,4
TKT-0003125,CUST-001011,2023-05-07,Bug,Critical,81.6,3
TKT-0003126,CUST-001683,2024-10-04,Technical,High,61.3,4
TKT-0003127,CUST-001721,2024-08-04,Account,Medium,63.6,5
TKT-0003128,CUST-003885,2023-10-25,Technical,Low,13.5,2
TKT-0003129,CUST-003045,2024-07-29,Technical,Medium,47.6,5
TKT-0003130,CUST-000287,2024-11-29,Billing,Medium,1.0,4
TKT-0003131,CUST-001095,2024-04-16,Bug,Low,22.9,3
TKT-0003132,CUST-000198,2023-10-07,Billing,High,51.0,4
TKT-0003133,CUST-001976,2024-02-03,Bug,High,101.6,4
TKT-0003134,CUST-003848,2023-05-01,Billing,Medium,34.6,4
TKT-0003135,CUST-004796,2023-06-27,Feature Request,High,77.0,5
TKT-0003136,CUST-001322,2023-08-29,Technical,Medium,43.0,5
TKT-0003137,CUST-001551,2024-11-06,Bug,Medium,78.4,1
TKT-0003138,CUST-004739,2023-03-27,Account,Low,23.6,5
TKT-0003139,CUST-002977,2024-09-04,Account,Medium,13.9,2
TKT-0003140,CUST-002729,2024-12-13,Technical,High,69.0,4
TKT-0003141,CUST-003549,2024-11-09,Billing,Medium,56.8,5
TKT-0003142,CUST-004375,2023-01-09,Feature Request,Medium,42.4,5
TKT-0003143,CUST-001512,2023-02-06,Billing,Low,18.6,5
TKT-0003144,CUST-000819,2023-05-26,Bug,Medium,39.9,4
TKT-0003145,CUST-001524,2023-10-24,Billing,Low,22.2,4
TKT-0003146,CUST-001060,2023-04-04,Technical,High,100.4,4
TKT-0003147,CUST-002083,2024-01-06,Technical,High,64.5,3
TKT-0003148,CUST-000295,2023-12-11,Billing,Critical,145.2,4
TKT-0003149,CUST-003758,2023-04-26,Billing,Medium,23.4,3
TKT-0003150,CUST-001756,2024-05-21,Bug,High,87.8,3
TKT-0003151,CUST-003736,2023-12-01,Feature Request,Medium,40.9,3
TKT-0003152,CUST-004752,2024-06-16,Account,Low,30.7,4
TKT-0003153,CUST-004195,2024-02-10,Technical,Low,27.1,2
TKT-0003154,CUST-003138,2023-08-11,Feature Request,Low,10.3,3
TKT-0003155,CUST-002337,2024-04-08,Billing,Medium,28.5,4
TKT-0003156,CUST-000148,2023-08-04,Technical,High,83.9,4
TKT-0003157,CUST-001849,2023-12-08,Bug,Low,15.5,5
TKT-0003158,CUST-001094,2023-07-29,Technical,Low,30.3,5
TKT-0003159,CUST-003573,2023-07-27,Billing,High,61.3,4
TKT-0003160,CUST-004320,2023-06-19,Bug,High,61.5,2
TKT-0003161,CUST-002270,2024-04-29,Account,Low,24.3,5
TKT-0003162,CUST-002035,2023-02-05,Bug,High,91.8,4
TKT-0003163,CUST-004890,2023-05-14,Bug,High,32.1,5
TKT-0003164,CUST-001512,2024-05-31,Feature Request,Medium,84.7,4
TKT-0003165,CUST-000088,2024-08-30,Technical,High,81.6,3
TKT-0003166,CUST-002951,2024-09-11,Bug,Low,37.8,4
TKT-0003167,CUST-002559,2024-02-16,Bug,High,85.3,3
TKT-0003168,CUST-003092,2024-02-23,Account,Medium,50.9,5
TKT-0003169,CUST-004615,2024-03-20,Feature Request,Low,18.1,5
TKT-0003170,CUST-001218,2024-05-28,Account,Critical,148.8,4
TKT-0003171,CUST-003077,2024-03-19,Feature Request,Medium,61.1,5
TKT-0003172,CUST-000393,2024-06-29,Billing,Medium,38.9,2
TKT-0003173,CUST-000425,2024-01-13,Feature Request,Medium,32.1,4
TKT-0003174,CUST-000872,2024-07-06,Account,Critical,121.5,5
TKT-0003175,CUST-003302,2023-10-03,Billing,Low,19.9,4
TKT-0003176,CUST-002747,2023-08-06,Account,High,70.5,5
TKT-0003177,CUST-004868,2023-03-13,Billing,Medium,51.6,3
TKT-0003178,CUST-002214,2023-04-02,Technical,Low,20.9,3
TKT-0003179,CUST-002405,2024-01-30,Billing,High,66.2,5
TKT-0003180,CUST-003718,2023-06-15,Billing,Critical,112.5,2
TKT-0003181,CUST-003478,2023-03-10,Feature Request,High,101.4,3
TKT-0003182,CUST-000242,2023-03-02,Account,Medium,52.8,3
TKT-0003183,CUST-000961,2024-12-30,Account,High,61.6,5
TKT-0003184,CUST-000734,2024-11-18,Bug,Low,23.5,4
TKT-0003185,CUST-000571,2024-12-11,Bug,Medium,32.2,4
TKT-0003186,CUST-003016,2024-02-19,Bug,Medium,42.1,3
TKT-0003187,CUST-004386,2023-12-30,Feature Request,Medium,39.7,4
TKT-0003188,CUST-004312,2023-03-28,Technical,Low,21.6,3
TKT-0003189,CUST-001179,2023-11-09,Technical,High,89.4,5
TKT-0003190,CUST-004484,2024-12-18,Feature Request,Medium,18.3,5
TKT-0003191,CUST-001077,2024-09-22,Feature Request,Medium,40.2,5
TKT-0003192,CUST-002519,2023-09-17,Bug,Medium,66.5,4
TKT-0003193,CUST-000922,2024-04-17,Bug,Low,18.6,3
TKT-0003194,CUST-002688,2023-07-31,Feature Request,Medium,53.7,4
TKT-0003195,CUST-002163,2024-09-20,Technical,Medium,38.6,4
TKT-0003196,CUST-004229,2024-02-17,Bug,High,71.5,5
TKT-0003197,CUST-004089,2024-01-08,Bug,Medium,59.8,2
TKT-0003198,CUST-000875,2024-12-01,Bug,Medium,51.6,5
TKT-0003199,CUST-002328,2023-10-25,Technical,Medium,36.5,5
TKT-0003200,CUST-000414,2023-07-25,Billing,Low,6.3,3
TKT-0003201,CUST-004171,2023-03-22,Billing,Medium,19.9,5
TKT-0003202,CUST-004446,2023-01-19,Feature Request,Low,21.8,5
TKT-0003203,CUST-004420,2023-12-15,Account,High,96.8,4
TKT-0003204,CUST-002540,2023-12-29,Account,High,81.3,4
TKT-0003205,CUST-003647,2024-03-25,Feature Request,Medium,54.1,4
TKT-0003206,CUST-004969,2024-05-22,Account,High,57.8,5
TKT-0003207,CUST-000725,2023-03-09,Feature Request,High,52.3,4
TKT-0003208,CUST-003662,2024-11-09,Technical,High,75.2,4
TKT-0003209,CUST-004464,2023-02-16,Technical,Medium,52.1,3
TKT-0003210,CUST-004708,2023-07-29,Billing,High,104.2,5
TKT-0003211,CUST-001607,2024-11-27,Technical,High,55.5,5
TKT-0003212,CUST-004282,2023-02-26,Bug,Medium,42.4,4
TKT-0003213,CUST-001975,2024-11-08,Bug,Critical,131.1,5
TKT-0003214,CUST-002481,2023-05-28,Account,Medium,25.5,4
TKT-0003215,CUST-003061,2024-04-17,Billing,Medium,58.9,3
TKT-0003216,CUST-002519,2023-12-05,Account,High,73.7,4
TKT-0003217,CUST-004921,2024-08-10,Feature Request,High,58.8,4
TKT-0003218,CUST-004666,2024-02-29,Feature Request,Medium,39.8,5
TKT-0003219,CUST-003345,2023-02-12,Technical,High,63.0,1
TKT-0003220,CUST-004341,2024-07-24,Account,Low,31.1,3
TKT-0003221,CUST-000040,2024-10-06,Feature Request,High,47.3,5
TKT-0003222,CUST-004862,2024-07-12,Feature Request,High,63.0,3
TKT-0003223,CUST-003620,2024-08-15,Account,Critical,141.8,5
TKT-0003224,CUST-000175,2023-12-05,Billing,Medium,42.4,3
TKT-0003225,CUST-002402,2024-07-15,Bug,Low,24.7,5
TKT-0003226,CUST-001428,2024-01-28,Billing,High,60.3,4
TKT-0003227,CUST-002148,2024-09-16,Feature Request,Low,18.5,5
TKT-0003228,CUST-004716,2024-04-07,Feature Request,Medium,52.0,5
TKT-0003229,CUST-001922,2024-09-14,Bug,Low,40.7,5
TKT-0003230,CUST-003343,2023-07-13,Account,High,90.3,5
TKT-0003231,CUST-002316,2023-12-06,Account,Low,32.4,5
TKT-0003232,CUST-001791,2024-06-17,Feature Request,Medium,39.5,4
TKT-0003233,CUST-000093,2023-11-03,Technical,Low,20.2,4
TKT-0003234,CUST-003444,2023-07-28,Technical,Medium,48.3,5
TKT-0003235,CUST-000924,2023-09-19,Technical,Medium,50.8,3
TKT-0003236,CUST-000184,2023-06-14,Bug,Medium,55.5,5
TKT-0003237,CUST-000137,2023-07-12,Technical,Low,25.0,3
TKT-0003238,CUST-003600,2023-04-13,Feature Request,Medium,55.9,4
TKT-0003239,CUST-004836,2023-09-26,Bug,High,53.4,4
TKT-0003240,CUST-004880,2024-08-03,Billing,Low,27.0,4
TKT-0003241,CUST-003485,2023-10-11,Bug,High,77.6,4
TKT-0003242,CUST-001349,2023-12-08,Feature Request,Low,13.8,1
TKT-0003243,CUST-001943,2023-06-21,Bug,High,68.8,3
TKT-0003244,CUST-000226,2023-04-14,Billing,High,36.7,4
TKT-0003245,CUST-001604,2023-06-22,Billing,Low,26.0,5
TKT-0003246,CUST-001397,2023-12-20,Account,Medium,65.9,3
TKT-0003247,CUST-004508,2024-12-25,Feature Request,High,85.5,4
TKT-0003248,CUST-001908,2024-07-15,Feature Request,Medium,49.2,3
TKT-0003249,CUST-004719,2024-03-19,Billing,Medium,63.4,4
TKT-0003250,CUST-003300,2023-02-16,Feature Request,Low,19.0,4
TKT-0003251,CUST-000841,2024-03-10,Technical,Critical,185.2,3
TKT-0003252,CUST-000944,2023-05-23,Technical,Medium,20.7,5
TKT-0003253,CUST-000401,2024-10-20,Billing,Medium,37.1,5
TKT-0003254,CUST-003182,2023-01-06,Feature Request,Medium,46.1,5
TKT-0003255,CUST-000950,2024-10-01,Billing,Medium,51.0,5
TKT-0003256,CUST-003146,2024-06-08,Technical,Medium,53.6,5
TKT-0003257,CUST-000346,2023-04-21,Feature Request,Low,19.7,4
TKT-0003258,CUST-002781,2024-07-18,Billing,Medium,57.8,5
TKT-0003259,CUST-000054,2023-02-15,Billing,Low,16.0,5
TKT-0003260,CUST-004976,2024-11-29,Bug,Low,25.8,3
TKT-0003261,CUST-000387,2023-10-07,Feature Request,Low,18.7,3
TKT-0003262,CUST-001961,2023-02-18,Feature Request,High,86.6,4
TKT-0003263,CUST-004441,2024-10-30,Billing,Low,7.9,3
TKT-0003264,CUST-000131,2024-08-11,Feature Request,Medium,60.1,3
TKT-0003265,CUST-002577,2024-09-25,Billing,Critical,116.6,4
TKT-0003266,CUST-000326,2024-08-21,Billing,Medium,61.1,4
TKT-0003267,CUST-004509,2023-04-29,Feature Request,High,73.9,5
TKT-0003268,CUST-003278,2023-11-21,Account,High,122.5,3
TKT-0003269,CUST-000957,2023-05-08,Bug,Low,30.0,5
TKT-0003270,CUST-004145,2023-11-06,Bug,High,110.5,3
TKT-0003271,CUST-001568,2023-04-17,Bug,Medium,41.6,5
TKT-0003272,CUST-002417,2023-10-26,Bug,High,78.4,5
TKT-0003273,CUST-003060,2023-01-03,Feature Request,Low,18.9,4
TKT-0003274,CUST-000687,2024-01-02,Bug,Low,15.2,5
TKT-0003275,CUST-000517,2023-03-03,Feature Request,Medium,28.8,2
TKT-0003276,CUST-002772,2024-07-25,Feature Request,High,85.6,4
TKT-0003277,CUST-004339,2023-12-24,Billing,Low,27.1,3
TKT-0003278,CUST-000376,2023-01-15,Account,Medium,58.1,3
TKT-0003279,CUST-003133,2024-11-12,Technical,Medium,50.7,1
TKT-0003280,CUST-002115,2023-03-23,Technical,Medium,30.0,4
TKT-0003281,CUST-002070,2024-12-21,Account,Low,35.0,4
TKT-0003282,CUST-004363,2023-09-05,Account,Medium,44.4,2
TKT-0003283,CUST-000332,2024-11-21,Billing,Low,30.7,4
TKT-0003284,CUST-001522,2023-09-30,Account,Low,31.9,5
TKT-0003285,CUST-004416,2024-05-05,Technical,Low,28.4,3
TKT-0003286,CUST-004819,2024-10-06,Technical,High,78.9,4
TKT-0003287,CUST-002185,2023-10-07,Account,Medium,52.6,4
TKT-0003288,CUST-000592,2023-06-15,Technical,Medium,69.6,4
TKT-0003289,CUST-003409,2024-09-07,Bug,Low,21.7,3
TKT-0003290,CUST-004580,2024-12-05,Technical,Medium,59.8,3
TKT-0003291,CUST-004991,2024-02-16,Account,Medium,52.1,4
TKT-0003292,CUST-003053,2023-08-13,Feature Request,Low,30.9,4
TKT-0003293,CUST-002315,2024-02-29,Bug,High,84.4,4
TKT-0003294,CUST-002317,2023-09-18,Bug,High,91.2,5
TKT-0003295,CUST-003577,2023-03-15,Bug,Low,26.6,4
TKT-0003296,CUST-004799,2023-07-07,Feature Request,High,33.8,4
TKT-0003297,CUST-002340,2023-06-25,Technical,Low,21.8,5
TKT-0003298,CUST-003388,2024-02-26,Bug,Low,11.3,1
TKT-0003299,CUST-003828,2023-11-07,Billing,High,43.8,5
TKT-0003300,CUST-004396,2024-04-08,Bug,Medium,55.6,4
TKT-0003301,CUST-003304,2023-05-19,Technical,Medium,66.4,5
TKT-0003302,CUST-001006,2023-11-24,Technical,Medium,49.6,4
TKT-0003303,CUST-000547,2024-12-09,Bug,Medium,42.9,5
TKT-0003304,CUST-002478,2023-10-01,Feature Request,Low,28.6,4
TKT-0003305,CUST-001706,2024-12-06,Billing,Critical,103.3,2
TKT-0003306,CUST-003102,2023-08-13,Feature Request,Low,17.5,3
TKT-0003307,CUST-002646,2024-12-17,Account,Medium,57.5,1
TKT-0003308,CUST-000624,2024-08-11,Feature Request,Medium,35.7,5
TKT-0003309,CUST-002136,2023-07-02,Bug,Medium,46.9,5
TKT-0003310,CUST-002643,2023-10-20,Account,Low,25.4,5
TKT-0003311,CUST-001273,2023-12-15,Account,Low,32.2,4
TKT-0003312,CUST-004176,2023-08-05,Feature Request,Low,16.6,3
TKT-0003313,CUST-000238,2024-09-06,Bug,Low,19.4,5
TKT-0003314,CUST-001895,2024-02-12,Feature Request,High,111.6,4
TKT-0003315,CUST-000632,2023-01-14,Technical,Low,22.5,2
TKT-0003316,CUST-001631,2023-10-24,Billing,Low,9.8,2
TKT-0003317,CUST-002291,2023-05-10,Feature Request,High,56.8,2
TKT-0003318,CUST-001989,2023-09-17,Bug,High,108.1,5
TKT-0003319,CUST-002683,2023-01-27,Technical,Low,26.8,1
TKT-0003320,CUST-003549,2024-07-03,Feature Request,High,89.9,5
TKT-0003321,CUST-000773,2023-03-27,Feature Request,Medium,66.8,3
TKT-0003322,CUST-002484,2024-04-09,Feature Request,Low,31.3,5
TKT-0003323,CUST-003280,2023-10-17,Billing,Low,22.5,4
TKT-0003324,CUST-000197,2024-12-25,Feature Request,High,87.1,5
TKT-0003325,CUST-003234,2024-10-06,Technical,Medium,36.1,5
TKT-0003326,CUST-004481,2023-10-11,Feature Request,Medium,47.1,5
TKT-0003327,CUST-000041,2023-05-22,Account,High,51.3,1
TKT-0003328,CUST-001950,2024-01-12,Bug,High,47.6,5
TKT-0003329,CUST-000643,2024-11-19,Bug,Low,23.9,3
TKT-0003330,CUST-001977,2023-08-31,Billing,Medium,49.1,5
TKT-0003331,CUST-004111,2024-08-07,Bug,Low,12.1,3
TKT-0003332,CUST-001737,2024-12-17,Feature Request,High,62.9,4
TKT-0003333,CUST-003452,2024-12-19,Technical,Medium,51.2,3
TKT-0003334,CUST-001476,2024-02-14,Feature Request,Low,31.3,5
TKT-0003335,CUST-004099,2024-06-24,Feature Request,Medium,27.9,3
TKT-0003336,CUST-000963,2024-10-28,Feature Request,Medium,60.6,5
TKT-0003337,CUST-001861,2023-12-12,Feature Request,Medium,61.2,5
TKT-0003338,CUST-002844,2024-10-02,Technical,Low,27.3,5
TKT-0003339,CUST-000108,2023-07-10,Bug,Low,33.9,5
TKT-0003340,CUST-000378,2024-04-08,Bug,High,88.1,4
TKT-0003341,CUST-004833,2024-03-18,Bug,Low,24.4,4
TKT-0003342,CUST-001365,2024-05-30,Technical,High,71.5,5
TKT-0003343,CUST-003322,2023-07-01,Account,Medium,35.2,4
TKT-0003344,CUST-000862,2023-01-20,Account,Low,29.3,3
TKT-0003345,CUST-000972,2024-08-05,Account,Medium,20.1,5
TKT-0003346,CUST-002335,2023-04-11,Bug,Low,19.6,4
TKT-0003347,CUST-003246,2024-07-15,Feature Request,Low,7.2,4
TKT-0003348,CUST-001992,2024-10-25,Feature Request,Medium,38.5,5
TKT-0003349,CUST-002925,2024-07-16,Billing,Critical,88.7,5
TKT-0003350,CUST-001509,2023-04-15,Bug,Medium,68.3,5
TKT-0003351,CUST-000131,2023-06-19,Feature Request,Low,29.4,3
TKT-0003352,CUST-004586,2023-06-06,Feature Request,High,47.0,5
TKT-0003353,CUST-003700,2023-11-11,Account,Low,26.4,5
TKT-0003354,CUST-000052,2024-01-29,Feature Request,Critical,140.0,2
TKT-0003355,CUST-000919,2024-02-04,Billing,Medium,61.8,4
TKT-0003356,CUST-003817,2023-05-06,Billing,High,98.6,5
TKT-0003357,CUST-003751,2023-09-23,Billing,Low,23.4,4
TKT-0003358,CUST-003538,2023-06-13,Bug,High,105.5,5
TKT-0003359,CUST-004521,2024-07-03,Account,High,60.2,5
TKT-0003360,CUST-000684,2023-02-10,Feature Request,Low,18.5,4
TKT-0003361,CUST-000481,2024-09-11,Billing,Low,16.6,3
TKT-0003362,CUST-001042,2024-05-14,Technical,Low,27.7,4
TKT-0003363,CUST-002113,2023-01-02,Bug,High,86.5,2
TKT-0003364,CUST-000224,2023-06-15,Feature Request,High,58.2,4
TKT-0003365,CUST-004158,2023-01-09,Technical,Medium,39.0,2
TKT-0003366,CUST-003229,2024-09-14,Account,High,72.7,5
TKT-0003367,CUST-001950,2024-04-24,Billing,High,34.6,5
TKT-0003368,CUST-002363,2024-08-24,Bug,High,81.9,2
TKT-0003369,CUST-000938,2024-12-23,Feature Request,Low,17.4,5
TKT-0003370,CUST-004828,2023-01-16,Feature Request,High,60.8,3
TKT-0003371,CUST-001432,2024-09-13,Bug,Low,24.6,2
TKT-0003372,CUST-001240,2024-03-21,Bug,Low,14.4,4
TKT-0003373,CUST-004375,2024-11-21,Technical,Medium,31.5,4
TKT-0003374,CUST-002028,2023-09-10,Billing,Low,1.0,4
TKT-0003375,CUST-004353,2024-01-02,Feature Request,Low,27.8,4
TKT-0003376,CUST-002996,2023-04-14,Account,Low,13.8,2
TKT-0003377,CUST-004677,2024-12-03,Account,High,77.8,5
TKT-0003378,CUST-001039,2023-11-22,Bug,Low,24.9,4
TKT-0003379,CUST-003594,2024-09-29,Bug,Medium,51.3,4
TKT-0003380,CUST-000033,2023-03-21,Feature Request,High,67.9,2
TKT-0003381,CUST-001192,2023-03-18,Billing,High,50.5,4
TKT-0003382,CUST-001559,2024-04-25,Technical,High,49.6,5
TKT-0003383,CUST-002278,2023-12-16,Account,Medium,47.6,3
TKT-0003384,CUST-001932,2024-10-26,Technical,Low,38.5,4
TKT-0003385,CUST-003595,2023-08-07,Technical,High,104.9,5
TKT-0003386,CUST-001834,2023-08-30,Bug,Low,27.7,4
TKT-0003387,CUST-003046,2023-05-01,Billing,High,79.7,4
TKT-0003388,CUST-002884,2024-03-26,Feature Request,Low,28.1,5
TKT-0003389,CUST-003306,2023-02-26,Feature Request,Medium,48.8,4
TKT-0003390,CUST-002367,2023-05-19,Feature Request,High,87.7,3
TKT-0003391,CUST-000788,2024-11-17,Feature Request,High,78.2,4
TKT-0003392,CUST-001868,2023-12-25,Billing,Medium,45.6,3
TKT-0003393,CUST-004582,2023-07-28,Technical,Medium,45.5,3
TKT-0003394,CUST-002810,2023-09-02,Billing,High,105.4,4
TKT-0003395,CUST-003549,2024-05-25,Account,High,114.3,4
TKT-0003396,CUST-000131,2024-09-04,Billing,Low,27.3,3
TKT-0003397,CUST-000265,2024-04-30,Technical,Medium,25.8,4
TKT-0003398,CUST-000815,2023-01-02,Bug,Medium,32.6,4
TKT-0003399,CUST-001934,2024-06-28,Bug,Medium,33.2,4
TKT-0003400,CUST-000050,2024-02-03,Feature Request,Medium,48.0,3
TKT-0003401,CUST-002759,2023-02-22,Billing,Low,22.7,3
TKT-0003402,CUST-004429,2023-11-12,Bug,Low,20.8,4
TKT-0003403,CUST-000964,2024-10-24,Account,Low,8.4,4
TKT-0003404,CUST-003357,2023-08-30,Feature Request,High,108.6,3
TKT-0003405,CUST-004885,2024-04-23,Bug,High,73.2,3
TKT-0003406,CUST-002354,2024-05-05,Technical,Medium,67.8,5
TKT-0003407,CUST-004563,2023-12-20,Bug,Medium,49.8,2
TKT-0003408,CUST-004047,2024-07-17,Bug,Medium,72.6,2
TKT-0003409,CUST-000174,2024-04-16,Technical,Medium,66.1,4
TKT-0003410,CUST-002727,2023-07-04,Feature Request,High,93.5,5
TKT-0003411,CUST-004586,2024-01-12,Billing,Medium,49.2,4
TKT-0003412,CUST-004248,2023-07-23,Bug,Medium,41.1,1
TKT-0003413,CUST-000050,2024-04-23,Feature Request,High,121.0,3
TKT-0003414,CUST-000877,2023-03-30,Bug,Low,22.8,5
TKT-0003415,CUST-004220,2024-05-19,Bug,Medium,58.1,4
TKT-0003416,CUST-004712,2023-05-22,Technical,High,78.8,3
TKT-0003417,CUST-002223,2023-02-06,Bug,Medium,52.3,4
TKT-0003418,CUST-003042,2024-12-02,Feature Request,Low,30.8,4
TKT-0003419,CUST-000404,2023-04-28,Billing,Low,26.6,3
TKT-0003420,CUST-003506,2023-11-28,Billing,Medium,34.7,3
TKT-0003421,CUST-003217,2023-08-24,Feature Request,Medium,21.0,4
TKT-0003422,CUST-003341,2023-09-03,Bug,High,85.2,4
TKT-0003423,CUST-001630,2023-08-21,Billing,Critical,120.8,5
TKT-0003424,CUST-001281,2023-01-26,Technical,High,62.7,4
TKT-0003425,CUST-002194,2023-01-08,Account,High,66.8,5
TKT-0003426,CUST-004500,2023-07-24,Account,Low,23.8,5
TKT-0003427,CUST-001381,2023-07-10,Technical,High,27.4,4
TKT-0003428,CUST-001959,2023-12-11,Bug,High,72.8,3
TKT-0003429,CUST-002533,2024-01-27,Technical,High,53.0,3
TKT-0003430,CUST-004634,2024-08-12,Technical,High,65.8,2
TKT-0003431,CUST-002282,2024-03-01,Billing,Medium,55.9,5
TKT-0003432,CUST-004157,2023-10-06,Account,Medium,56.6,4
TKT-0003433,CUST-004022,2024-03-31,Bug,High,30.0,4
TKT-0003434,CUST-000342,2023-09-15,Technical,Medium,51.7,4
TKT-0003435,CUST-004345,2023-03-10,Billing,Medium,42.3,3
TKT-0003436,CUST-004826,2023-07-15,Technical,Low,22.4,4
TKT-0003437,CUST-003144,2023-08-30,Feature Request,High,84.5,4
TKT-0003438,CUST-000688,2023-03-13,Account,Medium,45.0,1
TKT-0003439,CUST-001511,2023-04-13,Bug,Low,22.1,3
TKT-0003440,CUST-004352,2024-01-01,Bug,High,43.8,4
TKT-0003441,CUST-002163,2023-04-04,Feature Request,Medium,48.1,4
TKT-0003442,CUST-004809,2024-09-01,Feature Request,Low,33.8,3
TKT-0003443,CUST-003098,2024-02-29,Bug,Low,24.1,3
TKT-0003444,CUST-001964,2024-05-30,Bug,High,60.4,4
TKT-0003445,CUST-003090,2023-08-21,Account,Medium,64.7,5
TKT-0003446,CUST-003170,2024-09-16,Bug,Medium,84.6,4
TKT-0003447,CUST-000545,2023-10-25,Technical,Low,22.4,3
TKT-0003448,CUST-002744,2024-07-06,Feature Request,Medium,61.3,4
TKT-0003449,CUST-003318,2024-12-09,Feature Request,Medium,48.1,3
TKT-0003450,CUST-000376,2023-11-05,Feature Request,Low,16.8,5
TKT-0003451,CUST-004529,2023-06-11,Feature Request,Medium,42.7,1
TKT-0003452,CUST-000848,2023-05-25,Feature Request,Low,38.5,4
TKT-0003453,CUST-000033,2024-02-27,Technical,Medium,30.5,5
TKT-0003454,CUST-003711,2024-11-02,Account,Medium,45.6,4
TKT-0003455,CUST-004313,2024-03-18,Technical,Low,27.9,5
TKT-0003456,CUST-000151,2023-07-22,Billing,Medium,48.6,4
TKT-0003457,CUST-004998,2023-03-30,Technical,High,40.1,5
TKT-0003458,CUST-004062,2024-01-12,Bug,Medium,64.6,5
TKT-0003459,CUST-004538,2023-11-06,Bug,Medium,38.3,5
TKT-0003460,CUST-004115,2023-08-06,Feature Request,Medium,31.1,5
TKT-0003461,CUST-000542,2023-01-19,Technical,High,57.1,5
TKT-0003462,CUST-002728,2024-08-30,Technical,Medium,51.3,3
TKT-0003463,CUST-003968,2024-09-21,Account,Low,23.4,3
TKT-0003464,CUST-002346,2023-01-31,Feature Request,Critical,76.4,5
TKT-0003465,CUST-000989,2023-07-31,Technical,Low,31.5,4
TKT-0003466,CUST-000422,2024-10-19,Account,Medium,64.0,5
TKT-0003467,CUST-001945,2024-10-30,Bug,Medium,87.7,3
TKT-0003468,CUST-000878,2023-11-15,Technical,Low,20.7,5
TKT-0003469,CUST-002704,2024-12-09,Bug,Medium,51.4,5
TKT-0003470,CUST-001355,2024-08-05,Billing,Medium,25.7,3
TKT-0003471,CUST-002947,2023-05-01,Technical,High,70.9,3
TKT-0003472,CUST-000994,2023-09-10,Feature Request,Medium,44.9,5
TKT-0003473,CUST-001887,2023-03-19,Bug,High,81.9,4
TKT-0003474,CUST-001092,2023-12-31,Account,Critical,74.8,5
TKT-0003475,CUST-001824,2024-01-26,Feature Request,Medium,39.4,1
TKT-0003476,CUST-000511,2024-10-17,Billing,High,52.3,5
TKT-0003477,CUST-002435,2023-12-17,Technical,Medium,54.0,3
TKT-0003478,CUST-003501,2023-07-20,Bug,Medium,54.6,3
TKT-0003479,CUST-002226,2024-12-27,Billing,Medium,36.7,5
TKT-0003480,CUST-004068,2024-01-24,Bug,Medium,41.1,2
TKT-0003481,CUST-002322,2024-03-18,Billing,Medium,34.9,4
TKT-0003482,CUST-002726,2024-05-23,Technical,Medium,45.0,5
TKT-0003483,CUST-000634,2023-04-01,Account,Low,22.6,4
TKT-0003484,CUST-001110,2023-08-01,Bug,High,74.7,3
TKT-0003485,CUST-004464,2024-02-15,Account,Medium,57.9,3
TKT-0003486,CUST-000622,2023-11-10,Billing,Low,21.4,5
TKT-0003487,CUST-002623,2024-03-04,Feature Request,High,59.7,4
TKT-0003488,CUST-002501,2024-12-23,Bug,Low,15.2,5
TKT-0003489,CUST-003000,2023-07-20,Feature Request,Low,17.1,3
TKT-0003490,CUST-002808,2023-12-03,Bug,High,78.6,2
TKT-0003491,CUST-004570,2023-03-27,Technical,High,83.3,3
TKT-0003492,CUST-002326,2023-11-05,Feature Request,Critical,166.1,4
TKT-0003493,CUST-000249,2023-11-29,Technical,Low,27.2,4
TKT-0003494,CUST-003309,2023-06-22,Technical,Critical,127.1,5
TKT-0003495,CUST-003178,2023-07-08,Account,High,74.9,4
TKT-0003496,CUST-004414,2024-06-11,Billing,Low,29.0,4
TKT-0003497,CUST-004983,2024-10-16,Technical,High,57.5,2
TKT-0003498,CUST-000589,2023-05-19,Bug,Medium,35.2,4
TKT-0003499,CUST-001767,2023-08-06,Account,High,75.3,4
TKT-0003500,CUST-003988,2023-05-23,Technical,Low,26.4,4
TKT-0003501,CUST-003065,2023-11-29,Technical,Low,29.4,3
TKT-0003502,CUST-004739,2024-12-04,Account,High,63.3,4
TKT-0003503,CUST-002677,2023-08-10,Bug,Medium,63.4,4
TKT-0003504,CUST-001103,2023-11-13,Account,Medium,40.8,5
TKT-0003505,CUST-001244,2024-06-07,Technical,Medium,51.1,4
TKT-0003506,CUST-000005,2024-11-06,Feature Request,Medium,59.3,3
TKT-0003507,CUST-000120,2023-11-25,Account,Medium,23.9,5
TKT-0003508,CUST-004659,2023-07-11,Feature Request,Medium,60.3,4
TKT-0003509,CUST-000734,2024-09-01,Technical,Medium,51.6,4
TKT-0003510,CUST-000462,2024-04-02,Bug,High,62.1,2
TKT-0003511,CUST-001323,2024-09-19,Feature Request,High,67.8,4
TKT-0003512,CUST-002887,2024-08-04,Account,Low,11.8,4
TKT-0003513,CUST-001884,2023-08-05,Bug,Low,22.8,4
TKT-0003514,CUST-001245,2024-12-30,Feature Request,Medium,23.6,4
TKT-0003515,CUST-004168,2023-09-19,Feature Request,Low,35.3,4
TKT-0003516,CUST-000021,2024-09-02,Account,Low,10.4,4
TKT-0003517,CUST-000742,2024-02-21,Billing,Medium,26.2,5
TKT-0003518,CUST-000547,2023-12-30,Bug,Low,33.9,4
TKT-0003519,CUST-003242,2024-03-24,Feature Request,High,80.4,5
TKT-0003520,CUST-001268,2024-04-12,Technical,High,113.0,5
TKT-0003521,CUST-000946,2023-11-19,Technical,Medium,40.8,5
TKT-0003522,CUST-001740,2024-07-16,Technical,Medium,42.9,5
TKT-0003523,CUST-002998,2023-09-03,Account,Low,28.9,4
TKT-0003524,CUST-002196,2024-10-18,Bug,Low,22.1,3
TKT-0003525,CUST-001319,2023-08-15,Technical,Medium,72.0,2
TKT-0003526,CUST-001198,2023-12-21,Feature Request,High,65.3,2
TKT-0003527,CUST-001811,2023-06-30,Bug,Low,24.6,3
TKT-0003528,CUST-004301,2023-05-03,Bug,High,72.9,4
TKT-0003529,CUST-004867,2024-11-16,Technical,High,77.2,4
TKT-0003530,CUST-001328,2024-09-14,Account,High,62.0,2
TKT-0003531,CUST-002274,2024-05-23,Bug,Low,26.4,5
TKT-0003532,CUST-002267,2023-01-01,Technical,High,77.6,3
TKT-0003533,CUST-000978,2024-11-30,Feature Request,Medium,32.7,3
TKT-0003534,CUST-000805,2024-02-01,Billing,Medium,49.0,3
TKT-0003535,CUST-002499,2023-10-29,Technical,Medium,64.4,2
TKT-0003536,CUST-000806,2023-01-07,Account,High,49.6,4
TKT-0003537,CUST-004708,2024-03-19,Account,Medium,66.1,3
TKT-0003538,CUST-002065,2023-10-23,Account,Critical,142.9,5
TKT-0003539,CUST-001498,2023-04-01,Billing,Low,32.5,4
TKT-0003540,CUST-003439,2023-05-28,Feature Request,Medium,43.8,3
TKT-0003541,CUST-003773,2023-07-20,Bug,Critical,54.6,1
TKT-0003542,CUST-003925,2024-12-09,Bug,High,93.4,4
TKT-0003543,CUST-002841,2024-10-18,Technical,Low,11.3,4
TKT-0003544,CUST-000545,2023-03-20,Bug,Medium,35.6,4
TKT-0003545,CUST-003231,2023-11-28,Billing,Low,18.2,3
TKT-0003546,CUST-004872,2023-10-15,Billing,Critical,98.5,4
TKT-0003547,CUST-000994,2023-02-11,Account,Medium,45.8,4
TKT-0003548,CUST-001899,2023-06-09,Billing,Medium,74.4,3
TKT-0003549,CUST-004016,2023-11-12,Technical,Low,27.2,4
TKT-0003550,CUST-004606,2023-09-25,Feature Request,Medium,74.2,4
TKT-0003551,CUST-004884,2024-04-16,Feature Request,Low,27.5,5
TKT-0003552,CUST-004069,2024-05-30,Feature Request,Low,21.6,4
TKT-0003553,CUST-004524,2023-07-29,Bug,Low,19.4,4
TKT-0003554,CUST-001451,2023-01-09,Account,High,63.7,4
TKT-0003555,CUST-004720,2024-04-08,Feature Request,Medium,67.7,4
TKT-0003556,CUST-002393,2023-12-09,Bug,Medium,69.3,3
TKT-0003557,CUST-000285,2023-01-15,Bug,Low,22.3,4
TKT-0003558,CUST-003992,2023-04-20,Account,High,98.8,5
TKT-0003559,CUST-000689,2024-02-14,Bug,High,108.2,5
TKT-0003560,CUST-002072,2023-07-21,Bug,Medium,68.1,5
TKT-0003561,CUST-001650,2023-05-26,Feature Request,High,56.1,3
TKT-0003562,CUST-003255,2024-05-24,Account,Critical,108.1,4
TKT-0003563,CUST-000103,2024-10-11,Bug,Low,27.5,5
TKT-0003564,CUST-001674,2023-01-22,Bug,Medium,47.6,1
TKT-0003565,CUST-002414,2023-07-14,Bug,Low,29.9,5
TKT-0003566,CUST-001994,2024-10-28,Billing,Low,24.0,3
TKT-0003567,CUST-001477,2023-10-03,Feature Request,Low,21.4,4
TKT-0003568,CUST-001715,2024-08-07,Technical,High,60.5,3
TKT-0003569,CUST-000110,2023-04-28,Feature Request,Medium,91.0,5
TKT-0003570,CUST-004953,2023-09-16,Bug,Low,12.1,5
TKT-0003571,CUST-001675,2023-04-15,Bug,Medium,29.9,4
TKT-0003572,CUST-000865,2023-01-17,Feature Request,Medium,56.5,3
TKT-0003573,CUST-004850,2024-11-22,Billing,Low,29.1,4
TKT-0003574,CUST-003623,2023-12-21,Feature Request,High,51.2,2
TKT-0003575,CUST-004201,2023-05-09,Bug,Medium,59.4,4
TKT-0003576,CUST-004028,2024-01-25,Bug,Medium,54.0,4
TKT-0003577,CUST-004335,2024-09-11,Billing,Critical,136.7,1
TKT-0003578,CUST-004072,2024-10-05,Technical,High,60.1,4
TKT-0003579,CUST-002028,2024-02-11,Bug,High,28.9,5
TKT-0003580,CUST-004001,2023-07-25,Bug,High,76.2,4
TKT-0003581,CUST-001104,2024-02-28,Technical,Medium,52.7,3
TKT-0003582,CUST-000820,2023-11-01,Billing,Low,29.4,5
TKT-0003583,CUST-001038,2023-06-21,Feature Request,Medium,66.4,4
TKT-0003584,CUST-004879,2024-04-20,Bug,Medium,72.2,4
TKT-0003585,CUST-000555,2023-06-06,Account,Low,30.2,5
TKT-0003586,CUST-001124,2023-03-17,Account,Medium,68.7,4
TKT-0003587,CUST-002939,2023-07-11,Technical,High,69.8,4
TKT-0003588,CUST-004576,2024-02-20,Billing,Low,28.6,4
TKT-0003589,CUST-000150,2023-09-25,Feature Request,Medium,50.2,4
TKT-0003590,CUST-004344,2024-12-01,Bug,Low,27.9,5
TKT-0003591,CUST-000521,2023-11-17,Bug,Low,19.8,5
TKT-0003592,CUST-004332,2023-10-19,Billing,Medium,33.4,4
TKT-0003593,CUST-001278,2023-07-27,Technical,High,51.8,5
TKT-0003594,CUST-000509,2024-02-01,Technical,Critical,123.2,4
TKT-0003595,CUST-000171,2024-05-13,Billing,Low,31.1,3
TKT-0003596,CUST-004123,2024-03-04,Bug,Low,34.2,4
TKT-0003597,CUST-000109,2024-06-05,Bug,Medium,74.8,4
TKT-0003598,CUST-003253,2024-10-25,Technical,Medium,59.0,4
TKT-0003599,CUST-000657,2024-05-07,Bug,Medium,65.4,2
TKT-0003600,CUST-000579,2024-09-17,Technical,Medium,62.2,4
TKT-0003601,CUST-002000,2024-03-19,Technical,Medium,56.7,3
TKT-0003602,CUST-000060,2024-05-05,Technical,High,68.2,4
TKT-0003603,CUST-001106,2024-11-05,Bug,Medium,60.4,5
TKT-0003604,CUST-003154,2023-11-10,Bug,Low,14.1,5
TKT-0003605,CUST-004976,2024-02-04,Billing,Medium,57.9,5
TKT-0003606,CUST-001481,2024-05-05,Feature Request,Medium,40.3,5
TKT-0003607,CUST-001883,2024-10-06,Feature Request,Medium,52.2,4
TKT-0003608,CUST-001228,2023-07-10,Billing,High,49.2,2
TKT-0003609,CUST-004894,2024-01-31,Technical,Critical,117.9,5
TKT-0003610,CUST-000610,2024-09-02,Billing,Low,27.5,5
TKT-0003611,CUST-001164,2024-06-10,Feature Request,Medium,15.3,4
TKT-0003612,CUST-003105,2024-02-23,Account,Low,31.1,4
TKT-0003613,CUST-002370,2024-12-27,Bug,High,107.0,3
TKT-0003614,CUST-002930,2023-07-19,Billing,Critical,167.1,3
TKT-0003615,CUST-000821,2023-01-05,Account,Medium,64.2,5
TKT-0003616,CUST-002950,2023-04-02,Billing,Low,38.0,3
TKT-0003617,CUST-004521,2024-12-08,Account,Low,32.0,5
TKT-0003618,CUST-003680,2023-08-27,Technical,Medium,41.6,3
TKT-0003619,CUST-001698,2023-07-31,Feature Request,Medium,55.8,5
TKT-0003620,CUST-003994,2023-08-14,Account,Medium,54.0,3
TKT-0003621,CUST-003854,2023-05-16,Feature Request,Medium,41.0,5
TKT-0003622,CUST-004111,2024-05-14,Technical,Medium,60.9,5
TKT-0003623,CUST-002171,2024-09-21,Feature Request,Critical,91.6,5
TKT-0003624,CUST-004666,2024-07-28,Account,Low,14.3,2
TKT-0003625,CUST-001769,2024-07-17,Bug,Low,24.1,5
TKT-0003626,CUST-000659,2023-05-19,Feature Request,Low,7.6,5
TKT-0003627,CUST-003347,2023-04-07,Billing,Medium,48.4,4
TKT-0003628,CUST-003591,2024-04-08,Account,Medium,37.5,5
TKT-0003629,CUST-003961,2023-01-02,Bug,High,46.8,4
TKT-0003630,CUST-003469,2023-06-25,Account,Low,23.0,4
TKT-0003631,CUST-002508,2024-10-18,Account,Low,40.0,1
TKT-0003632,CUST-003146,2024-03-03,Feature Request,Medium,57.7,4
TKT-0003633,CUST-004593,2024-11-13,Feature Request,Low,16.0,5
TKT-0003634,CUST-000079,2024-05-10,Technical,Medium,37.1,5
TKT-0003635,CUST-000423,2023-05-04,Bug,Low,24.0,4
TKT-0003636,CUST-004565,2024-09-09,Feature Request,Low,21.9,3
TKT-0003637,CUST-004045,2024-08-03,Account,High,72.2,3
TKT-0003638,CUST-003774,2024-01-30,Bug,High,58.1,4
TKT-0003639,CUST-001207,2023-03-14,Billing,Critical,143.7,3
TKT-0003640,CUST-000738,2023-10-31,Account,Low,28.0,4
TKT-0003641,CUST-004674,2024-09-09,Bug,High,70.6,3
TKT-0003642,CUST-002750,2023-10-17,Bug,Low,21.6,5
TKT-0003643,CUST-004123,2024-09-30,Billing,Medium,36.8,2
TKT-0003644,CUST-001348,2023-04-07,Feature Request,Medium,54.4,4
TKT-0003645,CUST-000667,2024-07-07,Technical,Medium,72.9,2
TKT-0003646,CUST-002631,2023-12-27,Account,Low,22.7,3
TKT-0003647,CUST-000049,2023-05-03,Billing,Medium,54.3,3
TKT-0003648,CUST-000321,2023-11-12,Bug,Low,18.4,4
TKT-0003649,CUST-003001,2024-04-15,Account,Low,21.3,2
TKT-0003650,CUST-003200,2023-12-30,Bug,Critical,34.3,4
TKT-0003651,CUST-001996,2024-03-08,Technical,High,94.5,4
TKT-0003652,CUST-001324,2023-05-07,Bug,Low,15.4,5
TKT-0003653,CUST-003083,2024-03-01,Feature Request,Low,26.6,5
TKT-0003654,CUST-003014,2023-02-12,Feature Request,Medium,36.2,4
TKT-0003655,CUST-004759,2023-08-02,Account,High,68.4,5
TKT-0003656,CUST-004926,2024-07-11,Account,Medium,65.7,4
TKT-0003657,CUST-003748,2023-10-17,Account,Medium,53.5,4
TKT-0003658,CUST-004078,2024-08-20,Account,High,65.7,4
TKT-0003659,CUST-001138,2023-12-01,Bug,High,56.2,5
TKT-0003660,CUST-001739,2024-12-08,Account,High,120.0,4
TKT-0003661,CUST-003121,2023-06-03,Bug,High,94.2,4
TKT-0003662,CUST-002988,2024-02-12,Billing,Medium,59.2,4
TKT-0003663,CUST-003055,2023-01-30,Billing,Critical,134.5,4
TKT-0003664,CUST-000897,2024-03-04,Account,Medium,47.9,1
TKT-0003665,CUST-000820,2024-06-11,Feature Request,Medium,35.2,4
TKT-0003666,CUST-004246,2023-07-08,Bug,Medium,28.9,4
TKT-0003667,CUST-000095,2023-06-11,Feature Request,Medium,29.5,4
TKT-0003668,CUST-002221,2024-05-28,Technical,Low,18.1,4
TKT-0003669,CUST-002679,2024-04-14,Feature Request,High,66.8,4
TKT-0003670,CUST-001508,2024-08-02,Technical,Medium,60.8,4
TKT-0003671,CUST-002803,2023-11-17,Feature Request,High,76.7,3
TKT-0003672,CUST-000929,2024-12-28,Bug,Medium,36.4,3
TKT-0003673,CUST-001017,2024-02-18,Feature Request,Medium,70.1,5
TKT-0003674,CUST-004009,2023-03-15,Account,High,74.9,4
TKT-0003675,CUST-000962,2023-11-11,Billing,Medium,50.8,3
TKT-0003676,CUST-003087,2023-03-28,Account,Medium,51.7,4
TKT-0003677,CUST-001356,2023-01-12,Feature Request,High,98.5,5
TKT-0003678,CUST-002568,2024-08-02,Feature Request,High,86.3,5
TKT-0003679,CUST-003996,2024-01-25,Billing,Medium,50.8,5
TKT-0003680,CUST-000131,2024-01-27,Billing,Medium,33.8,5
TKT-0003681,CUST-000862,2023-03-13,Feature Request,High,90.0,5
TKT-0003682,CUST-001765,2024-11-19,Account,High,80.6,4
TKT-0003683,CUST-003599,2024-01-13,Billing,Medium,59.2,3
TKT-0003684,CUST-002740,2024-09-21,Account,High,66.8,4
TKT-0003685,CUST-004477,2023-06-23,Bug,Medium,63.2,5
TKT-0003686,CUST-001510,2024-09-27,Bug,Low,26.9,4
TKT-0003687,CUST-003186,2023-07-14,Feature Request,High,78.1,2
TKT-0003688,CUST-001995,2023-06-11,Account,Low,15.0,5
TKT-0003689,CUST-002641,2023-12-12,Feature Request,High,82.9,5
TKT-0003690,CUST-001225,2024-04-07,Bug,High,71.3,5
TKT-0003691,CUST-000359,2024-06-24,Account,Medium,46.1,5
TKT-0003692,CUST-001310,2024-09-05,Account,Critical,118.4,4
TKT-0003693,CUST-002094,2023-02-17,Account,Medium,42.9,4
TKT-0003694,CUST-001647,2024-07-14,Feature Request,Medium,50.4,4
TKT-0003695,CUST-002820,2024-05-31,Billing,Low,14.3,4
TKT-0003696,CUST-003194,2023-12-10,Feature Request,Low,23.4,4
TKT-0003697,CUST-001624,2023-02-14,Technical,Medium,41.2,3
TKT-0003698,CUST-001181,2024-03-09,Technical,High,123.5,4
TKT-0003699,CUST-003501,2024-08-05,Bug,Medium,19.9,4
TKT-0003700,CUST-003899,2023-01-16,Account,High,68.7,3
TKT-0003701,CUST-002215,2023-07-15,Bug,Low,27.4,2
TKT-0003702,CUST-000657,2023-02-26,Feature Request,Low,27.3,3
TKT-0003703,CUST-000295,2024-12-21,Account,Medium,57.6,4
TKT-0003704,CUST-002357,2023-08-16,Account,High,64.6,1
TKT-0003705,CUST-003530,2023-10-20,Technical,High,23.5,3
TKT-0003706,CUST-004466,2024-05-09,Technical,High,61.3,5
TKT-0003707,CUST-002202,2023-03-14,Billing,Medium,47.9,5
TKT-0003708,CUST-003236,2023-03-22,Technical,Low,27.7,5
TKT-0003709,CUST-003852,2023-07-08,Technical,High,77.9,2
TKT-0003710,CUST-001692,2023-02-20,Billing,Medium,41.6,3
TKT-0003711,CUST-003578,2023-05-21,Account,Low,23.8,4
TKT-0003712,CUST-004995,2024-04-25,Bug,Low,30.8,5
TKT-0003713,CUST-000410,2023-08-06,Technical,Critical,102.2,4
TKT-0003714,CUST-000923,2023-01-26,Technical,Medium,54.6,4
TKT-0003715,CUST-003697,2024-10-27,Billing,High,66.0,1
TKT-0003716,CUST-004240,2023-05-23,Billing,High,68.1,5
TKT-0003717,CUST-002132,2023-08-28,Billing,Low,38.9,3
TKT-0003718,CUST-004860,2024-06-24,Account,High,41.3,4
TKT-0003719,CUST-001028,2024-10-02,Account,High,44.2,4
TKT-0003720,CUST-002282,2024-01-07,Account,Low,16.7,4
TKT-0003721,CUST-002609,2024-10-15,Feature Request,Medium,54.4,4
TKT-0003722,CUST-000115,2024-08-10,Billing,High,58.7,5
TKT-0003723,CUST-000741,2023-12-05,Billing,Medium,33.9,5
TKT-0003724,CUST-003834,2024-12-20,Billing,High,90.3,5
TKT-0003725,CUST-002593,2023-04-10,Bug,Low,21.9,3
TKT-0003726,CUST-002497,2024-12-11,Technical,Medium,33.4,5
TKT-0003727,CUST-004669,2024-12-04,Feature Request,Medium,52.2,5
TKT-0003728,CUST-000578,2023-05-23,Account,Medium,71.1,5
TKT-0003729,CUST-001455,2024-08-29,Account,Medium,62.3,4
TKT-0003730,CUST-000185,2024-10-03,Bug,Low,15.0,5
TKT-0003731,CUST-001772,2023-06-07,Technical,Medium,39.0,4
TKT-0003732,CUST-000698,2023-02-06,Feature Request,Medium,43.4,4
TKT-0003733,CUST-003758,2024-04-20,Bug,Medium,49.7,4
TKT-0003734,CUST-002905,2023-06-06,Technical,High,72.5,1
TKT-0003735,CUST-004710,2023-05-31,Bug,Low,25.2,4
TKT-0003736,CUST-004024,2023-07-21,Account,Low,36.3,4
TKT-0003737,CUST-004989,2023-02-16,Technical,High,59.2,4
TKT-0003738,CUST-004787,2023-07-29,Bug,Critical,99.0,3
TKT-0003739,CUST-004942,2023-09-06,Account,High,69.6,3
TKT-0003740,CUST-002797,2024-01-16,Feature Request,Low,24.0,5
TKT-0003741,CUST-001703,2024-07-20,Technical,Low,18.0,5
TKT-0003742,CUST-001673,2023-06-03,Technical,Low,16.4,4
TKT-0003743,CUST-002534,2023-08-16,Billing,High,90.9,4
TKT-0003744,CUST-002735,2023-08-18,Billing,High,97.2,4
TKT-0003745,CUST-003615,2024-08-13,Billing,High,86.9,3
TKT-0003746,CUST-000912,2024-07-07,Technical,Medium,51.6,3
TKT-0003747,CUST-001257,2024-09-24,Bug,Low,31.8,5
TKT-0003748,CUST-002618,2024-11-22,Feature Request,Medium,65.2,3
TKT-0003749,CUST-000629,2024-01-03,Bug,Medium,55.5,5
TKT-0003750,CUST-000530,2023-03-11,Account,Medium,31.0,2
TKT-0003751,CUST-003710,2023-04-19,Account,Low,25.6,2
TKT-0003752,CUST-000305,2024-12-16,Billing,Low,23.5,4
TKT-0003753,CUST-004885,2023-05-03,Feature Request,Low,20.0,4
TKT-0003754,CUST-000019,2023-09-04,Technical,Medium,52.3,4
TKT-0003755,CUST-003787,2024-10-03,Bug,High,66.4,3
TKT-0003756,CUST-001156,2024-09-26,Feature Request,Medium,30.1,3
TKT-0003757,CUST-001582,2024-08-19,Billing,Low,24.3,5
TKT-0003758,CUST-000017,2024-05-24,Bug,High,67.4,4
TKT-0003759,CUST-002845,2024-04-25,Feature Request,Low,17.5,5
TKT-0003760,CUST-003100,2023-09-07,Account,High,70.7,2
TKT-0003761,CUST-002588,2024-07-08,Feature Request,Medium,73.8,3
TKT-0003762,CUST-004059,2024-11-08,Bug,Low,29.6,4
TKT-0003763,CUST-004852,2024-04-13,Billing,Medium,57.0,2
TKT-0003764,CUST-002052,2024-09-08,Bug,High,83.8,4
TKT-0003765,CUST-003557,2023-06-11,Feature Request,Medium,28.1,4
TKT-0003766,CUST-000705,2024-03-25,Bug,High,104.4,5
TKT-0003767,CUST-004059,2024-07-18,Billing,Low,25.7,5
TKT-0003768,CUST-001387,2024-04-24,Feature Request,Medium,42.1,4
TKT-0003769,CUST-002618,2024-02-04,Account,Medium,46.6,4
TKT-0003770,CUST-003982,2024-03-24,Technical,Medium,23.7,4
TKT-0003771,CUST-002135,2024-06-30,Technical,Low,25.7,5
TKT-0003772,CUST-000602,2023-06-10,Bug,Low,34.9,5
TKT-0003773,CUST-003151,2023-09-09,Feature Request,High,79.3,3
TKT-0003774,CUST-001539,2024-02-05,Account,High,53.6,5
TKT-0003775,CUST-004716,2023-01-08,Technical,High,111.1,3
TKT-0003776,CUST-001880,2024-10-12,Billing,Low,12.9,4
TKT-0003777,CUST-002226,2024-07-18,Billing,Medium,29.6,2
TKT-0003778,CUST-002359,2023-10-28,Feature Request,High,58.9,4
TKT-0003779,CUST-002751,2023-07-06,Feature Request,Low,33.4,4
TKT-0003780,CUST-003643,2023-05-14,Feature Request,Low,24.9,5
TKT-0003781,CUST-002073,2024-08-30,Feature Request,High,83.3,3
TKT-0003782,CUST-003664,2024-01-28,Feature Request,Medium,30.0,5
TKT-0003783,CUST-001674,2024-02-22,Billing,Medium,83.2,3
TKT-0003784,CUST-001791,2023-12-03,Bug,Low,12.2,4
TKT-0003785,CUST-002822,2023-04-17,Account,Low,14.3,4
TKT-0003786,CUST-002944,2023-11-08,Bug,High,26.9,4
TKT-0003787,CUST-001865,2023-09-19,Account,Low,40.1,3
TKT-0003788,CUST-001448,2024-12-03,Account,Medium,58.6,1
TKT-0003789,CUST-004655,2023-09-24,Bug,Medium,75.2,4
TKT-0003790,CUST-000284,2024-06-05,Feature Request,Medium,50.5,5
TKT-0003791,CUST-001229,2024-01-21,Account,Low,23.7,3
TKT-0003792,CUST-001332,2023-12-13,Feature Request,Low,18.9,3
TKT-0003793,CUST-001495,2024-04-15,Technical,Medium,35.5,5
TKT-0003794,CUST-000920,2023-10-05,Technical,Critical,118.2,3
TKT-0003795,CUST-000024,2023-07-22,Technical,High,93.7,4
TKT-0003796,CUST-000137,2023-01-25,Account,Medium,50.2,4
TKT-0003797,CUST-002414,2024-02-17,Bug,Medium,36.9,4
TKT-0003798,CUST-004449,2023-06-08,Billing,Medium,58.7,3
TKT-0003799,CUST-001443,2023-01-24,Technical,High,127.8,4
TKT-0003800,CUST-001500,2024-01-27,Bug,Medium,56.9,4
TKT-0003801,CUST-003201,2024-06-24,Feature Request,High,88.1,5
TKT-0003802,CUST-004529,2023-03-08,Feature Request,Medium,50.8,4
TKT-0003803,CUST-003691,2023-11-13,Technical,Low,21.1,5
TKT-0003804,CUST-004794,2024-11-23,Feature Request,Medium,65.9,3
TKT-0003805,CUST-004326,2024-11-23,Bug,Low,41.4,5
TKT-0003806,CUST-003453,2024-07-24,Billing,Medium,50.0,3
TKT-0003807,CUST-002366,2024-10-13,Feature Request,Medium,43.4,3
TKT-0003808,CUST-003275,2023-11-02,Account,High,66.3,5
TKT-0003809,CUST-000917,2024-08-02,Bug,Medium,55.9,4
TKT-0003810,CUST-003412,2024-09-21,Account,Medium,35.5,5
TKT-0003811,CUST-001409,2024-10-03,Feature Request,Medium,71.3,3
TKT-0003812,CUST-004337,2023-05-07,Technical,Medium,34.7,5
TKT-0003813,CUST-000277,2024-08-24,Billing,High,101.6,4
TKT-0003814,CUST-000007,2024-06-01,Feature Request,Low,19.9,4
TKT-0003815,CUST-003647,2024-12-20,Feature Request,Low,19.4,3
TKT-0003816,CUST-000820,2024-03-25,Bug,Medium,52.2,4
TKT-0003817,CUST-000654,2023-05-25,Technical,High,62.0,2
TKT-0003818,CUST-003430,2023-02-21,Account,High,35.5,3
TKT-0003819,CUST-003652,2023-06-27,Technical,Medium,65.6,5
TKT-0003820,CUST-004062,2024-08-27,Billing,Low,37.8,3
TKT-0003821,CUST-001308,2024-06-10,Technical,Critical,80.3,3
TKT-0003822,CUST-002197,2023-03-23,Billing,Medium,44.6,5
TKT-0003823,CUST-003980,2023-03-06,Feature Request,Low,26.9,5
TKT-0003824,CUST-004023,2023-08-02,Account,Critical,118.8,1
TKT-0003825,CUST-003843,2023-01-11,Account,Low,29.6,5
TKT-0003826,CUST-004707,2023-01-05,Technical,High,67.0,5
TKT-0003827,CUST-002145,2024-06-14,Technical,Medium,41.9,5
TKT-0003828,CUST-003560,2023-10-06,Bug,High,71.3,4
TKT-0003829,CUST-003076,2023-09-01,Feature Request,Low,22.3,5
TKT-0003830,CUST-004863,2024-10-24,Feature Request,Medium,67.7,5
TKT-0003831,CUST-003308,2023-08-12,Bug,Medium,51.1,5
TKT-0003832,CUST-004100,2024-08-22,Technical,Medium,55.3,3
TKT-0003833,CUST-000331,2023-05-03,Billing,Medium,52.7,5
TKT-0003834,CUST-004100,2023-10-24,Technical,Low,21.4,5
TKT-0003835,CUST-000107,2023-03-28,Billing,Medium,31.2,5
TKT-0003836,CUST-003153,2024-08-16,Billing,Medium,58.6,4
TKT-0003837,CUST-002912,2024-12-23,Feature Request,Low,19.7,4
TKT-0003838,CUST-004053,2024-07-16,Billing,Medium,63.8,5
TKT-0003839,CUST-003648,2023-04-29,Feature Request,Low,16.6,4
TKT-0003840,CUST-003220,2023-03-19,Billing,Medium,29.8,5
TKT-0003841,CUST-002327,2024-12-18,Bug,Critical,162.3,4
TKT-0003842,CUST-004878,2024-10-10,Technical,High,110.6,5
TKT-0003843,CUST-000295,2024-03-24,Bug,High,67.0,4
TKT-0003844,CUST-001138,2024-08-28,Billing,Low,30.7,4
TKT-0003845,CUST-003112,2024-02-25,Bug,Medium,69.4,5
TKT-0003846,CUST-001993,2023-09-13,Technical,Medium,54.4,3
TKT-0003847,CUST-004014,2023-07-19,Feature Request,Low,21.9,5
TKT-0003848,CUST-001749,2023-01-22,Technical,Medium,55.6,3
TKT-0003849,CUST-002217,2024-10-02,Bug,Medium,48.1,3
TKT-0003850,CUST-002339,2023-12-12,Bug,Medium,86.1,4
TKT-0003851,CUST-001949,2023-01-02,Bug,High,63.4,5
TKT-0003852,CUST-003644,2024-04-10,Bug,Medium,66.1,4
TKT-0003853,CUST-001107,2023-10-14,Billing,Medium,46.2,3
TKT-0003854,CUST-001247,2024-08-08,Billing,Medium,43.9,4
TKT-0003855,CUST-001739,2023-12-14,Bug,High,50.3,3
TKT-0003856,CUST-001731,2023-02-24,Bug,Medium,29.1,5
TKT-0003857,CUST-001212,2023-10-17,Account,High,102.6,1
TKT-0003858,CUST-001454,2023-10-17,Bug,Low,25.5,4
TKT-0003859,CUST-000438,2023-09-02,Account,High,48.6,2
TKT-0003860,CUST-002269,2023-06-24,Technical,Low,23.3,4
TKT-0003861,CUST-004927,2024-03-27,Billing,Low,26.3,5
TKT-0003862,CUST-001827,2023-04-10,Technical,Critical,140.9,5
TKT-0003863,CUST-001720,2024-08-27,Bug,Low,20.5,4
TKT-0003864,CUST-001528,2023-06-20,Technical,Low,18.0,4
TKT-0003865,CUST-004570,2024-08-07,Bug,Low,14.8,4
TKT-0003866,CUST-002019,2024-07-25,Bug,Low,28.3,4
TKT-0003867,CUST-004229,2024-10-27,Technical,Medium,44.1,4
TKT-0003868,CUST-004445,2023-01-07,Bug,Low,15.4,4
TKT-0003869,CUST-004697,2023-05-26,Technical,High,53.8,4
TKT-0003870,CUST-003488,2024-12-24,Billing,Low,22.3,5
TKT-0003871,CUST-004563,2024-06-16,Feature Request,Medium,71.3,3
TKT-0003872,CUST-003701,2023-10-15,Technical,Medium,46.8,5
TKT-0003873,CUST-001574,2024-10-27,Account,High,87.3,5
TKT-0003874,CUST-004889,2023-09-28,Technical,High,70.7,3
TKT-0003875,CUST-002143,2023-04-25,Feature Request,High,68.4,4
TKT-0003876,CUST-004682,2024-02-24,Bug,High,111.5,3
TKT-0003877,CUST-000341,2023-03-30,Feature Request,Medium,70.1,4
TKT-0003878,CUST-002169,2024-11-21,Technical,Medium,34.2,1
TKT-0003879,CUST-001991,2024-01-22,Technical,Medium,70.4,5
TKT-0003880,CUST-004589,2024-08-29,Technical,Medium,59.4,4
TKT-0003881,CUST-002099,2023-08-07,Billing,Critical,117.7,3
TKT-0003882,CUST-000108,2024-12-01,Feature Request,Medium,42.4,4
TKT-0003883,CUST-000008,2024-02-23,Bug,Medium,42.6,5
TKT-0003884,CUST-004209,2023-07-03,Bug,Low,18.1,5
TKT-0003885,CUST-000063,2023-10-07,Feature Request,Medium,45.2,3
TKT-0003886,CUST-002020,2023-03-01,Account,Low,27.3,3
TKT-0003887,CUST-003862,2024-06-16,Technical,Medium,52.6,5
TKT-0003888,CUST-003071,2024-06-22,Feature Request,Medium,26.8,4
TKT-0003889,CUST-003129,2023-12-05,Technical,High,84.5,4
TKT-0003890,CUST-000065,2023-04-28,Technical,Medium,37.3,5
TKT-0003891,CUST-004271,2024-11-01,Account,Critical,149.9,5
TKT-0003892,CUST-004442,2024-10-29,Account,High,31.0,5
TKT-0003893,CUST-000474,2024-03-14,Bug,Low,14.4,2
TKT-0003894,CUST-004695,2023-08-27,Billing,Low,28.2,5
TKT-0003895,CUST-000467,2023-05-16,Technical,High,110.0,3
TKT-0003896,CUST-003141,2023-09-04,Technical,Critical,125.3,4
TKT-0003897,CUST-003805,2024-06-02,Feature Request,Low,14.1,5
TKT-0003898,CUST-000187,2023-04-17,Billing,Medium,72.6,4
TKT-0003899,CUST-000476,2023-07-20,Technical,Low,26.2,4
TKT-0003900,CUST-002717,2024-05-16,Billing,Low,28.1,4
TKT-0003901,CUST-000427,2023-01-15,Account,Medium,54.5,4
TKT-0003902,CUST-001123,2023-11-24,Technical,Medium,52.5,4
TKT-0003903,CUST-000113,2024-05-09,Account,Low,33.0,3
TKT-0003904,CUST-002512,2024-12-30,Bug,Medium,64.7,4
TKT-0003905,CUST-001491,2024-11-11,Bug,Medium,57.3,4
TKT-0003906,CUST-004971,2023-10-29,Feature Request,Low,16.8,4
TKT-0003907,CUST-001556,2023-03-20,Technical,Low,33.6,4
TKT-0003908,CUST-002928,2023-02-08,Technical,Low,27.9,4
TKT-0003909,CUST-004327,2023-09-06,Technical,Medium,68.3,5
TKT-0003910,CUST-000886,2024-05-02,Technical,Medium,36.1,3
TKT-0003911,CUST-004988,2024-02-25,Billing,Medium,39.5,4
TKT-0003912,CUST-000977,2023-06-12,Technical,Medium,64.1,4
TKT-0003913,CUST-003819,2023-06-29,Account,Medium,43.5,4
TKT-0003914,CUST-000548,2024-02-29,Feature Request,High,59.2,4
TKT-0003915,CUST-001461,2023-12-09,Technical,Low,26.2,3
TKT-0003916,CUST-003898,2024-09-07,Feature Request,Critical,114.9,4
TKT-0003917,CUST-000933,2023-10-02,Feature Request,Critical,128.5,4
TKT-0003918,CUST-000797,2023-05-06,Account,Medium,47.9,4
TKT-0003919,CUST-001258,2023-12-01,Bug,High,47.7,5
TKT-0003920,CUST-001369,2023-05-12,Technical,High,78.8,5
TKT-0003921,CUST-004297,2024-01-04,Account,Medium,36.5,4
TKT-0003922,CUST-000804,2024-06-30,Billing,Low,32.7,3
TKT-0003923,CUST-003299,2023-08-04,Bug,High,38.8,3
TKT-0003924,CUST-002102,2024-06-23,Bug,High,84.7,4
TKT-0003925,CUST-001842,2023-12-25,Billing,Medium,41.6,5
TKT-0003926,CUST-003593,2023-03-27,Billing,Low,25.7,4
TKT-0003927,CUST-003826,2024-03-17,Billing,Low,17.3,4
TKT-0003928,CUST-000409,2023-08-28,Feature Request,Low,25.0,4
TKT-0003929,CUST-003750,2023-11-19,Account,Medium,28.9,2
TKT-0003930,CUST-001742,2024-05-19,Technical,Low,18.9,3
TKT-0003931,CUST-004051,2024-06-13,Billing,Medium,43.9,1
TKT-0003932,CUST-001135,2023-03-17,Technical,Low,25.0,4
TKT-0003933,CUST-003993,2023-05-02,Account,Medium,55.8,5
TKT-0003934,CUST-004839,2024-02-26,Bug,Medium,31.8,4
TKT-0003935,CUST-001585,2023-10-17,Bug,Medium,58.8,5
TKT-0003936,CUST-003563,2023-10-12,Technical,Medium,33.7,5
TKT-0003937,CUST-000569,2024-03-20,Billing,Medium,54.8,5
TKT-0003938,CUST-003522,2024-02-25,Account,High,50.4,5
TKT-0003939,CUST-001525,2024-05-27,Technical,Low,20.9,1
TKT-0003940,CUST-002551,2023-10-09,Billing,Medium,47.6,4
TKT-0003941,CUST-001667,2024-05-05,Bug,Critical,135.9,4
TKT-0003942,CUST-003483,2023-04-19,Account,Medium,82.6,4
TKT-0003943,CUST-001257,2023-07-14,Technical,Medium,62.5,4
TKT-0003944,CUST-003870,2023-06-24,Billing,Low,19.6,5
TKT-0003945,CUST-003811,2024-12-02,Technical,Low,34.3,3
TKT-0003946,CUST-001664,2024-09-26,Feature Request,Low,7.3,4
TKT-0003947,CUST-001051,2023-03-02,Bug,High,74.5,5
TKT-0003948,CUST-001085,2023-04-13,Feature Request,High,78.4,2
TKT-0003949,CUST-003968,2023-03-02,Feature Request,Critical,138.3,4
TKT-0003950,CUST-002131,2023-07-02,Technical,Medium,33.9,4
TKT-0003951,CUST-004854,2024-09-10,Account,Critical,116.8,4
TKT-0003952,CUST-001252,2024-10-26,Bug,Medium,30.4,4
TKT-0003953,CUST-001850,2023-04-14,Bug,Low,16.6,3
TKT-0003954,CUST-000848,2023-12-13,Account,High,15.0,5
TKT-0003955,CUST-002322,2024-06-17,Account,Medium,53.2,5
TKT-0003956,CUST-004414,2024-11-21,Bug,Critical,93.7,4
TKT-0003957,CUST-002921,2023-12-16,Account,Low,33.5,3
TKT-0003958,CUST-003618,2024-12-02,Technical,Low,27.3,2
TKT-0003959,CUST-001139,2023-05-04,Billing,Medium,45.1,4
TKT-0003960,CUST-004162,2023-04-11,Bug,Medium,56.0,3
TKT-0003961,CUST-003043,2024-07-18,Account,Medium,54.0,5
TKT-0003962,CUST-004624,2024-01-12,Technical,Medium,74.5,5
TKT-0003963,CUST-000490,2024-06-22,Billing,High,56.9,5
TKT-0003964,CUST-003997,2023-03-25,Billing,Medium,33.6,3
TKT-0003965,CUST-004691,2023-05-04,Technical,Low,12.6,4
TKT-0003966,CUST-001588,2023-02-24,Feature Request,Medium,48.2,3
TKT-0003967,CUST-003460,2023-04-07,Feature Request,Medium,48.6,5
TKT-0003968,CUST-003146,2023-10-20,Feature Request,High,17.8,5
TKT-0003969,CUST-004339,2024-01-29,Feature Request,Medium,46.2,4
TKT-0003970,CUST-004076,2023-02-16,Bug,Low,33.7,5
TKT-0003971,CUST-002010,2023-05-15,Account,High,114.1,4
TKT-0003972,CUST-004888,2023-07-15,Billing,Critical,149.8,3
TKT-0003973,CUST-004341,2024-01-15,Feature Request,Low,24.7,4
TKT-0003974,CUST-000419,2023-09-13,Account,Medium,59.3,4
TKT-0003975,CUST-004973,2023-12-12,Technical,High,83.6,1
TKT-0003976,CUST-000484,2024-10-11,Feature Request,Critical,86.2,5
TKT-0003977,CUST-000605,2024-08-29,Bug,High,53.1,3
TKT-0003978,CUST-000878,2024-02-11,Feature Request,High,79.8,3
TKT-0003979,CUST-003606,2024-06-05,Account,Low,25.4,4
TKT-0003980,CUST-001798,2023-06-16,Bug,Medium,36.6,5
TKT-0003981,CUST-003368,2024-06-06,Bug,Medium,36.5,5
TKT-0003982,CUST-001856,2024-08-29,Bug,Medium,45.7,5
TKT-0003983,CUST-001648,2023-01-16,Technical,Low,20.8,2
TKT-0003984,CUST-004716,2023-04-10,Account,Low,26.0,4
TKT-0003985,CUST-000232,2023-10-05,Feature Request,High,86.8,1
TKT-0003986,CUST-001147,2023-02-19,Technical,High,80.6,5
TKT-0003987,CUST-001078,2024-07-04,Bug,Medium,54.3,4
TKT-0003988,CUST-004097,2023-04-27,Billing,Medium,56.9,1
TKT-0003989,CUST-001815,2023-05-24,Billing,Medium,46.3,5
TKT-0003990,CUST-001445,2024-12-10,Bug,High,42.5,3
TKT-0003991,CUST-001304,2023-09-06,Billing,Medium,39.2,3
TKT-0003992,CUST-003286,2023-12-11,Feature Request,Medium,17.8,4
TKT-0003993,CUST-002049,2024-03-15,Billing,Medium,56.9,1
TKT-0003994,CUST-000260,2023-08-22,Bug,High,81.2,5
TKT-0003995,CUST-004205,2023-03-25,Feature Request,Low,21.4,4
TKT-0003996,CUST-002004,2024-02-13,Account,Low,17.9,4
TKT-0003997,CUST-002250,2024-05-22,Technical,Low,25.5,1
TKT-0003998,CUST-004433,2024-01-27,Account,Low,29.8,3
TKT-0003999,CUST-004451,2024-02-09,Technical,Low,22.7,4
TKT-0004000,CUST-003187,2023-02-20,Bug,High,102.1,4
TKT-0004001,CUST-003220,2023-05-27,Account,Low,22.9,4
TKT-0004002,CUST-002637,2024-04-08,Bug,Medium,52.3,4
TKT-0004003,CUST-004861,2023-04-08,Feature Request,High,67.6,4
TKT-0004004,CUST-002915,2024-02-11,Technical,Medium,51.3,3
TKT-0004005,CUST-004385,2024-07-28,Billing,Medium,61.4,2
TKT-0004006,CUST-001276,2024-08-20,Billing,Low,32.2,4
TKT-0004007,CUST-000620,2023-07-04,Feature Request,Medium,50.7,4
TKT-0004008,CUST-004921,2024-04-19,Feature Request,Low,25.2,4
TKT-0004009,CUST-001849,2024-06-25,Technical,Low,19.3,5
TKT-0004010,CUST-000025,2024-10-10,Feature Request,High,62.6,3
TKT-0004011,CUST-002612,2024-07-22,Bug,Medium,64.4,4
TKT-0004012,CUST-004794,2024-07-23,Feature Request,Low,23.1,4
TKT-0004013,CUST-003513,2023-10-09,Feature Request,Low,28.5,3
TKT-0004014,CUST-001350,2024-04-24,Account,Medium,62.3,5
TKT-0004015,CUST-001827,2024-06-08,Technical,Low,23.3,2
TKT-0004016,CUST-000962,2024-12-03,Feature Request,Low,30.7,5
TKT-0004017,CUST-004168,2024-04-15,Bug,Medium,57.4,5
TKT-0004018,CUST-000996,2023-04-02,Billing,High,94.2,4
TKT-0004019,CUST-001838,2024-07-12,Technical,High,69.1,3
TKT-0004020,CUST-000702,2023-03-20,Bug,Medium,41.1,5
TKT-0004021,CUST-000887,2024-09-22,Billing,Low,20.9,4
TKT-0004022,CUST-004452,2023-07-23,Technical,High,96.6,5
TKT-0004023,CUST-004053,2024-06-28,Technical,High,66.9,4
TKT-0004024,CUST-003929,2023-08-24,Account,High,66.9,5
TKT-0004025,CUST-002786,2023-11-11,Bug,High,105.3,3
TKT-0004026,CUST-004561,2024-05-25,Feature Request,Medium,47.2,5
TKT-0004027,CUST-004160,2024-11-16,Feature Request,Medium,10.1,5
TKT-0004028,CUST-000798,2024-03-30,Account,High,67.2,5
TKT-0004029,CUST-003963,2023-02-16,Technical,Low,23.7,5
TKT-0004030,CUST-001949,2023-12-23,Account,Low,32.8,3
TKT-0004031,CUST-000947,2023-04-01,Bug,Medium,29.6,3
TKT-0004032,CUST-000086,2023-01-13,Billing,Low,26.0,2
TKT-0004033,CUST-000037,2024-10-25,Bug,Medium,43.7,4
TKT-0004034,CUST-001360,2023-09-19,Bug,Low,26.4,4
TKT-0004035,CUST-003894,2024-04-30,Feature Request,Medium,53.1,3
TKT-0004036,CUST-003494,2023-08-27,Billing,Low,23.2,4
TKT-0004037,CUST-004985,2023-01-02,Bug,Low,25.4,3
TKT-0004038,CUST-003201,2024-10-04,Bug,High,89.1,4
TKT-0004039,CUST-001823,2024-07-22,Billing,High,47.3,3
TKT-0004040,CUST-000547,2023-02-01,Technical,Medium,56.4,5
TKT-0004041,CUST-001133,2023-07-09,Account,Low,11.4,5
TKT-0004042,CUST-000139,2024-06-13,Feature Request,High,46.5,5
TKT-0004043,CUST-002683,2023-06-18,Bug,High,61.0,4
TKT-0004044,CUST-001298,2023-04-07,Account,Medium,37.2,4
TKT-0004045,CUST-000326,2023-08-09,Billing,Medium,68.5,4
TKT-0004046,CUST-002294,2023-04-27,Feature Request,High,31.2,3
TKT-0004047,CUST-000729,2024-12-22,Billing,Medium,45.2,4
TKT-0004048,CUST-004171,2023-03-22,Billing,High,94.4,5
TKT-0004049,CUST-000803,2024-12-14,Feature Request,Medium,43.8,3
TKT-0004050,CUST-003726,2023-11-02,Account,Medium,45.7,4
TKT-0004051,CUST-002655,2024-06-07,Bug,High,59.1,4
TKT-0004052,CUST-001886,2023-06-26,Feature Request,Low,11.2,5
TKT-0004053,CUST-002261,2023-11-15,Technical,Low,17.6,3
TKT-0004054,CUST-002883,2024-10-06,Technical,Low,33.4,5
TKT-0004055,CUST-000725,2023-04-05,Bug,Low,19.0,5
TKT-0004056,CUST-001111,2023-11-05,Billing,High,96.6,4
TKT-0004057,CUST-003082,2023-08-28,Account,Medium,39.8,4
TKT-0004058,CUST-000032,2023-01-22,Feature Request,Medium,30.3,3
TKT-0004059,CUST-003147,2023-10-08,Billing,Medium,58.8,4
TKT-0004060,CUST-002077,2023-10-30,Account,Low,18.6,5
TKT-0004061,CUST-002627,2023-11-13,Bug,Critical,154.0,2
TKT-0004062,CUST-003352,2024-01-26,Account,Medium,52.3,4
TKT-0004063,CUST-001179,2024-08-03,Account,Medium,71.6,5
TKT-0004064,CUST-000339,2024-04-20,Bug,High,50.2,5
TKT-0004065,CUST-003439,2024-06-29,Feature Request,High,100.5,4
TKT-0004066,CUST-001052,2024-10-03,Account,Critical,96.5,5
TKT-0004067,CUST-002886,2024-08-25,Account,Medium,58.8,5
TKT-0004068,CUST-003191,2023-10-31,Billing,Low,22.9,4
TKT-0004069,CUST-003969,2023-05-31,Feature Request,High,50.3,4
TKT-0004070,CUST-004097,2023-12-02,Feature Request,High,89.0,4
TKT-0004071,CUST-002406,2024-07-30,Billing,Low,20.8,4
TKT-0004072,CUST-000967,2024-02-27,Feature Request,Medium,55.1,3
TKT-0004073,CUST-002844,2023-08-15,Bug,Low,22.8,5
TKT-0004074,CUST-002050,2023-11-04,Technical,Critical,118.7,4
TKT-0004075,CUST-002865,2024-08-16,Technical,High,80.2,5
TKT-0004076,CUST-003397,2023-01-17,Billing,Low,26.6,2
TKT-0004077,CUST-004212,2023-01-22,Technical,Low,25.1,4
TKT-0004078,CUST-001342,2023-04-04,Feature Request,Low,13.3,4
TKT-0004079,CUST-004231,2024-08-27,Feature Request,Low,23.1,4
TKT-0004080,CUST-001020,2024-04-07,Technical,Medium,47.7,5
TKT-0004081,CUST-001672,2024-03-05,Technical,Low,18.1,5
TKT-0004082,CUST-003761,2024-06-22,Feature Request,Medium,64.5,3
TKT-0004083,CUST-004208,2024-09-15,Technical,Medium,56.9,5
TKT-0004084,CUST-003198,2023-08-20,Bug,Low,29.4,3
TKT-0004085,CUST-003481,2023-09-10,Account,Low,13.8,5
TKT-0004086,CUST-000878,2023-10-11,Technical,Low,24.9,4
TKT-0004087,CUST-003735,2024-01-04,Feature Request,Medium,32.6,5
TKT-0004088,CUST-000153,2023-01-08,Bug,Low,24.7,4
TKT-0004089,CUST-001185,2023-03-04,Technical,Medium,43.2,4
TKT-0004090,CUST-000609,2023-09-22,Account,High,98.6,4
TKT-0004091,CUST-001389,2023-04-17,Bug,Medium,55.2,4
TKT-0004092,CUST-002177,2024-09-25,Feature Request,Low,19.6,2
TKT-0004093,CUST-001973,2024-01-08,Account,Medium,85.0,4
TKT-0004094,CUST-003836,2023-04-02,Billing,High,89.0,5
TKT-0004095,CUST-002103,2024-11-13,Technical,Low,30.7,5
TKT-0004096,CUST-000359,2023-03-30,Bug,Medium,49.9,4
TKT-0004097,CUST-002200,2023-07-22,Account,Medium,54.3,4
TKT-0004098,CUST-000140,2024-10-06,Technical,Low,22.9,1
TKT-0004099,CUST-001815,2023-02-14,Bug,Low,25.9,4
TKT-0004100,CUST-001220,2023-08-08,Account,Medium,33.3,4
TKT-0004101,CUST-004704,2023-01-27,Feature Request,High,90.5,5
TKT-0004102,CUST-003547,2024-03-29,Feature Request,Low,33.8,5
TKT-0004103,CUST-001404,2024-02-03,Billing,Medium,43.5,5
TKT-0004104,CUST-001275,2024-02-04,Account,Medium,71.0,1
TKT-0004105,CUST-002753,2023-03-14,Account,Low,20.6,4
TKT-0004106,CUST-003381,2024-05-03,Billing,Medium,38.3,5
TKT-0004107,CUST-001164,2023-01-05,Technical,High,81.8,4
TKT-0004108,CUST-003591,2024-02-01,Bug,Medium,49.7,4
TKT-0004109,CUST-002919,2024-12-20,Technical,Low,20.4,5
TKT-0004110,CUST-004096,2023-04-19,Technical,High,66.6,4
TKT-0004111,CUST-002483,2024-02-02,Bug,Low,20.2,5
TKT-0004112,CUST-003548,2024-12-02,Feature Request,Medium,54.3,4
TKT-0004113,CUST-003123,2024-02-16,Billing,Low,26.7,5
TKT-0004114,CUST-001074,2024-07-23,Account,High,45.4,4
TKT-0004115,CUST-003512,2023-10-02,Technical,Critical,83.5,5
TKT-0004116,CUST-002111,2024-02-28,Technical,Critical,85.9,1
TKT-0004117,CUST-001130,2023-11-15,Feature Request,Low,21.4,3
TKT-0004118,CUST-003200,2024-12-07,Account,Medium,65.6,2
TKT-0004119,CUST-000137,2024-07-05,Account,Medium,64.0,4
TKT-0004120,CUST-000933,2024-11-21,Feature Request,Medium,31.1,1
TKT-0004121,CUST-003286,2023-05-19,Bug,High,80.9,3
TKT-0004122,CUST-004658,2024-10-18,Account,High,87.5,3
TKT-0004123,CUST-004215,2023-02-01,Feature Request,High,80.7,2
TKT-0004124,CUST-004570,2024-09-05,Bug,High,22.6,4
TKT-0004125,CUST-000165,2024-06-18,Bug,Medium,70.6,4
TKT-0004126,CUST-001915,2024-05-15,Feature Request,Medium,82.4,3
TKT-0004127,CUST-000347,2023-05-10,Bug,Low,25.1,3
TKT-0004128,CUST-003741,2024-06-27,Account,High,58.1,2
TKT-0004129,CUST-004703,2023-11-13,Account,High,52.9,5
TKT-0004130,CUST-003133,2024-06-19,Bug,High,100.6,4
TKT-0004131,CUST-004829,2023-03-14,Technical,Low,20.9,3
TKT-0004132,CUST-003030,2024-06-08,Bug,Low,18.8,5
TKT-0004133,CUST-000711,2023-04-19,Feature Request,Medium,52.5,3
TKT-0004134,CUST-004153,2024-07-01,Feature Request,Low,15.2,4
TKT-0004135,CUST-000969,2024-02-03,Account,High,49.4,4
TKT-0004136,CUST-000467,2024-08-10,Technical,Low,26.7,4
TKT-0004137,CUST-002019,2024-02-07,Billing,Medium,35.0,5
TKT-0004138,CUST-004035,2024-09-10,Bug,Medium,22.2,4
TKT-0004139,CUST-004075,2023-05-24,Technical,High,91.0,4
TKT-0004140,CUST-000313,2023-08-20,Feature Request,Medium,61.5,4
TKT-0004141,CUST-004747,2023-10-15,Account,Medium,33.4,5
TKT-0004142,CUST-001104,2023-09-18,Technical,Low,22.3,4
TKT-0004143,CUST-002867,2023-09-20,Technical,Low,16.2,5
TKT-0004144,CUST-004777,2023-02-27,Bug,Low,30.6,3
TKT-0004145,CUST-004261,2023-12-01,Bug,Medium,19.1,5
TKT-0004146,CUST-003582,2024-01-14,Technical,Low,14.4,4
TKT-0004147,CUST-004128,2024-03-26,Feature Request,Low,34.2,5
TKT-0004148,CUST-003528,2023-05-26,Billing,High,87.5,5
TKT-0004149,CUST-001283,2023-11-13,Technical,Medium,58.6,4
TKT-0004150,CUST-000768,2024-05-25,Feature Request,High,66.0,3
TKT-0004151,CUST-003557,2024-04-17,Technical,Low,33.8,1
TKT-0004152,CUST-004558,2023-06-25,Bug,Medium,49.5,5
TKT-0004153,CUST-003302,2023-03-26,Feature Request,High,42.6,5
TKT-0004154,CUST-000387,2023-08-16,Bug,Medium,55.6,4
TKT-0004155,CUST-000517,2024-08-07,Bug,Medium,68.4,4
TKT-0004156,CUST-001225,2024-02-24,Feature Request,Low,33.0,5
TKT-0004157,CUST-000261,2023-07-20,Feature Request,High,99.1,3
TKT-0004158,CUST-004775,2024-10-27,Technical,High,29.4,4
TKT-0004159,CUST-003006,2024-02-18,Account,High,68.9,5
TKT-0004160,CUST-001327,2023-06-06,Account,High,72.3,5
TKT-0004161,CUST-002895,2023-01-27,Account,High,56.3,4
TKT-0004162,CUST-002802,2024-12-25,Account,Low,25.6,4
TKT-0004163,CUST-003891,2024-08-19,Bug,Low,19.4,3
TKT-0004164,CUST-001878,2023-03-18,Account,High,25.6,5
TKT-0004165,CUST-002271,2024-02-22,Billing,Medium,37.0,4
TKT-0004166,CUST-003925,2023-01-08,Account,Critical,141.1,4
TKT-0004167,CUST-002629,2024-11-07,Feature Request,High,78.3,5
TKT-0004168,CUST-004256,2023-10-07,Feature Request,Medium,31.4,4
TKT-0004169,CUST-000794,2024-08-21,Bug,Medium,57.9,3
TKT-0004170,CUST-003387,2024-11-24,Billing,High,92.0,5
TKT-0004171,CUST-002656,2023-10-29,Feature Request,Low,24.8,3
TKT-0004172,CUST-000080,2023-04-23,Account,High,70.1,3
TKT-0004173,CUST-002464,2024-05-03,Technical,Medium,53.0,4
TKT-0004174,CUST-002972,2024-12-18,Account,Low,15.6,4
TKT-0004175,CUST-002307,2023-06-11,Account,Medium,82.8,4
TKT-0004176,CUST-000724,2023-07-18,Bug,Low,27.3,4
TKT-0004177,CUST-001289,2023-03-11,Feature Request,Low,26.8,3
TKT-0004178,CUST-000498,2024-10-01,Technical,Critical,65.3,4
TKT-0004179,CUST-004341,2023-01-30,Account,Low,34.6,4
TKT-0004180,CUST-004273,2023-03-06,Account,Medium,33.0,4
TKT-0004181,CUST-000789,2024-03-25,Account,High,61.3,4
TKT-0004182,CUST-002635,2023-02-27,Bug,Low,23.5,4
TKT-0004183,CUST-002651,2024-12-16,Account,Medium,38.7,3
TKT-0004184,CUST-000427,2024-02-04,Feature Request,High,68.8,3
TKT-0004185,CUST-001661,2024-03-09,Billing,High,53.0,4
TKT-0004186,CUST-003138,2024-06-23,Billing,High,89.2,4
TKT-0004187,CUST-004390,2024-01-20,Bug,Medium,54.3,5
TKT-0004188,CUST-001012,2023-09-06,Account,Medium,41.9,4
TKT-0004189,CUST-000829,2024-03-24,Account,Low,30.6,3
TKT-0004190,CUST-000479,2023-05-18,Feature Request,Medium,50.0,5
TKT-0004191,CUST-001865,2023-04-13,Billing,Low,15.5,4
TKT-0004192,CUST-003798,2024-12-15,Feature Request,High,56.0,5
TKT-0004193,CUST-004455,2024-07-12,Technical,Critical,140.5,5
TKT-0004194,CUST-000541,2024-01-07,Account,Low,29.5,5
TKT-0004195,CUST-000866,2024-07-22,Billing,Low,27.2,3
TKT-0004196,CUST-004792,2024-08-12,Technical,Medium,45.9,4
TKT-0004197,CUST-002431,2023-08-09,Account,High,98.4,5
TKT-0004198,CUST-001218,2023-12-21,Feature Request,Medium,33.0,5
TKT-0004199,CUST-002136,2024-06-09,Bug,Low,19.6,4
TKT-0004200,CUST-004532,2023-09-14,Bug,High,69.6,3
TKT-0004201,CUST-002861,2024-11-01,Billing,Low,26.6,5
TKT-0004202,CUST-001911,2023-02-22,Bug,Medium,44.8,4
TKT-0004203,CUST-001960,2023-11-09,Technical,High,35.5,4
TKT-0004204,CUST-002450,2024-05-07,Bug,Medium,36.6,5
TKT-0004205,CUST-001956,2023-02-10,Bug,Low,11.8,3
TKT-0004206,CUST-004578,2024-01-10,Feature Request,Medium,37.3,2
TKT-0004207,CUST-004999,2024-12-11,Account,Low,17.3,3
TKT-0004208,CUST-004190,2024-04-12,Billing,Low,36.5,5
TKT-0004209,CUST-001520,2023-04-01,Feature Request,High,95.7,3
TKT-0004210,CUST-001465,2023-06-12,Bug,High,84.0,4
TKT-0004211,CUST-003653,2024-03-02,Bug,Medium,69.5,4
TKT-0004212,CUST-004000,2023-11-22,Technical,Medium,54.2,3
TKT-0004213,CUST-001620,2024-02-02,Feature Request,Low,7.8,4
TKT-0004214,CUST-003584,2023-12-21,Technical,High,104.1,5
TKT-0004215,CUST-004432,2024-01-29,Bug,High,87.1,4
TKT-0004216,CUST-001406,2024-12-10,Bug,High,105.5,3
TKT-0004217,CUST-002095,2023-10-12,Technical,Medium,39.6,4
TKT-0004218,CUST-002205,2023-04-14,Account,High,56.2,5
TKT-0004219,CUST-002501,2024-11-27,Technical,High,75.7,4
TKT-0004220,CUST-001669,2024-03-14,Bug,Low,26.4,4
TKT-0004221,CUST-001093,2023-11-20,Technical,Low,28.1,5
TKT-0004222,CUST-003492,2024-02-09,Account,Low,28.4,3
TKT-0004223,CUST-000848,2024-02-04,Bug,Low,24.6,4
TKT-0004224,CUST-001455,2024-03-05,Account,High,76.5,5
TKT-0004225,CUST-004927,2024-04-13,Feature Request,Medium,39.0,5
TKT-0004226,CUST-001759,2023-04-08,Billing,Medium,46.1,3
TKT-0004227,CUST-001332,2023-12-10,Technical,High,94.1,5
TKT-0004228,CUST-003909,2024-04-14,Feature Request,Medium,52.6,3
TKT-0004229,CUST-002456,2023-04-25,Billing,High,79.7,5
TKT-0004230,CUST-004829,2023-03-27,Feature Request,High,43.7,5
TKT-0004231,CUST-002726,2023-05-02,Billing,Medium,50.8,5
TKT-0004232,CUST-002125,2023-05-24,Bug,Medium,37.2,2
TKT-0004233,CUST-001480,2023-02-09,Account,Low,28.6,5
TKT-0004234,CUST-001958,2024-05-21,Billing,High,55.0,5
TKT-0004235,CUST-001332,2023-01-19,Account,Low,21.3,4
TKT-0004236,CUST-003851,2023-04-18,Technical,Low,45.5,4
TKT-0004237,CUST-001635,2024-06-18,Account,Medium,56.5,5
TKT-0004238,CUST-004915,2024-12-06,Bug,Low,35.0,5
TKT-0004239,CUST-004929,2024-11-03,Feature Request,Medium,45.4,5
TKT-0004240,CUST-004654,2023-01-19,Bug,Medium,57.6,4
TKT-0004241,CUST-004114,2024-12-10,Technical,Medium,63.4,4
TKT-0004242,CUST-004916,2023-12-12,Billing,High,50.1,3
TKT-0004243,CUST-003485,2024-10-03,Feature Request,Medium,42.4,4
TKT-0004244,CUST-004697,2024-06-23,Technical,Medium,53.7,2
TKT-0004245,CUST-002803,2024-08-03,Billing,High,75.4,4
TKT-0004246,CUST-001793,2023-07-16,Feature Request,High,96.0,4
TKT-0004247,CUST-004742,2024-01-12,Technical,Low,19.1,4
TKT-0004248,CUST-002321,2024-08-06,Bug,Low,41.3,3
TKT-0004249,CUST-003196,2024-03-08,Feature Request,Medium,54.9,2
TKT-0004250,CUST-003593,2024-05-17,Account,Medium,43.1,5
TKT-0004251,CUST-001912,2024-10-08,Feature Request,Medium,50.1,4
TKT-0004252,CUST-001089,2024-08-26,Billing,Low,27.5,5
TKT-0004253,CUST-001807,2023-07-10,Bug,High,84.5,3
TKT-0004254,CUST-001425,2024-02-24,Bug,Low,20.7,5
TKT-0004255,CUST-002360,2023-07-06,Technical,Low,19.0,4
TKT-0004256,CUST-003200,2024-01-06,Bug,Low,21.0,4
TKT-0004257,CUST-001010,2023-12-14,Billing,High,109.4,5
TKT-0004258,CUST-001714,2023-05-21,Bug,Low,22.8,3
TKT-0004259,CUST-002118,2023-12-20,Feature Request,High,66.2,4
TKT-0004260,CUST-003732,2024-04-16,Account,High,69.2,5
TKT-0004261,CUST-003013,2024-03-07,Feature Request,Medium,55.1,5
TKT-0004262,CUST-004558,2023-03-22,Billing,Low,20.4,4
TKT-0004263,CUST-004541,2023-12-24,Technical,Low,14.2,3
TKT-0004264,CUST-000287,2023-01-29,Bug,Low,30.2,3
TKT-0004265,CUST-000250,2024-12-29,Account,Medium,43.4,4
TKT-0004266,CUST-004626,2024-12-30,Bug,Low,32.7,3
TKT-0004267,CUST-003943,2023-09-01,Technical,Critical,207.9,5
TKT-0004268,CUST-003526,2023-07-12,Account,Low,18.3,4
TKT-0004269,CUST-004899,2023-12-22,Account,Critical,99.1,5
TKT-0004270,CUST-004518,2024-09-13,Account,High,81.7,4
TKT-0004271,CUST-002691,2024-10-05,Feature Request,Low,23.4,3
TKT-0004272,CUST-003357,2024-06-09,Account,Medium,70.2,5
TKT-0004273,CUST-000180,2024-10-23,Billing,Critical,118.7,4
TKT-0004274,CUST-004410,2023-09-22,Feature Request,Low,20.1,4
TKT-0004275,CUST-000228,2024-07-02,Feature Request,Medium,35.7,5
TKT-0004276,CUST-001513,2023-02-18,Account,Medium,36.6,5
TKT-0004277,CUST-001493,2024-06-12,Billing,High,90.2,2
TKT-0004278,CUST-003706,2024-03-03,Feature Request,Medium,21.3,5
TKT-0004279,CUST-001512,2023-03-09,Technical,Low,29.2,3
TKT-0004280,CUST-004590,2024-05-31,Account,High,75.3,4
TKT-0004281,CUST-000056,2024-03-17,Bug,Medium,50.1,3
TKT-0004282,CUST-003716,2024-11-19,Feature Request,High,90.0,4
TKT-0004283,CUST-000379,2024-11-16,Account,Medium,47.9,4
TKT-0004284,CUST-003941,2024-12-08,Account,Medium,36.7,1
TKT-0004285,CUST-001601,2024-10-12,Feature Request,High,33.0,5
TKT-0004286,CUST-003599,2024-06-12,Billing,Medium,44.2,5
TKT-0004287,CUST-000010,2023-07-15,Billing,Medium,41.6,4
TKT-0004288,CUST-002580,2023-01-11,Bug,High,81.5,5
TKT-0004289,CUST-000357,2023-09-16,Bug,Medium,61.9,3
TKT-0004290,CUST-002669,2023-07-29,Bug,Low,27.0,2
TKT-0004291,CUST-003679,2023-10-14,Bug,High,71.2,5
TKT-0004292,CUST-003581,2023-05-29,Account,High,98.6,4
TKT-0004293,CUST-001960,2023-06-14,Bug,High,57.6,4
TKT-0004294,CUST-002662,2024-08-29,Bug,Low,10.9,5
TKT-0004295,CUST-004621,2024-09-09,Account,Low,24.6,5
TKT-0004296,CUST-003193,2024-11-12,Billing,Medium,48.2,5
TKT-0004297,CUST-002524,2024-05-22,Feature Request,High,51.5,4
TKT-0004298,CUST-003869,2024-07-07,Feature Request,Medium,41.8,5
TKT-0004299,CUST-002684,2024-01-18,Billing,Medium,48.3,4
TKT-0004300,CUST-000996,2023-08-11,Technical,Medium,52.0,5
TKT-0004301,CUST-003393,2023-05-14,Feature Request,Medium,31.3,5
TKT-0004302,CUST-000884,2023-05-07,Bug,Low,21.4,5
TKT-0004303,CUST-000890,2024-12-08,Technical,Medium,28.3,4
TKT-0004304,CUST-000727,2024-12-07,Billing,Low,26.9,5
TKT-0004305,CUST-004889,2023-01-04,Bug,Medium,52.6,4
TKT-0004306,CUST-001894,2023-03-08,Bug,High,71.2,4
TKT-0004307,CUST-002747,2024-12-30,Billing,Low,23.7,2
TKT-0004308,CUST-004915,2023-09-04,Billing,Medium,68.8,3
TKT-0004309,CUST-000380,2023-08-13,Bug,Low,14.7,4
TKT-0004310,CUST-004177,2024-08-19,Billing,Medium,60.9,5
TKT-0004311,CUST-003400,2024-07-11,Account,High,124.4,5
TKT-0004312,CUST-000387,2024-08-01,Account,Low,19.8,5
TKT-0004313,CUST-000959,2023-08-11,Feature Request,Medium,41.8,4
TKT-0004314,CUST-001225,2023-01-10,Feature Request,Low,30.7,4
TKT-0004315,CUST-000107,2024-08-01,Account,Low,22.4,4
TKT-0004316,CUST-001894,2023-01-15,Feature Request,Low,34.8,4
TKT-0004317,CUST-002588,2023-10-15,Billing,Critical,74.3,1
TKT-0004318,CUST-004603,2023-01-08,Technical,High,49.5,1
TKT-0004319,CUST-004141,2023-02-18,Account,Medium,63.8,5
TKT-0004320,CUST-001700,2023-09-11,Account,High,95.2,4
TKT-0004321,CUST-003220,2024-05-16,Technical,Low,17.5,4
TKT-0004322,CUST-001855,2024-03-06,Technical,High,50.6,4
TKT-0004323,CUST-003936,2023-12-19,Account,High,94.2,4
TKT-0004324,CUST-004002,2024-07-21,Feature Request,Low,19.7,2
TKT-0004325,CUST-002499,2023-11-13,Feature Request,High,57.2,4
TKT-0004326,CUST-003403,2024-11-03,Account,Low,28.6,4
TKT-0004327,CUST-001753,2024-08-03,Technical,High,92.3,4
TKT-0004328,CUST-000913,2024-11-08,Bug,Medium,45.4,2
TKT-0004329,CUST-001324,2023-01-17,Account,Low,14.4,4
TKT-0004330,CUST-004834,2023-04-19,Feature Request,High,23.2,3
TKT-0004331,CUST-000980,2023-11-08,Billing,Medium,34.8,5
TKT-0004332,CUST-003793,2023-02-13,Feature Request,High,68.6,2
TKT-0004333,CUST-004867,2023-12-14,Bug,Medium,37.4,5
TKT-0004334,CUST-000897,2024-03-19,Billing,Low,20.9,4
TKT-0004335,CUST-000348,2023-12-07,Technical,Medium,55.0,4
TKT-0004336,CUST-000230,2023-01-01,Bug,Low,28.7,4
TKT-0004337,CUST-003705,2023-06-01,Technical,Low,25.3,4
TKT-0004338,CUST-000454,2023-12-27,Bug,Medium,48.2,1
TKT-0004339,CUST-004694,2024-04-05,Feature Request,Medium,61.2,3
TKT-0004340,CUST-004153,2024-07-15,Account,Medium,57.1,5
TKT-0004341,CUST-000260,2024-05-15,Account,High,76.1,5
TKT-0004342,CUST-000749,2023-02-08,Bug,High,98.3,3
TKT-0004343,CUST-004874,2024-11-19,Feature Request,High,53.2,4
TKT-0004344,CUST-004081,2024-09-04,Billing,Low,31.1,5
TKT-0004345,CUST-003690,2023-02-17,Technical,Medium,46.7,1
TKT-0004346,CUST-002256,2024-09-17,Bug,Medium,53.1,4
TKT-0004347,CUST-003319,2023-11-29,Billing,Low,18.3,5
TKT-0004348,CUST-004745,2024-09-17,Billing,Critical,57.0,5
TKT-0004349,CUST-004855,2023-02-27,Billing,Low,18.9,5
TKT-0004350,CUST-001754,2023-05-27,Account,Low,19.0,5
TKT-0004351,CUST-000135,2024-11-29,Bug,High,50.1,2
TKT-0004352,CUST-003344,2024-04-17,Bug,Low,22.8,3
TKT-0004353,CUST-002818,2024-09-08,Technical,Low,27.8,3
TKT-0004354,CUST-000078,2024-07-31,Billing,Medium,46.0,4
TKT-0004355,CUST-001736,2023-01-08,Bug,Low,26.4,4
TKT-0004356,CUST-003467,2023-10-05,Bug,Medium,50.4,3
TKT-0004357,CUST-004513,2024-02-05,Bug,Low,11.9,5
TKT-0004358,CUST-000764,2023-07-17,Bug,Medium,56.1,3
TKT-0004359,CUST-001973,2024-02-09,Technical,Medium,59.7,5
TKT-0004360,CUST-000604,2024-09-11,Billing,Low,40.8,5
TKT-0004361,CUST-000792,2023-03-11,Billing,Medium,38.3,4
TKT-0004362,CUST-002712,2024-09-01,Bug,Low,26.3,4
TKT-0004363,CUST-000419,2024-08-12,Billing,Medium,56.8,5
TKT-0004364,CUST-000497,2023-04-25,Account,Medium,43.7,3
TKT-0004365,CUST-003847,2024-06-12,Feature Request,Critical,174.3,3
TKT-0004366,CUST-001537,2023-07-17,Technical,Low,20.8,2
TKT-0004367,CUST-004851,2024-06-18,Account,Low,16.5,5
TKT-0004368,CUST-002100,2024-03-06,Account,Low,17.1,3
TKT-0004369,CUST-004550,2023-10-01,Account,High,45.3,4
TKT-0004370,CUST-001770,2024-06-27,Account,Critical,79.8,3
TKT-0004371,CUST-004390,2024-07-07,Billing,High,83.7,5
TKT-0004372,CUST-002268,2023-07-12,Technical,High,77.2,5
TKT-0004373,CUST-000883,2024-01-25,Technical,Low,25.8,4
TKT-0004374,CUST-003641,2023-05-17,Billing,Medium,39.1,5
TKT-0004375,CUST-003579,2024-02-23,Feature Request,High,62.6,3
TKT-0004376,CUST-002873,2024-08-23,Account,Medium,46.9,3
TKT-0004377,CUST-002610,2024-02-29,Bug,Medium,63.2,5
TKT-0004378,CUST-003082,2023-03-23,Account,Medium,58.2,3
TKT-0004379,CUST-002095,2024-02-27,Billing,Low,24.9,4
TKT-0004380,CUST-000144,2024-12-18,Account,Low,25.7,5
TKT-0004381,CUST-001352,2023-07-18,Billing,Medium,74.6,4
TKT-0004382,CUST-003661,2024-02-03,Technical,Low,16.5,5
TKT-0004383,CUST-000822,2024-03-31,Account,Low,27.6,2
TKT-0004384,CUST-000571,2024-11-18,Technical,Medium,62.2,4
TKT-0004385,CUST-004140,2024-05-01,Feature Request,Low,13.9,5
TKT-0004386,CUST-002608,2023-03-10,Technical,Low,24.1,4
TKT-0004387,CUST-004335,2024-04-11,Feature Request,Low,17.5,5
TKT-0004388,CUST-000715,2024-12-27,Technical,Medium,44.9,4
TKT-0004389,CUST-004405,2024-04-13,Feature Request,High,89.1,4
TKT-0004390,CUST-004253,2023-11-22,Account,Medium,50.9,3
TKT-0004391,CUST-002391,2023-07-09,Technical,Low,30.9,4
TKT-0004392,CUST-001332,2024-09-04,Feature Request,High,93.6,3
TKT-0004393,CUST-003109,2024-02-25,Billing,Medium,42.1,4
TKT-0004394,CUST-001493,2024-11-28,Account,Low,25.2,4
TKT-0004395,CUST-000226,2024-08-07,Bug,Low,28.1,3
TKT-0004396,CUST-003362,2024-12-24,Billing,Low,17.0,5
TKT-0004397,CUST-003633,2023-11-03,Bug,Low,35.6,3
TKT-0004398,CUST-001522,2024-11-20,Account,Low,29.1,5
TKT-0004399,CUST-001037,2023-07-04,Technical,Medium,65.4,5
TKT-0004400,CUST-001745,2024-12-06,Feature Request,Medium,61.8,5
TKT-0004401,CUST-002520,2024-01-29,Feature Request,Medium,51.1,4
TKT-0004402,CUST-003025,2024-09-29,Technical,High,70.5,3
TKT-0004403,CUST-001616,2023-04-12,Account,Low,29.3,5
TKT-0004404,CUST-002778,2024-01-02,Technical,Medium,67.3,3
TKT-0004405,CUST-001522,2023-10-06,Account,High,72.8,4
TKT-0004406,CUST-003167,2024-12-25,Billing,High,68.4,1
TKT-0004407,CUST-001702,2024-07-07,Feature Request,Medium,50.5,5
TKT-0004408,CUST-000516,2024-10-09,Technical,Medium,65.8,4
TKT-0004409,CUST-002210,2024-09-20,Account,Medium,38.6,3
TKT-0004410,CUST-002478,2024-04-18,Feature Request,Medium,52.4,3
TKT-0004411,CUST-002303,2024-07-06,Billing,Medium,37.4,5
TKT-0004412,CUST-002967,2024-07-11,Technical,Low,37.9,2
TKT-0004413,CUST-001969,2023-04-01,Feature Request,Medium,48.6,4
TKT-0004414,CUST-002706,2024-11-18,Account,Medium,46.2,5
TKT-0004415,CUST-001318,2024-10-13,Billing,Low,33.6,4
TKT-0004416,CUST-001056,2023-09-29,Account,Medium,44.0,3
TKT-0004417,CUST-002800,2023-04-09,Account,Medium,67.1,2
TKT-0004418,CUST-003185,2024-12-07,Bug,High,73.1,3
TKT-0004419,CUST-002111,2023-05-22,Technical,Low,14.2,4
TKT-0004420,CUST-002925,2023-09-22,Feature Request,Low,33.3,5
TKT-0004421,CUST-001660,2023-12-02,Account,Medium,33.4,4
TKT-0004422,CUST-001059,2023-06-17,Account,Low,20.3,5
TKT-0004423,CUST-000958,2024-03-31,Billing,Critical,146.4,4
TKT-0004424,CUST-003319,2024-04-28,Bug,Low,11.9,5
TKT-0004425,CUST-004747,2023-02-06,Account,Medium,15.6,5
TKT-0004426,CUST-002588,2024-01-06,Bug,Low,1.0,3
TKT-0004427,CUST-000943,2023-02-09,Account,Medium,56.9,4
TKT-0004428,CUST-004263,2024-06-30,Account,Medium,45.8,3
TKT-0004429,CUST-003808,2024-04-28,Technical,Critical,189.4,4
TKT-0004430,CUST-000629,2023-12-12,Billing,Low,23.9,5
TKT-0004431,CUST-004029,2023-12-13,Bug,Medium,32.5,4
TKT-0004432,CUST-004423,2023-02-11,Feature Request,Low,27.4,3
TKT-0004433,CUST-000647,2023-11-26,Feature Request,Low,30.9,5
TKT-0004434,CUST-000581,2024-03-16,Account,High,58.3,5
TKT-0004435,CUST-002611,2023-06-16,Bug,Low,22.2,4
TKT-0004436,CUST-001914,2023-09-29,Billing,Low,38.5,2
TKT-0004437,CUST-002577,2023-10-30,Account,Low,24.3,1
TKT-0004438,CUST-002502,2024-07-01,Feature Request,Low,17.1,1
TKT-0004439,CUST-003828,2023-03-24,Bug,Medium,26.5,5
TKT-0004440,CUST-002052,2024-07-10,Feature Request,High,70.6,5
TKT-0004441,CUST-000703,2024-07-03,Billing,Medium,34.3,3
TKT-0004442,CUST-001793,2024-06-29,Bug,High,88.2,5
TKT-0004443,CUST-003313,2024-11-06,Account,High,116.7,3
TKT-0004444,CUST-002504,2024-01-30,Account,Medium,71.2,5
TKT-0004445,CUST-002011,2024-03-28,Feature Request,Medium,68.6,4
TKT-0004446,CUST-000246,2024-06-12,Billing,Low,27.9,1
TKT-0004447,CUST-003953,2024-08-28,Billing,Medium,35.1,5
TKT-0004448,CUST-001929,2024-01-12,Account,Low,30.8,5
TKT-0004449,CUST-000595,2023-01-26,Technical,Medium,48.8,5
TKT-0004450,CUST-003239,2023-04-14,Technical,High,85.0,2
TKT-0004451,CUST-003901,2023-08-20,Bug,Medium,62.8,2
TKT-0004452,CUST-001768,2024-08-10,Bug,Medium,45.3,4
TKT-0004453,CUST-002696,2023-04-26,Feature Request,Low,33.5,3
TKT-0004454,CUST-004581,2024-08-13,Technical,High,57.5,4
TKT-0004455,CUST-000638,2023-07-25,Technical,Medium,19.7,5
TKT-0004456,CUST-004864,2024-06-22,Account,Medium,34.8,2
TKT-0004457,CUST-002485,2024-04-17,Bug,Medium,6.4,2
TKT-0004458,CUST-000658,2023-03-05,Bug,Medium,60.1,4
TKT-0004459,CUST-003838,2024-03-24,Technical,Medium,49.6,3
TKT-0004460,CUST-003037,2023-10-13,Bug,Medium,17.8,5
TKT-0004461,CUST-000044,2023-03-24,Technical,Medium,42.7,4
TKT-0004462,CUST-003247,2023-11-02,Billing,High,67.2,2
TKT-0004463,CUST-002110,2023-06-22,Account,Low,27.5,3
TKT-0004464,CUST-000182,2023-01-23,Bug,High,74.1,4
TKT-0004465,CUST-004105,2023-04-14,Feature Request,High,69.4,5
TKT-0004466,CUST-001483,2023-09-04,Account,Low,22.4,5
TKT-0004467,CUST-002024,2023-10-11,Bug,Medium,52.0,4
TKT-0004468,CUST-003625,2024-09-30,Bug,Medium,69.9,3
TKT-0004469,CUST-003594,2024-11-03,Bug,Low,13.4,3
TKT-0004470,CUST-001222,2024-07-04,Technical,High,107.7,4
TKT-0004471,CUST-001125,2023-11-14,Account,Low,22.7,4
TKT-0004472,CUST-000852,2023-08-05,Feature Request,Low,21.5,4
TKT-0004473,CUST-000291,2024-07-19,Billing,High,97.4,3
TKT-0004474,CUST-002891,2023-06-28,Account,High,64.2,3
TKT-0004475,CUST-003586,2024-07-12,Feature Request,Critical,101.1,5
TKT-0004476,CUST-000190,2024-11-10,Bug,Medium,60.9,5
TKT-0004477,CUST-003714,2023-03-18,Feature Request,Medium,75.7,5
TKT-0004478,CUST-004370,2023-11-15,Bug,High,91.2,5
TKT-0004479,CUST-003742,2023-01-18,Bug,High,64.7,5
TKT-0004480,CUST-001277,2023-10-27,Account,Low,18.6,4
TKT-0004481,CUST-000789,2024-02-04,Feature Request,Low,22.2,4
TKT-0004482,CUST-004600,2023-07-01,Feature Request,Medium,66.5,3
TKT-0004483,CUST-003469,2023-11-16,Technical,Medium,57.2,4
TKT-0004484,CUST-001090,2024-05-01,Feature Request,High,67.2,2
TKT-0004485,CUST-002294,2024-06-29,Technical,Medium,44.9,3
TKT-0004486,CUST-002333,2024-03-23,Technical,Medium,30.6,5
TKT-0004487,CUST-001750,2024-12-04,Technical,Medium,63.9,4
TKT-0004488,CUST-000570,2023-07-20,Account,Low,13.7,5
TKT-0004489,CUST-004079,2024-01-02,Feature Request,High,59.4,4
TKT-0004490,CUST-003325,2024-03-26,Bug,Low,28.9,2
TKT-0004491,CUST-000513,2023-07-09,Billing,Low,24.7,5
TKT-0004492,CUST-000101,2023-08-09,Feature Request,Medium,51.7,4
TKT-0004493,CUST-000748,2024-02-25,Bug,Medium,54.2,4
TKT-0004494,CUST-000457,2024-11-10,Technical,Medium,50.9,2
TKT-0004495,CUST-001356,2023-06-16,Technical,Low,16.7,5
TKT-0004496,CUST-000742,2024-05-08,Account,High,107.6,5
TKT-0004497,CUST-002856,2023-08-21,Bug,Low,35.8,4
TKT-0004498,CUST-000506,2023-08-27,Technical,Low,22.2,5
TKT-0004499,CUST-001458,2023-02-18,Bug,Low,4.9,5
TKT-0004500,CUST-001656,2024-05-28,Technical,Medium,23.8,4
TKT-0004501,CUST-003331,2024-11-07,Account,High,51.9,1
TKT-0004502,CUST-000418,2024-08-07,Account,Low,9.0,4
TKT-0004503,CUST-001563,2023-01-12,Technical,High,1.0,4
TKT-0004504,CUST-003269,2023-09-05,Billing,Medium,59.0,2
TKT-0004505,CUST-000794,2023-11-10,Feature Request,High,52.3,4
TKT-0004506,CUST-000682,2023-11-23,Technical,Medium,48.8,4
TKT-0004507,CUST-001470,2023-10-31,Account,Low,22.0,4
TKT-0004508,CUST-001403,2023-11-14,Account,Low,21.9,5
TKT-0004509,CUST-000372,2024-02-11,Feature Request,Medium,67.6,4
TKT-0004510,CUST-004560,2024-11-02,Account,Low,25.6,5
TKT-0004511,CUST-002602,2024-05-27,Feature Request,Low,36.3,3
TKT-0004512,CUST-004339,2023-10-18,Billing,Low,22.4,3
TKT-0004513,CUST-004339,2023-09-12,Feature Request,Low,25.1,3
TKT-0004514,CUST-001095,2023-07-02,Bug,Medium,57.5,4
TKT-0004515,CUST-002232,2023-03-06,Bug,Medium,56.4,5
TKT-0004516,CUST-001900,2023-02-13,Bug,High,53.6,4
TKT-0004517,CUST-004933,2024-08-31,Technical,Medium,42.2,4
TKT-0004518,CUST-001484,2023-11-26,Account,Low,28.6,4
TKT-0004519,CUST-002960,2023-10-31,Bug,Medium,37.9,4
TKT-0004520,CUST-000873,2024-09-07,Technical,Medium,45.3,3
TKT-0004521,CUST-001428,2024-02-01,Account,Medium,61.7,5
TKT-0004522,CUST-004140,2024-07-29,Account,High,92.6,3
TKT-0004523,CUST-000978,2024-03-04,Account,Low,8.4,2
TKT-0004524,CUST-004677,2023-04-15,Account,Medium,60.8,5
TKT-0004525,CUST-002546,2024-05-13,Billing,Medium,71.6,4
TKT-0004526,CUST-000315,2024-04-16,Bug,High,54.4,4
TKT-0004527,CUST-001879,2024-11-12,Feature Request,Low,37.8,4
TKT-0004528,CUST-004128,2023-07-12,Feature Request,Medium,58.7,3
TKT-0004529,CUST-002547,2023-02-28,Account,Medium,45.1,5
TKT-0004530,CUST-001395,2024-04-28,Bug,Medium,46.1,5
TKT-0004531,CUST-004119,2024-08-02,Feature Request,High,76.0,5
TKT-0004532,CUST-004141,2023-01-04,Account,High,78.3,5
TKT-0004533,CUST-004318,2024-08-09,Bug,Medium,74.5,5
TKT-0004534,CUST-001156,2024-09-27,Account,Medium,39.9,3
TKT-0004535,CUST-001909,2023-03-19,Billing,Medium,66.0,4
TKT-0004536,CUST-001539,2024-12-12,Feature Request,Medium,42.9,4
TKT-0004537,CUST-002675,2024-08-07,Bug,Medium,51.8,5
TKT-0004538,CUST-000781,2024-09-17,Bug,Medium,40.5,3
TKT-0004539,CUST-003762,2024-10-18,Feature Request,High,57.8,4
TKT-0004540,CUST-001502,2024-10-10,Bug,Medium,47.3,3
TKT-0004541,CUST-004182,2024-10-29,Bug,Medium,56.5,2
TKT-0004542,CUST-003189,2024-05-27,Bug,Critical,162.8,3
TKT-0004543,CUST-002167,2023-10-13,Bug,Low,12.5,3
TKT-0004544,CUST-002634,2024-02-11,Bug,Medium,43.6,3
TKT-0004545,CUST-004776,2024-04-01,Feature Request,Low,15.2,5
TKT-0004546,CUST-001457,2024-03-05,Feature Request,High,79.1,4
TKT-0004547,CUST-003113,2023-03-11,Technical,High,75.9,5
TKT-0004548,CUST-002933,2024-04-21,Billing,Low,17.6,3
TKT-0004549,CUST-004705,2023-01-20,Bug,Medium,56.3,5
TKT-0004550,CUST-001595,2024-09-03,Bug,High,59.1,4
TKT-0004551,CUST-002320,2024-08-11,Feature Request,High,84.7,4
TKT-0004552,CUST-001309,2024-01-17,Account,Medium,53.9,4
TKT-0004553,CUST-002537,2023-05-01,Billing,Medium,40.5,3
TKT-0004554,CUST-003858,2023-04-05,Bug,Medium,43.6,5
TKT-0004555,CUST-000902,2023-02-10,Billing,Low,18.8,2
TKT-0004556,CUST-004969,2023-08-09,Technical,Low,21.3,4
TKT-0004557,CUST-000314,2023-12-26,Bug,High,80.6,5
TKT-0004558,CUST-002990,2024-02-18,Account,Medium,37.0,5
TKT-0004559,CUST-003852,2023-06-16,Technical,Low,28.0,5
TKT-0004560,CUST-002184,2023-11-23,Billing,Medium,52.2,4
TKT-0004561,CUST-000357,2024-05-09,Technical,Low,18.4,5
TKT-0004562,CUST-001340,2024-12-10,Bug,Medium,55.7,4
TKT-0004563,CUST-000240,2024-02-12,Feature Request,High,83.1,4
TKT-0004564,CUST-001993,2023-05-17,Billing,Medium,68.4,4
TKT-0004565,CUST-002112,2023-03-12,Bug,Medium,32.2,5
TKT-0004566,CUST-000064,2023-02-28,Billing,High,119.7,4
TKT-0004567,CUST-002354,2024-10-02,Billing,High,71.8,5
TKT-0004568,CUST-000383,2024-09-01,Billing,Medium,46.8,4
TKT-0004569,CUST-004156,2023-02-04,Account,High,58.2,3
TKT-0004570,CUST-004498,2023-05-26,Bug,Low,19.7,4
TKT-0004571,CUST-001758,2024-06-23,Billing,High,50.8,4
TKT-0004572,CUST-002752,2023-01-27,Billing,Low,24.8,3
TKT-0004573,CUST-002972,2023-12-21,Account,Medium,49.5,3
TKT-0004574,CUST-001381,2024-04-09,Account,High,60.2,5
TKT-0004575,CUST-000837,2024-08-27,Technical,Medium,36.2,4
TKT-0004576,CUST-003770,2024-12-20,Bug,Low,25.7,1
TKT-0004577,CUST-001892,2023-12-18,Feature Request,Medium,54.5,5
TKT-0004578,CUST-004070,2024-01-18,Feature Request,Low,10.9,3
TKT-0004579,CUST-002953,2023-01-24,Technical,Low,25.4,4
TKT-0004580,CUST-001497,2023-01-25,Bug,Low,21.9,5
TKT-0004581,CUST-002095,2023-02-26,Technical,Medium,63.6,5
TKT-0004582,CUST-003718,2023-09-20,Account,Medium,64.1,5
TKT-0004583,CUST-000376,2023-11-01,Bug,High,64.0,5
TKT-0004584,CUST-001326,2023-10-08,Account,Low,13.6,4
TKT-0004585,CUST-004126,2023-03-17,Bug,Medium,55.3,5
TKT-0004586,CUST-002417,2023-12-19,Feature Request,Low,21.7,4
TKT-0004587,CUST-002860,2024-03-12,Account,Low,13.0,3
TKT-0004588,CUST-000521,2024-01-27,Feature Request,Medium,26.8,5
TKT-0004589,CUST-000936,2024-11-27,Bug,Low,23.4,4
TKT-0004590,CUST-004351,2023-09-01,Feature Request,High,69.9,4
TKT-0004591,CUST-003355,2023-02-12,Account,Low,22.3,5
TKT-0004592,CUST-000960,2024-01-19,Bug,Medium,73.4,2
TKT-0004593,CUST-003917,2024-04-04,Account,Low,23.9,5
TKT-0004594,CUST-002892,2023-06-10,Bug,Critical,91.8,5
TKT-0004595,CUST-001455,2024-05-23,Account,Medium,45.5,4
TKT-0004596,CUST-002844,2024-01-17,Feature Request,Low,30.2,2
TKT-0004597,CUST-003236,2024-03-20,Billing,High,62.3,5
TKT-0004598,CUST-001423,2023-06-08,Technical,Low,20.2,4
TKT-0004599,CUST-000777,2023-07-11,Technical,High,57.6,4
TKT-0004600,CUST-004092,2023-01-23,Billing,Critical,186.6,1
TKT-0004601,CUST-002651,2023-06-17,Bug,Critical,175.2,3
TKT-0004602,CUST-003480,2023-04-27,Technical,High,76.4,5
TKT-0004603,CUST-002223,2024-04-06,Account,Critical,117.1,3
TKT-0004604,CUST-000374,2023-11-23,Billing,Low,41.2,4
TKT-0004605,CUST-004361,2024-07-07,Feature Request,High,93.3,3
TKT-0004606,CUST-000925,2024-08-04,Billing,Medium,50.4,3
TKT-0004607,CUST-003154,2023-07-03,Feature Request,High,65.8,4
TKT-0004608,CUST-000924,2024-07-28,Account,Low,20.2,5
TKT-0004609,CUST-002325,2023-08-06,Account,High,99.1,3
TKT-0004610,CUST-003299,2024-07-31,Bug,Low,25.9,4
TKT-0004611,CUST-001565,2024-12-18,Bug,Low,11.5,5
TKT-0004612,CUST-002900,2023-01-23,Billing,High,57.7,4
TKT-0004613,CUST-000267,2023-11-25,Technical,High,96.3,3
TKT-0004614,CUST-004799,2023-07-18,Technical,Medium,59.7,4
TKT-0004615,CUST-000021,2024-04-15,Account,High,81.5,5
TKT-0004616,CUST-000927,2023-01-30,Feature Request,Low,17.2,3
TKT-0004617,CUST-000717,2023-05-01,Bug,High,55.8,4
TKT-0004618,CUST-002932,2023-08-21,Technical,Low,26.3,3
TKT-0004619,CUST-002359,2024-10-19,Technical,Medium,58.5,3
TKT-0004620,CUST-001234,2024-05-04,Billing,Low,20.3,4
TKT-0004621,CUST-002862,2024-12-26,Billing,High,60.2,5
TKT-0004622,CUST-001884,2024-02-06,Bug,Low,33.7,5
TKT-0004623,CUST-003590,2024-12-20,Billing,Medium,45.9,4
TKT-0004624,CUST-001700,2023-01-30,Account,Critical,148.5,4
TKT-0004625,CUST-004159,2024-11-12,Feature Request,High,97.6,5
TKT-0004626,CUST-001348,2024-04-12,Technical,Low,26.7,3
TKT-0004627,CUST-003680,2023-07-09,Technical,Critical,109.3,5
TKT-0004628,CUST-001719,2023-01-05,Technical,Medium,54.6,3
TKT-0004629,CUST-002518,2024-11-18,Bug,High,80.4,4
TKT-0004630,CUST-002189,2023-08-10,Bug,Low,19.2,5
TKT-0004631,CUST-002316,2023-06-06,Bug,Low,21.3,4
TKT-0004632,CUST-000707,2023-10-13,Billing,Low,20.2,4
TKT-0004633,CUST-002888,2024-06-15,Bug,Low,26.1,4
TKT-0004634,CUST-004345,2024-09-14,Billing,Medium,58.9,3
TKT-0004635,CUST-001448,2023-07-17,Technical,Low,38.6,5
TKT-0004636,CUST-001629,2023-05-25,Account,High,96.6,4
TKT-0004637,CUST-003061,2023-08-21,Feature Request,Critical,126.0,4
TKT-0004638,CUST-001720,2024-10-25,Billing,High,64.1,5
TKT-0004639,CUST-002134,2024-04-21,Account,Low,30.8,5
TKT-0004640,CUST-002879,2024-05-08,Feature Request,Medium,47.5,4
TKT-0004641,CUST-002605,2024-01-10,Bug,Medium,14.9,5
TKT-0004642,CUST-000282,2024-03-06,Technical,Medium,62.2,4
TKT-0004643,CUST-001313,2024-05-18,Technical,High,56.2,4
TKT-0004644,CUST-001165,2024-05-02,Technical,Medium,42.9,2
TKT-0004645,CUST-001248,2024-09-18,Technical,High,69.2,4
TKT-0004646,CUST-002176,2023-10-05,Account,Low,12.9,4
TKT-0004647,CUST-002190,2024-01-20,Feature Request,Medium,51.3,5
TKT-0004648,CUST-002361,2024-02-02,Bug,Low,23.0,5
TKT-0004649,CUST-001932,2024-07-12,Technical,Medium,49.6,3
TKT-0004650,CUST-001701,2023-11-29,Feature Request,Medium,60.2,5
TKT-0004651,CUST-002209,2023-07-29,Bug,High,60.9,4
TKT-0004652,CUST-000403,2023-07-10,Feature Request,Medium,34.3,5
TKT-0004653,CUST-001556,2023-10-11,Account,Medium,57.7,4
TKT-0004654,CUST-000691,2023-04-30,Billing,Medium,63.5,5
TKT-0004655,CUST-000713,2023-10-28,Billing,Low,17.9,3
TKT-0004656,CUST-004122,2024-06-01,Bug,High,91.8,5
TKT-0004657,CUST-002238,2023-10-17,Bug,Medium,56.2,4
TKT-0004658,CUST-001716,2023-06-09,Bug,Medium,76.0,3
TKT-0004659,CUST-001738,2024-03-04,Bug,High,102.8,1
TKT-0004660,CUST-002268,2024-10-27,Billing,High,61.8,4
TKT-0004661,CUST-003326,2024-07-29,Bug,High,58.6,4
TKT-0004662,CUST-004869,2024-09-10,Bug,Medium,63.9,4
TKT-0004663,CUST-001972,2024-06-04,Account,Medium,52.7,4
TKT-0004664,CUST-001700,2024-07-17,Feature Request,Low,28.7,4
TKT-0004665,CUST-001588,2023-02-06,Account,High,71.3,4
TKT-0004666,CUST-002193,2024-05-13,Technical,Low,21.0,5
TKT-0004667,CUST-000092,2024-03-27,Technical,High,65.7,5
TKT-0004668,CUST-000146,2024-01-03,Technical,High,67.0,5
TKT-0004669,CUST-000063,2024-05-02,Technical,Low,16.6,4
TKT-0004670,CUST-001088,2024-10-10,Bug,High,95.5,4
TKT-0004671,CUST-002528,2023-10-20,Account,Medium,67.1,4
TKT-0004672,CUST-002087,2024-03-23,Technical,Medium,58.2,1
TKT-0004673,CUST-000038,2023-12-19,Feature Request,Medium,68.7,4
TKT-0004674,CUST-003677,2024-06-26,Bug,High,111.7,4
TKT-0004675,CUST-001779,2023-12-13,Bug,High,64.8,1
TKT-0004676,CUST-003760,2024-11-23,Feature Request,Low,32.6,3
TKT-0004677,CUST-003822,2024-03-25,Account,Medium,51.8,3
TKT-0004678,CUST-002065,2024-07-16,Account,Low,22.7,5
TKT-0004679,CUST-001146,2024-01-16,Account,Low,29.8,5
TKT-0004680,CUST-003496,2024-02-08,Bug,High,48.2,5
TKT-0004681,CUST-000736,2023-11-03,Bug,Low,42.2,2
TKT-0004682,CUST-003011,2024-01-11,Account,Medium,66.2,5
TKT-0004683,CUST-001057,2023-03-31,Technical,High,44.4,4
TKT-0004684,CUST-001519,2024-12-13,Bug,High,66.9,3
TKT-0004685,CUST-001233,2024-08-18,Feature Request,Low,19.1,4
TKT-0004686,CUST-001594,2023-07-03,Feature Request,High,68.2,5
TKT-0004687,CUST-004133,2023-10-11,Technical,Low,23.3,4
TKT-0004688,CUST-002668,2023-05-21,Bug,Medium,70.5,4
TKT-0004689,CUST-002989,2024-04-04,Feature Request,Medium,51.4,4
TKT-0004690,CUST-002716,2024-08-04,Feature Request,Medium,30.9,5
TKT-0004691,CUST-001194,2023-09-05,Bug,Medium,34.0,5
TKT-0004692,CUST-001062,2023-09-29,Account,Medium,53.2,4
TKT-0004693,CUST-001147,2024-01-31,Technical,Low,30.3,5
TKT-0004694,CUST-001944,2024-07-05,Account,Low,14.8,4
TKT-0004695,CUST-003103,2024-11-28,Bug,Low,14.5,2
TKT-0004696,CUST-001989,2023-05-11,Feature Request,High,71.7,5
TKT-0004697,CUST-002396,2024-10-30,Billing,Low,26.1,4
TKT-0004698,CUST-003629,2024-09-23,Bug,Medium,45.6,4
TKT-0004699,CUST-003515,2024-11-15,Billing,Low,16.6,2
TKT-0004700,CUST-002508,2024-07-26,Bug,Medium,63.0,4
TKT-0004701,CUST-000625,2024-01-07,Technical,Medium,41.0,5
TKT-0004702,CUST-001224,2023-04-04,Feature Request,Medium,58.4,4
TKT-0004703,CUST-004110,2024-02-13,Bug,Low,12.7,4
TKT-0004704,CUST-000622,2023-12-21,Feature Request,Medium,49.2,5
TKT-0004705,CUST-002265,2023-05-28,Bug,Low,18.5,4
TKT-0004706,CUST-000672,2023-07-07,Feature Request,Medium,46.1,3
TKT-0004707,CUST-003841,2024-11-14,Feature Request,High,108.0,5
TKT-0004708,CUST-000543,2024-06-17,Account,Medium,52.0,5
TKT-0004709,CUST-002981,2024-05-17,Feature Request,Low,19.1,4
TKT-0004710,CUST-004017,2023-08-01,Technical,Low,21.1,5
TKT-0004711,CUST-003734,2023-12-01,Bug,Low,21.4,3
TKT-0004712,CUST-001783,2023-04-21,Technical,High,76.3,4
TKT-0004713,CUST-000400,2023-03-30,Feature Request,High,98.2,3
TKT-0004714,CUST-002188,2024-07-17,Bug,Low,23.6,3
TKT-0004715,CUST-002958,2024-04-23,Feature Request,Low,21.1,2
TKT-0004716,CUST-001591,2024-05-07,Account,Medium,55.2,4
TKT-0004717,CUST-003435,2024-06-27,Bug,High,85.2,4
TKT-0004718,CUST-003109,2024-02-07,Bug,High,76.2,4
TKT-0004719,CUST-003655,2023-09-04,Bug,Low,18.7,5
TKT-0004720,CUST-001096,2023-09-23,Account,Medium,28.9,4
TKT-0004721,CUST-003304,2024-10-04,Feature Request,Low,22.0,5
TKT-0004722,CUST-002572,2023-03-11,Technical,Medium,63.3,3
TKT-0004723,CUST-004037,2023-10-08,Bug,Medium,62.8,3
TKT-0004724,CUST-003122,2023-10-19,Technical,Medium,49.1,3
TKT-0004725,CUST-002707,2024-07-27,Technical,Medium,67.5,4
TKT-0004726,CUST-002675,2024-05-04,Feature Request,Medium,55.8,4
TKT-0004727,CUST-003323,2024-11-12,Feature Request,Medium,58.5,5
TKT-0004728,CUST-000792,2024-05-11,Billing,Medium,50.4,3
TKT-0004729,CUST-003552,2024-03-27,Feature Request,Medium,76.8,3
TKT-0004730,CUST-004261,2023-11-04,Bug,High,65.2,5
TKT-0004731,CUST-000415,2024-03-31,Feature Request,Medium,28.3,3
TKT-0004732,CUST-002400,2024-02-22,Account,Medium,46.7,3
TKT-0004733,CUST-004889,2023-07-21,Feature Request,High,79.3,4
TKT-0004734,CUST-001165,2024-08-21,Feature Request,Medium,71.0,5
TKT-0004735,CUST-000864,2024-04-01,Feature Request,Low,19.7,5
TKT-0004736,CUST-000584,2024-11-05,Technical,Medium,39.5,4
TKT-0004737,CUST-000768,2023-03-21,Technical,Low,24.0,4
TKT-0004738,CUST-000354,2023-01-19,Account,Medium,23.3,2
TKT-0004739,CUST-000384,2023-07-17,Technical,Medium,49.4,3
TKT-0004740,CUST-002860,2023-03-10,Billing,Low,25.1,4
TKT-0004741,CUST-001589,2024-06-20,Feature Request,High,45.7,4
TKT-0004742,CUST-003972,2024-07-03,Account,Medium,15.2,5
TKT-0004743,CUST-001921,2024-03-25,Account,High,78.3,3
TKT-0004744,CUST-002357,2023-07-03,Technical,High,54.8,3
TKT-0004745,CUST-001452,2024-05-24,Bug,Medium,56.9,4
TKT-0004746,CUST-002196,2024-05-13,Account,Low,28.6,4
TKT-0004747,CUST-000720,2024-08-05,Feature Request,Low,29.5,1
TKT-0004748,CUST-004097,2024-03-04,Account,High,113.7,4
TKT-0004749,CUST-000892,2023-02-26,Billing,Low,18.0,4
TKT-0004750,CUST-001536,2024-02-24,Account,Medium,57.5,5
TKT-0004751,CUST-003725,2024-11-14,Account,Low,30.6,3
TKT-0004752,CUST-002813,2024-07-06,Account,Medium,59.8,4
TKT-0004753,CUST-001365,2024-06-01,Billing,High,25.7,4
TKT-0004754,CUST-002654,2024-06-18,Account,High,76.7,4
TKT-0004755,CUST-003808,2024-11-16,Account,Low,19.8,4
TKT-0004756,CUST-001643,2024-01-27,Billing,Medium,39.5,4
TKT-0004757,CUST-003710,2024-03-24,Bug,Medium,51.0,3
TKT-0004758,CUST-001748,2024-11-14,Feature Request,Low,15.2,3
TKT-0004759,CUST-000561,2023-10-17,Feature Request,High,48.1,3
TKT-0004760,CUST-003716,2023-06-28,Technical,Medium,42.9,4
TKT-0004761,CUST-004706,2023-01-10,Account,Medium,41.8,4
TKT-0004762,CUST-001105,2023-12-05,Account,Critical,137.5,5
TKT-0004763,CUST-000328,2024-12-03,Feature Request,Medium,57.5,5
TKT-0004764,CUST-003094,2024-12-20,Bug,Medium,53.9,5
TKT-0004765,CUST-002999,2023-02-01,Technical,Critical,193.6,4
TKT-0004766,CUST-002894,2024-11-11,Account,Medium,52.3,4
TKT-0004767,CUST-000540,2023-11-29,Bug,Medium,60.3,5
TKT-0004768,CUST-000217,2024-04-26,Feature Request,Medium,43.6,5
TKT-0004769,CUST-004070,2024-07-01,Technical,Low,25.4,5
TKT-0004770,CUST-004435,2023-10-31,Feature Request,Medium,39.9,3
TKT-0004771,CUST-004095,2024-02-18,Feature Request,Low,34.0,3
TKT-0004772,CUST-003231,2023-06-29,Bug,Medium,29.8,5
TKT-0004773,CUST-000774,2023-05-28,Bug,Medium,61.7,4
TKT-0004774,CUST-003404,2023-03-13,Bug,Medium,68.2,5
TKT-0004775,CUST-002262,2024-02-19,Bug,High,77.5,5
TKT-0004776,CUST-004013,2023-08-03,Feature Request,Low,28.1,5
TKT-0004777,CUST-000930,2023-09-26,Technical,High,48.9,4
TKT-0004778,CUST-001471,2024-02-21,Technical,Low,26.1,5
TKT-0004779,CUST-004282,2023-12-05,Bug,Low,17.4,5
TKT-0004780,CUST-003257,2023-04-05,Billing,Low,22.2,5
TKT-0004781,CUST-001994,2024-06-28,Technical,High,57.7,3
TKT-0004782,CUST-000040,2024-02-19,Feature Request,Medium,65.3,5
TKT-0004783,CUST-004796,2023-11-22,Feature Request,Low,29.4,5
TKT-0004784,CUST-001125,2023-04-27,Account,High,80.2,5
TKT-0004785,CUST-003728,2023-12-21,Billing,Low,14.3,4
TKT-0004786,CUST-003939,2023-08-27,Account,Low,27.8,4
TKT-0004787,CUST-003235,2023-03-29,Bug,High,67.0,3
TKT-0004788,CUST-001393,2023-05-16,Bug,Medium,32.6,5
TKT-0004789,CUST-000361,2023-03-07,Bug,High,73.4,2
TKT-0004790,CUST-003839,2023-10-28,Bug,Medium,43.8,4
TKT-0004791,CUST-002432,2023-03-15,Bug,High,95.9,2
TKT-0004792,CUST-004648,2024-11-23,Feature Request,Critical,155.5,4
TKT-0004793,CUST-001040,2023-08-28,Feature Request,Low,12.4,5
TKT-0004794,CUST-003212,2024-12-30,Technical,Low,37.4,4
TKT-0004795,CUST-004814,2024-06-17,Feature Request,Medium,29.0,4
TKT-0004796,CUST-002096,2023-05-09,Technical,High,52.9,3
TKT-0004797,CUST-001857,2024-10-05,Account,Medium,53.2,5
TKT-0004798,CUST-002996,2024-09-22,Technical,Low,31.1,4
TKT-0004799,CUST-002614,2024-05-28,Feature Request,High,43.4,5
TKT-0004800,CUST-001584,2024-10-19,Technical,Low,3.5,4
TKT-0004801,CUST-001958,2024-05-10,Feature Request,Medium,38.2,5
TKT-0004802,CUST-002895,2024-09-30,Bug,Medium,54.6,3
TKT-0004803,CUST-003947,2023-02-18,Feature Request,Medium,36.9,4
TKT-0004804,CUST-004280,2024-06-28,Bug,Low,19.2,3
TKT-0004805,CUST-004951,2024-03-16,Technical,Low,26.8,4
TKT-0004806,CUST-004718,2024-11-07,Billing,Medium,31.3,3
TKT-0004807,CUST-004686,2024-06-05,Bug,Low,25.0,5
TKT-0004808,CUST-001515,2024-03-13,Bug,Low,19.5,5
TKT-0004809,CUST-001597,2023-11-19,Technical,Medium,73.7,4
TKT-0004810,CUST-003670,2023-04-21,Account,Low,20.1,4
TKT-0004811,CUST-003614,2024-10-16,Feature Request,Critical,158.4,5
TKT-0004812,CUST-001806,2023-09-17,Bug,Medium,11.9,5
TKT-0004813,CUST-002500,2024-03-23,Feature Request,High,85.8,4
TKT-0004814,CUST-000010,2024-02-24,Technical,High,99.4,2
TKT-0004815,CUST-000934,2023-02-24,Billing,Low,32.6,5
TKT-0004816,CUST-000765,2023-04-15,Feature Request,Medium,45.4,4
TKT-0004817,CUST-004792,2024-05-21,Technical,Medium,35.3,5
TKT-0004818,CUST-002827,2023-01-15,Technical,High,58.0,4
TKT-0004819,CUST-000045,2023-12-25,Bug,Critical,122.8,4
TKT-0004820,CUST-003421,2024-08-03,Billing,Medium,47.7,1
TKT-0004821,CUST-001263,2023-08-31,Account,High,81.4,5
TKT-0004822,CUST-004273,2024-09-20,Bug,Critical,113.3,5
TKT-0004823,CUST-003547,2024-02-29,Billing,Medium,30.6,4
TKT-0004824,CUST-000948,2024-04-19,Feature Request,High,81.0,2
TKT-0004825,CUST-004645,2023-02-07,Billing,Critical,150.7,4
TKT-0004826,CUST-003919,2023-04-20,Billing,High,83.1,4
TKT-0004827,CUST-001486,2024-12-05,Bug,High,104.8,5
TKT-0004828,CUST-001722,2023-12-09,Account,Low,28.7,4
TKT-0004829,CUST-002488,2024-01-14,Bug,Critical,92.0,5
TKT-0004830,CUST-001613,2024-12-09,Feature Request,Medium,57.7,4
TKT-0004831,CUST-002348,2023-06-18,Feature Request,High,34.4,4
TKT-0004832,CUST-003263,2023-07-08,Technical,High,41.7,3
TKT-0004833,CUST-002086,2024-02-01,Technical,Medium,33.1,2
TKT-0004834,CUST-003121,2023-11-12,Bug,Medium,31.5,5
TKT-0004835,CUST-000372,2023-03-21,Billing,Critical,82.3,4
TKT-0004836,CUST-004463,2023-05-17,Technical,Low,31.6,3
TKT-0004837,CUST-002114,2023-09-27,Bug,Medium,23.1,3
TKT-0004838,CUST-003478,2024-01-31,Technical,High,93.8,1
TKT-0004839,CUST-001668,2024-01-19,Billing,Low,21.4,4
TKT-0004840,CUST-001385,2023-12-09,Technical,Medium,50.5,4
TKT-0004841,CUST-001935,2023-06-07,Account,High,109.3,4
TKT-0004842,CUST-004526,2024-12-05,Billing,Low,23.7,2
TKT-0004843,CUST-004692,2024-11-04,Feature Request,High,39.8,5
TKT-0004844,CUST-004095,2024-09-07,Account,Medium,51.5,4
TKT-0004845,CUST-003435,2024-01-05,Account,Low,22.2,4
TKT-0004846,CUST-004657,2024-05-12,Billing,Medium,54.3,4
TKT-0004847,CUST-003096,2024-07-28,Bug,Low,18.4,4
TKT-0004848,CUST-000305,2024-04-08,Account,Low,21.4,4
TKT-0004849,CUST-004893,2023-07-20,Account,Critical,71.9,4
TKT-0004850,CUST-001320,2023-11-21,Billing,Medium,28.0,4
TKT-0004851,CUST-003674,2023-04-28,Bug,Low,20.6,5
TKT-0004852,CUST-004137,2024-01-24,Feature Request,High,99.9,4
TKT-0004853,CUST-004814,2024-07-10,Feature Request,Low,25.3,5
TKT-0004854,CUST-003869,2023-09-02,Feature Request,Medium,63.4,2
TKT-0004855,CUST-002711,2023-05-23,Feature Request,High,61.4,4
TKT-0004856,CUST-002665,2023-01-06,Bug,Low,19.8,5
TKT-0004857,CUST-002379,2023-07-04,Billing,High,82.0,2
TKT-0004858,CUST-001888,2023-06-12,Account,Medium,62.7,4
TKT-0004859,CUST-003811,2024-04-19,Bug,Low,25.6,4
TKT-0004860,CUST-003451,2023-05-08,Technical,Medium,48.8,5
TKT-0004861,CUST-003377,2023-03-26,Bug,High,64.3,5
TKT-0004862,CUST-003709,2023-08-08,Account,Low,32.6,4
TKT-0004863,CUST-003674,2024-10-30,Account,Medium,29.3,4
TKT-0004864,CUST-003089,2023-03-24,Bug,High,121.7,2
TKT-0004865,CUST-004554,2024-05-27,Technical,High,51.9,3
TKT-0004866,CUST-002311,2023-02-21,Billing,High,110.5,4
TKT-0004867,CUST-003727,2023-03-03,Bug,Critical,181.4,3
TKT-0004868,CUST-002178,2023-05-27,Feature Request,Low,19.6,5
TKT-0004869,CUST-002487,2023-03-26,Feature Request,Medium,46.8,5
TKT-0004870,CUST-000836,2023-10-12,Bug,Low,22.5,2
TKT-0004871,CUST-003377,2024-09-07,Billing,Medium,67.8,4
TKT-0004872,CUST-004355,2024-06-15,Billing,Low,15.7,5
TKT-0004873,CUST-003841,2023-02-22,Bug,Low,22.6,3
TKT-0004874,CUST-000552,2023-02-02,Billing,Medium,43.3,3
TKT-0004875,CUST-001155,2024-06-30,Technical,Low,31.9,4
TKT-0004876,CUST-002108,2023-09-18,Technical,High,60.7,4
TKT-0004877,CUST-003386,2024-03-29,Billing,Low,31.3,3
TKT-0004878,CUST-002864,2024-12-03,Technical,Medium,42.3,3
TKT-0004879,CUST-002822,2023-11-19,Bug,High,83.9,2
TKT-0004880,CUST-003916,2023-12-07,Feature Request,High,93.3,5
TKT-0004881,CUST-003662,2024-01-04,Billing,Medium,39.7,4
TKT-0004882,CUST-002938,2024-04-02,Feature Request,High,56.9,5
TKT-0004883,CUST-002852,2024-12-01,Bug,High,85.3,4
TKT-0004884,CUST-002580,2024-05-12,Account,Medium,63.3,5
TKT-0004885,CUST-001608,2023-09-10,Bug,High,64.2,4
TKT-0004886,CUST-000362,2023-10-25,Billing,Medium,50.3,5
TKT-0004887,CUST-003993,2024-12-04,Billing,Critical,110.4,2
TKT-0004888,CUST-004765,2024-10-22,Bug,High,78.1,4
TKT-0004889,CUST-004867,2023-08-10,Bug,Medium,58.1,4
TKT-0004890,CUST-001866,2023-06-03,Technical,Medium,45.5,5
TKT-0004891,CUST-000236,2024-07-27,Account,Medium,46.6,5
TKT-0004892,CUST-003139,2023-07-04,Billing,High,65.6,5
TKT-0004893,CUST-001072,2023-08-23,Feature Request,Critical,136.7,2
TKT-0004894,CUST-003086,2024-09-12,Account,Medium,43.0,5
TKT-0004895,CUST-003091,2023-03-11,Technical,Low,35.9,3
TKT-0004896,CUST-002981,2023-07-12,Account,Medium,51.9,5
TKT-0004897,CUST-000726,2023-05-11,Bug,Medium,38.3,4
TKT-0004898,CUST-004976,2024-11-09,Feature Request,High,54.8,5
TKT-0004899,CUST-003221,2024-12-24,Bug,High,80.2,5
TKT-0004900,CUST-000927,2023-03-09,Account,Low,35.2,5
TKT-0004901,CUST-000443,2024-07-16,Feature Request,Low,20.8,5
TKT-0004902,CUST-003767,2024-10-11,Bug,Low,25.1,4
TKT-0004903,CUST-000994,2023-09-04,Account,Medium,67.5,5
TKT-0004904,CUST-002858,2024-03-01,Billing,Medium,45.5,3
TKT-0004905,CUST-002544,2024-02-04,Billing,High,75.8,5
TKT-0004906,CUST-002826,2024-08-17,Bug,Medium,37.0,5
TKT-0004907,CUST-002912,2023-09-26,Feature Request,Critical,65.7,1
TKT-0004908,CUST-001774,2024-09-30,Bug,Medium,41.2,2
TKT-0004909,CUST-002047,2024-06-13,Billing,Medium,71.6,3
TKT-0004910,CUST-004468,2023-09-12,Billing,Low,19.9,4
TKT-0004911,CUST-000151,2024-01-02,Billing,High,61.0,2
TKT-0004912,CUST-001574,2024-08-24,Bug,High,95.2,5
TKT-0004913,CUST-001418,2024-06-09,Technical,Low,22.9,5
TKT-0004914,CUST-003308,2024-10-18,Account,Medium,46.7,4
TKT-0004915,CUST-003090,2023-01-11,Feature Request,Medium,39.6,4
TKT-0004916,CUST-002948,2024-06-20,Account,High,83.5,4
TKT-0004917,CUST-001222,2023-10-06,Account,Low,35.6,3
TKT-0004918,CUST-003814,2024-02-04,Billing,Critical,24.1,4
TKT-0004919,CUST-000024,2024-09-06,Feature Request,High,93.0,4
TKT-0004920,CUST-001022,2024-06-12,Technical,Medium,53.4,5
TKT-0004921,CUST-000376,2024-05-24,Bug,Medium,35.6,3
TKT-0004922,CUST-003036,2023-07-31,Technical,Low,42.3,4
TKT-0004923,CUST-000677,2023-05-22,Bug,Low,25.4,5
TKT-0004924,CUST-001332,2024-08-14,Account,Medium,49.0,5
TKT-0004925,CUST-000809,2024-04-09,Technical,Medium,54.4,2
TKT-0004926,CUST-003653,2023-11-20,Billing,Low,23.2,3
TKT-0004927,CUST-001924,2024-06-06,Account,Medium,46.1,3
TKT-0004928,CUST-001822,2023-10-07,Account,Medium,65.9,3
TKT-0004929,CUST-003739,2023-12-09,Bug,High,38.2,4
TKT-0004930,CUST-002735,2024-03-13,Billing,Medium,56.8,3
TKT-0004931,CUST-002197,2023-05-26,Feature Request,Low,32.7,4
TKT-0004932,CUST-002800,2024-04-30,Technical,Medium,48.3,3
TKT-0004933,CUST-004229,2023-04-20,Technical,Critical,169.3,4
TKT-0004934,CUST-001432,2024-10-25,Technical,Low,22.5,4
TKT-0004935,CUST-002340,2023-07-14,Technical,Medium,44.4,4
TKT-0004936,CUST-003032,2024-04-22,Bug,Low,22.4,4
TKT-0004937,CUST-004087,2023-02-24,Bug,Low,17.7,5
TKT-0004938,CUST-003961,2024-10-02,Account,Low,38.4,4
TKT-0004939,CUST-002304,2023-05-28,Bug,Medium,48.8,3
TKT-0004940,CUST-002268,2023-09-23,Bug,Low,27.3,5
TKT-0004941,CUST-004475,2023-11-03,Feature Request,High,79.8,3
TKT-0004942,CUST-002122,2024-02-06,Account,Medium,29.8,5
TKT-0004943,CUST-003952,2024-09-16,Technical,Low,18.8,5
TKT-0004944,CUST-004641,2024-06-21,Account,High,39.1,2
TKT-0004945,CUST-002790,2023-10-11,Bug,Medium,42.7,5
TKT-0004946,CUST-000073,2023-12-23,Bug,Medium,31.4,4
TKT-0004947,CUST-001775,2024-07-31,Billing,Medium,66.7,3
TKT-0004948,CUST-002279,2024-07-08,Account,Low,14.8,4
TKT-0004949,CUST-004092,2024-09-21,Bug,Low,33.3,3
TKT-0004950,CUST-001365,2023-01-30,Bug,High,67.8,5
TKT-0004951,CUST-003805,2024-09-08,Feature Request,Medium,33.3,5
TKT-0004952,CUST-000817,2023-03-04,Account,Medium,37.0,4
TKT-0004953,CUST-003130,2024-01-24,Account,Medium,43.9,4
TKT-0004954,CUST-000669,2024-02-13,Billing,Low,29.3,5
TKT-0004955,CUST-004550,2023-01-29,Feature Request,Low,27.6,4
TKT-0004956,CUST-004971,2024-08-10,Bug,Medium,39.3,4
TKT-0004957,CUST-000260,2023-11-01,Feature Request,Low,34.4,5
TKT-0004958,CUST-004435,2024-04-23,Feature Request,High,50.3,4
TKT-0004959,CUST-000767,2024-06-21,Bug,Medium,72.4,4
TKT-0004960,CUST-004853,2023-07-23,Billing,Medium,39.7,5
TKT-0004961,CUST-002540,2023-02-25,Account,Medium,59.3,5
TKT-0004962,CUST-002097,2024-03-02,Account,Medium,54.8,4
TKT-0004963,CUST-000939,2023-05-31,Billing,Medium,61.1,5
TKT-0004964,CUST-004087,2024-03-11,Bug,Medium,55.0,4
TKT-0004965,CUST-001043,2023-10-25,Billing,Medium,38.7,3
TKT-0004966,CUST-003382,2024-02-20,Bug,Medium,28.9,3
TKT-0004967,CUST-002631,2023-12-06,Feature Request,Medium,54.0,2
TKT-0004968,CUST-004267,2024-05-29,Bug,Medium,57.7,4
TKT-0004969,CUST-001770,2024-06-28,Bug,Low,18.1,5
TKT-0004970,CUST-001804,2024-08-02,Bug,Medium,33.9,5
TKT-0004971,CUST-004239,2024-08-27,Feature Request,High,51.6,5
TKT-0004972,CUST-004781,2024-07-20,Feature Request,Medium,44.4,2
TKT-0004973,CUST-000592,2024-05-26,Account,High,63.8,5
TKT-0004974,CUST-003704,2023-07-01,Bug,Medium,53.4,3
TKT-0004975,CUST-002762,2023-10-02,Feature Request,Medium,43.6,4
TKT-0004976,CUST-001195,2023-10-02,Account,Medium,60.6,5
TKT-0004977,CUST-001881,2023-11-04,Technical,High,71.4,3
TKT-0004978,CUST-001865,2024-02-03,Account,Medium,46.6,4
TKT-0004979,CUST-004855,2023-09-06,Technical,Low,19.3,4
TKT-0004980,CUST-001153,2023-03-26,Feature Request,Medium,46.2,5
TKT-0004981,CUST-004156,2023-05-26,Bug,Critical,124.2,4
TKT-0004982,CUST-003669,2024-06-26,Account,Medium,15.4,4
TKT-0004983,CUST-000784,2024-12-01,Account,High,74.9,3
TKT-0004984,CUST-001153,2023-10-14,Bug,Medium,34.8,4
TKT-0004985,CUST-001506,2023-05-24,Bug,Medium,43.1,2
TKT-0004986,CUST-001806,2024-12-04,Bug,High,69.7,2
TKT-0004987,CUST-000148,2023-02-13,Account,Low,29.5,4
TKT-0004988,CUST-004962,2024-08-16,Feature Request,Medium,25.8,5
TKT-0004989,CUST-000864,2023-06-26,Feature Request,Medium,58.8,2
TKT-0004990,CUST-003871,2024-04-14,Bug,High,87.1,4
TKT-0004991,CUST-004166,2023-11-10,Bug,Low,23.7,2
TKT-0004992,CUST-000960,2024-08-22,Feature Request,Medium,57.2,5
TKT-0004993,CUST-003093,2023-09-09,Account,Low,28.9,5
TKT-0004994,CUST-004911,2024-12-02,Bug,Low,19.3,4
TKT-0004995,CUST-004377,2024-08-03,Bug,High,72.0,5
TKT-0004996,CUST-003471,2023-02-15,Bug,Low,23.5,4
TKT-0004997,CUST-002008,2024-08-26,Technical,Medium,31.9,5
TKT-0004998,CUST-004744,2024-06-12,Account,Low,19.3,2
TKT-0004999,CUST-000462,2023-04-05,Feature Request,Low,13.3,4
TKT-0005000,CUST-001044,2024-12-02,Bug,Medium,43.8,3
TKT-0005001,CUST-004004,2023-03-23,Bug,Medium,41.0,5
TKT-0005002,CUST-003063,2023-05-27,Feature Request,Medium,61.9,4
TKT-0005003,CUST-002787,2023-05-22,Bug,Medium,23.7,3
TKT-0005004,CUST-003238,2023-02-08,Bug,Low,14.3,4
TKT-0005005,CUST-002610,2023-07-06,Feature Request,Medium,30.7,4
TKT-0005006,CUST-001543,2023-03-17,Feature Request,Critical,156.9,5
TKT-0005007,CUST-004561,2023-12-16,Bug,Low,23.7,3
TKT-0005008,CUST-001449,2024-11-02,Technical,High,83.8,5
TKT-0005009,CUST-004003,2023-04-09,Bug,High,53.7,5
TKT-0005010,CUST-001430,2023-05-22,Technical,High,61.3,4
TKT-0005011,CUST-003919,2024-10-22,Feature Request,Low,19.5,5
TKT-0005012,CUST-002708,2024-12-02,Feature Request,High,77.7,2
TKT-0005013,CUST-001796,2024-06-03,Technical,Medium,57.6,5
TKT-0005014,CUST-001945,2023-12-29,Billing,Low,25.6,2
TKT-0005015,CUST-000549,2023-03-22,Feature Request,High,84.9,5
TKT-0005016,CUST-001689,2023-08-04,Billing,Medium,36.7,5
TKT-0005017,CUST-003784,2024-01-28,Technical,Medium,70.0,4
TKT-0005018,CUST-001878,2024-06-05,Technical,Medium,66.9,3
TKT-0005019,CUST-003559,2023-10-13,Bug,Medium,61.4,4
TKT-0005020,CUST-004825,2023-02-02,Bug,Medium,64.9,5
TKT-0005021,CUST-002164,2023-11-29,Account,Medium,40.7,4
TKT-0005022,CUST-002884,2023-10-25,Bug,Medium,47.1,3
TKT-0005023,CUST-001120,2023-04-21,Billing,Low,40.8,3
TKT-0005024,CUST-003748,2024-02-02,Account,High,84.0,1
TKT-0005025,CUST-001488,2024-11-16,Feature Request,High,91.4,4
TKT-0005026,CUST-003791,2023-12-06,Billing,Medium,66.1,5
TKT-0005027,CUST-003783,2023-06-19,Billing,High,94.2,5
TKT-0005028,CUST-003065,2023-08-24,Account,Medium,67.8,2
TKT-0005029,CUST-001235,2024-05-15,Technical,Low,25.3,3
TKT-0005030,CUST-003865,2023-01-09,Bug,Low,15.5,2
TKT-0005031,CUST-003350,2023-01-02,Billing,Low,25.4,5
TKT-0005032,CUST-001594,2024-07-04,Billing,Low,23.9,4
TKT-0005033,CUST-001147,2024-04-07,Billing,Low,29.9,4
TKT-0005034,CUST-004999,2024-05-25,Feature Request,Medium,52.7,4
TKT-0005035,CUST-002097,2024-05-02,Technical,High,64.1,4
TKT-0005036,CUST-000731,2024-01-16,Account,Medium,37.6,5
TKT-0005037,CUST-004969,2023-03-21,Account,Medium,58.9,4
TKT-0005038,CUST-001166,2024-09-21,Account,Low,29.5,4
TKT-0005039,CUST-002567,2023-02-25,Bug,Medium,51.7,4
TKT-0005040,CUST-003539,2023-02-17,Bug,Medium,32.0,3
TKT-0005041,CUST-001026,2023-07-30,Bug,Low,29.0,2
TKT-0005042,CUST-003038,2023-06-30,Feature Request,Low,13.9,3
TKT-0005043,CUST-002825,2023-06-12,Feature Request,Medium,43.8,3
TKT-0005044,CUST-003760,2024-03-17,Feature Request,Medium,32.9,4
TKT-0005045,CUST-000909,2023-01-28,Billing,Low,22.5,4
TKT-0005046,CUST-004452,2024-05-02,Account,Medium,24.9,2
TKT-0005047,CUST-001923,2023-09-05,Bug,Medium,62.8,5
TKT-0005048,CUST-003631,2023-10-21,Bug,Medium,41.8,5
TKT-0005049,CUST-002706,2024-04-20,Technical,Low,27.6,4
TKT-0005050,CUST-003713,2024-06-05,Bug,Medium,55.2,5
TKT-0005051,CUST-001463,2023-10-21,Technical,Medium,40.6,5
TKT-0005052,CUST-003073,2023-09-03,Account,Low,16.3,2
TKT-0005053,CUST-001570,2023-06-14,Account,High,86.7,3
TKT-0005054,CUST-001252,2024-03-12,Technical,Medium,44.6,3
TKT-0005055,CUST-001152,2024-04-23,Bug,Critical,36.0,2
TKT-0005056,CUST-000970,2023-09-20,Bug,Low,21.2,3
TKT-0005057,CUST-003871,2024-06-28,Bug,Medium,72.2,5
TKT-0005058,CUST-000092,2023-11-14,Account,Medium,42.2,5
TKT-0005059,CUST-000476,2024-03-08,Bug,Medium,55.2,5
TKT-0005060,CUST-004789,2023-10-06,Bug,Low,20.6,4
TKT-0005061,CUST-003008,2024-10-13,Bug,High,101.1,4
TKT-0005062,CUST-001010,2023-08-13,Bug,Medium,69.0,4
TKT-0005063,CUST-000971,2023-03-21,Bug,High,90.7,4
TKT-0005064,CUST-001257,2023-03-05,Feature Request,High,82.3,3
TKT-0005065,CUST-000273,2023-08-02,Technical,Medium,37.9,4
TKT-0005066,CUST-000160,2023-05-24,Account,Medium,23.2,4
TKT-0005067,CUST-002375,2023-08-12,Account,Low,24.5,5
TKT-0005068,CUST-000023,2023-08-26,Bug,Critical,122.1,4
TKT-0005069,CUST-003996,2024-07-11,Account,Medium,19.0,4
TKT-0005070,CUST-001658,2024-11-10,Feature Request,Low,27.3,3
TKT-0005071,CUST-001208,2023-12-29,Technical,High,53.8,5
TKT-0005072,CUST-004070,2023-09-21,Bug,High,78.2,4
TKT-0005073,CUST-004495,2023-09-06,Bug,Medium,66.1,4
TKT-0005074,CUST-003588,2024-04-02,Bug,Low,29.2,4
TKT-0005075,CUST-004879,2024-03-21,Account,Medium,61.5,3
TKT-0005076,CUST-002984,2024-05-07,Billing,Medium,40.3,4
TKT-0005077,CUST-003609,2023-08-30,Feature Request,High,96.9,5
TKT-0005078,CUST-003713,2023-02-26,Account,Low,23.5,3
TKT-0005079,CUST-004764,2023-12-31,Billing,Medium,39.7,4
TKT-0005080,CUST-004620,2024-07-15,Billing,Critical,95.0,5
TKT-0005081,CUST-002457,2023-12-18,Feature Request,High,68.1,3
TKT-0005082,CUST-000760,2024-07-04,Account,Medium,43.1,5
TKT-0005083,CUST-004471,2023-06-28,Technical,Medium,45.5,5
TKT-0005084,CUST-004059,2023-03-21,Bug,Medium,36.7,4
TKT-0005085,CUST-004959,2024-09-27,Bug,High,76.1,4
TKT-0005086,CUST-003150,2024-03-08,Technical,Low,20.6,1
TKT-0005087,CUST-000582,2023-10-12,Account,High,52.6,5
TKT-0005088,CUST-000385,2023-12-16,Bug,Low,26.9,4
TKT-0005089,CUST-001720,2024-09-08,Technical,High,56.9,5
TKT-0005090,CUST-003067,2024-09-19,Account,Low,36.9,2
TKT-0005091,CUST-001718,2024-03-05,Account,Low,25.1,3
TKT-0005092,CUST-001079,2024-07-12,Technical,Low,28.5,4
TKT-0005093,CUST-004021,2023-06-02,Feature Request,Low,27.2,3
TKT-0005094,CUST-001342,2023-05-22,Technical,High,89.6,4
TKT-0005095,CUST-004268,2023-10-05,Account,Low,15.6,4
TKT-0005096,CUST-002638,2023-07-30,Billing,High,94.1,3
TKT-0005097,CUST-001879,2023-04-06,Technical,High,32.8,2
TKT-0005098,CUST-000249,2023-05-20,Account,Medium,56.4,4
TKT-0005099,CUST-000935,2024-11-27,Billing,High,51.9,4
TKT-0005100,CUST-003940,2024-11-12,Billing,Critical,160.2,4
TKT-0005101,CUST-001829,2023-03-23,Account,Low,27.9,4
TKT-0005102,CUST-004508,2023-06-02,Technical,High,54.4,4
TKT-0005103,CUST-004778,2023-12-31,Feature Request,Low,33.8,5
TKT-0005104,CUST-001381,2024-01-10,Account,Medium,30.0,4
TKT-0005105,CUST-004533,2024-05-28,Bug,Medium,55.1,5
TKT-0005106,CUST-000211,2024-05-28,Feature Request,Low,35.0,4
TKT-0005107,CUST-001445,2024-09-20,Account,Medium,59.2,3
TKT-0005108,CUST-001774,2024-06-16,Billing,Medium,65.9,3
TKT-0005109,CUST-000711,2023-07-20,Technical,Low,25.0,5
TKT-0005110,CUST-003028,2024-09-23,Account,Low,8.1,4
TKT-0005111,CUST-004107,2023-06-22,Feature Request,High,84.9,3
TKT-0005112,CUST-003907,2024-12-06,Bug,Low,13.6,3
TKT-0005113,CUST-002219,2023-07-30,Bug,Medium,47.9,4
TKT-0005114,CUST-001693,2023-01-22,Billing,High,58.5,5
TKT-0005115,CUST-000816,2024-05-03,Billing,Medium,45.2,5
TKT-0005116,CUST-002127,2024-07-10,Billing,High,75.4,1
TKT-0005117,CUST-001963,2023-05-03,Feature Request,High,86.1,4
TKT-0005118,CUST-002345,2023-10-01,Billing,Low,30.4,4
TKT-0005119,CUST-001262,2023-04-24,Feature Request,Medium,39.3,4
TKT-0005120,CUST-004397,2023-05-11,Bug,Low,26.7,5
TKT-0005121,CUST-002518,2023-12-04,Bug,Low,17.9,5
TKT-0005122,CUST-001818,2024-04-23,Bug,Medium,70.2,5
TKT-0005123,CUST-001175,2023-01-22,Feature Request,High,58.6,4
TKT-0005124,CUST-001320,2024-11-09,Bug,High,111.0,5
TKT-0005125,CUST-003766,2024-02-27,Feature Request,High,85.5,3
TKT-0005126,CUST-004050,2024-04-06,Bug,Critical,103.7,2
TKT-0005127,CUST-001326,2023-03-01,Billing,Low,28.6,5
TKT-0005128,CUST-004186,2024-04-13,Technical,Medium,42.5,4
TKT-0005129,CUST-004141,2024-05-25,Account,Low,28.9,3
TKT-0005130,CUST-001669,2024-09-26,Bug,Medium,23.3,2
TKT-0005131,CUST-002974,2024-12-21,Bug,Medium,40.8,5
TKT-0005132,CUST-004571,2024-11-21,Account,High,93.9,4
TKT-0005133,CUST-004035,2024-10-29,Bug,Low,33.5,4
TKT-0005134,CUST-003970,2024-10-25,Technical,High,83.5,3
TKT-0005135,CUST-003877,2023-07-10,Bug,High,36.1,5
TKT-0005136,CUST-002199,2023-11-04,Billing,Medium,37.3,4
TKT-0005137,CUST-002323,2023-09-17,Billing,Medium,54.9,4
TKT-0005138,CUST-002592,2024-12-30,Account,Low,13.8,4
TKT-0005139,CUST-002685,2023-12-18,Feature Request,High,125.3,4
TKT-0005140,CUST-002489,2023-11-04,Feature Request,Medium,50.0,2
TKT-0005141,CUST-004098,2024-04-25,Billing,Medium,60.3,4
TKT-0005142,CUST-000630,2023-11-30,Billing,Critical,94.3,3
TKT-0005143,CUST-004186,2024-10-31,Technical,Medium,62.6,5
TKT-0005144,CUST-000661,2024-09-08,Account,Medium,43.1,5
TKT-0005145,CUST-000030,2024-03-24,Billing,High,56.2,5
TKT-0005146,CUST-001140,2023-03-13,Technical,High,65.6,1
TKT-0005147,CUST-000826,2023-04-16,Technical,High,74.4,4
TKT-0005148,CUST-000280,2023-08-25,Feature Request,Critical,102.3,4
TKT-0005149,CUST-000703,2023-04-23,Bug,High,116.5,5
TKT-0005150,CUST-003647,2024-01-18,Account,Low,13.6,5
TKT-0005151,CUST-004068,2024-12-11,Bug,High,63.1,4
TKT-0005152,CUST-002399,2024-03-01,Account,Low,16.0,5
TKT-0005153,CUST-002441,2024-06-23,Bug,Critical,46.7,5
TKT-0005154,CUST-001774,2024-05-13,Technical,Medium,32.8,4
TKT-0005155,CUST-004886,2023-08-04,Feature Request,High,80.3,4
TKT-0005156,CUST-001667,2023-04-30,Bug,High,91.0,5
TKT-0005157,CUST-004071,2024-11-20,Feature Request,High,85.3,5
TKT-0005158,CUST-001826,2023-02-12,Account,Low,30.9,5
TKT-0005159,CUST-002036,2023-05-14,Billing,Low,16.6,5
TKT-0005160,CUST-002750,2023-11-02,Bug,Low,22.3,3
TKT-0005161,CUST-003287,2023-06-11,Bug,Low,29.1,4
TKT-0005162,CUST-003177,2024-02-01,Technical,High,67.7,5
TKT-0005163,CUST-002865,2023-10-30,Billing,Medium,18.7,4
TKT-0005164,CUST-004936,2023-11-21,Feature Request,Low,22.9,4
TKT-0005165,CUST-000702,2024-09-07,Feature Request,Low,34.7,5
TKT-0005166,CUST-001364,2024-03-15,Feature Request,Medium,48.5,5
TKT-0005167,CUST-000662,2023-08-25,Bug,Medium,55.1,2
TKT-0005168,CUST-004319,2024-08-08,Feature Request,Medium,80.9,5
TKT-0005169,CUST-003143,2023-10-14,Feature Request,Medium,48.8,4
TKT-0005170,CUST-001309,2024-03-13,Technical,High,77.9,5
TKT-0005171,CUST-004184,2024-06-25,Bug,Medium,52.6,5
TKT-0005172,CUST-001808,2023-10-21,Bug,Low,21.0,4
TKT-0005173,CUST-002593,2024-01-16,Technical,Medium,51.7,4
TKT-0005174,CUST-001553,2024-06-09,Technical,High,66.9,5
TKT-0005175,CUST-004321,2023-08-07,Account,Critical,154.5,4
TKT-0005176,CUST-000379,2024-12-26,Bug,Low,29.1,4
TKT-0005177,CUST-000793,2023-04-12,Billing,Low,26.7,5
TKT-0005178,CUST-003444,2023-01-13,Billing,Low,8.8,4
TKT-0005179,CUST-004379,2024-08-09,Billing,Medium,70.9,4
TKT-0005180,CUST-004415,2023-01-15,Account,High,115.2,3
TKT-0005181,CUST-002108,2023-07-16,Billing,Medium,57.1,5
TKT-0005182,CUST-003190,2023-12-21,Account,High,76.6,4
TKT-0005183,CUST-004731,2024-07-22,Technical,Low,21.5,4
TKT-0005184,CUST-004961,2024-11-26,Bug,High,67.3,5
TKT-0005185,CUST-000927,2023-12-20,Feature Request,Low,23.4,3
TKT-0005186,CUST-000198,2024-05-30,Bug,Medium,35.5,5
TKT-0005187,CUST-004445,2024-12-30,Feature Request,Medium,52.1,5
TKT-0005188,CUST-004676,2024-05-02,Bug,High,71.8,1
TKT-0005189,CUST-002299,2023-05-19,Bug,Low,21.3,4
TKT-0005190,CUST-004706,2024-01-23,Technical,High,54.2,5
TKT-0005191,CUST-000182,2023-07-14,Feature Request,Medium,39.0,3
TKT-0005192,CUST-004306,2024-11-28,Technical,Low,27.5,4
TKT-0005193,CUST-003224,2023-07-11,Technical,High,62.9,4
TKT-0005194,CUST-002862,2024-12-12,Bug,Low,29.8,4
TKT-0005195,CUST-004034,2024-04-29,Account,Medium,65.3,4
TKT-0005196,CUST-003673,2023-12-25,Feature Request,Medium,31.8,5
TKT-0005197,CUST-002805,2023-02-05,Feature Request,High,40.8,5
TKT-0005198,CUST-000363,2023-07-11,Billing,Medium,45.4,4
TKT-0005199,CUST-001127,2024-05-17,Bug,Medium,56.0,4
TKT-0005200,CUST-004313,2024-10-11,Technical,Medium,32.6,5
TKT-0005201,CUST-000356,2023-03-14,Technical,Medium,61.5,5
TKT-0005202,CUST-003009,2024-09-12,Bug,Medium,56.1,4
TKT-0005203,CUST-001106,2023-06-08,Bug,Medium,48.5,5
TKT-0005204,CUST-001865,2024-02-03,Bug,Low,27.1,2
TKT-0005205,CUST-003778,2023-11-10,Feature Request,Low,21.3,1
TKT-0005206,CUST-000584,2023-07-08,Account,Critical,132.1,4
TKT-0005207,CUST-003121,2023-04-24,Billing,High,82.7,5
TKT-0005208,CUST-004102,2023-01-07,Account,High,58.6,4
TKT-0005209,CUST-000533,2023-06-27,Bug,Low,25.3,5
TKT-0005210,CUST-004103,2023-08-29,Feature Request,Medium,42.7,4
TKT-0005211,CUST-001306,2024-07-16,Technical,Low,20.4,4
TKT-0005212,CUST-004005,2024-03-25,Feature Request,Medium,38.4,4
TKT-0005213,CUST-001022,2023-06-16,Billing,High,86.7,5
TKT-0005214,CUST-002667,2024-06-12,Feature Request,Medium,41.6,4
TKT-0005215,CUST-004690,2024-07-14,Billing,High,64.5,4
TKT-0005216,CUST-002762,2023-02-01,Account,Medium,43.2,5
TKT-0005217,CUST-003425,2024-05-15,Feature Request,Medium,79.5,4
TKT-0005218,CUST-003351,2023-09-13,Account,Low,30.1,5
TKT-0005219,CUST-000455,2024-03-21,Feature Request,Medium,42.2,4
TKT-0005220,CUST-004008,2024-02-29,Feature Request,High,55.3,5
TKT-0005221,CUST-000218,2024-10-14,Feature Request,High,88.6,5
TKT-0005222,CUST-002529,2023-11-11,Technical,Low,28.1,4
TKT-0005223,CUST-004517,2024-08-05,Technical,Medium,51.0,5
TKT-0005224,CUST-001590,2024-05-20,Bug,Medium,52.7,5
TKT-0005225,CUST-000120,2023-02-12,Bug,High,64.4,4
TKT-0005226,CUST-001157,2024-01-23,Account,Low,23.3,5
TKT-0005227,CUST-004023,2024-10-26,Bug,Medium,47.2,5
TKT-0005228,CUST-002870,2024-10-01,Bug,Medium,61.2,4
TKT-0005229,CUST-004846,2023-11-17,Bug,Medium,28.6,4
TKT-0005230,CUST-003595,2024-08-15,Feature Request,Medium,41.5,3
TKT-0005231,CUST-001114,2024-12-28,Feature Request,Low,15.4,4
TKT-0005232,CUST-002317,2024-09-27,Bug,Low,15.4,2
TKT-0005233,CUST-004893,2023-01-03,Account,Low,33.5,3
TKT-0005234,CUST-001198,2024-11-30,Bug,Medium,72.2,5
TKT-0005235,CUST-000382,2024-10-07,Technical,Medium,33.9,5
TKT-0005236,CUST-004210,2023-04-30,Account,High,35.9,4
TKT-0005237,CUST-004635,2024-07-30,Feature Request,Medium,39.1,4
TKT-0005238,CUST-003495,2024-02-19,Account,Medium,29.5,2
TKT-0005239,CUST-004224,2024-11-09,Feature Request,Critical,165.1,4
TKT-0005240,CUST-003475,2024-10-07,Technical,High,72.2,5
TKT-0005241,CUST-003735,2023-10-01,Feature Request,Medium,33.7,5
TKT-0005242,CUST-001627,2023-08-14,Feature Request,Medium,25.0,5
TKT-0005243,CUST-000341,2024-11-08,Billing,Medium,73.7,2
TKT-0005244,CUST-001032,2024-12-29,Technical,Medium,77.8,4
TKT-0005245,CUST-002329,2023-09-03,Account,Medium,54.6,4
TKT-0005246,CUST-001736,2023-12-20,Account,Low,19.2,4
TKT-0005247,CUST-004510,2024-02-28,Bug,Low,47.0,3
TKT-0005248,CUST-002541,2023-05-27,Feature Request,Medium,35.4,4
TKT-0005249,CUST-004828,2023-07-13,Account,Medium,49.0,4
TKT-0005250,CUST-003134,2024-08-18,Technical,Low,25.3,1
TKT-0005251,CUST-001289,2023-12-08,Feature Request,Low,26.7,3
TKT-0005252,CUST-001210,2023-01-28,Technical,Medium,66.1,5
TKT-0005253,CUST-003701,2023-06-26,Billing,Medium,55.3,5
TKT-0005254,CUST-001064,2023-03-16,Account,High,75.4,4
TKT-0005255,CUST-003530,2023-03-21,Bug,Medium,62.4,5
TKT-0005256,CUST-003390,2023-05-04,Bug,Low,25.8,4
TKT-0005257,CUST-002296,2024-06-04,Technical,Low,23.5,4
TKT-0005258,CUST-002830,2024-04-27,Bug,Low,38.8,4
TKT-0005259,CUST-003392,2023-01-06,Technical,Medium,47.4,5
TKT-0005260,CUST-004427,2024-12-03,Bug,Medium,75.8,4
TKT-0005261,CUST-001693,2023-02-15,Account,Medium,49.6,5
TKT-0005262,CUST-000058,2023-01-05,Billing,Low,33.2,3
TKT-0005263,CUST-003091,2023-02-11,Bug,Low,38.0,4
TKT-0005264,CUST-003888,2024-07-04,Bug,High,83.9,5
TKT-0005265,CUST-001853,2023-05-24,Account,Medium,72.3,3
TKT-0005266,CUST-003150,2023-07-03,Technical,High,79.3,1
TKT-0005267,CUST-002341,2023-05-11,Bug,Medium,32.2,5
TKT-0005268,CUST-001208,2023-02-26,Billing,Medium,37.4,4
TKT-0005269,CUST-002519,2024-01-03,Technical,Low,29.6,5
TKT-0005270,CUST-004888,2023-08-30,Billing,Medium,58.3,4
TKT-0005271,CUST-003485,2023-05-15,Bug,High,102.8,4
TKT-0005272,CUST-004672,2023-06-20,Technical,Low,37.4,5
TKT-0005273,CUST-000585,2023-02-13,Technical,Low,22.6,5
TKT-0005274,CUST-004498,2024-07-08,Bug,High,69.1,4
TKT-0005275,CUST-002241,2024-08-23,Feature Request,Medium,41.7,3
TKT-0005276,CUST-004504,2023-08-29,Technical,Low,22.0,3
TKT-0005277,CUST-000324,2024-08-12,Billing,High,64.7,3
TKT-0005278,CUST-000270,2024-01-03,Account,Medium,40.3,4
TKT-0005279,CUST-001270,2024-01-28,Bug,High,74.5,3
TKT-0005280,CUST-004750,2023-02-20,Account,Medium,44.6,5
TKT-0005281,CUST-004672,2024-06-25,Billing,High,62.8,4
TKT-0005282,CUST-000474,2024-08-07,Billing,High,83.3,4
TKT-0005283,CUST-002604,2024-06-25,Billing,Medium,62.2,4
TKT-0005284,CUST-003637,2023-02-01,Bug,Critical,104.0,1
TKT-0005285,CUST-003174,2023-10-26,Bug,Medium,67.1,4
TKT-0005286,CUST-002885,2024-03-10,Technical,High,112.6,5
TKT-0005287,CUST-000773,2024-01-28,Account,Low,21.6,5
TKT-0005288,CUST-004693,2023-03-14,Technical,High,94.6,3
TKT-0005289,CUST-003353,2024-04-02,Account,Medium,36.2,5
TKT-0005290,CUST-003326,2023-04-30,Bug,Medium,50.7,4
TKT-0005291,CUST-000381,2023-01-16,Account,Medium,49.4,5
TKT-0005292,CUST-002362,2023-04-05,Bug,Medium,54.1,3
TKT-0005293,CUST-004026,2023-10-20,Account,Medium,53.8,4
TKT-0005294,CUST-001638,2024-04-26,Account,Medium,36.9,1
TKT-0005295,CUST-001918,2024-07-03,Billing,Medium,25.9,3
TKT-0005296,CUST-001329,2023-07-05,Bug,Critical,182.8,4
TKT-0005297,CUST-004778,2023-09-27,Bug,Low,18.3,5
TKT-0005298,CUST-002902,2024-04-21,Billing,High,71.2,3
TKT-0005299,CUST-002322,2023-12-27,Bug,Low,18.4,4
TKT-0005300,CUST-002163,2024-08-01,Bug,Medium,65.3,4
TKT-0005301,CUST-003018,2024-09-20,Bug,Low,26.7,5
TKT-0005302,CUST-004568,2023-04-13,Account,Medium,27.5,4
TKT-0005303,CUST-003184,2023-05-05,Billing,Medium,39.9,5
TKT-0005304,CUST-004937,2024-05-13,Bug,Low,27.0,5
TKT-0005305,CUST-000443,2023-07-16,Billing,Medium,51.5,4
TKT-0005306,CUST-004539,2024-08-04,Account,Medium,41.3,5
TKT-0005307,CUST-004107,2023-02-15,Technical,Medium,45.9,4
TKT-0005308,CUST-001969,2024-02-06,Technical,Low,23.0,4
TKT-0005309,CUST-002239,2024-03-04,Feature Request,Low,16.9,3
TKT-0005310,CUST-004617,2023-11-28,Feature Request,Medium,57.0,3
TKT-0005311,CUST-001596,2023-03-01,Account,Medium,61.9,4
TKT-0005312,CUST-004681,2024-02-17,Account,Medium,33.9,3
TKT-0005313,CUST-003890,2024-06-11,Bug,High,106.3,4
TKT-0005314,CUST-003262,2024-06-27,Bug,Low,21.1,4
TKT-0005315,CUST-001057,2024-10-06,Bug,Low,40.7,3
TKT-0005316,CUST-004465,2024-05-29,Account,Medium,54.2,3
TKT-0005317,CUST-004611,2024-01-09,Billing,Medium,47.8,3
TKT-0005318,CUST-003777,2024-04-18,Account,Critical,183.1,1
TKT-0005319,CUST-002170,2024-03-15,Technical,Medium,26.7,5
TKT-0005320,CUST-004884,2023-02-09,Account,Low,32.6,5
TKT-0005321,CUST-000024,2023-07-07,Bug,Medium,34.3,1
TKT-0005322,CUST-002422,2024-04-21,Billing,High,55.1,4
TKT-0005323,CUST-003874,2023-07-21,Feature Request,High,52.3,3
TKT-0005324,CUST-000105,2023-05-05,Feature Request,High,40.7,5
TKT-0005325,CUST-002236,2024-03-10,Account,Medium,54.5,5
TKT-0005326,CUST-004034,2023-01-21,Feature Request,Medium,47.9,3
TKT-0005327,CUST-001483,2023-09-02,Billing,Low,16.6,5
TKT-0005328,CUST-000880,2023-12-23,Bug,Medium,66.5,4
TKT-0005329,CUST-003030,2023-02-24,Technical,Medium,49.2,4
TKT-0005330,CUST-001239,2023-06-07,Feature Request,Medium,36.2,4
TKT-0005331,CUST-000675,2024-12-06,Account,High,88.1,5
TKT-0005332,CUST-003706,2023-11-09,Technical,Low,19.0,5
TKT-0005333,CUST-003240,2023-12-15,Bug,High,77.5,4
TKT-0005334,CUST-000074,2023-01-16,Bug,High,64.8,5
TKT-0005335,CUST-004123,2024-02-08,Feature Request,Medium,31.2,5
TKT-0005336,CUST-000267,2023-07-24,Feature Request,Medium,56.7,4
TKT-0005337,CUST-000576,2023-05-10,Technical,High,118.7,5
TKT-0005338,CUST-000710,2024-04-19,Bug,High,29.4,3
TKT-0005339,CUST-003444,2023-03-04,Technical,Medium,46.0,3
TKT-0005340,CUST-001679,2024-12-08,Feature Request,Critical,64.8,3
TKT-0005341,CUST-002113,2024-12-12,Billing,High,64.7,4
TKT-0005342,CUST-004010,2024-11-19,Account,Low,39.0,5
TKT-0005343,CUST-003218,2023-12-24,Account,Medium,35.5,4
TKT-0005344,CUST-004054,2023-06-08,Feature Request,Low,25.6,4
TKT-0005345,CUST-003235,2023-10-09,Billing,Medium,54.2,4
TKT-0005346,CUST-003596,2023-04-01,Feature Request,Low,22.5,5
TKT-0005347,CUST-004734,2024-11-07,Feature Request,Medium,9.8,5
TKT-0005348,CUST-002753,2024-03-13,Bug,Medium,58.9,5
TKT-0005349,CUST-000892,2024-09-15,Feature Request,High,73.5,5
TKT-0005350,CUST-000377,2023-09-21,Feature Request,High,83.7,5
TKT-0005351,CUST-002359,2024-10-12,Bug,Low,26.1,5
TKT-0005352,CUST-003775,2023-11-18,Bug,Medium,51.5,3
TKT-0005353,CUST-003794,2024-03-17,Bug,Low,32.9,5
TKT-0005354,CUST-001488,2023-11-03,Feature Request,Medium,40.5,4
TKT-0005355,CUST-000880,2024-01-26,Billing,Low,35.4,3
TKT-0005356,CUST-001691,2024-07-03,Account,High,30.0,5
TKT-0005357,CUST-001526,2024-03-01,Account,Low,19.5,4
TKT-0005358,CUST-004968,2024-01-23,Bug,Low,21.4,3
TKT-0005359,CUST-002949,2024-04-23,Bug,Low,30.4,4
TKT-0005360,CUST-004308,2024-02-11,Account,Medium,48.0,4
TKT-0005361,CUST-003465,2024-10-12,Technical,Low,16.4,4
TKT-0005362,CUST-000017,2024-11-06,Feature Request,Medium,35.5,3
TKT-0005363,CUST-000515,2024-12-29,Feature Request,Low,16.9,5
TKT-0005364,CUST-000666,2023-09-18,Bug,Low,30.8,4
TKT-0005365,CUST-002889,2024-02-26,Bug,Medium,62.7,4
TKT-0005366,CUST-003110,2024-09-20,Feature Request,High,75.2,1
TKT-0005367,CUST-004370,2023-05-03,Technical,High,68.1,4
TKT-0005368,CUST-003366,2023-10-12,Billing,Medium,56.4,4
TKT-0005369,CUST-000487,2023-06-19,Billing,Low,26.2,3
TKT-0005370,CUST-000148,2024-06-01,Feature Request,Critical,90.5,3
TKT-0005371,CUST-001244,2023-11-09,Bug,Medium,33.6,4
TKT-0005372,CUST-003996,2023-01-09,Bug,High,73.8,4
TKT-0005373,CUST-004402,2023-01-18,Account,Low,34.3,3
TKT-0005374,CUST-003674,2023-01-06,Account,Medium,39.1,1
TKT-0005375,CUST-003924,2023-01-14,Billing,Medium,61.7,4
TKT-0005376,CUST-003991,2024-12-15,Bug,Low,31.9,3
TKT-0005377,CUST-000846,2023-04-23,Feature Request,Low,26.9,4
TKT-0005378,CUST-002337,2023-08-05,Billing,High,64.2,3
TKT-0005379,CUST-004248,2024-03-30,Bug,Low,26.6,2
TKT-0005380,CUST-000168,2023-09-27,Feature Request,Medium,52.2,3
TKT-0005381,CUST-001796,2023-07-15,Technical,Medium,44.2,4
TKT-0005382,CUST-001014,2024-04-03,Feature Request,High,71.7,3
TKT-0005383,CUST-000365,2024-06-06,Account,Low,18.1,2
TKT-0005384,CUST-003246,2023-10-05,Account,Low,17.9,4
TKT-0005385,CUST-000983,2024-05-15,Technical,Low,17.0,3
TKT-0005386,CUST-000262,2023-04-10,Billing,High,54.1,2
TKT-0005387,CUST-004069,2023-01-18,Billing,High,87.4,5
TKT-0005388,CUST-004406,2024-05-01,Feature Request,Medium,66.0,4
TKT-0005389,CUST-000337,2023-09-04,Bug,Low,15.3,4
TKT-0005390,CUST-002703,2024-06-03,Feature Request,Medium,57.0,3
TKT-0005391,CUST-004891,2023-07-02,Technical,Medium,74.6,4
TKT-0005392,CUST-002271,2023-07-15,Technical,Low,24.5,4
TKT-0005393,CUST-002471,2023-07-04,Bug,Low,31.3,5
TKT-0005394,CUST-003579,2023-05-31,Bug,Low,23.5,4
TKT-0005395,CUST-004778,2023-11-29,Feature Request,Medium,38.4,5
TKT-0005396,CUST-002232,2024-11-09,Account,Medium,27.3,3
TKT-0005397,CUST-000368,2024-12-02,Feature Request,Low,26.6,2
TKT-0005398,CUST-004631,2024-07-09,Feature Request,Medium,52.5,4
TKT-0005399,CUST-003428,2024-12-07,Feature Request,Low,21.7,4
TKT-0005400,CUST-002861,2023-08-17,Bug,Medium,63.3,5
TKT-0005401,CUST-000954,2023-08-17,Account,Low,20.7,5
TKT-0005402,CUST-000119,2024-05-07,Billing,Medium,31.9,5
TKT-0005403,CUST-002738,2024-03-13,Feature Request,High,60.7,4
TKT-0005404,CUST-001937,2023-06-18,Billing,Medium,43.1,4
TKT-0005405,CUST-004067,2024-10-19,Bug,High,85.6,3
TKT-0005406,CUST-002149,2023-05-25,Billing,Low,34.5,3
TKT-0005407,CUST-000157,2023-08-03,Technical,Low,25.0,4
TKT-0005408,CUST-000281,2023-08-29,Bug,Medium,40.3,4
TKT-0005409,CUST-004496,2023-10-03,Technical,Low,26.0,3
TKT-0005410,CUST-004931,2023-12-04,Billing,Medium,34.8,5
TKT-0005411,CUST-002877,2023-02-15,Technical,High,77.1,3
TKT-0005412,CUST-003456,2023-04-29,Feature Request,Low,36.4,1
TKT-0005413,CUST-004397,2023-12-17,Account,Low,11.9,2
TKT-0005414,CUST-003484,2023-10-10,Feature Request,High,52.9,5
TKT-0005415,CUST-002113,2023-05-02,Technical,Low,12.9,4
TKT-0005416,CUST-003310,2024-04-27,Technical,Medium,66.2,5
TKT-0005417,CUST-002191,2024-05-20,Technical,Medium,28.4,5
TKT-0005418,CUST-003796,2024-02-19,Account,High,72.4,3
TKT-0005419,CUST-003277,2024-01-13,Technical,Medium,47.1,3
TKT-0005420,CUST-002735,2024-04-17,Technical,Medium,38.6,4
TKT-0005421,CUST-002239,2024-07-05,Technical,Critical,133.0,2
TKT-0005422,CUST-004606,2024-03-07,Feature Request,Low,28.0,5
TKT-0005423,CUST-002102,2024-03-23,Account,Medium,48.8,3
TKT-0005424,CUST-004639,2023-03-22,Bug,High,40.1,4
TKT-0005425,CUST-000155,2023-02-13,Feature Request,Low,17.7,4
TKT-0005426,CUST-000722,2024-12-16,Billing,Low,19.7,4
TKT-0005427,CUST-001968,2024-10-29,Billing,Low,34.8,5
TKT-0005428,CUST-002335,2023-02-21,Technical,Medium,64.3,4
TKT-0005429,CUST-001856,2023-02-06,Bug,Critical,78.8,2
TKT-0005430,CUST-000868,2023-01-20,Account,Medium,49.8,4
TKT-0005431,CUST-004289,2023-12-26,Feature Request,Medium,79.0,5
TKT-0005432,CUST-002222,2024-09-04,Feature Request,High,117.6,4
TKT-0005433,CUST-001094,2023-03-30,Bug,Low,24.8,4
TKT-0005434,CUST-002748,2023-05-06,Account,High,74.9,5
TKT-0005435,CUST-004001,2024-06-26,Feature Request,Critical,177.2,4
TKT-0005436,CUST-000539,2024-01-26,Technical,Medium,32.0,4
TKT-0005437,CUST-000485,2023-06-16,Account,Medium,51.6,5
TKT-0005438,CUST-000452,2024-10-21,Feature Request,Low,27.4,4
TKT-0005439,CUST-001103,2023-10-02,Feature Request,Low,21.5,5
TKT-0005440,CUST-004558,2024-05-26,Account,Medium,14.1,3
TKT-0005441,CUST-002354,2024-09-14,Bug,Low,24.9,4
TKT-0005442,CUST-001514,2023-09-02,Feature Request,Medium,46.6,2
TKT-0005443,CUST-003763,2024-09-30,Account,Medium,51.0,3
TKT-0005444,CUST-000495,2023-08-09,Bug,Low,18.3,4
TKT-0005445,CUST-000865,2024-10-02,Billing,Medium,33.9,4
TKT-0005446,CUST-003144,2023-07-31,Account,Medium,52.4,3
TKT-0005447,CUST-001585,2023-11-05,Bug,Low,19.7,4
TKT-0005448,CUST-003259,2024-06-04,Account,Low,20.0,2
TKT-0005449,CUST-001217,2024-11-11,Feature Request,Low,27.6,4
TKT-0005450,CUST-004159,2024-08-14,Account,High,93.6,5
TKT-0005451,CUST-004298,2023-03-29,Feature Request,Low,25.0,4
TKT-0005452,CUST-003671,2023-10-20,Bug,High,72.6,5
TKT-0005453,CUST-004674,2023-02-27,Billing,Low,25.8,5
TKT-0005454,CUST-002990,2023-05-12,Account,Medium,49.7,5
TKT-0005455,CUST-003329,2024-02-09,Bug,Medium,67.2,3
TKT-0005456,CUST-000883,2024-08-25,Billing,High,66.8,2
TKT-0005457,CUST-003769,2024-10-19,Account,Low,17.0,5
TKT-0005458,CUST-000455,2024-11-22,Bug,Medium,33.9,4
TKT-0005459,CUST-004159,2024-02-03,Technical,Medium,51.5,4
TKT-0005460,CUST-001113,2023-08-19,Feature Request,High,76.6,5
TKT-0005461,CUST-004407,2023-03-30,Technical,Medium,34.0,3
TKT-0005462,CUST-002628,2023-11-24,Technical,Medium,43.6,5
TKT-0005463,CUST-003621,2024-12-17,Account,High,49.8,3
TKT-0005464,CUST-004494,2023-12-22,Bug,High,60.3,5
TKT-0005465,CUST-002582,2024-10-10,Billing,Medium,27.3,3
TKT-0005466,CUST-001034,2023-12-26,Feature Request,Medium,58.4,4
TKT-0005467,CUST-002797,2024-11-23,Account,High,53.4,5
TKT-0005468,CUST-003643,2024-06-22,Feature Request,Medium,46.3,3
TKT-0005469,CUST-000317,2023-02-18,Account,Low,19.7,5
TKT-0005470,CUST-000808,2024-10-26,Feature Request,Low,33.1,5
TKT-0005471,CUST-000610,2023-01-20,Account,Medium,56.6,5
TKT-0005472,CUST-002439,2024-05-30,Bug,Medium,61.7,4
TKT-0005473,CUST-002373,2024-05-07,Feature Request,Medium,36.9,5
TKT-0005474,CUST-001415,2024-01-15,Bug,Critical,133.9,4
TKT-0005475,CUST-002433,2024-05-25,Billing,High,83.6,1
TKT-0005476,CUST-002240,2023-12-13,Feature Request,Low,27.3,4
TKT-0005477,CUST-001561,2024-04-16,Account,Low,21.9,3
TKT-0005478,CUST-004980,2023-12-03,Feature Request,High,90.6,3
TKT-0005479,CUST-003884,2023-04-11,Account,Low,29.8,5
TKT-0005480,CUST-003818,2024-12-07,Billing,Medium,59.0,4
TKT-0005481,CUST-001416,2023-08-06,Account,Low,37.2,4
TKT-0005482,CUST-002846,2023-04-23,Account,Low,25.6,4
TKT-0005483,CUST-003406,2024-06-05,Technical,High,91.3,4
TKT-0005484,CUST-003038,2023-08-17,Billing,High,88.1,4
TKT-0005485,CUST-002964,2024-07-18,Account,Low,30.2,3
TKT-0005486,CUST-000286,2023-05-20,Technical,Medium,46.8,3
TKT-0005487,CUST-004736,2023-07-17,Account,Medium,58.7,5
TKT-0005488,CUST-002027,2024-05-17,Technical,Medium,45.2,3
TKT-0005489,CUST-001401,2023-02-25,Billing,High,44.7,3
TKT-0005490,CUST-004206,2024-11-12,Technical,Medium,19.7,4
TKT-0005491,CUST-000740,2024-07-04,Bug,Medium,57.3,5
TKT-0005492,CUST-000440,2023-10-15,Account,High,82.2,4
TKT-0005493,CUST-003418,2023-10-09,Feature Request,Low,29.9,4
TKT-0005494,CUST-001486,2023-09-20,Account,Low,37.7,5
TKT-0005495,CUST-000756,2024-02-02,Bug,Critical,73.3,5
TKT-0005496,CUST-002022,2024-07-02,Feature Request,High,28.2,5
TKT-0005497,CUST-000464,2024-10-15,Bug,High,38.9,5
TKT-0005498,CUST-002904,2023-11-24,Billing,Critical,146.3,4
TKT-0005499,CUST-004995,2023-01-17,Billing,Medium,25.7,4
TKT-0005500,CUST-002560,2023-04-18,Billing,Medium,45.3,2
TKT-0005501,CUST-001871,2024-11-14,Technical,Critical,94.3,4
TKT-0005502,CUST-000299,2023-07-22,Feature Request,Medium,31.1,4
TKT-0005503,CUST-000345,2024-10-08,Bug,Critical,125.2,5
TKT-0005504,CUST-004520,2024-07-08,Technical,Low,26.3,4
TKT-0005505,CUST-003384,2023-03-31,Technical,High,57.6,5
TKT-0005506,CUST-001094,2023-09-08,Bug,Medium,34.8,5
TKT-0005507,CUST-004189,2024-06-02,Bug,Low,27.6,4
TKT-0005508,CUST-003986,2024-01-11,Bug,High,80.2,4
TKT-0005509,CUST-004806,2024-11-23,Account,Low,22.5,5
TKT-0005510,CUST-001825,2023-11-02,Technical,Critical,130.2,3
TKT-0005511,CUST-000049,2023-04-22,Technical,Critical,196.3,3
TKT-0005512,CUST-001821,2024-07-16,Feature Request,High,67.4,3
TKT-0005513,CUST-002631,2023-11-13,Bug,Low,24.8,3
TKT-0005514,CUST-001354,2023-07-01,Technical,Medium,56.9,4
TKT-0005515,CUST-000512,2024-09-22,Feature Request,Medium,44.4,4
TKT-0005516,CUST-003860,2023-08-20,Technical,High,82.8,4
TKT-0005517,CUST-003446,2023-06-14,Account,Low,18.4,3
TKT-0005518,CUST-004918,2024-02-17,Technical,High,101.4,4
TKT-0005519,CUST-000394,2023-10-14,Account,High,51.9,5
TKT-0005520,CUST-001150,2023-11-27,Bug,Low,30.5,4
TKT-0005521,CUST-002548,2024-04-09,Billing,Medium,64.6,3
TKT-0005522,CUST-001547,2023-02-17,Bug,Low,12.8,5
TKT-0005523,CUST-004259,2023-03-09,Bug,High,51.7,3
TKT-0005524,CUST-000486,2024-04-26,Feature Request,High,84.0,4
TKT-0005525,CUST-001980,2024-04-04,Bug,Low,31.0,3
TKT-0005526,CUST-003363,2023-09-13,Feature Request,Critical,68.0,2
TKT-0005527,CUST-001563,2023-08-23,Bug,Critical,113.2,4
TKT-0005528,CUST-000782,2024-05-13,Bug,Medium,60.6,2
TKT-0005529,CUST-001731,2024-11-07,Bug,Low,16.5,5
TKT-0005530,CUST-002489,2023-02-08,Bug,High,65.9,3
TKT-0005531,CUST-002804,2023-03-10,Feature Request,Medium,35.6,5
TKT-0005532,CUST-001449,2023-02-18,Account,Low,16.0,3
TKT-0005533,CUST-002427,2024-03-08,Bug,High,90.4,3
TKT-0005534,CUST-000499,2024-01-06,Technical,High,67.1,1
TKT-0005535,CUST-004185,2023-07-17,Bug,Low,26.2,3
TKT-0005536,CUST-003959,2024-02-16,Account,Medium,65.7,5
TKT-0005537,CUST-001794,2023-02-15,Account,High,87.4,5
TKT-0005538,CUST-000053,2023-12-21,Feature Request,Medium,38.9,1
TKT-0005539,CUST-003988,2023-10-29,Account,Low,31.7,3
TKT-0005540,CUST-003147,2024-08-01,Billing,Low,28.1,2
TKT-0005541,CUST-000689,2024-05-13,Technical,Medium,45.5,3
TKT-0005542,CUST-003244,2023-03-26,Technical,Low,10.6,3
TKT-0005543,CUST-004858,2023-07-08,Feature Request,Medium,47.1,3
TKT-0005544,CUST-002200,2024-04-29,Billing,Critical,72.5,5
TKT-0005545,CUST-001422,2024-08-14,Bug,Low,24.2,3
TKT-0005546,CUST-001611,2023-08-27,Account,Medium,52.1,4
TKT-0005547,CUST-000113,2023-03-22,Technical,Medium,39.0,4
TKT-0005548,CUST-002161,2024-10-04,Bug,Low,19.5,2
TKT-0005549,CUST-004723,2023-02-08,Account,High,69.2,5
TKT-0005550,CUST-004019,2024-06-30,Billing,Medium,40.1,1
TKT-0005551,CUST-003244,2023-06-09,Technical,Medium,34.6,5
TKT-0005552,CUST-002029,2024-02-02,Bug,High,47.4,3
TKT-0005553,CUST-004951,2023-06-18,Technical,High,95.0,4
TKT-0005554,CUST-002582,2024-10-24,Billing,Medium,69.7,4
TKT-0005555,CUST-000396,2024-10-25,Billing,High,68.7,5
TKT-0005556,CUST-003944,2024-05-07,Bug,Critical,140.3,4
TKT-0005557,CUST-002660,2024-04-24,Feature Request,Medium,32.5,4
TKT-0005558,CUST-000644,2023-11-18,Feature Request,Low,15.7,4
TKT-0005559,CUST-003533,2024-03-04,Bug,High,68.8,5
TKT-0005560,CUST-001894,2024-09-04,Feature Request,High,84.9,4
TKT-0005561,CUST-000851,2024-09-12,Bug,High,69.0,3
TKT-0005562,CUST-004846,2024-12-21,Billing,Low,26.1,3
TKT-0005563,CUST-000421,2024-09-20,Feature Request,Medium,45.6,4
TKT-0005564,CUST-003498,2023-01-01,Billing,Medium,63.1,4
TKT-0005565,CUST-002726,2024-03-20,Feature Request,High,65.2,5
TKT-0005566,CUST-001680,2024-12-12,Feature Request,Low,43.0,4
TKT-0005567,CUST-000214,2023-01-23,Bug,Medium,40.7,5
TKT-0005568,CUST-000127,2023-11-04,Account,High,87.4,5
TKT-0005569,CUST-004942,2023-04-29,Account,Low,21.7,3
TKT-0005570,CUST-000266,2024-06-01,Account,High,60.5,4
TKT-0005571,CUST-001360,2024-03-20,Account,Medium,16.5,4
TKT-0005572,CUST-000986,2024-09-23,Account,High,61.7,3
TKT-0005573,CUST-000930,2024-02-02,Feature Request,High,54.7,5
TKT-0005574,CUST-002986,2023-01-11,Feature Request,Low,24.0,1
TKT-0005575,CUST-000421,2024-09-17,Billing,High,58.1,4
TKT-0005576,CUST-001699,2024-01-04,Technical,Medium,57.7,4
TKT-0005577,CUST-003851,2024-01-29,Feature Request,Medium,41.1,4
TKT-0005578,CUST-003453,2024-02-17,Billing,High,78.6,1
TKT-0005579,CUST-003411,2023-04-13,Feature Request,Medium,58.9,5
TKT-0005580,CUST-004422,2023-03-28,Feature Request,Medium,51.3,3
TKT-0005581,CUST-001873,2024-07-23,Billing,Low,37.7,4
TKT-0005582,CUST-001128,2023-07-11,Account,Medium,33.5,4
TKT-0005583,CUST-000165,2024-07-17,Account,High,61.3,3
TKT-0005584,CUST-001799,2024-08-14,Bug,Medium,67.7,4
TKT-0005585,CUST-002094,2023-05-13,Account,High,83.8,3
TKT-0005586,CUST-003267,2023-03-31,Account,High,50.5,4
TKT-0005587,CUST-002169,2024-12-24,Account,Low,28.9,4
TKT-0005588,CUST-001869,2023-01-18,Billing,Low,32.0,1
TKT-0005589,CUST-000297,2024-05-07,Feature Request,Low,19.4,3
TKT-0005590,CUST-004676,2023-11-17,Feature Request,High,93.3,4
TKT-0005591,CUST-004351,2024-05-29,Account,Medium,47.0,5
TKT-0005592,CUST-001962,2024-03-17,Bug,Critical,111.1,5
TKT-0005593,CUST-002812,2023-11-08,Bug,Low,33.4,5
TKT-0005594,CUST-004254,2023-08-13,Account,High,76.6,4
TKT-0005595,CUST-001629,2024-01-05,Billing,Medium,48.7,4
TKT-0005596,CUST-002477,2024-07-29,Bug,High,64.5,4
TKT-0005597,CUST-003417,2023-09-01,Bug,High,88.4,3
TKT-0005598,CUST-003573,2023-01-23,Billing,High,62.0,3
TKT-0005599,CUST-003977,2024-08-22,Technical,Medium,52.5,5
TKT-0005600,CUST-001344,2024-05-19,Account,High,86.7,5
TKT-0005601,CUST-004617,2023-11-26,Billing,Low,25.4,4
TKT-0005602,CUST-002994,2023-08-17,Technical,High,78.6,4
TKT-0005603,CUST-003990,2023-07-22,Feature Request,Low,9.6,4
TKT-0005604,CUST-004303,2024-12-08,Billing,Low,31.8,4
TKT-0005605,CUST-002651,2024-01-22,Technical,High,20.5,4
TKT-0005606,CUST-000296,2023-07-22,Feature Request,Medium,69.5,3
TKT-0005607,CUST-000714,2023-04-26,Bug,High,94.6,2
TKT-0005608,CUST-002904,2023-09-26,Account,Medium,49.8,4
TKT-0005609,CUST-002983,2024-08-15,Account,Low,15.8,4
TKT-0005610,CUST-003162,2023-05-18,Feature Request,Low,19.0,3
TKT-0005611,CUST-000009,2024-05-28,Bug,Medium,49.6,5
TKT-0005612,CUST-004146,2024-10-06,Account,Low,22.7,4
TKT-0005613,CUST-003108,2024-08-28,Bug,Medium,50.0,5
TKT-0005614,CUST-001193,2024-02-22,Feature Request,Low,21.2,3
TKT-0005615,CUST-002937,2024-08-15,Bug,High,64.0,2
TKT-0005616,CUST-002671,2023-04-07,Bug,Medium,52.4,5
TKT-0005617,CUST-000534,2024-06-12,Bug,High,89.2,5
TKT-0005618,CUST-004104,2024-12-03,Account,Medium,60.3,2
TKT-0005619,CUST-000117,2024-02-18,Technical,High,50.6,5
TKT-0005620,CUST-003937,2023-05-03,Billing,Medium,30.9,5
TKT-0005621,CUST-001633,2024-11-06,Account,Low,12.9,2
TKT-0005622,CUST-001690,2024-05-01,Feature Request,Medium,64.4,5
TKT-0005623,CUST-004730,2023-11-24,Billing,High,61.7,5
TKT-0005624,CUST-001247,2024-10-24,Account,Medium,56.4,3
TKT-0005625,CUST-001618,2024-02-09,Account,High,68.4,5
TKT-0005626,CUST-004750,2024-07-12,Bug,Low,9.1,4
TKT-0005627,CUST-003758,2024-03-18,Technical,Medium,64.7,3
TKT-0005628,CUST-002441,2023-08-12,Technical,Medium,45.8,3
TKT-0005629,CUST-003621,2023-09-14,Bug,Medium,97.8,5
TKT-0005630,CUST-000462,2023-11-21,Bug,Low,20.9,4
TKT-0005631,CUST-001811,2024-11-06,Technical,High,89.2,3
TKT-0005632,CUST-000949,2023-10-09,Billing,Medium,66.7,3
TKT-0005633,CUST-004578,2024-08-28,Account,High,56.6,3
TKT-0005634,CUST-000968,2024-01-27,Feature Request,Low,29.0,4
TKT-0005635,CUST-002792,2023-10-14,Feature Request,Medium,87.5,4
TKT-0005636,CUST-004707,2024-11-14,Account,Low,32.7,5
TKT-0005637,CUST-001994,2024-12-01,Account,Medium,71.7,3
TKT-0005638,CUST-004713,2023-06-23,Bug,Low,41.2,4
TKT-0005639,CUST-000306,2023-06-26,Technical,Low,23.7,1
TKT-0005640,CUST-002613,2023-01-30,Account,Low,22.3,2
TKT-0005641,CUST-003228,2024-03-02,Bug,Medium,54.6,3
TKT-0005642,CUST-001745,2024-08-04,Bug,Critical,93.4,1
TKT-0005643,CUST-001533,2024-08-10,Technical,Low,21.7,3
TKT-0005644,CUST-001249,2024-11-11,Feature Request,Low,19.9,4
TKT-0005645,CUST-003661,2023-06-06,Feature Request,Medium,28.3,4
TKT-0005646,CUST-004859,2023-12-13,Billing,High,62.7,4
TKT-0005647,CUST-002269,2023-12-18,Bug,Medium,36.1,3
TKT-0005648,CUST-004027,2024-06-25,Bug,Medium,51.2,3
TKT-0005649,CUST-003686,2023-09-04,Feature Request,High,63.1,4
TKT-0005650,CUST-003958,2023-02-25,Bug,Medium,54.6,4
TKT-0005651,CUST-004358,2023-01-12,Account,High,88.7,5
TKT-0005652,CUST-001633,2023-07-22,Bug,Medium,24.4,4
TKT-0005653,CUST-000790,2023-12-25,Technical,High,69.2,1
TKT-0005654,CUST-001794,2024-07-01,Account,High,47.0,5
TKT-0005655,CUST-004884,2023-03-02,Technical,Medium,55.2,4
TKT-0005656,CUST-001930,2024-11-10,Account,High,79.9,3
TKT-0005657,CUST-000452,2024-12-20,Technical,Critical,111.3,5
TKT-0005658,CUST-001611,2024-12-25,Feature Request,High,79.1,5
TKT-0005659,CUST-004173,2024-07-19,Bug,Low,17.1,4
TKT-0005660,CUST-002756,2024-04-16,Account,Low,24.7,4
TKT-0005661,CUST-001762,2024-01-13,Technical,Critical,128.5,4
TKT-0005662,CUST-000211,2024-02-20,Technical,Medium,55.4,5
TKT-0005663,CUST-001758,2024-10-03,Feature Request,Low,23.5,4
TKT-0005664,CUST-003414,2023-09-09,Bug,Low,23.4,3
TKT-0005665,CUST-002803,2023-09-18,Feature Request,Low,29.3,5
TKT-0005666,CUST-000956,2023-10-24,Feature Request,Medium,46.1,5
TKT-0005667,CUST-001689,2024-09-23,Bug,Low,26.7,2
TKT-0005668,CUST-004883,2023-04-10,Feature Request,Low,26.4,2
TKT-0005669,CUST-002920,2023-02-10,Billing,Medium,45.6,5
TKT-0005670,CUST-001123,2024-06-03,Account,Low,24.7,2
TKT-0005671,CUST-002067,2024-06-14,Bug,Low,18.2,3
TKT-0005672,CUST-002982,2023-12-23,Feature Request,High,75.0,5
TKT-0005673,CUST-000163,2023-08-27,Technical,Low,24.5,2
TKT-0005674,CUST-003715,2023-10-25,Feature Request,Medium,31.0,3
TKT-0005675,CUST-002200,2024-07-24,Bug,Low,25.1,3
TKT-0005676,CUST-000957,2024-07-13,Bug,Medium,23.3,4
TKT-0005677,CUST-003197,2023-09-03,Bug,Medium,50.0,5
TKT-0005678,CUST-004870,2023-03-29,Billing,Medium,50.8,5
TKT-0005679,CUST-004928,2024-09-14,Feature Request,Medium,38.1,3
TKT-0005680,CUST-004897,2023-07-10,Technical,Medium,41.3,2
TKT-0005681,CUST-002474,2024-03-27,Bug,Medium,33.8,5
TKT-0005682,CUST-002372,2023-06-17,Account,Medium,47.9,4
TKT-0005683,CUST-003611,2024-04-08,Technical,High,60.6,5
TKT-0005684,CUST-000651,2024-03-29,Bug,Medium,60.5,5
TKT-0005685,CUST-001247,2024-06-02,Technical,Medium,55.2,1
TKT-0005686,CUST-004655,2023-08-03,Bug,Low,24.6,4
TKT-0005687,CUST-003010,2023-10-23,Billing,Low,25.3,5
TKT-0005688,CUST-003559,2023-02-18,Account,Medium,31.3,4
TKT-0005689,CUST-000366,2024-05-23,Account,Medium,45.6,5
TKT-0005690,CUST-000220,2024-08-19,Billing,Medium,32.8,5
TKT-0005691,CUST-003407,2024-12-03,Account,Medium,32.7,3
TKT-0005692,CUST-000998,2024-10-03,Feature Request,Medium,73.3,3
TKT-0005693,CUST-001156,2023-07-12,Technical,Medium,76.2,3
TKT-0005694,CUST-004246,2023-05-21,Billing,Medium,28.4,3
TKT-0005695,CUST-000252,2024-05-28,Bug,Medium,41.5,4
TKT-0005696,CUST-001228,2023-03-22,Billing,Low,27.7,4
TKT-0005697,CUST-004899,2024-07-24,Technical,Medium,56.0,4
TKT-0005698,CUST-000799,2023-04-02,Bug,High,80.9,5
TKT-0005699,CUST-001125,2024-01-31,Billing,Medium,60.9,4
TKT-0005700,CUST-004560,2024-11-09,Technical,Low,30.9,4
TKT-0005701,CUST-004611,2024-04-30,Account,High,62.0,4
TKT-0005702,CUST-001380,2023-03-30,Bug,High,84.5,5
TKT-0005703,CUST-004139,2024-05-17,Billing,Low,29.7,5
TKT-0005704,CUST-002850,2024-04-07,Account,Medium,48.4,3
TKT-0005705,CUST-002043,2024-11-12,Bug,Low,37.0,2
TKT-0005706,CUST-002123,2023-04-07,Account,Medium,26.5,4
TKT-0005707,CUST-004857,2023-05-03,Account,Low,14.7,4
TKT-0005708,CUST-004871,2023-01-07,Billing,Medium,41.1,5
TKT-0005709,CUST-001627,2023-08-20,Feature Request,Low,20.5,4
TKT-0005710,CUST-002893,2023-10-19,Billing,High,22.3,4
TKT-0005711,CUST-004927,2023-02-14,Bug,Medium,35.1,3
TKT-0005712,CUST-000475,2023-06-28,Feature Request,High,77.3,4
TKT-0005713,CUST-000161,2023-02-24,Bug,Medium,58.1,4
TKT-0005714,CUST-003606,2024-05-18,Account,Low,24.4,2
TKT-0005715,CUST-002945,2023-08-13,Technical,Low,22.0,5
TKT-0005716,CUST-002510,2024-03-23,Account,Medium,47.1,5
TKT-0005717,CUST-002620,2023-03-09,Billing,Low,31.6,1
TKT-0005718,CUST-003904,2024-05-25,Bug,Low,33.9,4
TKT-0005719,CUST-001774,2023-11-15,Feature Request,High,80.3,4
TKT-0005720,CUST-000688,2023-11-24,Technical,Low,22.6,5
TKT-0005721,CUST-001467,2024-04-10,Bug,Medium,52.9,4
TKT-0005722,CUST-002815,2023-09-25,Account,Medium,50.8,4
TKT-0005723,CUST-000220,2023-04-19,Feature Request,Low,42.5,4
TKT-0005724,CUST-003579,2024-04-30,Technical,Medium,58.1,5
TKT-0005725,CUST-002259,2024-10-03,Account,Medium,79.8,4
TKT-0005726,CUST-002118,2024-09-20,Feature Request,Low,21.9,3
TKT-0005727,CUST-003422,2023-03-09,Bug,Medium,44.8,4
TKT-0005728,CUST-002782,2024-05-29,Bug,High,75.0,4
TKT-0005729,CUST-003581,2023-10-06,Account,Critical,111.3,4
TKT-0005730,CUST-000427,2024-10-16,Technical,High,46.6,5
TKT-0005731,CUST-003363,2024-06-25,Technical,Low,33.1,4
TKT-0005732,CUST-001471,2023-01-06,Technical,Critical,118.0,3
TKT-0005733,CUST-000035,2023-01-19,Account,High,71.2,4
TKT-0005734,CUST-002123,2023-03-05,Bug,Medium,61.2,4
TKT-0005735,CUST-002223,2023-01-29,Bug,Medium,59.2,4
TKT-0005736,CUST-003799,2023-01-16,Bug,Medium,28.6,4
TKT-0005737,CUST-003110,2023-04-03,Feature Request,High,49.0,5
TKT-0005738,CUST-000238,2023-08-22,Technical,Critical,140.8,2
TKT-0005739,CUST-004048,2023-09-02,Account,Low,34.0,1
TKT-0005740,CUST-004762,2023-03-02,Feature Request,Critical,83.5,4
TKT-0005741,CUST-000089,2024-12-04,Feature Request,Critical,117.3,5
TKT-0005742,CUST-001961,2024-10-15,Bug,Medium,61.6,5
TKT-0005743,CUST-001223,2023-06-22,Technical,High,68.1,4
TKT-0005744,CUST-004947,2023-05-01,Feature Request,Medium,40.4,5
TKT-0005745,CUST-003185,2023-10-10,Bug,High,49.4,4
TKT-0005746,CUST-000309,2024-07-14,Bug,Medium,42.9,5
TKT-0005747,CUST-003143,2024-08-25,Bug,High,43.9,4
TKT-0005748,CUST-002402,2023-01-19,Technical,Low,32.5,5
TKT-0005749,CUST-003236,2023-09-19,Feature Request,Low,31.8,5
TKT-0005750,CUST-002377,2023-01-09,Technical,Low,14.2,3
TKT-0005751,CUST-002951,2023-03-23,Account,High,59.2,3
TKT-0005752,CUST-001950,2023-04-06,Feature Request,Medium,71.1,5
TKT-0005753,CUST-004684,2023-09-11,Feature Request,Medium,63.2,5
TKT-0005754,CUST-003410,2024-10-19,Feature Request,Low,23.1,4
TKT-0005755,CUST-002447,2024-08-07,Feature Request,Medium,27.3,4
TKT-0005756,CUST-004293,2023-06-15,Account,Low,16.8,5
TKT-0005757,CUST-001153,2023-04-22,Billing,Low,28.4,5
TKT-0005758,CUST-004533,2023-12-30,Technical,Critical,183.0,4
TKT-0005759,CUST-000567,2024-11-07,Technical,High,82.6,1
TKT-0005760,CUST-000627,2024-10-13,Technical,Low,25.8,4
TKT-0005761,CUST-003820,2024-07-25,Bug,High,89.1,4
TKT-0005762,CUST-004953,2023-03-21,Account,Medium,24.8,5
TKT-0005763,CUST-003797,2024-08-17,Feature Request,Medium,52.2,5
TKT-0005764,CUST-003384,2023-06-03,Feature Request,Medium,25.0,5
TKT-0005765,CUST-003056,2024-04-22,Billing,Medium,19.9,4
TKT-0005766,CUST-002566,2024-05-18,Technical,Medium,51.2,3
TKT-0005767,CUST-002734,2023-05-31,Billing,Medium,58.0,4
TKT-0005768,CUST-000902,2023-09-30,Feature Request,Medium,28.4,5
TKT-0005769,CUST-003081,2023-10-23,Bug,High,61.2,5
TKT-0005770,CUST-000048,2023-09-13,Billing,Low,20.1,3
TKT-0005771,CUST-000396,2024-10-22,Billing,Medium,53.3,5
TKT-0005772,CUST-003240,2024-04-04,Billing,Medium,52.5,4
TKT-0005773,CUST-001964,2024-12-28,Billing,Low,20.7,3
TKT-0005774,CUST-003616,2024-03-06,Bug,Low,17.0,5
TKT-0005775,CUST-001273,2023-10-23,Feature Request,Medium,44.7,3
TKT-0005776,CUST-003891,2023-11-27,Billing,Medium,42.5,5
TKT-0005777,CUST-002938,2024-01-22,Bug,High,84.9,4
TKT-0005778,CUST-000770,2023-03-19,Bug,High,72.4,5
TKT-0005779,CUST-000920,2024-06-14,Billing,Medium,62.4,5
TKT-0005780,CUST-002224,2023-11-14,Technical,Medium,48.0,3
TKT-0005781,CUST-003195,2024-03-12,Technical,Medium,47.3,4
TKT-0005782,CUST-002402,2024-07-28,Technical,High,57.5,3
TKT-0005783,CUST-001021,2024-08-10,Feature Request,High,68.0,2
TKT-0005784,CUST-004274,2023-04-12,Bug,Low,21.3,3
TKT-0005785,CUST-002005,2024-01-18,Bug,Medium,46.0,2
TKT-0005786,CUST-003403,2024-12-05,Account,High,61.8,4
TKT-0005787,CUST-002350,2024-10-12,Bug,Medium,21.1,1
TKT-0005788,CUST-004036,2024-07-12,Technical,Medium,35.6,4
TKT-0005789,CUST-003176,2023-07-20,Account,Medium,56.6,5
TKT-0005790,CUST-002926,2023-07-31,Feature Request,Critical,203.2,5
TKT-0005791,CUST-004995,2024-02-11,Billing,High,57.0,3
TKT-0005792,CUST-004638,2023-12-03,Feature Request,Medium,38.4,5
TKT-0005793,CUST-003152,2024-09-27,Account,Critical,61.8,5
TKT-0005794,CUST-004800,2024-03-29,Bug,High,67.5,5
TKT-0005795,CUST-003349,2023-11-13,Bug,Low,25.9,5
TKT-0005796,CUST-001976,2024-05-14,Bug,Low,24.3,5
TKT-0005797,CUST-000067,2023-02-15,Bug,High,71.4,4
TKT-0005798,CUST-002728,2024-10-06,Account,Low,23.2,3
TKT-0005799,CUST-001496,2024-08-27,Billing,Critical,91.7,5
TKT-0005800,CUST-001836,2023-04-17,Technical,Medium,61.0,3
TKT-0005801,CUST-000150,2023-10-26,Feature Request,Low,12.6,4
TKT-0005802,CUST-003802,2024-06-11,Feature Request,Critical,117.3,4
TKT-0005803,CUST-000765,2024-04-17,Technical,High,56.6,5
TKT-0005804,CUST-004566,2024-12-05,Feature Request,Low,26.7,5
TKT-0005805,CUST-000270,2023-05-02,Billing,Medium,47.1,5
TKT-0005806,CUST-000637,2024-09-09,Technical,Low,35.0,5
TKT-0005807,CUST-001410,2023-07-09,Technical,Low,24.5,3
TKT-0005808,CUST-002629,2024-12-15,Technical,High,42.2,5
TKT-0005809,CUST-000623,2024-11-20,Feature Request,Low,23.7,5
TKT-0005810,CUST-003755,2024-09-15,Feature Request,Low,25.4,5
TKT-0005811,CUST-000837,2023-01-16,Feature Request,Low,39.8,5
TKT-0005812,CUST-001298,2024-06-07,Technical,Medium,53.4,4
TKT-0005813,CUST-001794,2023-08-18,Bug,Medium,35.3,4
TKT-0005814,CUST-002652,2023-08-17,Feature Request,High,94.4,4
TKT-0005815,CUST-004929,2024-06-18,Feature Request,High,106.0,4
TKT-0005816,CUST-004683,2023-05-15,Account,Low,25.8,5
TKT-0005817,CUST-002037,2024-01-20,Technical,High,44.1,3
TKT-0005818,CUST-000301,2023-12-22,Account,Low,26.5,4
TKT-0005819,CUST-002720,2024-03-08,Technical,High,111.0,4
TKT-0005820,CUST-004801,2023-05-05,Technical,Low,32.4,4
TKT-0005821,CUST-002361,2024-08-03,Account,High,114.3,4
TKT-0005822,CUST-002723,2024-04-26,Account,High,80.2,5
TKT-0005823,CUST-001987,2024-07-01,Feature Request,High,113.0,2
TKT-0005824,CUST-000388,2024-10-12,Technical,Low,21.8,4
TKT-0005825,CUST-004481,2024-08-17,Feature Request,Medium,23.0,5
TKT-0005826,CUST-003399,2024-01-23,Billing,Medium,25.4,4
TKT-0005827,CUST-002238,2024-07-10,Account,Low,31.3,4
TKT-0005828,CUST-001830,2023-03-14,Account,Medium,53.0,3
TKT-0005829,CUST-000094,2023-05-19,Bug,Medium,57.1,5
TKT-0005830,CUST-000455,2024-01-22,Technical,Low,31.8,3
TKT-0005831,CUST-003604,2024-02-17,Bug,Low,18.5,4
TKT-0005832,CUST-001879,2024-02-26,Bug,Medium,64.5,4
TKT-0005833,CUST-003344,2024-11-30,Account,High,35.6,4
TKT-0005834,CUST-004405,2024-09-23,Account,High,90.5,4
TKT-0005835,CUST-001210,2024-08-17,Technical,High,59.1,5
TKT-0005836,CUST-002162,2023-05-02,Account,Medium,55.7,5
TKT-0005837,CUST-002494,2024-01-30,Account,High,68.4,3
TKT-0005838,CUST-004241,2024-08-10,Feature Request,Medium,39.3,4
TKT-0005839,CUST-000548,2024-08-03,Feature Request,Medium,73.4,5
TKT-0005840,CUST-001879,2023-06-11,Technical,Low,22.1,2
TKT-0005841,CUST-003443,2024-04-13,Account,Low,26.2,4
TKT-0005842,CUST-004777,2024-04-08,Account,High,79.7,4
TKT-0005843,CUST-001557,2024-11-21,Feature Request,High,75.0,4
TKT-0005844,CUST-004762,2023-01-28,Bug,Low,31.4,5
TKT-0005845,CUST-000572,2024-11-22,Bug,High,68.1,2
TKT-0005846,CUST-003261,2024-05-29,Technical,High,27.2,2
TKT-0005847,CUST-003610,2024-10-11,Technical,High,109.4,5
TKT-0005848,CUST-004137,2024-03-10,Bug,Low,16.1,4
TKT-0005849,CUST-000984,2024-12-13,Bug,Low,17.4,4
TKT-0005850,CUST-000827,2024-01-21,Bug,Medium,52.8,4
TKT-0005851,CUST-002459,2023-12-30,Technical,Low,17.9,4
TKT-0005852,CUST-001485,2024-04-11,Billing,Low,27.8,4
TKT-0005853,CUST-000560,2023-10-31,Feature Request,Low,13.5,4
TKT-0005854,CUST-000697,2024-07-05,Account,High,62.3,4
TKT-0005855,CUST-001832,2024-03-10,Account,Medium,55.3,3
TKT-0005856,CUST-003437,2024-01-16,Technical,Medium,58.1,5
TKT-0005857,CUST-003613,2024-09-03,Account,High,74.3,5
TKT-0005858,CUST-000775,2024-04-05,Bug,Low,33.1,3
TKT-0005859,CUST-001498,2024-03-28,Feature Request,Low,24.0,4
TKT-0005860,CUST-004690,2024-11-10,Technical,Low,14.5,4
TKT-0005861,CUST-001562,2023-11-24,Billing,Low,26.8,3
TKT-0005862,CUST-003170,2024-09-06,Technical,Medium,31.3,4
TKT-0005863,CUST-001730,2024-04-20,Technical,Low,32.9,5
TKT-0005864,CUST-001216,2024-05-17,Billing,High,101.6,5
TKT-0005865,CUST-004130,2024-03-20,Account,Medium,59.6,5
TKT-0005866,CUST-004841,2024-05-08,Feature Request,High,68.2,2
TKT-0005867,CUST-001080,2023-08-08,Account,Medium,35.8,3
TKT-0005868,CUST-001991,2024-12-09,Technical,High,54.2,4
TKT-0005869,CUST-000485,2024-11-12,Feature Request,High,108.6,5
TKT-0005870,CUST-002019,2024-10-03,Technical,High,57.1,2
TKT-0005871,CUST-003204,2024-06-03,Feature Request,High,88.4,4
TKT-0005872,CUST-002401,2023-01-17,Account,Low,22.8,5
TKT-0005873,CUST-000984,2023-02-10,Technical,Medium,40.4,4
TKT-0005874,CUST-001020,2024-04-18,Feature Request,Low,9.6,5
TKT-0005875,CUST-004798,2023-11-22,Account,Low,22.4,5
TKT-0005876,CUST-001184,2023-02-04,Bug,Low,40.9,1
TKT-0005877,CUST-000396,2024-02-26,Technical,Low,14.4,3
TKT-0005878,CUST-000147,2024-06-21,Feature Request,High,80.1,3
TKT-0005879,CUST-000560,2023-05-17,Account,High,77.2,4
TKT-0005880,CUST-002194,2023-07-16,Technical,Low,28.9,5
TKT-0005881,CUST-003490,2024-11-02,Billing,Medium,43.7,2
TKT-0005882,CUST-004281,2023-09-12,Account,High,41.8,3
TKT-0005883,CUST-001761,2024-05-01,Billing,Medium,58.7,2
TKT-0005884,CUST-004798,2023-08-29,Technical,High,53.0,5
TKT-0005885,CUST-000696,2023-08-18,Technical,Medium,56.0,3
TKT-0005886,CUST-001608,2024-08-02,Account,Medium,54.0,5
TKT-0005887,CUST-000894,2023-09-02,Technical,High,64.1,4
TKT-0005888,CUST-001637,2023-10-13,Account,High,91.5,4
TKT-0005889,CUST-002290,2024-04-23,Technical,Medium,45.6,4
TKT-0005890,CUST-002756,2023-10-17,Bug,Low,30.3,2
TKT-0005891,CUST-000814,2024-12-08,Billing,Medium,51.0,2
TKT-0005892,CUST-000843,2023-04-06,Bug,Medium,56.5,4
TKT-0005893,CUST-001419,2024-11-11,Technical,Medium,49.1,2
TKT-0005894,CUST-000689,2023-06-29,Account,Medium,48.8,4
TKT-0005895,CUST-002197,2024-03-20,Technical,Critical,111.8,2
TKT-0005896,CUST-001338,2024-05-25,Bug,Medium,35.6,4
TKT-0005897,CUST-002189,2024-07-29,Billing,Low,24.0,4
TKT-0005898,CUST-000097,2024-05-27,Feature Request,High,87.2,4
TKT-0005899,CUST-000328,2024-02-19,Technical,Critical,93.3,4
TKT-0005900,CUST-002905,2023-12-12,Account,Medium,62.9,4
TKT-0005901,CUST-004442,2024-04-04,Feature Request,Low,16.3,4
TKT-0005902,CUST-000069,2023-02-23,Account,Low,26.2,5
TKT-0005903,CUST-004075,2024-04-02,Billing,High,58.3,2
TKT-0005904,CUST-004804,2023-09-09,Bug,Medium,43.2,4
TKT-0005905,CUST-001013,2024-10-22,Account,Low,16.3,4
TKT-0005906,CUST-001931,2024-07-11,Feature Request,High,84.7,4
TKT-0005907,CUST-002028,2024-01-12,Bug,Medium,53.1,4
TKT-0005908,CUST-001267,2023-09-25,Bug,High,63.0,5
TKT-0005909,CUST-000608,2024-02-17,Bug,Low,36.5,2
TKT-0005910,CUST-004210,2023-01-04,Account,Low,24.6,3
TKT-0005911,CUST-003930,2024-01-04,Billing,Low,7.9,4
TKT-0005912,CUST-000321,2023-06-09,Account,Medium,41.2,5
TKT-0005913,CUST-002006,2023-03-25,Billing,High,90.7,5
TKT-0005914,CUST-001626,2024-04-15,Feature Request,High,77.1,3
TKT-0005915,CUST-003054,2023-08-04,Feature Request,High,75.6,4
TKT-0005916,CUST-004415,2023-05-19,Account,Medium,73.8,4
TKT-0005917,CUST-000634,2023-03-10,Bug,Medium,40.0,4
TKT-0005918,CUST-001998,2023-09-12,Billing,Critical,99.3,4
TKT-0005919,CUST-000757,2023-08-12,Technical,High,66.8,4
TKT-0005920,CUST-002758,2023-01-04,Billing,Low,28.3,4
TKT-0005921,CUST-004647,2024-10-15,Bug,Low,14.8,4
TKT-0005922,CUST-003380,2023-12-07,Bug,Medium,70.9,5
TKT-0005923,CUST-003726,2024-06-10,Account,High,60.4,2
TKT-0005924,CUST-003154,2024-03-25,Feature Request,High,73.2,4
TKT-0005925,CUST-001646,2024-11-27,Bug,Medium,63.3,4
TKT-0005926,CUST-004539,2024-07-27,Technical,Low,33.2,4
TKT-0005927,CUST-003598,2024-08-20,Bug,Low,26.0,4
TKT-0005928,CUST-002971,2023-06-21,Billing,High,68.6,2
TKT-0005929,CUST-004403,2024-10-05,Bug,High,67.5,4
TKT-0005930,CUST-003342,2024-06-04,Bug,Low,8.1,4
TKT-0005931,CUST-001596,2024-06-21,Technical,High,54.6,4
TKT-0005932,CUST-002200,2023-01-16,Bug,High,68.5,5
TKT-0005933,CUST-003521,2023-06-18,Technical,High,83.9,2
TKT-0005934,CUST-004470,2024-11-23,Technical,Medium,52.3,4
TKT-0005935,CUST-000884,2023-06-10,Billing,High,57.8,4
TKT-0005936,CUST-003332,2024-08-25,Bug,High,41.7,5
TKT-0005937,CUST-000796,2024-11-03,Bug,Low,29.1,3
TKT-0005938,CUST-002800,2023-12-21,Bug,Low,15.2,4
TKT-0005939,CUST-003274,2023-12-08,Bug,Medium,58.5,4
TKT-0005940,CUST-004479,2024-05-26,Technical,Low,24.3,2
TKT-0005941,CUST-000350,2024-02-12,Account,Low,24.1,4
TKT-0005942,CUST-000946,2024-09-25,Feature Request,Medium,42.5,4
TKT-0005943,CUST-002465,2023-08-12,Bug,Low,27.9,4
TKT-0005944,CUST-004502,2023-02-26,Technical,Medium,51.3,5
TKT-0005945,CUST-000469,2024-06-08,Feature Request,Medium,54.6,2
TKT-0005946,CUST-000112,2024-06-19,Technical,Low,29.8,3
TKT-0005947,CUST-004936,2024-07-04,Feature Request,High,86.4,5
TKT-0005948,CUST-003904,2023-08-09,Billing,Medium,63.7,2
TKT-0005949,CUST-003288,2024-05-25,Bug,Low,19.4,5
TKT-0005950,CUST-000337,2024-12-01,Feature Request,Low,29.6,4
TKT-0005951,CUST-000342,2023-02-02,Account,High,90.5,2
TKT-0005952,CUST-001549,2024-03-25,Billing,Low,12.7,4
TKT-0005953,CUST-001870,2024-09-04,Account,Medium,47.5,5
TKT-0005954,CUST-003965,2024-08-19,Bug,High,37.9,5
TKT-0005955,CUST-002699,2023-03-12,Technical,High,62.3,4
TKT-0005956,CUST-003727,2024-12-12,Account,High,96.4,4
TKT-0005957,CUST-001370,2024-11-19,Bug,Medium,42.0,5
TKT-0005958,CUST-001198,2024-09-07,Feature Request,Low,34.6,4
TKT-0005959,CUST-003781,2023-01-11,Bug,High,60.9,3
TKT-0005960,CUST-000833,2024-03-03,Feature Request,Low,12.2,4
TKT-0005961,CUST-002434,2023-05-11,Technical,Low,33.4,4
TKT-0005962,CUST-003069,2023-07-12,Bug,High,66.1,3
TKT-0005963,CUST-002683,2024-12-02,Technical,Low,20.6,5
TKT-0005964,CUST-003203,2024-11-09,Technical,Critical,136.1,5
TKT-0005965,CUST-003069,2024-10-26,Feature Request,Medium,43.9,5
TKT-0005966,CUST-002405,2023-03-27,Billing,Medium,39.3,4
TKT-0005967,CUST-001216,2023-12-21,Feature Request,Low,24.4,5
TKT-0005968,CUST-002385,2023-10-16,Feature Request,Low,30.0,4
TKT-0005969,CUST-001749,2023-08-19,Technical,Medium,51.6,4
TKT-0005970,CUST-004125,2023-11-10,Bug,Low,21.3,2
TKT-0005971,CUST-004628,2023-10-28,Technical,Low,20.1,4
TKT-0005972,CUST-001146,2024-10-01,Technical,Low,24.7,5
TKT-0005973,CUST-001223,2023-03-22,Account,Medium,75.0,4
TKT-0005974,CUST-004240,2024-07-30,Bug,High,79.4,4
TKT-0005975,CUST-002137,2024-05-18,Account,High,59.8,3
TKT-0005976,CUST-002466,2023-11-14,Bug,Medium,53.6,3
TKT-0005977,CUST-003561,2024-04-10,Bug,Low,14.6,4
TKT-0005978,CUST-000548,2023-01-04,Technical,High,22.0,2
TKT-0005979,CUST-000216,2024-10-15,Technical,Medium,37.2,5
TKT-0005980,CUST-002315,2024-07-13,Feature Request,High,74.0,1
TKT-0005981,CUST-002272,2023-10-20,Account,Low,25.7,2
TKT-0005982,CUST-003014,2024-07-08,Technical,High,66.9,5
TKT-0005983,CUST-001360,2024-02-11,Bug,High,88.8,4
TKT-0005984,CUST-003020,2024-05-14,Technical,Low,24.9,4
TKT-0005985,CUST-003213,2023-05-08,Feature Request,Medium,40.7,1
TKT-0005986,CUST-002235,2023-04-25,Account,Low,17.9,3
TKT-0005987,CUST-000942,2024-12-21,Bug,Low,20.1,4
TKT-0005988,CUST-000508,2024-03-26,Feature Request,Medium,46.7,3
TKT-0005989,CUST-001039,2023-06-12,Billing,Low,20.0,4
TKT-0005990,CUST-002006,2023-10-28,Bug,Medium,33.0,5
TKT-0005991,CUST-004446,2024-09-16,Technical,Medium,19.0,4
TKT-0005992,CUST-004886,2024-06-25,Bug,Low,15.6,3
TKT-0005993,CUST-001516,2024-10-08,Technical,Low,16.4,4
TKT-0005994,CUST-001933,2023-11-20,Technical,Medium,27.4,4
TKT-0005995,CUST-002686,2024-08-22,Account,Low,27.8,3
TKT-0005996,CUST-002761,2024-01-22,Account,Medium,36.4,3
TKT-0005997,CUST-000421,2023-09-03,Feature Request,Low,30.8,5
TKT-0005998,CUST-002073,2023-09-20,Bug,Low,32.1,5
TKT-0005999,CUST-000425,2023-07-26,Technical,Low,21.9,3
TKT-0006000,CUST-001344,2024-03-08,Billing,Low,23.9,4
TKT-0006001,CUST-004858,2024-01-18,Account,Medium,45.9,3
TKT-0006002,CUST-000271,2023-02-18,Account,High,70.2,5
TKT-0006003,CUST-001774,2024-09-23,Technical,Medium,66.3,4
TKT-0006004,CUST-004457,2023-09-14,Account,High,85.9,4
TKT-0006005,CUST-002841,2023-04-17,Feature Request,Medium,32.9,4
TKT-0006006,CUST-004737,2024-03-03,Technical,Medium,22.8,5
TKT-0006007,CUST-002982,2023-05-25,Bug,Medium,63.3,4
TKT-0006008,CUST-000906,2024-10-08,Feature Request,High,37.7,4
TKT-0006009,CUST-003684,2024-12-13,Billing,Low,18.7,3
TKT-0006010,CUST-003196,2024-12-11,Technical,Medium,32.4,4
TKT-0006011,CUST-001079,2024-02-06,Feature Request,Medium,56.1,5
TKT-0006012,CUST-001123,2024-04-11,Billing,Low,37.6,4
TKT-0006013,CUST-003842,2023-07-02,Feature Request,Low,19.1,5
TKT-0006014,CUST-002330,2023-09-30,Account,Low,15.8,4
TKT-0006015,CUST-002994,2023-01-12,Bug,Low,31.0,5
TKT-0006016,CUST-002171,2024-06-01,Billing,High,60.1,4
TKT-0006017,CUST-004523,2024-09-13,Billing,Low,36.4,3
TKT-0006018,CUST-004593,2024-01-24,Billing,Medium,21.7,4
TKT-0006019,CUST-003307,2023-06-17,Billing,High,51.7,5
TKT-0006020,CUST-004482,2024-07-27,Technical,Medium,33.6,3
TKT-0006021,CUST-001322,2024-11-11,Feature Request,Low,21.9,4
TKT-0006022,CUST-003206,2024-05-19,Billing,Critical,119.5,3
TKT-0006023,CUST-004445,2023-02-28,Technical,Low,25.2,4
TKT-0006024,CUST-000342,2023-03-27,Technical,Medium,44.7,4
TKT-0006025,CUST-000846,2024-12-31,Technical,Medium,48.1,5
TKT-0006026,CUST-001742,2023-09-10,Account,Low,22.3,4
TKT-0006027,CUST-000871,2023-05-27,Technical,High,83.1,4
TKT-0006028,CUST-000639,2023-04-14,Technical,Medium,70.4,2
TKT-0006029,CUST-004132,2024-01-17,Technical,Medium,42.9,4
TKT-0006030,CUST-002410,2024-02-12,Bug,Low,27.0,5
TKT-0006031,CUST-000142,2024-03-10,Bug,Low,10.5,4
TKT-0006032,CUST-004535,2024-04-04,Account,Low,25.7,5
TKT-0006033,CUST-004037,2023-03-05,Technical,Low,36.4,4
TKT-0006034,CUST-004057,2023-03-06,Bug,High,99.0,4
TKT-0006035,CUST-002249,2024-11-24,Feature Request,Medium,57.2,4
TKT-0006036,CUST-001222,2024-09-26,Technical,Medium,24.3,5
TKT-0006037,CUST-000727,2023-03-20,Account,High,100.4,1
TKT-0006038,CUST-004175,2024-06-07,Account,Low,35.9,5
TKT-0006039,CUST-001866,2024-04-21,Account,Low,27.0,3
TKT-0006040,CUST-003642,2023-05-02,Account,High,119.4,2
TKT-0006041,CUST-004667,2024-04-20,Bug,Medium,14.8,4
TKT-0006042,CUST-004645,2023-04-24,Account,Low,24.7,5
TKT-0006043,CUST-001960,2023-01-08,Bug,Medium,31.4,4
TKT-0006044,CUST-003643,2023-10-02,Bug,Low,21.4,4
TKT-0006045,CUST-000228,2023-12-08,Account,Medium,50.1,3
TKT-0006046,CUST-000247,2024-09-16,Billing,High,59.5,3
TKT-0006047,CUST-000823,2024-08-09,Feature Request,Medium,45.4,4
TKT-0006048,CUST-001500,2024-09-04,Account,Medium,12.2,5
TKT-0006049,CUST-003231,2023-06-12,Technical,Low,30.1,4
TKT-0006050,CUST-002587,2023-02-16,Bug,High,119.9,3
TKT-0006051,CUST-000908,2024-05-02,Bug,High,104.6,4
TKT-0006052,CUST-003065,2023-03-22,Feature Request,High,62.4,2
TKT-0006053,CUST-002523,2024-06-12,Technical,Medium,39.5,5
TKT-0006054,CUST-004188,2024-09-14,Account,Low,26.9,4
TKT-0006055,CUST-002056,2024-07-17,Account,Medium,57.7,4
TKT-0006056,CUST-004596,2024-11-15,Account,Medium,88.4,4
TKT-0006057,CUST-002835,2023-01-23,Feature Request,High,110.5,4
TKT-0006058,CUST-002260,2023-06-03,Feature Request,Medium,27.6,5
TKT-0006059,CUST-002553,2023-06-26,Account,High,78.9,4
TKT-0006060,CUST-004128,2023-03-22,Billing,Medium,60.4,2
TKT-0006061,CUST-000042,2023-09-06,Technical,High,70.7,5
TKT-0006062,CUST-000320,2023-04-18,Feature Request,High,60.1,5
TKT-0006063,CUST-002376,2024-07-22,Billing,High,69.6,4
TKT-0006064,CUST-003012,2024-08-19,Bug,Low,32.9,4
TKT-0006065,CUST-002588,2024-10-25,Feature Request,Critical,91.5,3
TKT-0006066,CUST-004013,2024-02-12,Feature Request,High,85.1,1
TKT-0006067,CUST-002891,2023-02-03,Feature Request,Medium,48.9,4
TKT-0006068,CUST-004527,2023-11-17,Feature Request,Medium,52.8,5
TKT-0006069,CUST-002852,2023-02-05,Technical,Medium,35.8,2
TKT-0006070,CUST-000695,2023-07-15,Account,Low,21.9,5
TKT-0006071,CUST-004210,2023-11-16,Bug,High,57.3,4
TKT-0006072,CUST-003879,2024-01-30,Bug,Medium,52.8,5
TKT-0006073,CUST-002049,2023-04-22,Technical,High,87.8,3
TKT-0006074,CUST-003082,2024-10-11,Account,Medium,46.8,4
TKT-0006075,CUST-001882,2023-04-03,Feature Request,High,85.7,4
TKT-0006076,CUST-002477,2024-04-30,Feature Request,Medium,61.4,4
TKT-0006077,CUST-004430,2023-09-01,Feature Request,Medium,49.4,4
TKT-0006078,CUST-002994,2023-10-30,Bug,Medium,28.3,4
TKT-0006079,CUST-003190,2023-04-03,Bug,Low,24.4,4
TKT-0006080,CUST-002884,2024-05-09,Bug,Low,27.0,5
TKT-0006081,CUST-004435,2024-12-24,Feature Request,Low,24.3,5
TKT-0006082,CUST-001138,2023-09-20,Technical,Medium,36.0,5
TKT-0006083,CUST-002718,2023-04-01,Bug,Critical,127.1,3
TKT-0006084,CUST-004066,2023-10-13,Feature Request,Low,29.9,4
TKT-0006085,CUST-001190,2024-02-22,Feature Request,Critical,105.3,4
TKT-0006086,CUST-004373,2023-12-20,Feature Request,Critical,103.3,2
TKT-0006087,CUST-002164,2024-01-08,Bug,Critical,138.0,5
TKT-0006088,CUST-004563,2023-11-04,Bug,Medium,35.6,4
TKT-0006089,CUST-001661,2023-12-02,Bug,Medium,37.9,5
TKT-0006090,CUST-000611,2023-03-29,Technical,High,78.0,5
TKT-0006091,CUST-002124,2023-07-07,Billing,Medium,23.1,3
TKT-0006092,CUST-000937,2023-09-11,Technical,Low,22.3,5
TKT-0006093,CUST-003273,2023-07-31,Account,Medium,44.2,4
TKT-0006094,CUST-001361,2023-12-15,Billing,Medium,31.5,3
TKT-0006095,CUST-000718,2024-01-08,Feature Request,Medium,43.3,4
TKT-0006096,CUST-000033,2024-08-24,Technical,Medium,48.4,3
TKT-0006097,CUST-004475,2023-03-18,Billing,High,120.8,4
TKT-0006098,CUST-000779,2024-02-29,Feature Request,Critical,75.1,4
TKT-0006099,CUST-000662,2023-11-05,Bug,Low,14.7,5
TKT-0006100,CUST-001625,2024-09-26,Billing,High,83.9,3
TKT-0006101,CUST-003066,2023-03-31,Account,Low,23.1,3
TKT-0006102,CUST-000205,2023-12-24,Account,Critical,126.8,2
TKT-0006103,CUST-000215,2024-11-02,Technical,High,76.9,5
TKT-0006104,CUST-000187,2024-02-25,Billing,High,109.8,4
TKT-0006105,CUST-000629,2024-02-20,Account,Medium,59.6,3
TKT-0006106,CUST-004656,2023-07-18,Account,Medium,57.8,4
TKT-0006107,CUST-004710,2023-01-25,Bug,Low,29.9,5
TKT-0006108,CUST-003201,2024-12-07,Billing,Low,23.5,5
TKT-0006109,CUST-002603,2023-07-21,Billing,Medium,33.2,5
TKT-0006110,CUST-002953,2024-01-27,Account,Low,24.6,4
TKT-0006111,CUST-002095,2023-07-24,Feature Request,High,87.7,3
TKT-0006112,CUST-002846,2023-08-27,Technical,High,85.5,2
TKT-0006113,CUST-004724,2024-06-08,Billing,Medium,34.9,3
TKT-0006114,CUST-003583,2024-02-26,Bug,Medium,52.5,2
TKT-0006115,CUST-000624,2023-11-12,Billing,High,15.9,4
TKT-0006116,CUST-003953,2024-06-05,Technical,Medium,55.7,4
TKT-0006117,CUST-002872,2024-02-14,Technical,Low,19.5,5
TKT-0006118,CUST-003800,2023-12-07,Bug,Medium,57.5,4
TKT-0006119,CUST-001056,2023-01-20,Billing,High,64.0,4
TKT-0006120,CUST-002062,2023-02-25,Account,Low,17.2,5
TKT-0006121,CUST-001287,2024-04-02,Feature Request,Medium,43.9,4
TKT-0006122,CUST-004829,2023-10-29,Feature Request,Critical,98.5,5
TKT-0006123,CUST-003978,2023-09-26,Account,High,89.5,4
TKT-0006124,CUST-002428,2023-08-02,Bug,Low,35.7,4
TKT-0006125,CUST-004690,2023-11-30,Bug,Medium,45.5,5
TKT-0006126,CUST-003753,2023-07-03,Technical,Medium,30.3,4
TKT-0006127,CUST-001591,2023-11-21,Account,Medium,40.5,3
TKT-0006128,CUST-003150,2024-10-29,Technical,Medium,26.1,4
TKT-0006129,CUST-001048,2023-01-02,Account,Medium,46.0,4
TKT-0006130,CUST-003318,2023-03-07,Technical,Low,23.5,3
TKT-0006131,CUST-003337,2024-08-03,Account,High,87.9,4
TKT-0006132,CUST-001498,2023-03-31,Bug,High,106.3,5
TKT-0006133,CUST-003149,2024-02-28,Billing,Medium,65.0,4
TKT-0006134,CUST-003135,2024-01-10,Feature Request,Medium,61.8,4
TKT-0006135,CUST-000508,2023-08-25,Account,Low,26.4,4
TKT-0006136,CUST-004018,2024-02-12,Account,High,75.3,5
TKT-0006137,CUST-004891,2023-09-23,Bug,Medium,51.3,4
TKT-0006138,CUST-004266,2024-04-17,Technical,Medium,65.3,5
TKT-0006139,CUST-001411,2023-01-21,Billing,Medium,51.8,4
TKT-0006140,CUST-002420,2024-02-07,Account,Medium,60.0,3
TKT-0006141,CUST-002284,2024-10-28,Bug,High,50.3,4
TKT-0006142,CUST-002010,2024-03-21,Account,Low,24.3,4
TKT-0006143,CUST-002521,2024-09-20,Feature Request,Low,16.2,1
TKT-0006144,CUST-004830,2024-03-13,Billing,Medium,35.6,4
TKT-0006145,CUST-001562,2024-10-02,Billing,Medium,35.2,4
TKT-0006146,CUST-001530,2024-11-25,Account,Medium,59.1,5
TKT-0006147,CUST-002693,2024-05-06,Bug,High,77.7,5
TKT-0006148,CUST-004327,2024-05-12,Bug,Medium,34.2,2
TKT-0006149,CUST-004917,2024-06-03,Billing,Critical,136.5,4
TKT-0006150,CUST-001945,2024-10-02,Bug,Medium,57.5,4
TKT-0006151,CUST-003882,2023-04-12,Account,High,110.7,4
TKT-0006152,CUST-004528,2023-08-01,Technical,High,53.7,2
TKT-0006153,CUST-004144,2023-09-29,Feature Request,Medium,53.2,4
TKT-0006154,CUST-003094,2023-03-08,Account,Low,36.7,1
TKT-0006155,CUST-003778,2023-11-13,Feature Request,Low,29.5,3
TKT-0006156,CUST-001966,2023-12-17,Bug,Medium,55.5,5
TKT-0006157,CUST-004774,2023-06-03,Technical,High,82.3,5
TKT-0006158,CUST-003297,2023-10-08,Account,Medium,56.1,4
TKT-0006159,CUST-003380,2023-10-10,Technical,Medium,39.3,5
TKT-0006160,CUST-000193,2024-07-14,Bug,High,95.3,2
TKT-0006161,CUST-002696,2024-03-19,Feature Request,High,43.0,3
TKT-0006162,CUST-000909,2023-10-09,Bug,High,26.4,4
TKT-0006163,CUST-000306,2024-08-20,Feature Request,Medium,67.3,5
TKT-0006164,CUST-004080,2023-03-08,Account,Low,26.1,5
TKT-0006165,CUST-000156,2024-12-02,Account,Medium,38.0,5
TKT-0006166,CUST-003632,2023-11-20,Technical,Medium,53.2,3
TKT-0006167,CUST-004054,2023-08-10,Account,Low,24.1,4
TKT-0006168,CUST-000599,2023-12-21,Billing,Medium,38.7,5
TKT-0006169,CUST-000267,2023-01-26,Bug,Low,23.6,5
TKT-0006170,CUST-000395,2024-08-07,Technical,Low,22.2,5
TKT-0006171,CUST-002216,2023-01-18,Feature Request,Medium,64.0,3
TKT-0006172,CUST-000365,2024-11-15,Feature Request,High,83.1,5
TKT-0006173,CUST-000469,2023-09-29,Feature Request,Medium,59.2,5
TKT-0006174,CUST-003344,2023-07-21,Billing,Medium,52.5,3
TKT-0006175,CUST-001311,2023-12-26,Bug,Critical,119.6,3
TKT-0006176,CUST-003910,2023-03-19,Feature Request,Low,11.9,5
TKT-0006177,CUST-001938,2024-06-17,Account,Medium,19.3,5
TKT-0006178,CUST-000150,2023-10-11,Billing,Low,18.8,4
TKT-0006179,CUST-003197,2023-02-10,Bug,High,59.7,3
TKT-0006180,CUST-003559,2024-01-23,Account,Low,18.0,3
TKT-0006181,CUST-000760,2023-08-02,Technical,High,35.4,3
TKT-0006182,CUST-003379,2024-09-04,Technical,Medium,43.5,5
TKT-0006183,CUST-002301,2023-06-07,Technical,High,34.4,3
TKT-0006184,CUST-000132,2024-09-07,Technical,High,81.9,4
TKT-0006185,CUST-004602,2024-12-29,Technical,Medium,27.9,5
TKT-0006186,CUST-000079,2023-09-21,Billing,High,84.3,5
TKT-0006187,CUST-004973,2024-10-14,Technical,High,95.1,3
TKT-0006188,CUST-000554,2024-02-18,Technical,Low,28.3,5
TKT-0006189,CUST-004803,2024-01-08,Billing,High,111.0,4
TKT-0006190,CUST-001391,2023-04-11,Feature Request,Low,24.0,5
TKT-0006191,CUST-003840,2023-07-29,Billing,High,65.9,4
TKT-0006192,CUST-002108,2023-05-29,Technical,High,110.6,5
TKT-0006193,CUST-003920,2024-04-11,Feature Request,Medium,26.5,4
TKT-0006194,CUST-004306,2023-03-29,Bug,High,54.2,4
TKT-0006195,CUST-004766,2023-02-20,Billing,Critical,96.6,5
TKT-0006196,CUST-001387,2023-02-05,Technical,Low,20.7,5
TKT-0006197,CUST-002792,2023-11-03,Bug,Low,29.1,3
TKT-0006198,CUST-004924,2024-09-25,Feature Request,Medium,36.3,3
TKT-0006199,CUST-001980,2024-11-02,Billing,High,77.1,3
TKT-0006200,CUST-000127,2024-08-19,Feature Request,High,60.5,4
TKT-0006201,CUST-001397,2023-04-17,Bug,High,87.4,1
TKT-0006202,CUST-002293,2023-06-27,Bug,High,62.0,4
TKT-0006203,CUST-000861,2024-03-15,Feature Request,High,54.3,5
TKT-0006204,CUST-000717,2023-10-14,Feature Request,Medium,57.2,2
TKT-0006205,CUST-000547,2023-08-30,Bug,High,80.2,4
TKT-0006206,CUST-002623,2024-06-12,Feature Request,Medium,72.0,4
TKT-0006207,CUST-001271,2023-09-29,Feature Request,High,61.5,5
TKT-0006208,CUST-003264,2024-04-28,Account,High,76.8,4
TKT-0006209,CUST-002133,2024-12-29,Billing,Medium,24.3,5
TKT-0006210,CUST-003797,2023-01-27,Account,Low,25.2,3
TKT-0006211,CUST-003723,2024-09-16,Billing,Medium,47.3,5
TKT-0006212,CUST-001212,2024-07-28,Technical,Low,30.3,3
TKT-0006213,CUST-001354,2023-04-11,Account,Medium,48.5,4
TKT-0006214,CUST-003703,2024-08-12,Technical,Medium,49.1,3
TKT-0006215,CUST-000642,2023-06-12,Bug,Medium,46.4,4
TKT-0006216,CUST-002720,2024-10-24,Technical,Medium,52.7,3
TKT-0006217,CUST-000634,2023-01-18,Bug,Medium,30.8,4
TKT-0006218,CUST-002944,2024-01-07,Technical,High,63.2,4
TKT-0006219,CUST-004666,2023-02-19,Account,Low,16.7,3
TKT-0006220,CUST-003281,2024-09-12,Account,High,90.9,5
TKT-0006221,CUST-004590,2023-04-08,Bug,Medium,40.2,5
TKT-0006222,CUST-000864,2024-01-28,Account,Low,13.4,4
TKT-0006223,CUST-003826,2023-08-05,Account,Low,30.5,3
TKT-0006224,CUST-000711,2023-09-02,Feature Request,Low,20.2,4
TKT-0006225,CUST-004921,2024-08-03,Billing,High,33.8,5
TKT-0006226,CUST-001956,2024-11-23,Account,High,89.1,2
TKT-0006227,CUST-003940,2023-06-05,Billing,Medium,53.1,5
TKT-0006228,CUST-001382,2024-11-05,Feature Request,High,62.4,4
TKT-0006229,CUST-003686,2023-09-07,Bug,High,54.7,5
TKT-0006230,CUST-003769,2024-02-05,Bug,Low,20.7,3
TKT-0006231,CUST-004499,2023-05-11,Technical,Critical,160.4,5
TKT-0006232,CUST-003290,2023-11-22,Bug,High,77.6,3
TKT-0006233,CUST-004728,2024-08-19,Feature Request,Medium,42.5,3
TKT-0006234,CUST-001368,2023-08-14,Billing,Medium,51.2,2
TKT-0006235,CUST-003562,2023-05-18,Feature Request,Medium,66.5,4
TKT-0006236,CUST-004403,2024-07-19,Bug,Medium,37.4,3
TKT-0006237,CUST-001706,2024-03-14,Account,Low,22.5,2
TKT-0006238,CUST-003505,2024-01-05,Feature Request,High,50.9,2
TKT-0006239,CUST-003435,2024-05-16,Account,Low,12.0,4
TKT-0006240,CUST-002167,2023-05-03,Account,High,79.8,4
TKT-0006241,CUST-001396,2023-04-24,Technical,Medium,47.9,4
TKT-0006242,CUST-000050,2024-12-12,Bug,Critical,140.3,4
TKT-0006243,CUST-001799,2024-09-14,Billing,Low,24.8,4
TKT-0006244,CUST-000780,2023-06-22,Technical,Medium,61.9,5
TKT-0006245,CUST-000148,2024-12-26,Billing,Low,23.2,5
TKT-0006246,CUST-004807,2023-10-28,Feature Request,Medium,58.3,5
TKT-0006247,CUST-002621,2024-08-10,Technical,Medium,65.0,4
TKT-0006248,CUST-004665,2023-04-21,Bug,Medium,55.4,4
TKT-0006249,CUST-001799,2023-05-24,Account,Medium,49.2,4
TKT-0006250,CUST-000668,2024-06-07,Feature Request,Medium,46.1,4
TKT-0006251,CUST-004914,2023-08-05,Bug,High,77.4,4
TKT-0006252,CUST-001847,2023-01-03,Technical,Low,33.3,5
TKT-0006253,CUST-003494,2023-01-28,Account,High,69.7,2
TKT-0006254,CUST-003318,2024-03-13,Technical,High,89.9,4
TKT-0006255,CUST-003938,2023-06-27,Billing,Low,28.8,2
TKT-0006256,CUST-000548,2023-09-02,Feature Request,Low,30.5,5
TKT-0006257,CUST-003552,2024-06-28,Billing,Medium,62.8,5
TKT-0006258,CUST-001662,2023-04-26,Technical,High,72.5,5
TKT-0006259,CUST-004395,2024-06-08,Bug,Medium,55.2,4
TKT-0006260,CUST-001052,2023-08-05,Technical,Medium,24.7,5
TKT-0006261,CUST-002797,2024-11-02,Feature Request,Critical,141.8,3
TKT-0006262,CUST-004848,2024-09-29,Feature Request,Medium,42.4,5
TKT-0006263,CUST-002792,2023-06-24,Billing,Medium,62.3,2
TKT-0006264,CUST-000573,2023-10-02,Technical,High,86.0,5
TKT-0006265,CUST-001715,2024-01-08,Billing,Low,24.5,2
TKT-0006266,CUST-004243,2023-04-29,Account,Critical,154.5,4
TKT-0006267,CUST-003583,2024-02-29,Billing,Low,24.5,4
TKT-0006268,CUST-002777,2024-05-20,Bug,Medium,52.5,3
TKT-0006269,CUST-002370,2024-08-07,Account,Medium,40.9,3
TKT-0006270,CUST-002745,2023-04-02,Feature Request,Medium,50.4,5
TKT-0006271,CUST-001835,2024-05-20,Bug,Low,27.3,3
TKT-0006272,CUST-002424,2024-04-05,Bug,Low,18.6,4
TKT-0006273,CUST-003967,2024-02-14,Account,Low,26.8,5
TKT-0006274,CUST-001836,2023-05-06,Account,Medium,49.2,5
TKT-0006275,CUST-004501,2024-11-29,Feature Request,Low,32.2,3
TKT-0006276,CUST-004302,2024-08-09,Feature Request,Medium,41.6,4
TKT-0006277,CUST-003378,2024-03-23,Feature Request,Low,18.2,5
TKT-0006278,CUST-003317,2023-01-09,Billing,Low,28.3,5
TKT-0006279,CUST-003599,2024-05-18,Billing,Medium,41.3,4
TKT-0006280,CUST-001622,2024-09-27,Bug,Medium,41.5,4
TKT-0006281,CUST-000817,2023-03-29,Technical,Low,16.9,1
TKT-0006282,CUST-004907,2023-04-08,Feature Request,High,64.7,1
TKT-0006283,CUST-000790,2024-04-28,Account,Medium,53.5,5
TKT-0006284,CUST-003636,2023-05-25,Bug,Medium,60.0,3
TKT-0006285,CUST-004077,2024-09-19,Technical,High,58.4,5
TKT-0006286,CUST-000058,2023-06-02,Technical,Low,35.4,3
TKT-0006287,CUST-000530,2023-08-31,Account,Low,28.6,5
TKT-0006288,CUST-001448,2023-08-22,Bug,High,99.8,4
TKT-0006289,CUST-004790,2024-12-21,Technical,High,79.4,2
TKT-0006290,CUST-001937,2023-12-01,Account,Low,23.0,3
TKT-0006291,CUST-004824,2024-08-01,Technical,Medium,6.1,4
TKT-0006292,CUST-001364,2023-05-06,Technical,Medium,50.2,5
TKT-0006293,CUST-002152,2023-09-12,Technical,Low,10.5,5
TKT-0006294,CUST-000261,2023-08-03,Billing,High,103.1,2
TKT-0006295,CUST-004994,2024-01-06,Technical,Medium,24.3,5
TKT-0006296,CUST-002702,2023-07-31,Billing,Medium,68.5,5
TKT-0006297,CUST-002763,2023-03-26,Technical,Critical,56.7,4
TKT-0006298,CUST-000398,2024-01-18,Bug,High,81.8,5
TKT-0006299,CUST-003842,2023-09-11,Feature Request,Medium,65.8,5
TKT-0006300,CUST-001334,2023-12-27,Bug,Medium,48.4,5
TKT-0006301,CUST-000982,2024-03-18,Billing,Medium,49.7,4
TKT-0006302,CUST-000875,2023-06-21,Account,High,52.0,4
TKT-0006303,CUST-001004,2024-12-29,Billing,Critical,132.2,5
TKT-0006304,CUST-004618,2024-07-10,Account,High,78.7,2
TKT-0006305,CUST-004805,2024-04-16,Billing,Low,30.4,4
TKT-0006306,CUST-001999,2023-05-21,Bug,High,116.6,4
TKT-0006307,CUST-003535,2023-11-15,Technical,Low,20.0,5
TKT-0006308,CUST-000035,2023-12-29,Billing,Medium,48.5,4
TKT-0006309,CUST-001997,2024-12-15,Account,Low,33.4,3
TKT-0006310,CUST-000439,2024-10-10,Feature Request,Medium,25.2,3
TKT-0006311,CUST-001483,2023-01-23,Technical,Low,17.1,5
TKT-0006312,CUST-000923,2023-10-07,Feature Request,High,57.7,3
TKT-0006313,CUST-004037,2024-12-09,Technical,Medium,55.2,3
TKT-0006314,CUST-002292,2023-01-29,Bug,Low,31.6,2
TKT-0006315,CUST-003472,2024-08-11,Account,Medium,51.3,5
TKT-0006316,CUST-001150,2023-09-17,Billing,High,79.5,5
TKT-0006317,CUST-003154,2023-04-17,Technical,Medium,49.4,3
TKT-0006318,CUST-003891,2023-09-30,Account,Medium,37.0,4
TKT-0006319,CUST-003166,2024-04-02,Bug,Medium,78.3,4
TKT-0006320,CUST-000858,2024-11-12,Feature Request,Medium,48.0,3
TKT-0006321,CUST-004998,2024-05-23,Billing,High,69.5,3
TKT-0006322,CUST-000693,2023-04-03,Technical,Medium,43.4,4
TKT-0006323,CUST-000615,2024-03-15,Billing,High,69.8,2
TKT-0006324,CUST-002901,2024-07-17,Bug,High,46.7,5
TKT-0006325,CUST-001219,2023-06-19,Bug,High,77.9,4
TKT-0006326,CUST-001316,2024-06-28,Billing,High,90.7,4
TKT-0006327,CUST-000134,2024-11-13,Bug,High,85.8,4
TKT-0006328,CUST-001850,2024-09-16,Feature Request,Low,14.5,3
TKT-0006329,CUST-000860,2024-07-05,Feature Request,Low,29.4,3
TKT-0006330,CUST-000760,2023-06-27,Bug,Medium,83.8,5
TKT-0006331,CUST-001252,2023-03-21,Technical,Medium,40.0,4
TKT-0006332,CUST-003812,2024-07-03,Account,Low,12.4,3
TKT-0006333,CUST-002104,2024-10-28,Account,Medium,27.2,4
TKT-0006334,CUST-003423,2023-05-12,Feature Request,Medium,41.5,4
TKT-0006335,CUST-000485,2023-10-25,Bug,High,92.6,5
TKT-0006336,CUST-003767,2023-10-20,Feature Request,Medium,56.7,5
TKT-0006337,CUST-003713,2024-01-31,Bug,High,80.6,4
TKT-0006338,CUST-000688,2024-07-14,Billing,High,67.1,4
TKT-0006339,CUST-003897,2023-06-14,Bug,Low,27.2,3
TKT-0006340,CUST-004260,2023-04-10,Feature Request,Medium,53.6,3
TKT-0006341,CUST-002730,2024-02-14,Bug,Medium,47.4,5
TKT-0006342,CUST-004987,2023-07-19,Technical,Medium,62.7,3
TKT-0006343,CUST-001076,2024-01-20,Technical,Low,27.7,3
TKT-0006344,CUST-004398,2023-05-14,Account,Medium,44.5,4
TKT-0006345,CUST-004796,2024-09-04,Account,Low,16.8,4
TKT-0006346,CUST-004142,2024-05-14,Account,High,65.6,3
TKT-0006347,CUST-000921,2023-01-05,Bug,Medium,48.8,3
TKT-0006348,CUST-004273,2023-08-06,Account,Medium,34.8,5
TKT-0006349,CUST-004479,2024-06-19,Technical,Critical,109.9,4
TKT-0006350,CUST-003630,2024-03-17,Feature Request,High,53.9,5
TKT-0006351,CUST-002374,2024-10-19,Billing,Medium,34.6,5
TKT-0006352,CUST-003948,2023-10-19,Billing,Low,12.7,4
TKT-0006353,CUST-002493,2024-10-21,Bug,Medium,49.3,3
TKT-0006354,CUST-003961,2024-12-14,Bug,High,108.4,4
TKT-0006355,CUST-003913,2024-11-06,Technical,Medium,34.0,1
TKT-0006356,CUST-000332,2024-10-16,Billing,Medium,38.8,4
TKT-0006357,CUST-000379,2024-10-19,Billing,High,83.8,5
TKT-0006358,CUST-001215,2024-03-25,Technical,Low,23.9,4
TKT-0006359,CUST-000629,2023-08-25,Account,Low,28.6,4
TKT-0006360,CUST-003928,2023-05-25,Bug,Medium,52.3,3
TKT-0006361,CUST-003501,2023-06-16,Billing,Low,39.4,4
TKT-0006362,CUST-001845,2023-08-11,Account,Medium,55.4,4
TKT-0006363,CUST-000360,2023-05-23,Account,Low,19.0,5
TKT-0006364,CUST-001261,2023-05-22,Account,High,62.4,3
TKT-0006365,CUST-004956,2023-09-16,Billing,Medium,44.9,4
TKT-0006366,CUST-003887,2023-06-12,Bug,Medium,37.0,3
TKT-0006367,CUST-000533,2024-03-19,Feature Request,Low,19.8,4
TKT-0006368,CUST-004904,2023-07-24,Billing,Low,21.1,4
TKT-0006369,CUST-000955,2024-04-08,Billing,Medium,58.8,5
TKT-0006370,CUST-001833,2024-07-23,Bug,Low,15.4,3
TKT-0006371,CUST-002925,2023-08-08,Bug,Low,22.0,4
TKT-0006372,CUST-002339,2024-02-07,Technical,Low,21.5,1
TKT-0006373,CUST-000977,2024-06-08,Bug,Critical,116.0,5
TKT-0006374,CUST-003051,2023-03-22,Account,Low,20.0,4
TKT-0006375,CUST-001355,2023-06-12,Account,High,79.4,5
TKT-0006376,CUST-001931,2023-12-15,Account,High,49.2,4
TKT-0006377,CUST-002977,2023-09-15,Bug,Medium,27.4,4
TKT-0006378,CUST-003087,2023-04-17,Bug,Medium,56.0,5
TKT-0006379,CUST-000965,2023-10-28,Account,Low,40.7,5
TKT-0006380,CUST-000960,2023-12-17,Bug,Medium,45.8,4
TKT-0006381,CUST-003120,2023-05-20,Account,Critical,64.4,5
TKT-0006382,CUST-002993,2024-06-17,Technical,Medium,50.4,4
TKT-0006383,CUST-000936,2024-05-11,Billing,Medium,43.4,4
TKT-0006384,CUST-000238,2024-07-08,Feature Request,Medium,55.2,5
TKT-0006385,CUST-001163,2023-10-14,Bug,Medium,70.0,5
TKT-0006386,CUST-000926,2024-05-03,Bug,Medium,43.4,4
TKT-0006387,CUST-001744,2023-12-22,Technical,High,36.7,3
TKT-0006388,CUST-000954,2024-09-17,Bug,High,61.8,4
TKT-0006389,CUST-002325,2023-01-08,Bug,High,12.3,2
TKT-0006390,CUST-002092,2023-10-12,Technical,Low,16.1,4
TKT-0006391,CUST-000747,2023-09-22,Account,Low,30.8,3
TKT-0006392,CUST-002821,2024-04-21,Bug,Critical,121.9,4
TKT-0006393,CUST-003766,2023-10-17,Billing,High,73.0,4
TKT-0006394,CUST-003675,2024-12-14,Account,Medium,33.9,4
TKT-0006395,CUST-004383,2023-04-03,Billing,Critical,125.5,4
TKT-0006396,CUST-002608,2024-03-29,Account,Low,19.5,4
TKT-0006397,CUST-004167,2024-03-10,Feature Request,Critical,145.1,3
TKT-0006398,CUST-003410,2023-11-16,Bug,Low,25.1,4
TKT-0006399,CUST-002213,2023-08-08,Technical,High,62.8,3
TKT-0006400,CUST-001896,2023-10-07,Account,Medium,55.4,4
TKT-0006401,CUST-004375,2023-10-03,Bug,Medium,31.8,5
TKT-0006402,CUST-000993,2023-03-21,Bug,Low,21.8,5
TKT-0006403,CUST-000242,2023-01-04,Bug,High,88.1,5
TKT-0006404,CUST-002356,2023-12-19,Feature Request,High,108.5,5
TKT-0006405,CUST-003484,2024-04-14,Technical,Medium,53.7,4
TKT-0006406,CUST-002286,2024-08-23,Account,Low,29.7,5
TKT-0006407,CUST-002799,2023-11-03,Feature Request,Medium,59.6,4
TKT-0006408,CUST-002150,2024-11-14,Technical,Medium,18.8,2
TKT-0006409,CUST-004604,2023-02-04,Account,Medium,34.4,4
TKT-0006410,CUST-004946,2024-01-31,Billing,Low,21.0,5
TKT-0006411,CUST-003382,2024-12-08,Bug,Low,30.4,3
TKT-0006412,CUST-001929,2023-11-26,Billing,Medium,56.0,4
TKT-0006413,CUST-004900,2023-07-06,Bug,Medium,61.2,5
TKT-0006414,CUST-000526,2023-12-25,Technical,High,105.4,5
TKT-0006415,CUST-003829,2023-08-11,Bug,Medium,56.0,5
TKT-0006416,CUST-001636,2023-06-30,Feature Request,Medium,33.8,5
TKT-0006417,CUST-000121,2024-08-15,Feature Request,High,94.6,5
TKT-0006418,CUST-002691,2023-09-10,Account,Medium,34.8,3
TKT-0006419,CUST-000522,2024-10-09,Feature Request,Medium,48.7,4
TKT-0006420,CUST-002996,2023-05-12,Technical,Medium,69.4,4
TKT-0006421,CUST-003481,2023-10-02,Feature Request,Medium,39.0,5
TKT-0006422,CUST-004363,2023-11-03,Feature Request,Medium,17.1,4
TKT-0006423,CUST-002154,2023-10-03,Technical,High,73.1,5
TKT-0006424,CUST-002297,2024-11-09,Technical,Low,25.0,4
TKT-0006425,CUST-002701,2024-07-04,Account,Medium,59.3,3
TKT-0006426,CUST-004726,2023-08-26,Bug,Medium,45.7,3
TKT-0006427,CUST-004766,2023-10-12,Bug,High,34.0,5
TKT-0006428,CUST-001624,2024-01-19,Technical,Medium,38.5,5
TKT-0006429,CUST-001723,2023-05-02,Feature Request,Low,21.3,4
TKT-0006430,CUST-004388,2024-08-13,Account,Medium,66.8,5
TKT-0006431,CUST-001400,2024-08-24,Feature Request,Medium,26.8,5
TKT-0006432,CUST-002208,2024-01-13,Feature Request,High,79.4,3
TKT-0006433,CUST-002413,2023-11-23,Feature Request,Low,31.3,5
TKT-0006434,CUST-003359,2023-01-06,Feature Request,Medium,28.1,5
TKT-0006435,CUST-002020,2024-07-17,Technical,Low,1.0,2
TKT-0006436,CUST-000916,2024-10-29,Technical,Medium,41.0,3
TKT-0006437,CUST-000568,2024-12-15,Account,Low,17.4,3
TKT-0006438,CUST-002840,2024-09-10,Billing,Medium,48.1,3
TKT-0006439,CUST-002141,2024-04-05,Technical,High,74.2,4
TKT-0006440,CUST-001066,2024-05-09,Account,High,102.9,3
TKT-0006441,CUST-002796,2023-11-22,Technical,High,34.6,4
TKT-0006442,CUST-002435,2023-09-28,Account,Medium,58.0,3
TKT-0006443,CUST-000452,2024-05-20,Technical,High,67.1,3
TKT-0006444,CUST-004079,2023-05-20,Billing,Medium,51.1,5
TKT-0006445,CUST-001092,2024-07-10,Billing,Medium,13.6,4
TKT-0006446,CUST-001229,2023-05-04,Billing,Medium,29.8,3
TKT-0006447,CUST-001871,2023-11-26,Account,Low,9.2,4
TKT-0006448,CUST-003684,2024-11-15,Bug,Medium,19.2,3
TKT-0006449,CUST-000505,2024-04-06,Technical,High,59.9,2
TKT-0006450,CUST-003979,2023-01-29,Feature Request,Medium,57.2,5
TKT-0006451,CUST-000917,2024-03-14,Technical,Medium,48.2,5
TKT-0006452,CUST-001726,2024-03-09,Billing,Critical,137.0,4
TKT-0006453,CUST-000511,2023-07-02,Billing,Medium,61.0,5
TKT-0006454,CUST-000658,2023-12-21,Technical,High,102.0,3
TKT-0006455,CUST-001862,2024-12-31,Billing,High,82.8,4
TKT-0006456,CUST-000999,2023-01-01,Feature Request,Medium,47.9,4
TKT-0006457,CUST-004553,2023-04-17,Bug,Low,13.8,5
TKT-0006458,CUST-000462,2024-12-23,Technical,Critical,115.0,4
TKT-0006459,CUST-000231,2024-03-15,Account,Low,23.4,3
TKT-0006460,CUST-002208,2023-06-27,Account,Medium,64.0,2
TKT-0006461,CUST-003125,2023-07-11,Account,High,93.9,4
TKT-0006462,CUST-004913,2023-01-27,Account,Low,21.5,5
TKT-0006463,CUST-000378,2023-11-04,Bug,High,52.1,5
TKT-0006464,CUST-003251,2023-07-19,Bug,Medium,67.6,5
TKT-0006465,CUST-004876,2024-11-06,Billing,Medium,60.0,5
TKT-0006466,CUST-003959,2024-04-04,Account,Critical,142.6,4
TKT-0006467,CUST-003255,2024-03-30,Feature Request,High,35.9,5
TKT-0006468,CUST-000265,2023-05-08,Technical,Low,13.2,4
TKT-0006469,CUST-002537,2023-09-23,Bug,High,88.8,4
TKT-0006470,CUST-003129,2024-09-19,Account,Medium,67.1,4
TKT-0006471,CUST-002424,2023-10-20,Bug,Medium,54.2,3
TKT-0006472,CUST-003543,2024-07-15,Bug,Medium,29.0,1
TKT-0006473,CUST-004370,2024-05-02,Feature Request,Medium,31.4,5
TKT-0006474,CUST-003909,2023-06-18,Billing,Medium,25.9,5
TKT-0006475,CUST-003350,2023-10-16,Feature Request,High,59.7,4
TKT-0006476,CUST-001422,2024-06-14,Bug,Medium,62.0,5
TKT-0006477,CUST-001436,2023-09-14,Technical,High,80.7,4
TKT-0006478,CUST-004776,2024-08-21,Technical,Low,18.4,4
TKT-0006479,CUST-000858,2023-05-13,Account,High,58.2,5
TKT-0006480,CUST-002611,2024-03-15,Account,Medium,68.2,2
TKT-0006481,CUST-004034,2023-04-30,Feature Request,High,105.2,4
TKT-0006482,CUST-001120,2023-12-23,Account,Low,18.6,5
TKT-0006483,CUST-002766,2023-06-26,Feature Request,Low,18.3,4
TKT-0006484,CUST-002894,2024-06-15,Bug,High,77.0,1
TKT-0006485,CUST-003504,2024-12-02,Account,High,62.5,4
TKT-0006486,CUST-003349,2024-11-25,Technical,Low,22.8,4
TKT-0006487,CUST-003297,2023-09-01,Bug,Critical,76.2,4
TKT-0006488,CUST-001124,2023-01-06,Account,Medium,34.1,5
TKT-0006489,CUST-004544,2023-11-27,Account,Critical,133.4,3
TKT-0006490,CUST-002150,2024-03-11,Technical,Medium,33.4,2
TKT-0006491,CUST-000489,2024-07-16,Technical,High,58.0,5
TKT-0006492,CUST-001961,2023-05-17,Account,High,65.4,3
TKT-0006493,CUST-004850,2023-02-22,Account,Low,25.3,5
TKT-0006494,CUST-003775,2024-07-27,Technical,Low,24.0,4
TKT-0006495,CUST-003201,2023-02-18,Technical,Low,23.9,4
TKT-0006496,CUST-003223,2024-06-04,Bug,Medium,50.9,4
TKT-0006497,CUST-004320,2023-06-29,Feature Request,Medium,63.7,5
TKT-0006498,CUST-003781,2023-01-22,Feature Request,Medium,43.9,5
TKT-0006499,CUST-003960,2024-04-30,Bug,High,107.1,4
TKT-0006500,CUST-002241,2024-10-18,Bug,Medium,54.7,5
TKT-0006501,CUST-003722,2024-05-29,Feature Request,Medium,74.7,4
TKT-0006502,CUST-003309,2023-01-05,Account,Medium,19.0,4
TKT-0006503,CUST-002662,2024-08-31,Feature Request,Low,18.0,5
TKT-0006504,CUST-003469,2024-05-28,Billing,Medium,46.3,5
TKT-0006505,CUST-004842,2024-06-10,Technical,Low,4.2,5
TKT-0006506,CUST-003788,2023-07-06,Account,High,65.3,4
TKT-0006507,CUST-003932,2023-06-25,Feature Request,Low,12.6,5
TKT-0006508,CUST-004845,2023-02-06,Account,Low,25.3,5
TKT-0006509,CUST-000659,2024-08-17,Bug,Medium,54.2,3
TKT-0006510,CUST-000222,2023-05-13,Bug,High,95.0,3
TKT-0006511,CUST-001333,2023-12-31,Feature Request,High,62.8,3
TKT-0006512,CUST-004402,2023-07-01,Bug,Medium,69.3,4
TKT-0006513,CUST-003111,2024-10-03,Feature Request,Low,32.5,3
TKT-0006514,CUST-004138,2023-04-28,Technical,Critical,148.2,5
TKT-0006515,CUST-001911,2023-01-05,Billing,Medium,60.1,4
TKT-0006516,CUST-002812,2024-10-24,Bug,Low,24.5,4
TKT-0006517,CUST-001051,2024-12-21,Feature Request,Medium,39.5,5
TKT-0006518,CUST-002652,2024-08-30,Feature Request,Low,25.0,3
TKT-0006519,CUST-001024,2023-10-08,Billing,Medium,53.8,5
TKT-0006520,CUST-004022,2023-05-28,Account,Low,19.3,4
TKT-0006521,CUST-001195,2023-07-20,Technical,Low,16.3,4
TKT-0006522,CUST-001396,2024-10-12,Bug,High,100.7,4
TKT-0006523,CUST-000585,2023-12-20,Account,Low,24.4,5
TKT-0006524,CUST-000122,2024-11-26,Account,Medium,7.8,5
TKT-0006525,CUST-003602,2023-09-23,Feature Request,Low,29.8,4
TKT-0006526,CUST-003014,2024-05-17,Bug,Medium,45.5,5
TKT-0006527,CUST-000757,2024-08-01,Account,High,67.2,4
TKT-0006528,CUST-001768,2023-03-25,Bug,High,59.0,4
TKT-0006529,CUST-003227,2023-08-05,Billing,Low,18.2,4
TKT-0006530,CUST-000114,2023-02-20,Feature Request,Low,18.4,5
TKT-0006531,CUST-003039,2023-06-10,Account,High,87.0,3
TKT-0006532,CUST-004825,2024-05-16,Billing,Medium,35.0,4
TKT-0006533,CUST-000143,2024-08-17,Bug,Low,31.8,4
TKT-0006534,CUST-001718,2023-05-14,Account,Medium,37.5,5
TKT-0006535,CUST-000457,2024-08-24,Account,Low,9.9,5
TKT-0006536,CUST-000883,2024-08-17,Billing,Low,31.9,1
TKT-0006537,CUST-001404,2023-01-12,Bug,High,31.9,4
TKT-0006538,CUST-003758,2023-06-21,Technical,High,59.5,5
TKT-0006539,CUST-002247,2023-11-19,Bug,Low,25.3,5
TKT-0006540,CUST-003874,2023-03-30,Account,High,37.3,4
TKT-0006541,CUST-003954,2023-01-24,Bug,Medium,24.8,4
TKT-0006542,CUST-001041,2023-01-16,Bug,Medium,45.1,3
TKT-0006543,CUST-000036,2024-11-19,Bug,High,66.6,5
TKT-0006544,CUST-004709,2023-06-21,Bug,Low,17.0,4
TKT-0006545,CUST-000442,2023-06-23,Technical,Medium,41.2,4
TKT-0006546,CUST-001260,2024-05-05,Account,High,85.7,4
TKT-0006547,CUST-000822,2024-09-04,Billing,Medium,44.2,3
TKT-0006548,CUST-004226,2024-07-28,Technical,Low,15.2,5
TKT-0006549,CUST-000427,2023-05-20,Billing,Medium,3.2,4
TKT-0006550,CUST-002467,2024-01-05,Feature Request,High,89.5,4
TKT-0006551,CUST-004235,2024-04-19,Bug,High,88.6,5
TKT-0006552,CUST-004833,2024-08-08,Account,Low,27.6,4
TKT-0006553,CUST-000539,2024-08-07,Technical,Low,25.8,3
TKT-0006554,CUST-000810,2024-06-08,Bug,High,44.8,4
TKT-0006555,CUST-002159,2024-06-22,Technical,Medium,26.9,3
TKT-0006556,CUST-002485,2023-09-11,Bug,High,88.8,4
TKT-0006557,CUST-004933,2023-12-07,Billing,Medium,62.3,4
TKT-0006558,CUST-004977,2024-09-19,Bug,Low,14.9,4
TKT-0006559,CUST-004709,2024-12-08,Feature Request,Low,20.9,5
TKT-0006560,CUST-001463,2024-11-14,Technical,Low,17.1,5
TKT-0006561,CUST-000608,2023-09-14,Feature Request,High,81.0,4
TKT-0006562,CUST-001585,2023-08-05,Feature Request,Low,13.6,4
TKT-0006563,CUST-003571,2023-06-22,Account,Low,21.0,4
TKT-0006564,CUST-001302,2024-03-17,Bug,Medium,58.5,4
TKT-0006565,CUST-003862,2023-02-04,Bug,Low,17.0,5
TKT-0006566,CUST-002771,2023-08-26,Technical,Critical,79.1,3
TKT-0006567,CUST-001813,2023-07-02,Technical,Medium,44.6,3
TKT-0006568,CUST-002591,2023-06-24,Billing,Medium,52.2,4
TKT-0006569,CUST-002055,2023-11-03,Account,Medium,34.8,4
TKT-0006570,CUST-002588,2023-02-20,Feature Request,High,94.6,4
TKT-0006571,CUST-003057,2024-07-18,Account,High,79.2,3
TKT-0006572,CUST-004593,2023-01-05,Billing,High,91.9,4
TKT-0006573,CUST-000377,2024-10-26,Bug,Low,25.0,4
TKT-0006574,CUST-003268,2024-04-24,Billing,Critical,107.0,4
TKT-0006575,CUST-001147,2024-04-29,Feature Request,Low,24.0,2
TKT-0006576,CUST-004339,2024-10-19,Feature Request,Medium,46.3,5
TKT-0006577,CUST-001975,2023-02-02,Account,Medium,29.7,5
TKT-0006578,CUST-001606,2023-01-13,Bug,Medium,49.0,4
TKT-0006579,CUST-002477,2023-08-27,Account,High,54.1,4
TKT-0006580,CUST-001454,2024-05-07,Technical,Low,13.3,3
TKT-0006581,CUST-004336,2024-06-30,Technical,Medium,46.0,4
TKT-0006582,CUST-002080,2023-04-17,Billing,Critical,110.1,5
TKT-0006583,CUST-000919,2024-05-17,Account,High,89.5,4
TKT-0006584,CUST-001631,2023-04-19,Bug,Low,21.8,5
TKT-0006585,CUST-001537,2023-12-22,Feature Request,High,90.2,5
TKT-0006586,CUST-000335,2023-02-20,Bug,High,81.7,2
TKT-0006587,CUST-001038,2024-01-24,Technical,Medium,51.2,4
TKT-0006588,CUST-001808,2024-07-09,Account,Low,23.4,4
TKT-0006589,CUST-002495,2023-12-02,Feature Request,Low,14.5,3
TKT-0006590,CUST-002522,2023-06-01,Technical,Low,24.3,4
TKT-0006591,CUST-001177,2023-10-28,Account,Medium,73.6,5
TKT-0006592,CUST-001743,2024-01-26,Feature Request,Medium,49.6,5
TKT-0006593,CUST-002100,2023-01-14,Account,Low,29.0,5
TKT-0006594,CUST-003111,2024-06-02,Account,Medium,14.6,3
TKT-0006595,CUST-003287,2024-06-06,Bug,Medium,31.2,5
TKT-0006596,CUST-004599,2024-07-29,Technical,Low,34.0,5
TKT-0006597,CUST-002538,2024-08-22,Account,Low,24.2,3
TKT-0006598,CUST-003661,2024-01-14,Bug,Low,25.3,5
TKT-0006599,CUST-002393,2024-08-12,Account,Medium,74.4,4
TKT-0006600,CUST-002913,2023-06-15,Technical,Low,21.8,5
TKT-0006601,CUST-001725,2024-11-21,Account,Medium,32.7,4
TKT-0006602,CUST-004505,2023-02-21,Technical,Medium,52.8,5
TKT-0006603,CUST-003232,2024-07-08,Feature Request,Low,31.5,5
TKT-0006604,CUST-002167,2023-12-01,Billing,Low,28.7,3
TKT-0006605,CUST-004404,2023-04-30,Technical,Medium,43.8,5
TKT-0006606,CUST-003790,2024-01-02,Feature Request,Medium,34.2,4
TKT-0006607,CUST-004699,2023-03-28,Bug,Low,26.2,4
TKT-0006608,CUST-000159,2023-07-11,Bug,High,74.3,4
TKT-0006609,CUST-000995,2023-05-24,Account,Medium,76.8,3
TKT-0006610,CUST-001033,2024-10-23,Account,Medium,55.2,5
TKT-0006611,CUST-003120,2024-06-06,Technical,Low,24.9,3
TKT-0006612,CUST-001125,2024-03-02,Bug,Medium,30.5,5
TKT-0006613,CUST-001189,2024-01-28,Account,Low,8.7,5
TKT-0006614,CUST-003663,2023-02-16,Account,High,77.5,5
TKT-0006615,CUST-001863,2023-01-23,Technical,Medium,62.3,5
TKT-0006616,CUST-004589,2024-08-09,Bug,Medium,34.5,4
TKT-0006617,CUST-003682,2024-08-20,Technical,Low,22.5,5
TKT-0006618,CUST-000978,2024-09-30,Technical,Low,32.7,5
TKT-0006619,CUST-003875,2024-04-12,Billing,High,85.5,4
TKT-0006620,CUST-003247,2024-12-07,Technical,Medium,50.6,4
TKT-0006621,CUST-000523,2023-10-24,Billing,Low,23.2,3
TKT-0006622,CUST-003248,2024-08-14,Technical,Low,28.4,5
TKT-0006623,CUST-003691,2023-10-15,Bug,Medium,50.5,5
TKT-0006624,CUST-003086,2023-04-23,Feature Request,Medium,72.2,4
TKT-0006625,CUST-002684,2023-04-16,Feature Request,Low,28.7,1
TKT-0006626,CUST-000336,2024-03-28,Feature Request,Medium,55.6,2
TKT-0006627,CUST-004548,2023-04-23,Bug,Low,21.5,3
TKT-0006628,CUST-002046,2024-01-18,Feature Request,Low,24.7,4
TKT-0006629,CUST-000763,2024-08-19,Technical,Medium,53.9,2
TKT-0006630,CUST-000962,2023-03-05,Billing,Critical,173.6,3
TKT-0006631,CUST-004853,2023-08-29,Technical,High,68.0,4
TKT-0006632,CUST-004371,2024-02-20,Account,High,76.3,4
TKT-0006633,CUST-002356,2023-10-30,Feature Request,High,19.9,4
TKT-0006634,CUST-002617,2024-05-27,Feature Request,Low,10.4,4
TKT-0006635,CUST-001163,2024-05-15,Bug,Low,17.4,4
TKT-0006636,CUST-000660,2023-09-12,Billing,Low,32.1,2
TKT-0006637,CUST-004958,2024-04-27,Technical,Medium,51.5,4
TKT-0006638,CUST-004361,2023-05-09,Bug,Low,25.7,5
TKT-0006639,CUST-001991,2024-12-14,Technical,Low,26.8,5
TKT-0006640,CUST-000785,2023-12-19,Account,Medium,80.4,2
TKT-0006641,CUST-004887,2024-09-20,Account,Medium,42.7,5
TKT-0006642,CUST-003816,2024-11-20,Account,Low,26.8,4
TKT-0006643,CUST-002698,2024-11-09,Bug,High,82.5,4
TKT-0006644,CUST-000150,2023-01-22,Feature Request,High,63.6,4
TKT-0006645,CUST-004695,2023-04-19,Technical,Low,36.5,5
TKT-0006646,CUST-003105,2023-05-30,Billing,Medium,29.5,5
TKT-0006647,CUST-004490,2023-11-20,Feature Request,Low,29.1,4
TKT-0006648,CUST-004903,2024-09-08,Bug,Medium,74.1,4
TKT-0006649,CUST-000795,2024-08-12,Feature Request,Medium,43.8,5
TKT-0006650,CUST-003001,2024-03-12,Bug,High,51.7,5
TKT-0006651,CUST-004888,2024-06-02,Bug,High,102.6,5
TKT-0006652,CUST-003249,2023-10-13,Account,Medium,37.4,5
TKT-0006653,CUST-003548,2024-06-17,Bug,Low,37.5,4
TKT-0006654,CUST-004664,2024-12-07,Bug,Critical,124.2,4
TKT-0006655,CUST-002118,2023-07-28,Billing,High,62.1,4
TKT-0006656,CUST-004160,2023-10-03,Account,Medium,48.6,3
TKT-0006657,CUST-004255,2023-08-23,Bug,Medium,32.0,4
TKT-0006658,CUST-000243,2024-12-16,Technical,Medium,47.9,5
TKT-0006659,CUST-000338,2023-05-19,Technical,Medium,52.9,4
TKT-0006660,CUST-001273,2024-07-31,Feature Request,Low,31.6,5
TKT-0006661,CUST-000707,2024-12-02,Technical,Medium,67.3,4
TKT-0006662,CUST-002424,2024-12-05,Feature Request,High,105.5,5
TKT-0006663,CUST-002854,2024-03-28,Bug,Low,11.8,4
TKT-0006664,CUST-002055,2024-07-07,Billing,Medium,42.5,4
TKT-0006665,CUST-000798,2024-11-07,Technical,Low,23.5,3
TKT-0006666,CUST-002945,2024-03-12,Bug,Medium,28.4,4
TKT-0006667,CUST-000688,2024-10-05,Account,High,27.9,3
TKT-0006668,CUST-002242,2024-05-17,Account,Medium,76.1,4
TKT-0006669,CUST-000725,2023-03-18,Feature Request,Low,31.8,2
TKT-0006670,CUST-004820,2023-12-10,Billing,Medium,73.2,3
TKT-0006671,CUST-002007,2023-11-16,Billing,Medium,35.5,5
TKT-0006672,CUST-003847,2024-11-03,Bug,Medium,42.1,5
TKT-0006673,CUST-004539,2023-07-08,Feature Request,Medium,37.1,3
TKT-0006674,CUST-003679,2024-08-03,Bug,High,52.8,3
TKT-0006675,CUST-002187,2024-12-07,Feature Request,Medium,54.3,5
TKT-0006676,CUST-003521,2023-12-14,Technical,Medium,51.3,4
TKT-0006677,CUST-001997,2024-11-20,Billing,Low,21.3,5
TKT-0006678,CUST-000100,2024-09-27,Feature Request,Medium,34.2,3
TKT-0006679,CUST-001190,2024-09-01,Technical,High,46.0,3
TKT-0006680,CUST-003840,2023-11-28,Billing,Low,18.3,4
TKT-0006681,CUST-002363,2024-05-11,Bug,Low,21.0,2
TKT-0006682,CUST-004555,2023-03-25,Bug,Medium,50.9,5
TKT-0006683,CUST-004921,2024-08-18,Technical,Low,28.3,5
TKT-0006684,CUST-004316,2023-11-06,Bug,High,106.6,2
TKT-0006685,CUST-003540,2024-03-25,Technical,Medium,17.8,5
TKT-0006686,CUST-001665,2024-11-18,Account,High,143.4,5
TKT-0006687,CUST-003432,2024-11-01,Bug,Medium,64.2,4
TKT-0006688,CUST-004565,2024-05-23,Feature Request,Medium,50.6,4
TKT-0006689,CUST-001547,2023-02-22,Technical,Medium,77.6,5
TKT-0006690,CUST-000315,2023-02-15,Feature Request,Medium,46.0,5
TKT-0006691,CUST-000460,2024-04-23,Feature Request,Medium,49.2,3
TKT-0006692,CUST-003791,2023-04-01,Bug,Low,18.2,4
TKT-0006693,CUST-000606,2024-09-06,Bug,Low,26.7,5
TKT-0006694,CUST-001529,2023-03-27,Technical,Low,24.1,4
TKT-0006695,CUST-004565,2024-10-21,Account,Low,24.3,4
TKT-0006696,CUST-003239,2024-12-22,Bug,Low,30.2,5
TKT-0006697,CUST-001839,2023-02-18,Billing,High,70.6,5
TKT-0006698,CUST-002531,2023-08-26,Technical,Low,25.7,2
TKT-0006699,CUST-000877,2024-01-11,Billing,Low,10.6,3
TKT-0006700,CUST-000154,2023-07-13,Feature Request,Low,27.5,4
TKT-0006701,CUST-003769,2023-08-13,Feature Request,Medium,73.6,5
TKT-0006702,CUST-000467,2024-02-16,Bug,Low,33.3,4
TKT-0006703,CUST-003847,2023-08-17,Bug,High,53.4,3
TKT-0006704,CUST-003596,2023-12-24,Billing,Low,27.3,5
TKT-0006705,CUST-003870,2024-10-01,Billing,High,58.2,4
TKT-0006706,CUST-002093,2023-06-02,Account,High,22.3,4
TKT-0006707,CUST-003085,2023-04-28,Technical,Medium,57.6,5
TKT-0006708,CUST-002790,2024-10-02,Bug,Medium,66.6,4
TKT-0006709,CUST-002743,2024-04-26,Bug,Low,9.5,3
TKT-0006710,CUST-003161,2023-07-03,Bug,Low,14.8,3
TKT-0006711,CUST-001042,2023-07-26,Feature Request,Medium,51.4,3
TKT-0006712,CUST-000572,2023-09-30,Technical,High,105.1,4
TKT-0006713,CUST-003968,2023-01-12,Bug,Low,19.9,4
TKT-0006714,CUST-001943,2023-12-13,Bug,Medium,54.2,5
TKT-0006715,CUST-001667,2024-10-08,Bug,Medium,42.1,5
TKT-0006716,CUST-001073,2023-03-30,Billing,Medium,57.6,4
TKT-0006717,CUST-001021,2024-01-17,Billing,High,75.1,5
TKT-0006718,CUST-001626,2023-11-25,Account,Medium,24.7,4
TKT-0006719,CUST-002092,2024-06-29,Account,Medium,20.8,4
TKT-0006720,CUST-004596,2024-07-10,Account,Medium,41.1,5
TKT-0006721,CUST-004506,2024-10-23,Account,High,46.7,5
TKT-0006722,CUST-002025,2024-03-20,Bug,Low,17.5,4
TKT-0006723,CUST-000764,2024-03-06,Feature Request,Medium,73.8,3
TKT-0006724,CUST-003571,2023-09-11,Bug,High,50.1,4
TKT-0006725,CUST-004181,2023-04-23,Technical,Medium,18.0,4
TKT-0006726,CUST-004141,2024-11-05,Billing,Medium,21.5,4
TKT-0006727,CUST-000886,2024-10-26,Account,High,38.4,4
TKT-0006728,CUST-001233,2023-10-06,Feature Request,Medium,44.7,2
TKT-0006729,CUST-002730,2024-11-13,Technical,High,106.5,4
TKT-0006730,CUST-003595,2023-08-15,Bug,High,68.5,4
TKT-0006731,CUST-001105,2024-07-08,Bug,High,41.9,5
TKT-0006732,CUST-001744,2024-04-22,Technical,High,81.2,4
TKT-0006733,CUST-004599,2023-02-27,Bug,High,82.1,1
TKT-0006734,CUST-002085,2024-01-20,Feature Request,Medium,44.4,4
TKT-0006735,CUST-001137,2023-04-23,Bug,Medium,75.2,3
TKT-0006736,CUST-000979,2023-03-07,Feature Request,High,25.8,4
TKT-0006737,CUST-000404,2023-12-18,Bug,Low,22.2,4
TKT-0006738,CUST-000486,2023-11-08,Bug,Low,10.4,3
TKT-0006739,CUST-003062,2023-05-30,Account,Critical,136.6,4
TKT-0006740,CUST-003853,2023-04-29,Account,Medium,54.3,4
TKT-0006741,CUST-002958,2023-04-26,Account,Medium,24.0,4
TKT-0006742,CUST-002062,2024-12-14,Account,Low,33.4,5
TKT-0006743,CUST-004598,2024-06-18,Billing,Medium,46.9,4
TKT-0006744,CUST-004938,2024-05-27,Billing,High,63.8,2
TKT-0006745,CUST-004156,2024-09-27,Bug,Critical,118.1,3
TKT-0006746,CUST-001098,2023-12-13,Billing,Medium,46.5,4
TKT-0006747,CUST-001384,2024-09-18,Technical,High,62.6,3
TKT-0006748,CUST-000414,2023-09-20,Bug,Medium,14.4,4
TKT-0006749,CUST-001710,2024-09-03,Account,High,76.5,4
TKT-0006750,CUST-002321,2024-12-27,Bug,Low,32.8,4
TKT-0006751,CUST-001130,2023-04-28,Bug,Medium,55.3,5
TKT-0006752,CUST-002958,2024-09-30,Account,High,53.3,3
TKT-0006753,CUST-002802,2023-06-01,Feature Request,Medium,62.5,1
TKT-0006754,CUST-001443,2024-12-28,Feature Request,Medium,58.2,5
TKT-0006755,CUST-004970,2024-01-31,Billing,Medium,21.0,3
TKT-0006756,CUST-002523,2023-11-30,Account,Low,20.9,5
TKT-0006757,CUST-004409,2024-11-18,Technical,Low,22.6,3
TKT-0006758,CUST-004856,2024-08-17,Feature Request,Low,35.4,2
TKT-0006759,CUST-003702,2023-12-10,Billing,Medium,71.7,2
TKT-0006760,CUST-003097,2023-05-01,Billing,High,86.6,4
TKT-0006761,CUST-001680,2024-05-02,Feature Request,Low,18.1,5
TKT-0006762,CUST-000766,2023-07-30,Account,Medium,43.3,5
TKT-0006763,CUST-003250,2023-08-27,Feature Request,Low,36.7,5
TKT-0006764,CUST-003443,2024-02-08,Feature Request,Low,19.7,4
TKT-0006765,CUST-001151,2024-10-31,Bug,Medium,18.7,3
TKT-0006766,CUST-002922,2024-02-04,Billing,High,42.3,4
TKT-0006767,CUST-003445,2024-03-09,Technical,High,63.1,5
TKT-0006768,CUST-000871,2023-11-09,Feature Request,Medium,50.3,5
TKT-0006769,CUST-000271,2024-07-15,Technical,High,94.4,5
TKT-0006770,CUST-003198,2023-05-03,Billing,Low,25.1,5
TKT-0006771,CUST-000589,2023-10-13,Billing,Low,28.6,5
TKT-0006772,CUST-002798,2023-08-17,Billing,Low,32.0,5
TKT-0006773,CUST-003781,2023-04-01,Feature Request,Medium,47.5,5
TKT-0006774,CUST-003330,2023-08-12,Account,Medium,37.3,5
TKT-0006775,CUST-003236,2024-04-06,Account,High,90.8,5
TKT-0006776,CUST-002267,2023-09-28,Bug,Medium,63.8,5
TKT-0006777,CUST-003099,2023-01-24,Technical,Medium,66.3,5
TKT-0006778,CUST-001349,2023-01-01,Bug,Low,32.9,4
TKT-0006779,CUST-000645,2024-12-17,Account,High,84.4,4
TKT-0006780,CUST-000077,2023-04-06,Account,Medium,60.4,4
TKT-0006781,CUST-004625,2024-08-03,Account,Medium,39.2,4
TKT-0006782,CUST-000877,2024-07-13,Billing,Medium,37.7,5
TKT-0006783,CUST-003489,2023-03-01,Technical,Medium,40.8,4
TKT-0006784,CUST-001319,2023-04-30,Bug,High,51.3,5
TKT-0006785,CUST-004296,2023-04-21,Account,Medium,70.0,4
TKT-0006786,CUST-003780,2023-01-05,Feature Request,Low,30.4,4
TKT-0006787,CUST-004328,2024-02-24,Billing,High,65.4,4
TKT-0006788,CUST-003908,2023-09-11,Account,Medium,25.6,4
TKT-0006789,CUST-003903,2024-07-22,Bug,Medium,33.8,4
TKT-0006790,CUST-001524,2023-06-18,Bug,Low,14.6,5
TKT-0006791,CUST-001729,2023-07-05,Bug,Medium,61.3,5
TKT-0006792,CUST-003523,2023-10-08,Feature Request,Medium,46.3,4
TKT-0006793,CUST-001638,2023-10-05,Feature Request,Medium,36.7,4
TKT-0006794,CUST-004437,2023-08-29,Bug,Medium,43.7,4
TKT-0006795,CUST-000283,2023-06-12,Feature Request,Low,40.1,5
TKT-0006796,CUST-001115,2024-01-29,Technical,Medium,38.8,4
TKT-0006797,CUST-004995,2023-12-22,Account,Medium,44.2,4
TKT-0006798,CUST-004046,2023-09-29,Account,Medium,42.0,4
TKT-0006799,CUST-004894,2024-08-05,Feature Request,Low,18.2,5
TKT-0006800,CUST-004090,2023-11-18,Billing,Low,17.2,5
TKT-0006801,CUST-001096,2023-03-24,Feature Request,Critical,113.4,5
TKT-0006802,CUST-003913,2024-11-13,Feature Request,Medium,42.5,4
TKT-0006803,CUST-004186,2024-06-10,Feature Request,Low,18.9,4
TKT-0006804,CUST-004561,2024-09-14,Account,Medium,27.2,4
TKT-0006805,CUST-001285,2024-10-02,Billing,Medium,20.7,3
TKT-0006806,CUST-000363,2024-11-03,Feature Request,Medium,67.0,3
TKT-0006807,CUST-004437,2024-05-28,Bug,Low,35.3,5
TKT-0006808,CUST-004201,2023-05-04,Technical,Medium,59.9,4
TKT-0006809,CUST-003575,2024-10-19,Feature Request,High,58.1,4
TKT-0006810,CUST-002279,2024-08-16,Feature Request,Medium,49.9,3
TKT-0006811,CUST-002708,2024-05-13,Feature Request,Medium,56.2,1
TKT-0006812,CUST-003663,2024-05-27,Feature Request,High,57.5,4
TKT-0006813,CUST-002080,2024-10-31,Technical,Medium,40.8,4
TKT-0006814,CUST-002788,2024-11-10,Account,Medium,24.2,4
TKT-0006815,CUST-002360,2023-12-05,Account,Medium,43.9,4
TKT-0006816,CUST-002553,2023-11-30,Billing,Medium,41.8,3
TKT-0006817,CUST-003163,2023-03-08,Bug,High,67.8,4
TKT-0006818,CUST-000521,2024-04-05,Feature Request,Medium,50.5,5
TKT-0006819,CUST-003664,2024-09-04,Technical,Critical,172.1,5
TKT-0006820,CUST-004458,2023-04-26,Account,Low,31.9,4
TKT-0006821,CUST-001690,2023-12-21,Billing,Medium,45.9,4
TKT-0006822,CUST-004276,2023-10-19,Technical,Medium,40.6,1
TKT-0006823,CUST-003762,2023-09-02,Feature Request,Low,16.7,5
TKT-0006824,CUST-004724,2024-02-15,Technical,Low,22.4,5
TKT-0006825,CUST-002583,2024-08-16,Billing,Medium,39.6,5
TKT-0006826,CUST-003970,2024-07-25,Feature Request,Critical,101.4,5
TKT-0006827,CUST-000031,2023-02-11,Account,High,41.3,5
TKT-0006828,CUST-003389,2024-10-18,Account,Medium,23.0,5
TKT-0006829,CUST-002509,2023-08-07,Account,Low,17.0,4
TKT-0006830,CUST-002285,2023-10-04,Account,Low,26.7,5
TKT-0006831,CUST-002406,2024-01-11,Technical,Medium,29.2,3
TKT-0006832,CUST-001381,2024-09-08,Bug,Medium,57.7,4
TKT-0006833,CUST-003262,2024-12-31,Account,Medium,31.4,4
TKT-0006834,CUST-000228,2023-09-20,Technical,Medium,59.1,5
TKT-0006835,CUST-004109,2024-06-30,Feature Request,Medium,40.0,5
TKT-0006836,CUST-002324,2024-08-31,Feature Request,High,98.1,3
TKT-0006837,CUST-003849,2023-07-29,Bug,Medium,56.3,5
TKT-0006838,CUST-004710,2023-01-30,Billing,Low,24.6,4
TKT-0006839,CUST-002991,2023-10-18,Technical,Medium,50.5,3
TKT-0006840,CUST-002600,2024-09-23,Bug,High,77.0,3
TKT-0006841,CUST-002880,2023-10-07,Technical,Medium,30.2,4
TKT-0006842,CUST-004761,2023-02-20,Bug,High,63.3,5
TKT-0006843,CUST-004367,2024-06-21,Bug,High,79.2,4
TKT-0006844,CUST-002471,2023-02-17,Billing,Low,27.6,4
TKT-0006845,CUST-003468,2024-09-14,Account,Medium,43.1,4
TKT-0006846,CUST-001654,2023-03-13,Account,Medium,85.5,3
TKT-0006847,CUST-000878,2023-02-04,Billing,Medium,84.6,4
TKT-0006848,CUST-001991,2023-01-06,Feature Request,Low,29.0,4
TKT-0006849,CUST-002520,2024-03-02,Bug,Low,31.1,4
TKT-0006850,CUST-003892,2024-08-23,Billing,Medium,69.0,3
TKT-0006851,CUST-002215,2023-11-30,Account,High,72.3,1
TKT-0006852,CUST-000223,2024-02-15,Technical,Low,28.7,2
TKT-0006853,CUST-001253,2024-09-19,Account,Low,19.8,4
TKT-0006854,CUST-002721,2024-07-07,Technical,Low,26.2,5
TKT-0006855,CUST-004897,2023-04-06,Account,Low,18.8,3
TKT-0006856,CUST-001894,2024-09-09,Bug,Medium,53.8,1
TKT-0006857,CUST-003259,2024-07-02,Technical,Medium,39.2,4
TKT-0006858,CUST-004374,2024-12-19,Account,High,113.1,4
TKT-0006859,CUST-000850,2023-08-10,Bug,Low,18.5,4
TKT-0006860,CUST-001163,2023-07-12,Billing,Low,31.8,4
TKT-0006861,CUST-003674,2023-07-15,Technical,High,39.5,4
TKT-0006862,CUST-000458,2023-03-29,Account,Medium,36.7,4
TKT-0006863,CUST-003686,2024-02-12,Technical,Medium,46.9,5
TKT-0006864,CUST-000908,2024-04-26,Feature Request,High,67.0,5
TKT-0006865,CUST-003808,2024-08-26,Technical,Low,38.2,4
TKT-0006866,CUST-002855,2023-06-22,Bug,Medium,47.6,4
TKT-0006867,CUST-002401,2024-02-03,Account,Medium,22.0,5
TKT-0006868,CUST-002381,2024-01-30,Account,Medium,38.7,3
TKT-0006869,CUST-001652,2023-10-22,Technical,Low,16.1,4
TKT-0006870,CUST-001205,2023-01-18,Account,Medium,40.6,5
TKT-0006871,CUST-004815,2024-12-17,Billing,Medium,44.4,2
TKT-0006872,CUST-003921,2023-09-01,Technical,High,96.1,3
TKT-0006873,CUST-001655,2024-12-25,Feature Request,Medium,76.8,4
TKT-0006874,CUST-004717,2023-02-19,Feature Request,High,77.8,3
TKT-0006875,CUST-004569,2024-04-02,Account,Medium,50.0,4
TKT-0006876,CUST-004608,2023-12-22,Technical,Low,26.3,4
TKT-0006877,CUST-004260,2023-01-03,Feature Request,High,92.5,2
TKT-0006878,CUST-004522,2023-12-11,Billing,Low,34.2,5
TKT-0006879,CUST-002040,2024-07-31,Bug,Critical,150.3,4
TKT-0006880,CUST-000522,2024-08-11,Bug,Medium,52.9,4
TKT-0006881,CUST-001935,2024-08-03,Feature Request,Medium,63.4,4
TKT-0006882,CUST-002695,2023-01-28,Technical,Medium,52.7,5
TKT-0006883,CUST-003601,2024-11-02,Feature Request,High,74.6,4
TKT-0006884,CUST-000847,2024-03-16,Bug,Low,29.3,4
TKT-0006885,CUST-004548,2023-10-12,Account,Medium,56.3,1
TKT-0006886,CUST-003237,2023-01-22,Feature Request,Low,14.8,3
TKT-0006887,CUST-002186,2024-06-12,Account,Medium,44.0,1
TKT-0006888,CUST-004051,2023-04-29,Feature Request,Low,19.9,3
TKT-0006889,CUST-000552,2023-03-03,Account,Medium,52.5,4
TKT-0006890,CUST-000979,2024-01-20,Technical,Low,31.3,4
TKT-0006891,CUST-004682,2024-04-03,Billing,Medium,63.8,4
TKT-0006892,CUST-000712,2023-04-23,Technical,Medium,39.7,5
TKT-0006893,CUST-002006,2023-02-28,Technical,High,42.6,4
TKT-0006894,CUST-001831,2024-08-12,Feature Request,Medium,98.5,4
TKT-0006895,CUST-004216,2023-04-18,Feature Request,Medium,45.2,4
TKT-0006896,CUST-000967,2024-03-28,Technical,High,60.9,4
TKT-0006897,CUST-002852,2024-09-30,Technical,High,82.1,3
TKT-0006898,CUST-003789,2024-01-20,Account,Medium,38.3,4
TKT-0006899,CUST-003800,2024-01-14,Feature Request,High,99.0,5
TKT-0006900,CUST-003534,2023-04-11,Bug,Medium,38.4,4
TKT-0006901,CUST-004761,2023-01-19,Bug,High,41.4,3
TKT-0006902,CUST-000141,2023-11-30,Account,Low,14.7,5
TKT-0006903,CUST-000938,2024-09-11,Account,Medium,40.0,3
TKT-0006904,CUST-002883,2023-06-16,Feature Request,Critical,99.5,4
TKT-0006905,CUST-002074,2023-01-27,Bug,Medium,44.9,1
TKT-0006906,CUST-003980,2024-07-07,Technical,Low,21.1,4
TKT-0006907,CUST-001098,2024-01-27,Account,Medium,52.5,1
TKT-0006908,CUST-004071,2023-12-03,Bug,Medium,60.0,4
TKT-0006909,CUST-003445,2023-08-09,Bug,Medium,41.5,5
TKT-0006910,CUST-003967,2024-05-25,Account,Low,34.4,4
TKT-0006911,CUST-001009,2023-10-24,Bug,High,106.8,4
TKT-0006912,CUST-004989,2024-08-16,Feature Request,Medium,71.7,5
TKT-0006913,CUST-000207,2023-10-06,Account,High,27.4,5
TKT-0006914,CUST-001712,2023-12-29,Bug,Low,28.9,4
TKT-0006915,CUST-003473,2024-12-08,Bug,Medium,53.5,4
TKT-0006916,CUST-002083,2024-01-01,Feature Request,Low,19.9,4
TKT-0006917,CUST-002726,2024-12-30,Technical,Medium,58.2,3
TKT-0006918,CUST-000707,2024-06-29,Bug,Low,20.2,5
TKT-0006919,CUST-001676,2023-07-20,Feature Request,Low,20.9,5
TKT-0006920,CUST-001979,2024-08-31,Account,Medium,44.8,3
TKT-0006921,CUST-002982,2023-07-12,Feature Request,Low,30.7,4
TKT-0006922,CUST-003812,2023-03-29,Billing,High,34.9,5
TKT-0006923,CUST-000558,2024-06-21,Bug,Medium,43.0,4
TKT-0006924,CUST-000571,2024-01-09,Billing,High,95.7,3
TKT-0006925,CUST-001246,2024-03-21,Feature Request,Medium,73.8,3
TKT-0006926,CUST-004883,2024-01-30,Technical,Low,22.2,3
TKT-0006927,CUST-000877,2023-12-07,Billing,Medium,35.0,3
TKT-0006928,CUST-002068,2023-09-20,Feature Request,Medium,49.2,5
TKT-0006929,CUST-001794,2024-08-01,Feature Request,Medium,22.2,5
TKT-0006930,CUST-003900,2023-09-09,Bug,Medium,65.7,4
TKT-0006931,CUST-001586,2023-09-19,Billing,Medium,56.4,3
TKT-0006932,CUST-002342,2024-04-18,Bug,High,63.5,4
TKT-0006933,CUST-002802,2024-06-06,Technical,Medium,24.5,1
TKT-0006934,CUST-002400,2023-04-19,Technical,Low,33.8,2
TKT-0006935,CUST-004633,2023-06-01,Billing,Medium,30.0,1
TKT-0006936,CUST-004564,2024-02-25,Feature Request,Medium,30.0,5
TKT-0006937,CUST-003075,2024-06-13,Feature Request,Low,35.2,4
TKT-0006938,CUST-001015,2024-07-15,Feature Request,Medium,49.6,5
TKT-0006939,CUST-003185,2024-06-10,Technical,Medium,59.1,4
TKT-0006940,CUST-004173,2023-05-08,Technical,Low,25.5,5
TKT-0006941,CUST-002351,2023-01-08,Feature Request,Medium,67.5,2
TKT-0006942,CUST-003990,2024-04-25,Technical,High,55.7,5
TKT-0006943,CUST-000924,2024-10-04,Account,Medium,47.2,4
TKT-0006944,CUST-001311,2024-10-07,Technical,High,69.9,4
TKT-0006945,CUST-004231,2024-07-25,Billing,High,43.5,4
TKT-0006946,CUST-000674,2024-01-20,Bug,High,81.7,5
TKT-0006947,CUST-000873,2024-12-22,Feature Request,Medium,59.7,5
TKT-0006948,CUST-002907,2024-10-04,Billing,Medium,44.2,4
TKT-0006949,CUST-004278,2024-11-18,Account,High,63.7,5
TKT-0006950,CUST-004171,2023-09-02,Account,Medium,55.4,5
TKT-0006951,CUST-002245,2023-06-30,Bug,Medium,33.8,5
TKT-0006952,CUST-001809,2023-03-02,Account,High,57.4,5
TKT-0006953,CUST-000609,2023-03-24,Billing,Low,28.0,2
TKT-0006954,CUST-004163,2024-09-04,Billing,Medium,46.3,4
TKT-0006955,CUST-000148,2024-04-20,Bug,Low,16.5,4
TKT-0006956,CUST-001000,2023-02-10,Bug,Medium,55.1,4
TKT-0006957,CUST-002479,2024-10-05,Feature Request,Low,24.5,3
TKT-0006958,CUST-003805,2023-08-12,Feature Request,Medium,56.8,4
TKT-0006959,CUST-000291,2023-01-24,Feature Request,High,131.8,1
TKT-0006960,CUST-000582,2024-05-17,Technical,Medium,17.6,4
TKT-0006961,CUST-003767,2024-10-04,Billing,Medium,54.3,2
TKT-0006962,CUST-004338,2024-06-21,Technical,Medium,51.2,2
TKT-0006963,CUST-002095,2023-05-04,Account,Low,24.3,4
TKT-0006964,CUST-003228,2024-04-20,Bug,High,60.9,5
TKT-0006965,CUST-000676,2024-03-09,Feature Request,Low,21.7,4
TKT-0006966,CUST-003556,2023-05-12,Billing,Low,26.9,4
TKT-0006967,CUST-000432,2023-09-13,Account,Low,24.0,2
TKT-0006968,CUST-002283,2023-06-26,Account,Medium,42.6,5
TKT-0006969,CUST-002535,2023-12-01,Technical,Low,36.0,3
TKT-0006970,CUST-000971,2023-12-10,Account,High,85.6,4
TKT-0006971,CUST-003115,2024-06-27,Bug,High,49.6,5
TKT-0006972,CUST-002151,2024-07-11,Bug,Medium,50.6,5
TKT-0006973,CUST-004468,2023-04-27,Account,Low,22.9,4
TKT-0006974,CUST-000820,2023-03-28,Billing,High,97.2,4
TKT-0006975,CUST-001271,2024-10-24,Bug,Low,28.2,4
TKT-0006976,CUST-001570,2024-09-28,Feature Request,High,54.2,4
TKT-0006977,CUST-000301,2024-10-27,Feature Request,High,65.8,5
TKT-0006978,CUST-004758,2023-04-30,Billing,High,84.6,5
TKT-0006979,CUST-002276,2023-06-19,Technical,Medium,30.0,3
TKT-0006980,CUST-001022,2024-03-26,Technical,High,102.0,3
TKT-0006981,CUST-003073,2024-04-19,Billing,High,93.9,5
TKT-0006982,CUST-004645,2024-03-04,Account,Low,23.9,4
TKT-0006983,CUST-002526,2023-04-11,Bug,Medium,44.8,5
TKT-0006984,CUST-004212,2024-01-07,Feature Request,Medium,72.2,4
TKT-0006985,CUST-002507,2023-04-08,Technical,Low,29.0,5
TKT-0006986,CUST-000076,2024-07-12,Bug,High,80.5,3
TKT-0006987,CUST-004575,2023-01-31,Technical,Medium,68.1,1
TKT-0006988,CUST-001368,2024-04-05,Bug,High,90.2,4
TKT-0006989,CUST-004505,2024-05-29,Feature Request,Medium,42.3,2
TKT-0006990,CUST-004528,2023-09-30,Feature Request,Medium,54.4,5
TKT-0006991,CUST-000976,2023-11-15,Billing,High,53.1,4
TKT-0006992,CUST-000098,2023-05-10,Bug,Low,17.7,3
TKT-0006993,CUST-000210,2023-09-27,Bug,Low,24.5,5
TKT-0006994,CUST-002566,2024-02-03,Account,Medium,62.0,5
TKT-0006995,CUST-004368,2024-04-24,Technical,Medium,67.2,5
TKT-0006996,CUST-003147,2024-03-21,Bug,Medium,30.3,3
TKT-0006997,CUST-004767,2024-12-17,Technical,Medium,77.8,5
TKT-0006998,CUST-002943,2023-01-20,Feature Request,High,92.3,3
TKT-0006999,CUST-000945,2023-03-04,Bug,Critical,114.3,4
TKT-0007000,CUST-004810,2023-09-18,Feature Request,High,21.4,4
TKT-0007001,CUST-000578,2024-11-05,Technical,High,93.0,5
TKT-0007002,CUST-000601,2023-05-23,Billing,High,50.8,3
TKT-0007003,CUST-004458,2023-12-20,Technical,Medium,69.3,5
TKT-0007004,CUST-003307,2024-09-14,Account,Medium,37.2,2
TKT-0007005,CUST-001778,2024-03-30,Account,Critical,95.6,5
TKT-0007006,CUST-002812,2024-02-26,Bug,Medium,57.5,5
TKT-0007007,CUST-003151,2023-11-20,Feature Request,High,68.3,4
TKT-0007008,CUST-003422,2024-05-23,Billing,Critical,107.1,5
TKT-0007009,CUST-003817,2023-04-05,Technical,Low,28.1,5
TKT-0007010,CUST-002316,2023-07-08,Account,High,72.3,4
TKT-0007011,CUST-003293,2023-12-13,Technical,High,58.7,5
TKT-0007012,CUST-001015,2023-09-20,Technical,Medium,58.1,5
TKT-0007013,CUST-002882,2023-11-02,Technical,High,61.3,4
TKT-0007014,CUST-000068,2023-12-25,Bug,High,84.6,4
TKT-0007015,CUST-003218,2024-07-12,Bug,Low,19.4,3
TKT-0007016,CUST-004223,2023-11-05,Bug,Low,17.7,4
TKT-0007017,CUST-004372,2024-03-27,Bug,Medium,29.7,1
TKT-0007018,CUST-002623,2024-08-04,Bug,Medium,26.4,3
TKT-0007019,CUST-002636,2024-11-11,Billing,Low,24.6,5
TKT-0007020,CUST-002057,2023-12-28,Feature Request,High,59.6,4
TKT-0007021,CUST-002473,2023-03-31,Feature Request,Low,33.2,4
TKT-0007022,CUST-002643,2024-09-01,Bug,High,81.3,3
TKT-0007023,CUST-001208,2024-02-05,Feature Request,Medium,36.9,5
TKT-0007024,CUST-001313,2023-03-07,Bug,Medium,60.6,3
TKT-0007025,CUST-001065,2023-09-18,Account,High,94.1,5
TKT-0007026,CUST-001912,2024-08-10,Technical,Critical,90.1,5
TKT-0007027,CUST-001148,2024-09-22,Technical,Low,23.5,4
TKT-0007028,CUST-004384,2023-01-19,Technical,High,93.2,4
TKT-0007029,CUST-000447,2023-03-10,Bug,Low,19.3,4
TKT-0007030,CUST-004779,2024-11-06,Billing,Medium,52.7,4
TKT-0007031,CUST-003218,2024-12-21,Bug,High,82.1,4
TKT-0007032,CUST-000040,2023-09-28,Feature Request,Medium,48.6,4
TKT-0007033,CUST-000281,2023-01-29,Technical,Medium,31.9,5
TKT-0007034,CUST-000102,2024-12-10,Bug,Low,32.9,3
TKT-0007035,CUST-004070,2024-08-24,Technical,Low,34.3,1
TKT-0007036,CUST-000678,2023-01-22,Account,Medium,41.8,5
TKT-0007037,CUST-000987,2023-12-09,Feature Request,Medium,45.5,5
TKT-0007038,CUST-002594,2023-11-07,Feature Request,Medium,52.4,3
TKT-0007039,CUST-002717,2024-10-22,Feature Request,Medium,35.5,4
TKT-0007040,CUST-003481,2023-11-04,Bug,Medium,68.8,4
TKT-0007041,CUST-000541,2023-11-15,Bug,High,92.8,3
TKT-0007042,CUST-002767,2024-08-08,Bug,Medium,64.1,4
TKT-0007043,CUST-002850,2024-03-08,Account,Medium,33.2,5
TKT-0007044,CUST-004213,2023-06-24,Account,Low,22.6,4
TKT-0007045,CUST-001803,2024-10-26,Account,Medium,56.7,5
TKT-0007046,CUST-002744,2024-01-19,Billing,Critical,97.5,4
TKT-0007047,CUST-002932,2023-05-29,Bug,High,50.7,5
TKT-0007048,CUST-000302,2023-04-23,Bug,High,70.7,4
TKT-0007049,CUST-001776,2024-03-07,Account,Medium,47.0,3
TKT-0007050,CUST-001219,2023-12-24,Account,Low,20.8,2
TKT-0007051,CUST-001067,2023-09-10,Bug,Medium,37.6,3
TKT-0007052,CUST-002452,2024-07-18,Bug,Medium,56.5,5
TKT-0007053,CUST-001224,2024-09-21,Billing,Medium,44.4,3
TKT-0007054,CUST-000149,2024-04-12,Bug,Medium,43.6,5
TKT-0007055,CUST-000643,2023-08-11,Bug,High,50.3,5
TKT-0007056,CUST-000088,2024-08-19,Technical,Low,36.4,5
TKT-0007057,CUST-002452,2024-11-20,Bug,Medium,37.7,4
TKT-0007058,CUST-000186,2023-02-19,Bug,High,112.1,3
TKT-0007059,CUST-002545,2024-04-13,Technical,Critical,148.1,4
TKT-0007060,CUST-000175,2024-02-18,Bug,Low,39.9,5
TKT-0007061,CUST-001209,2024-02-04,Account,Medium,39.2,3
TKT-0007062,CUST-000240,2024-02-16,Technical,Low,22.7,5
TKT-0007063,CUST-003846,2024-05-12,Feature Request,Medium,62.5,5
TKT-0007064,CUST-000986,2024-01-01,Feature Request,Medium,61.0,5
TKT-0007065,CUST-003060,2024-12-19,Bug,Medium,50.5,4
TKT-0007066,CUST-000607,2023-06-05,Feature Request,High,50.1,4
TKT-0007067,CUST-001393,2023-09-20,Feature Request,Low,28.5,4
TKT-0007068,CUST-002756,2024-10-21,Bug,Low,21.3,4
TKT-0007069,CUST-004119,2023-11-01,Bug,High,71.0,5
TKT-0007070,CUST-003547,2023-07-06,Feature Request,Critical,92.7,5
TKT-0007071,CUST-002938,2023-01-15,Feature Request,Medium,60.6,1
TKT-0007072,CUST-001382,2023-09-04,Bug,Low,1.5,4
TKT-0007073,CUST-000260,2023-04-17,Technical,High,55.1,5
TKT-0007074,CUST-002025,2023-11-25,Technical,Low,26.6,4
TKT-0007075,CUST-004436,2024-05-07,Technical,Low,31.3,4
TKT-0007076,CUST-003241,2024-08-26,Bug,Medium,57.1,4
TKT-0007077,CUST-001490,2024-08-30,Billing,Medium,44.2,4
TKT-0007078,CUST-003762,2024-05-20,Account,Medium,26.8,5
TKT-0007079,CUST-001518,2023-01-10,Bug,Low,33.7,5
TKT-0007080,CUST-002516,2024-02-19,Bug,High,70.9,4
TKT-0007081,CUST-002335,2023-12-22,Bug,Low,26.1,5
TKT-0007082,CUST-003314,2024-07-24,Feature Request,Medium,24.6,5
TKT-0007083,CUST-001172,2023-03-09,Bug,Low,25.3,5
TKT-0007084,CUST-002711,2023-04-15,Bug,Medium,44.1,5
TKT-0007085,CUST-001371,2023-05-15,Technical,High,69.2,4
TKT-0007086,CUST-002649,2023-10-12,Account,Medium,52.8,5
TKT-0007087,CUST-004890,2024-01-13,Account,Medium,49.9,4
TKT-0007088,CUST-004466,2023-03-01,Bug,Low,11.1,4
TKT-0007089,CUST-002403,2024-04-29,Bug,High,42.8,5
TKT-0007090,CUST-004262,2024-03-24,Technical,Medium,44.3,3
TKT-0007091,CUST-002654,2024-07-17,Technical,Medium,40.8,2
TKT-0007092,CUST-002509,2023-08-28,Feature Request,Low,27.5,3
TKT-0007093,CUST-000781,2024-03-22,Billing,High,52.1,3
TKT-0007094,CUST-001063,2023-08-18,Account,High,56.4,4
TKT-0007095,CUST-004481,2023-12-02,Technical,Low,18.1,1
TKT-0007096,CUST-002976,2023-02-13,Bug,Low,19.1,4
TKT-0007097,CUST-002391,2024-11-22,Billing,Low,43.8,1
TKT-0007098,CUST-002577,2024-09-30,Technical,Medium,72.9,1
TKT-0007099,CUST-000980,2024-03-07,Feature Request,Low,42.8,3
TKT-0007100,CUST-003894,2024-06-07,Bug,High,83.7,5
TKT-0007101,CUST-003412,2023-02-19,Bug,Low,32.8,4
TKT-0007102,CUST-003228,2023-04-16,Bug,Critical,73.1,4
TKT-0007103,CUST-002244,2024-08-05,Bug,Low,18.5,3
TKT-0007104,CUST-001110,2023-05-23,Bug,Low,13.1,5
TKT-0007105,CUST-001668,2023-05-30,Account,Critical,130.0,5
TKT-0007106,CUST-004186,2024-04-15,Bug,Medium,27.8,4
TKT-0007107,CUST-004867,2023-05-03,Feature Request,Critical,111.7,4
TKT-0007108,CUST-004342,2024-03-04,Billing,Medium,51.7,5
TKT-0007109,CUST-004921,2024-03-01,Bug,High,65.7,2
TKT-0007110,CUST-002658,2023-06-25,Bug,High,78.9,2
TKT-0007111,CUST-001557,2023-07-31,Bug,High,62.0,1
TKT-0007112,CUST-001807,2024-09-13,Technical,Medium,47.8,4
TKT-0007113,CUST-000751,2024-10-23,Bug,Low,27.6,4
TKT-0007114,CUST-001307,2023-08-23,Account,Medium,87.1,5
TKT-0007115,CUST-002873,2024-01-02,Account,High,90.6,5
TKT-0007116,CUST-004710,2023-07-04,Account,Low,28.2,2
TKT-0007117,CUST-003548,2024-03-05,Account,Low,33.0,1
TKT-0007118,CUST-002782,2023-01-02,Feature Request,Medium,52.4,3
TKT-0007119,CUST-000215,2023-03-28,Billing,Low,24.7,3
TKT-0007120,CUST-000493,2024-04-17,Bug,Low,24.6,4
TKT-0007121,CUST-000039,2024-10-06,Feature Request,Medium,53.4,4
TKT-0007122,CUST-001829,2024-04-03,Technical,Low,28.8,5
TKT-0007123,CUST-000808,2023-06-27,Account,High,50.1,4
TKT-0007124,CUST-002593,2024-03-02,Bug,Medium,60.0,5
TKT-0007125,CUST-001617,2023-12-18,Technical,Medium,48.7,4
TKT-0007126,CUST-002288,2023-12-10,Feature Request,High,58.9,3
TKT-0007127,CUST-002662,2024-06-01,Feature Request,High,42.4,2
TKT-0007128,CUST-000853,2023-03-10,Feature Request,Critical,78.5,4
TKT-0007129,CUST-004371,2023-07-28,Billing,High,100.9,5
TKT-0007130,CUST-001206,2023-05-11,Feature Request,Medium,46.7,5
TKT-0007131,CUST-003320,2024-03-21,Bug,Medium,34.3,4
TKT-0007132,CUST-001024,2023-04-11,Bug,High,86.3,5
TKT-0007133,CUST-001445,2023-07-14,Billing,Medium,67.1,5
TKT-0007134,CUST-001604,2023-12-10,Bug,Low,32.0,4
TKT-0007135,CUST-004360,2024-11-02,Technical,High,77.0,5
TKT-0007136,CUST-000644,2023-09-24,Technical,Critical,171.9,4
TKT-0007137,CUST-002536,2023-05-20,Feature Request,Medium,59.6,4
TKT-0007138,CUST-002261,2024-04-08,Bug,High,27.7,5
TKT-0007139,CUST-001239,2023-01-06,Account,Low,23.5,5
TKT-0007140,CUST-002128,2023-03-26,Bug,Medium,80.5,5
TKT-0007141,CUST-002557,2024-11-18,Technical,High,83.8,5
TKT-0007142,CUST-004361,2024-07-18,Feature Request,Low,24.9,3
TKT-0007143,CUST-001769,2023-05-12,Bug,Low,36.5,5
TKT-0007144,CUST-002743,2023-08-07,Technical,High,47.6,4
TKT-0007145,CUST-000978,2023-07-27,Account,High,79.0,4
TKT-0007146,CUST-000805,2024-10-23,Bug,Low,37.6,3
TKT-0007147,CUST-003074,2023-05-16,Technical,High,101.8,4
TKT-0007148,CUST-004837,2024-10-21,Technical,Medium,28.7,4
TKT-0007149,CUST-003035,2024-10-04,Technical,Medium,50.7,5
TKT-0007150,CUST-001049,2023-02-28,Technical,Medium,51.2,4
TKT-0007151,CUST-002582,2023-02-22,Bug,Low,35.5,5
TKT-0007152,CUST-002542,2023-06-20,Bug,Medium,57.7,5
TKT-0007153,CUST-000112,2023-11-29,Bug,Medium,38.2,5
TKT-0007154,CUST-003005,2024-12-01,Feature Request,Low,14.3,5
TKT-0007155,CUST-003791,2023-08-17,Bug,High,95.5,5
TKT-0007156,CUST-004145,2023-02-14,Feature Request,High,73.7,4
TKT-0007157,CUST-004885,2023-10-10,Account,High,97.4,5
TKT-0007158,CUST-004691,2024-02-13,Feature Request,Low,32.6,4
TKT-0007159,CUST-004157,2024-04-27,Billing,Medium,41.5,3
TKT-0007160,CUST-004565,2023-11-13,Account,Low,23.8,3
TKT-0007161,CUST-002056,2023-01-18,Bug,Low,27.6,4
TKT-0007162,CUST-000017,2024-04-09,Technical,Medium,48.0,3
TKT-0007163,CUST-002332,2023-04-07,Technical,Low,29.9,4
TKT-0007164,CUST-004536,2024-07-11,Account,Medium,54.8,5
TKT-0007165,CUST-004539,2024-01-17,Technical,Medium,19.0,5
TKT-0007166,CUST-001109,2023-08-14,Bug,High,88.7,1
TKT-0007167,CUST-001068,2023-08-27,Bug,Medium,52.8,2
TKT-0007168,CUST-001800,2023-04-26,Feature Request,Critical,171.4,4
TKT-0007169,CUST-003211,2023-03-21,Feature Request,Medium,36.4,5
TKT-0007170,CUST-000845,2023-12-15,Account,High,76.8,5
TKT-0007171,CUST-002811,2024-02-18,Technical,High,68.5,5
TKT-0007172,CUST-003029,2023-10-30,Technical,Low,18.8,4
TKT-0007173,CUST-000725,2024-12-14,Account,Medium,32.5,5
TKT-0007174,CUST-001264,2024-06-03,Bug,High,47.9,5
TKT-0007175,CUST-003698,2023-08-14,Billing,Critical,179.3,3
TKT-0007176,CUST-001799,2023-11-28,Account,Medium,53.8,4
TKT-0007177,CUST-003552,2024-02-29,Account,Medium,74.1,4
TKT-0007178,CUST-004140,2023-07-01,Technical,High,62.3,4
TKT-0007179,CUST-002115,2024-07-22,Bug,Low,34.5,4
TKT-0007180,CUST-001533,2024-04-16,Technical,Medium,25.9,3
TKT-0007181,CUST-001155,2023-12-14,Bug,Low,23.7,4
TKT-0007182,CUST-002901,2023-07-17,Account,Low,20.9,3
TKT-0007183,CUST-000329,2024-12-03,Account,Medium,58.3,4
TKT-0007184,CUST-002307,2023-04-20,Feature Request,Medium,43.3,3
TKT-0007185,CUST-002672,2024-06-05,Bug,Critical,91.4,5
TKT-0007186,CUST-001949,2023-09-22,Feature Request,Low,33.8,4
TKT-0007187,CUST-001638,2024-07-09,Feature Request,High,110.1,4
TKT-0007188,CUST-001334,2023-08-31,Account,High,28.8,4
TKT-0007189,CUST-000590,2023-09-01,Bug,Medium,38.5,4
TKT-0007190,CUST-004503,2024-01-23,Account,Low,31.6,3
TKT-0007191,CUST-004582,2023-10-22,Bug,High,35.0,3
TKT-0007192,CUST-001948,2024-07-30,Feature Request,Critical,190.9,5
TKT-0007193,CUST-000348,2023-06-04,Bug,Low,25.8,3
TKT-0007194,CUST-001565,2023-04-24,Technical,Low,15.6,4
TKT-0007195,CUST-002640,2023-12-19,Technical,High,43.6,4
TKT-0007196,CUST-002170,2023-06-03,Bug,Low,26.9,1
TKT-0007197,CUST-001046,2024-12-21,Feature Request,High,62.0,3
TKT-0007198,CUST-000745,2024-08-24,Feature Request,Critical,131.7,4
TKT-0007199,CUST-002436,2024-02-29,Billing,Medium,46.3,2
TKT-0007200,CUST-004025,2023-09-17,Bug,Medium,60.8,5
TKT-0007201,CUST-004823,2024-01-08,Billing,Low,18.6,4
TKT-0007202,CUST-004120,2024-06-17,Feature Request,Medium,39.5,5
TKT-0007203,CUST-004876,2024-04-23,Feature Request,Low,27.6,3
TKT-0007204,CUST-000861,2023-03-06,Feature Request,Critical,155.8,3
TKT-0007205,CUST-002797,2024-01-23,Account,Low,21.7,5
TKT-0007206,CUST-000181,2024-01-29,Account,Critical,113.2,3
TKT-0007207,CUST-000726,2023-07-18,Feature Request,Low,19.3,4
TKT-0007208,CUST-001619,2024-10-27,Technical,Low,39.4,4
TKT-0007209,CUST-003628,2024-09-18,Feature Request,Low,22.6,5
TKT-0007210,CUST-001691,2023-08-03,Bug,Low,33.9,5
TKT-0007211,CUST-003662,2023-02-18,Bug,Low,29.8,4
TKT-0007212,CUST-000734,2023-08-01,Account,Low,22.3,4
TKT-0007213,CUST-004844,2023-05-16,Feature Request,Low,16.1,4
TKT-0007214,CUST-002435,2023-06-14,Feature Request,High,98.0,4
TKT-0007215,CUST-002846,2023-04-09,Technical,Medium,51.1,5
TKT-0007216,CUST-004176,2024-03-20,Billing,High,47.8,3
TKT-0007217,CUST-002181,2024-07-19,Bug,Medium,73.4,4
TKT-0007218,CUST-002143,2024-12-31,Account,Medium,61.7,5
TKT-0007219,CUST-003748,2024-06-09,Account,High,63.0,2
TKT-0007220,CUST-000831,2023-02-17,Technical,Medium,46.3,5
TKT-0007221,CUST-003115,2024-04-22,Bug,Medium,47.0,5
TKT-0007222,CUST-003802,2023-01-04,Feature Request,Medium,70.0,5
TKT-0007223,CUST-002474,2023-04-08,Bug,Low,30.0,3
TKT-0007224,CUST-002871,2024-06-08,Billing,Medium,41.3,5
TKT-0007225,CUST-000303,2023-06-09,Technical,Low,27.5,5
TKT-0007226,CUST-001182,2023-03-27,Billing,Medium,80.8,4
TKT-0007227,CUST-004477,2024-12-18,Bug,Low,28.5,3
TKT-0007228,CUST-001463,2023-12-09,Feature Request,Low,30.4,4
TKT-0007229,CUST-002459,2023-12-11,Account,High,67.5,5
TKT-0007230,CUST-003211,2024-05-16,Billing,High,79.1,4
TKT-0007231,CUST-000218,2023-09-27,Bug,Low,26.0,5
TKT-0007232,CUST-003509,2024-11-20,Account,Medium,39.8,2
TKT-0007233,CUST-001723,2023-03-31,Account,Critical,107.6,4
TKT-0007234,CUST-001261,2023-05-18,Technical,Medium,63.9,5
TKT-0007235,CUST-000934,2024-01-12,Technical,Low,14.7,5
TKT-0007236,CUST-004577,2023-04-13,Technical,Medium,56.5,2
TKT-0007237,CUST-002013,2023-07-02,Technical,Low,32.2,3
TKT-0007238,CUST-002346,2023-04-17,Account,Medium,56.6,4
TKT-0007239,CUST-001001,2024-07-11,Billing,Low,31.4,5
TKT-0007240,CUST-003728,2024-07-13,Bug,High,85.7,5
TKT-0007241,CUST-000886,2023-07-15,Feature Request,Low,27.9,4
TKT-0007242,CUST-001832,2024-12-10,Billing,Low,22.7,5
TKT-0007243,CUST-000876,2023-07-19,Technical,Medium,47.3,3
TKT-0007244,CUST-001013,2023-10-25,Billing,Medium,63.8,3
TKT-0007245,CUST-004256,2023-01-16,Billing,Medium,69.7,4
TKT-0007246,CUST-001845,2024-10-29,Account,Low,36.9,3
TKT-0007247,CUST-002321,2023-03-21,Technical,Medium,38.1,4
TKT-0007248,CUST-003235,2024-04-25,Feature Request,Medium,76.3,5
TKT-0007249,CUST-004073,2024-08-11,Technical,Low,16.3,4
TKT-0007250,CUST-000522,2024-12-31,Billing,Low,28.0,5
TKT-0007251,CUST-003740,2023-03-16,Bug,Low,18.9,5
TKT-0007252,CUST-004844,2024-08-30,Feature Request,Medium,48.0,5
TKT-0007253,CUST-003065,2023-11-08,Bug,Medium,52.4,4
TKT-0007254,CUST-003174,2023-09-30,Bug,High,44.3,5
TKT-0007255,CUST-000656,2024-12-15,Feature Request,Low,25.9,4
TKT-0007256,CUST-003669,2024-12-27,Technical,Low,37.8,4
TKT-0007257,CUST-001382,2023-12-17,Billing,Low,23.2,4
TKT-0007258,CUST-000236,2024-10-06,Technical,Low,21.6,4
TKT-0007259,CUST-004472,2024-01-10,Feature Request,Low,32.2,5
TKT-0007260,CUST-000260,2024-04-29,Account,Low,24.5,1
TKT-0007261,CUST-002428,2024-03-23,Billing,High,62.7,4
TKT-0007262,CUST-001775,2024-02-02,Feature Request,Medium,54.3,4
TKT-0007263,CUST-002844,2024-08-18,Technical,High,69.8,3
TKT-0007264,CUST-003175,2024-12-29,Billing,High,99.3,4
TKT-0007265,CUST-003668,2024-01-21,Feature Request,Medium,53.9,5
TKT-0007266,CUST-003146,2023-06-04,Bug,Medium,63.3,3
TKT-0007267,CUST-004281,2023-12-19,Account,Medium,32.9,4
TKT-0007268,CUST-003518,2023-07-26,Account,High,64.0,4
TKT-0007269,CUST-002368,2024-02-25,Bug,Low,23.1,4
TKT-0007270,CUST-000505,2024-04-07,Technical,Medium,36.1,5
TKT-0007271,CUST-002186,2023-04-16,Technical,Low,19.2,3
TKT-0007272,CUST-004791,2023-04-15,Account,High,52.4,4
TKT-0007273,CUST-001089,2024-05-12,Feature Request,High,72.2,3
TKT-0007274,CUST-001792,2023-05-06,Account,Medium,57.8,2
TKT-0007275,CUST-001261,2023-05-20,Billing,High,80.5,4
TKT-0007276,CUST-003623,2023-02-14,Bug,Medium,67.8,4
TKT-0007277,CUST-002745,2023-08-22,Account,Medium,24.3,3
TKT-0007278,CUST-001367,2023-11-09,Account,Medium,74.1,4
TKT-0007279,CUST-002640,2024-01-11,Feature Request,Medium,55.1,4
TKT-0007280,CUST-002522,2024-12-07,Feature Request,Low,17.3,5
TKT-0007281,CUST-002403,2024-05-06,Feature Request,High,53.6,5
TKT-0007282,CUST-004073,2024-12-09,Account,Low,27.2,3
TKT-0007283,CUST-002403,2023-10-02,Bug,Medium,67.7,4
TKT-0007284,CUST-004076,2023-05-06,Account,Low,37.9,5
TKT-0007285,CUST-003049,2024-10-09,Bug,Medium,32.1,4
TKT-0007286,CUST-001424,2024-03-31,Billing,Medium,65.6,2
TKT-0007287,CUST-001093,2023-12-15,Account,Low,34.0,4
TKT-0007288,CUST-000990,2024-01-25,Account,Medium,44.5,3
TKT-0007289,CUST-001266,2023-12-19,Account,Medium,63.6,4
TKT-0007290,CUST-001411,2024-09-25,Account,Critical,51.2,3
TKT-0007291,CUST-000096,2023-06-26,Bug,Medium,29.0,4
TKT-0007292,CUST-002772,2023-08-02,Billing,Medium,48.7,3
TKT-0007293,CUST-003553,2023-01-06,Technical,Medium,54.9,5
TKT-0007294,CUST-003953,2023-02-18,Feature Request,Low,18.7,2
TKT-0007295,CUST-004999,2023-05-14,Bug,Low,19.6,4
TKT-0007296,CUST-001941,2023-07-09,Bug,Medium,6.3,3
TKT-0007297,CUST-002408,2023-10-27,Technical,Medium,43.4,5
TKT-0007298,CUST-004743,2023-07-02,Technical,Low,20.9,5
TKT-0007299,CUST-001319,2023-05-13,Account,Low,21.0,5
TKT-0007300,CUST-004509,2023-08-25,Bug,High,48.7,2
TKT-0007301,CUST-004242,2024-04-05,Bug,Medium,33.9,5
TKT-0007302,CUST-002895,2023-04-04,Bug,Medium,22.7,3
TKT-0007303,CUST-001652,2024-02-17,Bug,Medium,30.8,5
TKT-0007304,CUST-003991,2024-01-30,Billing,Low,26.6,5
TKT-0007305,CUST-000559,2023-11-15,Feature Request,High,52.7,4
TKT-0007306,CUST-003407,2023-08-22,Bug,Low,29.9,4
TKT-0007307,CUST-003026,2023-08-11,Feature Request,Low,23.8,5
TKT-0007308,CUST-003566,2024-11-08,Bug,Low,35.0,4
TKT-0007309,CUST-000483,2023-07-17,Billing,Low,16.3,4
TKT-0007310,CUST-002450,2024-12-11,Bug,Medium,19.9,4
TKT-0007311,CUST-003558,2023-12-31,Feature Request,Critical,82.8,5
TKT-0007312,CUST-003123,2023-03-28,Bug,Medium,75.0,4
TKT-0007313,CUST-003518,2024-09-05,Technical,High,81.7,4
TKT-0007314,CUST-002494,2024-09-29,Feature Request,Medium,36.7,4
TKT-0007315,CUST-002832,2024-09-27,Account,Medium,60.6,4
TKT-0007316,CUST-003639,2024-04-07,Bug,Medium,39.3,4
TKT-0007317,CUST-000603,2024-10-03,Account,Medium,59.5,4
TKT-0007318,CUST-001042,2023-06-13,Billing,Medium,44.7,4
TKT-0007319,CUST-001677,2023-03-09,Account,Medium,30.2,4
TKT-0007320,CUST-002371,2023-03-09,Billing,High,71.9,5
TKT-0007321,CUST-002251,2023-03-12,Bug,Low,25.7,5
TKT-0007322,CUST-000734,2023-11-21,Bug,Medium,47.4,4
TKT-0007323,CUST-004910,2023-05-17,Bug,Medium,38.8,5
TKT-0007324,CUST-004056,2024-09-20,Billing,High,65.1,5
TKT-0007325,CUST-004134,2023-06-15,Billing,High,70.0,5
TKT-0007326,CUST-002322,2024-03-28,Billing,High,71.4,4
TKT-0007327,CUST-000827,2023-01-09,Account,Medium,70.1,5
TKT-0007328,CUST-002882,2024-09-22,Bug,Medium,47.8,4
TKT-0007329,CUST-003115,2024-11-28,Technical,High,38.8,5
TKT-0007330,CUST-000454,2024-08-15,Technical,Medium,70.4,2
TKT-0007331,CUST-001861,2023-08-06,Account,High,59.7,4
TKT-0007332,CUST-004943,2023-02-26,Technical,Low,21.4,5
TKT-0007333,CUST-001490,2024-03-07,Bug,Low,14.5,5
TKT-0007334,CUST-004129,2024-04-27,Billing,Medium,33.2,3
TKT-0007335,CUST-004156,2024-03-15,Bug,Medium,27.6,3
TKT-0007336,CUST-002083,2024-10-07,Billing,Medium,48.8,2
TKT-0007337,CUST-002009,2023-09-20,Technical,Medium,78.5,5
TKT-0007338,CUST-003624,2023-05-09,Bug,Low,18.4,5
TKT-0007339,CUST-002842,2023-02-18,Bug,Low,22.3,5
TKT-0007340,CUST-004363,2024-10-11,Technical,Medium,53.0,3
TKT-0007341,CUST-000504,2024-12-16,Feature Request,Medium,40.7,4
TKT-0007342,CUST-002535,2023-04-30,Feature Request,Low,8.4,5
TKT-0007343,CUST-002517,2023-04-06,Bug,Critical,120.4,4
TKT-0007344,CUST-002736,2024-05-25,Billing,Low,39.7,3
TKT-0007345,CUST-003444,2024-12-11,Billing,Medium,48.9,4
TKT-0007346,CUST-002970,2023-09-09,Technical,Medium,33.0,4
TKT-0007347,CUST-001677,2023-03-18,Billing,High,61.8,3
TKT-0007348,CUST-001815,2023-02-11,Billing,Low,28.4,5
TKT-0007349,CUST-004050,2023-03-21,Billing,Low,29.4,5
TKT-0007350,CUST-002045,2023-02-11,Technical,Low,19.2,4
TKT-0007351,CUST-000217,2024-09-19,Bug,Medium,35.0,4
TKT-0007352,CUST-003254,2023-04-28,Feature Request,High,81.8,4
TKT-0007353,CUST-003955,2023-02-01,Technical,Medium,18.2,4
TKT-0007354,CUST-001084,2024-11-28,Bug,Medium,50.1,4
TKT-0007355,CUST-000233,2023-09-26,Account,High,78.2,3
TKT-0007356,CUST-003191,2024-02-06,Feature Request,High,86.7,4
TKT-0007357,CUST-002436,2023-02-06,Account,Medium,32.0,3
TKT-0007358,CUST-001755,2023-02-19,Billing,High,81.1,5
TKT-0007359,CUST-003240,2023-12-06,Feature Request,Low,11.5,2
TKT-0007360,CUST-001144,2023-07-10,Account,High,63.2,4
TKT-0007361,CUST-001501,2024-10-25,Bug,High,104.1,5
TKT-0007362,CUST-003976,2023-02-17,Feature Request,Medium,68.7,5
TKT-0007363,CUST-003904,2023-11-15,Bug,Critical,165.1,5
TKT-0007364,CUST-001311,2024-08-22,Bug,Low,34.4,2
TKT-0007365,CUST-002280,2023-12-15,Billing,Low,1.9,5
TKT-0007366,CUST-002150,2024-02-01,Bug,High,31.0,4
TKT-0007367,CUST-002084,2024-03-03,Bug,High,102.3,4
TKT-0007368,CUST-000763,2024-07-01,Feature Request,Low,20.4,4
TKT-0007369,CUST-000245,2024-02-15,Bug,High,72.4,4
TKT-0007370,CUST-003317,2024-12-28,Technical,High,50.1,4
TKT-0007371,CUST-004922,2023-12-21,Technical,High,77.7,4
TKT-0007372,CUST-002329,2023-04-02,Technical,Medium,24.7,4
TKT-0007373,CUST-003882,2023-01-22,Technical,High,68.3,2
TKT-0007374,CUST-004272,2023-07-25,Bug,Medium,48.2,4
TKT-0007375,CUST-000437,2024-07-15,Billing,High,31.2,4
TKT-0007376,CUST-002132,2024-09-03,Feature Request,Low,23.6,4
TKT-0007377,CUST-001816,2024-01-02,Bug,Critical,92.6,4
TKT-0007378,CUST-003641,2023-08-04,Feature Request,Medium,50.6,4
TKT-0007379,CUST-000748,2024-04-28,Feature Request,Critical,135.4,5
TKT-0007380,CUST-002507,2024-12-03,Billing,Low,34.9,5
TKT-0007381,CUST-004093,2024-10-10,Bug,High,98.5,3
TKT-0007382,CUST-002550,2023-07-05,Bug,Medium,29.2,5
TKT-0007383,CUST-000840,2023-05-19,Feature Request,High,90.0,5
TKT-0007384,CUST-001772,2024-04-15,Billing,Low,24.7,4
TKT-0007385,CUST-004996,2024-12-23,Technical,High,67.5,4
TKT-0007386,CUST-000595,2024-06-26,Billing,High,118.0,3
TKT-0007387,CUST-004044,2023-08-24,Account,High,71.1,5
TKT-0007388,CUST-003528,2024-08-10,Technical,Low,27.3,5
TKT-0007389,CUST-004272,2023-07-07,Account,Medium,67.6,3
TKT-0007390,CUST-004952,2024-09-06,Bug,High,53.3,4
TKT-0007391,CUST-002234,2023-01-09,Account,High,38.5,4
TKT-0007392,CUST-002441,2023-06-20,Technical,Medium,36.8,5
TKT-0007393,CUST-000602,2023-12-15,Technical,Medium,36.6,5
TKT-0007394,CUST-003990,2023-08-08,Billing,Medium,41.3,4
TKT-0007395,CUST-004942,2023-07-05,Technical,Medium,48.3,4
TKT-0007396,CUST-004041,2023-11-11,Bug,Medium,83.2,1
TKT-0007397,CUST-000551,2023-10-02,Account,High,85.8,4
TKT-0007398,CUST-000487,2024-06-25,Account,Low,26.4,5
TKT-0007399,CUST-001473,2024-07-10,Bug,High,72.0,4
TKT-0007400,CUST-001178,2024-07-11,Account,Low,9.1,3
TKT-0007401,CUST-001239,2023-01-23,Technical,Medium,46.1,3
TKT-0007402,CUST-002314,2024-05-18,Account,Medium,37.6,4
TKT-0007403,CUST-004423,2024-02-24,Account,Critical,103.0,5
TKT-0007404,CUST-003897,2024-09-04,Account,Low,36.4,5
TKT-0007405,CUST-003914,2024-12-28,Bug,High,95.7,4
TKT-0007406,CUST-003338,2024-03-22,Technical,High,70.1,5
TKT-0007407,CUST-004348,2024-01-01,Account,Low,25.7,4
TKT-0007408,CUST-000262,2024-04-18,Feature Request,Low,23.6,4
TKT-0007409,CUST-000824,2024-04-29,Bug,High,92.3,4
TKT-0007410,CUST-000642,2024-02-13,Account,Medium,58.3,3
TKT-0007411,CUST-003438,2023-11-19,Account,High,81.0,3
TKT-0007412,CUST-000142,2023-11-16,Account,Medium,32.8,4
TKT-0007413,CUST-001481,2023-08-07,Billing,Low,18.9,4
TKT-0007414,CUST-000018,2024-08-08,Technical,High,57.6,4
TKT-0007415,CUST-003019,2023-12-27,Technical,Medium,46.7,4
TKT-0007416,CUST-000027,2024-09-02,Billing,Low,24.9,2
TKT-0007417,CUST-003830,2023-06-18,Account,Low,17.3,3
TKT-0007418,CUST-001669,2024-07-21,Account,High,82.1,3
TKT-0007419,CUST-004708,2024-08-03,Account,Medium,59.5,4
TKT-0007420,CUST-002486,2023-04-13,Feature Request,High,59.5,5
TKT-0007421,CUST-003282,2023-09-20,Feature Request,Medium,57.4,5
TKT-0007422,CUST-001360,2024-03-09,Bug,Critical,133.6,4
TKT-0007423,CUST-000124,2023-08-30,Bug,Low,33.9,1
TKT-0007424,CUST-000818,2023-03-16,Feature Request,Medium,68.5,4
TKT-0007425,CUST-004371,2023-06-20,Account,High,20.9,5
TKT-0007426,CUST-001057,2024-11-02,Feature Request,Low,37.1,3
TKT-0007427,CUST-001215,2023-10-30,Account,High,106.3,5
TKT-0007428,CUST-001054,2023-12-17,Technical,Low,18.2,5
TKT-0007429,CUST-003680,2024-12-01,Billing,Critical,90.3,5
TKT-0007430,CUST-004872,2023-08-31,Feature Request,Medium,25.8,1
TKT-0007431,CUST-003244,2023-09-23,Bug,Medium,26.4,5
TKT-0007432,CUST-001187,2024-04-09,Feature Request,Low,23.4,5
TKT-0007433,CUST-000313,2023-09-25,Account,High,107.6,3
TKT-0007434,CUST-000102,2024-08-18,Technical,Medium,62.5,4
TKT-0007435,CUST-003560,2024-12-21,Feature Request,Medium,75.9,3
TKT-0007436,CUST-004136,2024-11-27,Feature Request,Medium,33.1,4
TKT-0007437,CUST-003046,2023-03-09,Feature Request,Medium,37.0,1
TKT-0007438,CUST-003383,2023-03-20,Account,Low,25.4,4
TKT-0007439,CUST-002592,2024-02-20,Account,Low,21.2,3
TKT-0007440,CUST-003441,2023-02-04,Bug,Medium,28.9,5
TKT-0007441,CUST-001280,2024-06-05,Feature Request,Low,25.6,3
TKT-0007442,CUST-001290,2023-09-29,Technical,Medium,52.3,2
TKT-0007443,CUST-002932,2024-11-26,Account,Medium,60.1,4
TKT-0007444,CUST-002655,2024-04-21,Technical,Critical,114.7,5
TKT-0007445,CUST-004460,2024-07-11,Account,Low,26.3,3
TKT-0007446,CUST-001416,2024-11-28,Technical,High,105.2,5
TKT-0007447,CUST-000535,2023-05-04,Account,Medium,46.5,4
TKT-0007448,CUST-001275,2024-07-25,Account,Low,17.2,4
TKT-0007449,CUST-004934,2023-06-11,Billing,Medium,43.7,3
TKT-0007450,CUST-002758,2023-05-29,Billing,High,76.4,4
TKT-0007451,CUST-004661,2023-06-17,Account,Medium,63.2,5
TKT-0007452,CUST-003585,2023-08-07,Bug,Medium,38.1,5
TKT-0007453,CUST-002865,2024-10-20,Technical,High,79.5,3
TKT-0007454,CUST-000958,2024-12-31,Feature Request,Medium,26.8,2
TKT-0007455,CUST-001456,2023-09-30,Feature Request,Medium,27.8,3
TKT-0007456,CUST-000451,2024-11-26,Billing,Low,41.5,4
TKT-0007457,CUST-002999,2023-10-05,Account,Medium,17.4,4
TKT-0007458,CUST-004538,2024-10-11,Account,High,49.6,1
TKT-0007459,CUST-003457,2024-08-09,Billing,High,104.7,5
TKT-0007460,CUST-001866,2023-10-24,Bug,Medium,64.1,4
TKT-0007461,CUST-004044,2023-10-13,Technical,Medium,36.1,5
TKT-0007462,CUST-000674,2024-04-09,Bug,Low,26.4,2
TKT-0007463,CUST-001240,2024-11-14,Feature Request,Medium,42.1,4
TKT-0007464,CUST-003405,2023-11-06,Technical,Low,9.3,4
TKT-0007465,CUST-002071,2024-07-02,Bug,Medium,49.2,4
TKT-0007466,CUST-003467,2023-11-08,Account,Medium,51.0,2
TKT-0007467,CUST-000996,2024-06-21,Technical,High,120.0,5
TKT-0007468,CUST-002195,2023-12-30,Bug,Medium,44.0,4
TKT-0007469,CUST-002735,2024-11-11,Billing,Low,26.8,4
TKT-0007470,CUST-000304,2024-02-09,Technical,Medium,70.9,4
TKT-0007471,CUST-001925,2024-09-26,Technical,Medium,44.5,5
TKT-0007472,CUST-001399,2023-11-14,Bug,Medium,60.3,2
TKT-0007473,CUST-004797,2023-11-05,Billing,Low,23.7,3
TKT-0007474,CUST-000817,2023-12-03,Technical,High,37.1,5
TKT-0007475,CUST-002483,2023-03-24,Account,Low,28.3,5
TKT-0007476,CUST-001011,2024-12-17,Billing,Medium,38.7,5
TKT-0007477,CUST-004190,2023-09-26,Bug,Low,25.6,4
TKT-0007478,CUST-000494,2023-07-01,Billing,Critical,130.2,3
TKT-0007479,CUST-001761,2023-05-01,Technical,High,86.1,4
TKT-0007480,CUST-001019,2024-10-06,Billing,High,46.8,3
TKT-0007481,CUST-001982,2024-01-12,Bug,Medium,48.1,4
TKT-0007482,CUST-004519,2024-04-19,Account,High,73.2,2
TKT-0007483,CUST-002135,2023-05-24,Feature Request,Low,17.6,3
TKT-0007484,CUST-002183,2024-09-27,Account,Medium,21.0,5
TKT-0007485,CUST-001796,2024-08-23,Technical,Medium,51.8,4
TKT-0007486,CUST-004801,2023-04-06,Technical,Low,19.6,5
TKT-0007487,CUST-004909,2023-09-20,Billing,Low,28.9,5
TKT-0007488,CUST-002836,2023-05-16,Feature Request,Low,19.6,3
TKT-0007489,CUST-000258,2024-01-24,Bug,Medium,46.0,2
TKT-0007490,CUST-004688,2023-02-26,Feature Request,High,82.1,5
TKT-0007491,CUST-004273,2024-05-06,Bug,Low,31.4,2
TKT-0007492,CUST-002047,2023-03-07,Bug,Medium,55.2,3
TKT-0007493,CUST-001138,2023-08-13,Account,Low,18.6,4
TKT-0007494,CUST-002198,2023-07-27,Bug,Low,18.8,5
TKT-0007495,CUST-004958,2024-08-16,Technical,Low,22.3,2
TKT-0007496,CUST-002078,2023-03-29,Bug,Medium,41.1,5
TKT-0007497,CUST-000465,2023-10-04,Technical,Medium,58.7,3
TKT-0007498,CUST-004669,2023-08-28,Feature Request,Low,20.8,5
TKT-0007499,CUST-003667,2024-07-01,Account,Medium,36.3,3
TKT-0007500,CUST-003479,2023-05-13,Billing,Low,34.1,4
TKT-0007501,CUST-000456,2024-03-27,Bug,Medium,62.2,4
TKT-0007502,CUST-004135,2024-02-17,Account,Medium,40.5,2
TKT-0007503,CUST-003720,2023-10-16,Bug,High,78.9,3
TKT-0007504,CUST-001526,2024-11-10,Bug,Medium,29.7,4
TKT-0007505,CUST-004390,2024-02-11,Billing,Low,25.5,5
TKT-0007506,CUST-001658,2023-04-29,Bug,Medium,53.3,3
TKT-0007507,CUST-003874,2023-05-16,Account,Medium,44.1,5
TKT-0007508,CUST-004931,2023-08-05,Bug,Medium,40.9,4
TKT-0007509,CUST-001157,2024-09-07,Billing,Medium,51.7,4
TKT-0007510,CUST-003158,2023-12-27,Bug,High,103.1,5
TKT-0007511,CUST-003192,2023-11-27,Account,Medium,34.1,5
TKT-0007512,CUST-001771,2023-09-28,Bug,Low,25.1,4
TKT-0007513,CUST-001112,2024-01-11,Feature Request,High,80.9,3
TKT-0007514,CUST-001618,2024-10-14,Billing,Medium,45.4,5
TKT-0007515,CUST-000243,2023-05-31,Bug,Medium,26.4,4
TKT-0007516,CUST-000372,2023-12-10,Bug,Medium,23.0,4
TKT-0007517,CUST-004058,2024-08-07,Technical,High,81.9,3
TKT-0007518,CUST-000370,2023-04-25,Technical,High,110.5,3
TKT-0007519,CUST-001646,2023-08-01,Bug,Low,28.4,1
TKT-0007520,CUST-003746,2024-03-28,Account,High,37.2,4
TKT-0007521,CUST-003055,2023-06-26,Feature Request,Medium,32.9,5
TKT-0007522,CUST-000559,2023-01-11,Bug,Medium,66.9,4
TKT-0007523,CUST-001673,2024-02-28,Billing,Medium,40.9,4
TKT-0007524,CUST-001953,2024-04-24,Technical,Critical,186.2,2
TKT-0007525,CUST-000586,2024-03-27,Bug,Low,17.7,3
TKT-0007526,CUST-000748,2024-10-15,Bug,High,82.7,4
TKT-0007527,CUST-004971,2024-11-14,Technical,High,90.8,4
TKT-0007528,CUST-002820,2023-08-11,Bug,Low,27.3,5
TKT-0007529,CUST-004956,2023-03-03,Bug,Medium,42.6,4
TKT-0007530,CUST-004307,2024-09-27,Technical,High,60.9,4
TKT-0007531,CUST-003312,2024-11-23,Bug,Critical,84.4,5
TKT-0007532,CUST-004731,2024-04-16,Feature Request,Low,24.0,4
TKT-0007533,CUST-003483,2024-07-29,Feature Request,Low,11.5,3
TKT-0007534,CUST-004668,2023-01-28,Account,Medium,56.5,4
TKT-0007535,CUST-000302,2023-09-04,Bug,Low,18.4,5
TKT-0007536,CUST-000935,2024-09-18,Feature Request,Low,11.3,3
TKT-0007537,CUST-002167,2024-09-18,Account,Medium,52.2,4
TKT-0007538,CUST-003510,2023-08-07,Billing,Medium,52.8,4
TKT-0007539,CUST-000113,2023-09-19,Account,Medium,65.6,5
TKT-0007540,CUST-004620,2024-02-14,Bug,High,51.3,3
TKT-0007541,CUST-001229,2024-07-26,Technical,Medium,57.1,5
TKT-0007542,CUST-001170,2024-02-09,Billing,Medium,32.6,5
TKT-0007543,CUST-002836,2023-06-14,Bug,Medium,21.2,3
TKT-0007544,CUST-002148,2023-02-22,Feature Request,Low,28.4,4
TKT-0007545,CUST-001762,2024-05-05,Account,Medium,44.8,4
TKT-0007546,CUST-000881,2023-12-18,Feature Request,High,57.7,5
TKT-0007547,CUST-002850,2023-08-06,Billing,Medium,61.9,5
TKT-0007548,CUST-004612,2024-07-30,Bug,Low,22.1,4
TKT-0007549,CUST-001064,2023-04-29,Bug,Medium,57.9,4
TKT-0007550,CUST-002351,2024-09-05,Bug,Medium,42.1,3
TKT-0007551,CUST-004033,2023-03-31,Billing,Medium,40.4,5
TKT-0007552,CUST-000721,2024-11-06,Billing,High,74.4,5
TKT-0007553,CUST-001892,2024-10-17,Bug,Medium,68.9,2
TKT-0007554,CUST-004659,2024-08-19,Feature Request,High,95.6,5
TKT-0007555,CUST-004307,2023-07-14,Billing,Medium,38.1,3
TKT-0007556,CUST-003724,2024-07-16,Technical,Medium,48.6,5
TKT-0007557,CUST-001084,2023-06-11,Feature Request,High,71.6,2
TKT-0007558,CUST-002716,2024-06-13,Feature Request,Medium,46.2,5
TKT-0007559,CUST-001368,2024-12-01,Billing,Medium,63.5,3
TKT-0007560,CUST-003343,2024-07-31,Account,Medium,36.3,5
TKT-0007561,CUST-000945,2023-03-27,Billing,High,48.1,4
TKT-0007562,CUST-001795,2024-06-06,Feature Request,Medium,28.7,5
TKT-0007563,CUST-000531,2023-08-04,Billing,Medium,37.6,5
TKT-0007564,CUST-001817,2023-11-25,Billing,Low,28.2,4
TKT-0007565,CUST-002400,2023-01-14,Feature Request,Low,36.3,5
TKT-0007566,CUST-004967,2024-03-29,Feature Request,Medium,37.1,5
TKT-0007567,CUST-001127,2023-08-30,Feature Request,High,91.6,3
TKT-0007568,CUST-004341,2024-09-29,Billing,High,86.8,2
TKT-0007569,CUST-004513,2024-05-27,Technical,Low,21.5,5
TKT-0007570,CUST-000238,2023-11-07,Billing,Low,18.8,5
TKT-0007571,CUST-004855,2024-06-28,Feature Request,Low,13.5,5
TKT-0007572,CUST-000198,2024-10-15,Technical,Medium,46.4,5
TKT-0007573,CUST-002724,2023-11-26,Feature Request,Medium,53.3,5
TKT-0007574,CUST-001622,2023-12-14,Billing,High,76.4,4
TKT-0007575,CUST-002344,2023-01-12,Billing,Low,19.4,4
TKT-0007576,CUST-004765,2024-01-07,Technical,Low,35.6,4
TKT-0007577,CUST-002452,2023-02-07,Feature Request,High,97.8,3
TKT-0007578,CUST-000019,2024-02-05,Account,High,68.3,5
TKT-0007579,CUST-000652,2024-06-05,Account,Critical,182.4,3
TKT-0007580,CUST-002210,2023-05-02,Bug,Medium,26.4,4
TKT-0007581,CUST-000981,2023-12-21,Account,High,106.4,4
TKT-0007582,CUST-003992,2023-04-07,Account,Medium,25.7,4
TKT-0007583,CUST-002780,2024-12-02,Feature Request,High,28.3,5
TKT-0007584,CUST-002487,2023-03-30,Technical,Medium,29.1,5
TKT-0007585,CUST-001467,2023-09-29,Bug,Medium,60.2,3
TKT-0007586,CUST-004246,2024-02-29,Technical,Low,22.1,3
TKT-0007587,CUST-003604,2023-05-17,Technical,Low,17.6,5
TKT-0007588,CUST-003742,2024-04-16,Feature Request,Medium,39.6,4
TKT-0007589,CUST-004579,2024-05-29,Billing,Medium,56.3,5
TKT-0007590,CUST-003174,2023-12-08,Technical,High,122.7,5
TKT-0007591,CUST-003120,2024-02-09,Billing,High,50.4,5
TKT-0007592,CUST-000182,2024-10-11,Feature Request,Medium,56.0,5
TKT-0007593,CUST-004090,2024-02-21,Feature Request,Medium,71.6,3
TKT-0007594,CUST-004157,2023-06-14,Bug,Low,21.1,3
TKT-0007595,CUST-003634,2023-03-15,Billing,Medium,48.3,4
TKT-0007596,CUST-002896,2024-04-25,Bug,Medium,57.0,4
TKT-0007597,CUST-001036,2024-12-24,Account,Medium,54.7,4
TKT-0007598,CUST-000623,2024-02-07,Account,High,46.4,4
TKT-0007599,CUST-003213,2023-06-15,Billing,Medium,45.9,5
TKT-0007600,CUST-003857,2024-11-22,Feature Request,Low,16.5,5
TKT-0007601,CUST-003416,2024-04-18,Account,Medium,41.1,5
TKT-0007602,CUST-003420,2023-07-01,Bug,Medium,38.9,5
TKT-0007603,CUST-004520,2023-11-14,Billing,High,79.5,4
TKT-0007604,CUST-003227,2023-08-24,Account,Medium,59.3,5
TKT-0007605,CUST-001855,2024-06-01,Bug,Critical,91.7,2
TKT-0007606,CUST-002060,2023-05-07,Account,Low,27.9,2
TKT-0007607,CUST-004666,2023-11-09,Account,Medium,47.2,3
TKT-0007608,CUST-001651,2023-10-03,Billing,Low,18.8,4
TKT-0007609,CUST-004045,2024-01-07,Bug,High,103.3,5
TKT-0007610,CUST-000412,2024-02-24,Bug,Low,23.9,4
TKT-0007611,CUST-002861,2023-12-26,Bug,Critical,73.5,5
TKT-0007612,CUST-003116,2023-03-27,Billing,High,104.1,4
TKT-0007613,CUST-001306,2024-12-27,Account,Critical,173.3,5
TKT-0007614,CUST-002376,2023-10-02,Account,High,106.5,5
TKT-0007615,CUST-001768,2024-08-29,Bug,Low,32.9,3
TKT-0007616,CUST-000972,2024-09-08,Account,Low,29.3,5
TKT-0007617,CUST-001345,2024-04-08,Feature Request,Low,31.4,4
TKT-0007618,CUST-003835,2023-12-18,Account,Low,25.6,5
TKT-0007619,CUST-000530,2023-07-28,Technical,Medium,48.6,4
TKT-0007620,CUST-000689,2024-10-27,Bug,Medium,63.8,1
TKT-0007621,CUST-004484,2023-02-05,Technical,High,49.2,2
TKT-0007622,CUST-000304,2023-03-13,Feature Request,Low,30.2,3
TKT-0007623,CUST-002538,2023-10-31,Billing,Low,23.2,2
TKT-0007624,CUST-004065,2023-09-23,Account,Medium,66.6,3
TKT-0007625,CUST-000990,2024-01-30,Account,Low,29.2,3
TKT-0007626,CUST-003105,2023-08-06,Bug,Low,26.9,5
TKT-0007627,CUST-004826,2023-09-07,Billing,Medium,67.0,5
TKT-0007628,CUST-000570,2024-07-11,Technical,High,107.6,5
TKT-0007629,CUST-004980,2023-09-25,Bug,Medium,50.7,4
TKT-0007630,CUST-002491,2023-11-26,Technical,Low,20.8,5
TKT-0007631,CUST-004160,2023-11-29,Billing,High,92.6,2
TKT-0007632,CUST-004280,2023-10-18,Technical,Medium,42.6,5
TKT-0007633,CUST-000369,2023-12-08,Technical,High,97.4,1
TKT-0007634,CUST-002743,2023-01-04,Bug,High,68.2,4
TKT-0007635,CUST-003381,2023-04-02,Technical,High,80.8,3
TKT-0007636,CUST-003303,2023-05-09,Account,Critical,148.4,4
TKT-0007637,CUST-003537,2024-11-02,Feature Request,Medium,45.9,5
TKT-0007638,CUST-001740,2023-05-26,Technical,Low,22.2,3
TKT-0007639,CUST-002452,2023-05-24,Bug,Low,30.4,4
TKT-0007640,CUST-002217,2023-03-17,Bug,High,54.2,3
TKT-0007641,CUST-000161,2024-09-23,Account,Medium,51.7,3
TKT-0007642,CUST-001599,2024-12-04,Feature Request,Low,29.9,4
TKT-0007643,CUST-002131,2024-06-17,Technical,Medium,37.3,5
TKT-0007644,CUST-003577,2024-10-24,Bug,High,46.4,4
TKT-0007645,CUST-003656,2024-05-29,Bug,Medium,35.2,4
TKT-0007646,CUST-000768,2023-11-01,Account,High,73.2,4
TKT-0007647,CUST-002239,2024-07-27,Technical,High,81.9,4
TKT-0007648,CUST-002889,2023-04-13,Account,Medium,64.5,4
TKT-0007649,CUST-001028,2023-07-29,Technical,High,75.1,5
TKT-0007650,CUST-001631,2023-03-22,Feature Request,High,70.0,5
TKT-0007651,CUST-004116,2023-05-12,Technical,Low,19.2,5
TKT-0007652,CUST-002650,2023-02-24,Feature Request,Low,24.3,1
TKT-0007653,CUST-003150,2024-01-02,Technical,High,67.2,5
TKT-0007654,CUST-003626,2024-09-13,Feature Request,Medium,74.4,4
TKT-0007655,CUST-001730,2023-09-08,Technical,Low,38.1,5
TKT-0007656,CUST-001156,2023-02-27,Bug,Low,22.8,5
TKT-0007657,CUST-004113,2024-07-20,Bug,Critical,113.3,5
TKT-0007658,CUST-001476,2024-08-10,Feature Request,Medium,59.8,5
TKT-0007659,CUST-001156,2024-06-16,Bug,Medium,56.7,3
TKT-0007660,CUST-000266,2024-09-24,Bug,High,30.5,4
TKT-0007661,CUST-000540,2024-12-30,Technical,Low,24.2,4
TKT-0007662,CUST-001059,2023-08-28,Technical,Medium,33.1,4
TKT-0007663,CUST-004953,2023-01-25,Bug,Low,17.2,4
TKT-0007664,CUST-003014,2024-08-02,Bug,Critical,127.8,5
TKT-0007665,CUST-004662,2024-12-19,Billing,Critical,133.1,5
TKT-0007666,CUST-002062,2023-06-05,Bug,Low,25.5,4
TKT-0007667,CUST-003806,2024-10-31,Account,Medium,43.8,4
TKT-0007668,CUST-000772,2023-07-09,Technical,Medium,60.3,3
TKT-0007669,CUST-000345,2023-06-05,Technical,Low,26.4,1
TKT-0007670,CUST-001005,2024-12-30,Account,Low,38.5,2
TKT-0007671,CUST-004829,2023-02-10,Account,High,75.0,5
TKT-0007672,CUST-002769,2023-06-18,Billing,High,44.1,5
TKT-0007673,CUST-001074,2023-11-13,Feature Request,High,44.3,3
TKT-0007674,CUST-002187,2023-03-12,Technical,High,59.8,4
TKT-0007675,CUST-000200,2024-05-26,Account,Medium,52.2,4
TKT-0007676,CUST-002677,2024-03-12,Technical,Medium,52.5,2
TKT-0007677,CUST-003178,2024-02-22,Technical,Low,16.8,4
TKT-0007678,CUST-001524,2024-08-29,Technical,Medium,56.4,3
TKT-0007679,CUST-002331,2024-03-25,Account,Low,35.0,4
TKT-0007680,CUST-004969,2023-02-16,Billing,Medium,38.3,4
TKT-0007681,CUST-003407,2024-11-27,Technical,Medium,41.0,4
TKT-0007682,CUST-002068,2024-02-18,Technical,Low,17.4,3
TKT-0007683,CUST-001098,2024-06-27,Bug,Low,21.6,4
TKT-0007684,CUST-001947,2023-07-26,Bug,Medium,67.0,5
TKT-0007685,CUST-003354,2024-12-14,Feature Request,High,94.1,5
TKT-0007686,CUST-000768,2024-07-14,Account,High,86.3,3
TKT-0007687,CUST-003215,2023-06-12,Technical,Medium,35.3,3
TKT-0007688,CUST-002066,2024-07-19,Account,Low,27.2,5
TKT-0007689,CUST-003735,2023-06-18,Account,High,90.3,4
TKT-0007690,CUST-000741,2024-01-23,Technical,Critical,135.3,3
TKT-0007691,CUST-000558,2024-12-25,Feature Request,Medium,42.3,4
TKT-0007692,CUST-000374,2024-02-23,Bug,High,50.9,1
TKT-0007693,CUST-002075,2024-04-04,Billing,High,85.0,4
TKT-0007694,CUST-000321,2023-10-24,Account,Medium,39.9,4
TKT-0007695,CUST-000832,2023-03-03,Account,Medium,55.8,4
TKT-0007696,CUST-001894,2024-12-01,Bug,High,71.1,4
TKT-0007697,CUST-004833,2023-01-19,Billing,Medium,69.8,5
TKT-0007698,CUST-003246,2024-11-13,Billing,High,61.3,4
TKT-0007699,CUST-002818,2023-01-08,Bug,Medium,74.5,4
TKT-0007700,CUST-001786,2024-09-04,Feature Request,Low,28.5,5
TKT-0007701,CUST-000041,2024-11-10,Technical,Medium,48.9,5
TKT-0007702,CUST-001940,2024-05-07,Bug,Medium,41.6,4
TKT-0007703,CUST-003195,2024-05-14,Bug,High,86.9,4
TKT-0007704,CUST-000432,2023-08-15,Feature Request,High,58.2,5
TKT-0007705,CUST-004977,2023-12-02,Billing,Medium,60.0,4
TKT-0007706,CUST-004417,2024-12-08,Billing,High,56.5,3
TKT-0007707,CUST-000655,2023-10-28,Billing,High,53.4,3
TKT-0007708,CUST-004610,2024-08-17,Technical,Medium,36.9,5
TKT-0007709,CUST-000710,2024-11-05,Account,High,100.7,4
TKT-0007710,CUST-001083,2024-02-24,Account,High,52.9,4
TKT-0007711,CUST-000544,2023-07-09,Billing,Medium,37.5,4
TKT-0007712,CUST-002194,2024-01-10,Account,Medium,37.5,2
TKT-0007713,CUST-003269,2024-11-12,Bug,Low,28.7,4
TKT-0007714,CUST-005000,2024-09-04,Account,Medium,44.1,4
TKT-0007715,CUST-004529,2023-12-25,Bug,High,89.8,4
TKT-0007716,CUST-002551,2024-08-28,Account,Medium,28.1,5
TKT-0007717,CUST-000925,2023-01-19,Technical,Low,20.6,5
TKT-0007718,CUST-000791,2023-04-29,Billing,Medium,42.6,4
TKT-0007719,CUST-004321,2023-05-25,Bug,Low,22.6,4
TKT-0007720,CUST-001380,2023-04-03,Bug,Low,13.1,5
TKT-0007721,CUST-004555,2023-08-11,Bug,Low,20.5,5
TKT-0007722,CUST-004528,2024-01-08,Account,High,88.8,5
TKT-0007723,CUST-001617,2023-12-07,Bug,High,63.3,5
TKT-0007724,CUST-003757,2023-07-13,Billing,High,107.4,3
TKT-0007725,CUST-003810,2023-02-23,Bug,Low,22.5,4
TKT-0007726,CUST-001853,2023-05-02,Feature Request,Medium,43.9,1
TKT-0007727,CUST-000848,2023-06-15,Account,Medium,30.9,5
TKT-0007728,CUST-000519,2023-12-13,Technical,Medium,27.6,5
TKT-0007729,CUST-002574,2023-08-16,Bug,Low,13.4,4
TKT-0007730,CUST-004265,2023-09-16,Account,Medium,60.1,5
TKT-0007731,CUST-000114,2024-12-02,Billing,Low,20.3,5
TKT-0007732,CUST-004008,2023-07-23,Technical,High,70.0,3
TKT-0007733,CUST-002629,2024-03-18,Account,High,63.6,4
TKT-0007734,CUST-001583,2023-09-22,Feature Request,Low,8.3,5
TKT-0007735,CUST-002085,2024-02-03,Technical,Critical,143.9,4
TKT-0007736,CUST-003733,2024-03-15,Billing,Medium,28.1,4
TKT-0007737,CUST-002547,2024-08-18,Feature Request,Medium,22.0,3
TKT-0007738,CUST-001926,2023-08-16,Account,Medium,34.2,3
TKT-0007739,CUST-002445,2024-04-21,Feature Request,High,54.1,3
TKT-0007740,CUST-003499,2023-03-05,Account,Low,18.1,4
TKT-0007741,CUST-004567,2024-03-12,Feature Request,High,67.8,4
TKT-0007742,CUST-001251,2024-05-01,Account,Medium,25.9,5
TKT-0007743,CUST-004471,2024-10-11,Technical,Critical,113.4,4
TKT-0007744,CUST-003874,2023-12-03,Technical,High,78.3,3
TKT-0007745,CUST-003861,2024-03-21,Feature Request,Critical,41.1,3
TKT-0007746,CUST-004027,2023-11-02,Feature Request,Medium,37.0,3
TKT-0007747,CUST-000196,2023-10-25,Feature Request,Low,18.6,4
TKT-0007748,CUST-004438,2023-01-24,Bug,Critical,162.5,4
TKT-0007749,CUST-002037,2023-08-04,Bug,Medium,44.3,3
TKT-0007750,CUST-004277,2024-10-06,Billing,Medium,47.5,3
TKT-0007751,CUST-001275,2023-03-30,Technical,Medium,47.7,4
TKT-0007752,CUST-003079,2023-10-02,Technical,Low,22.4,4
TKT-0007753,CUST-002130,2024-06-11,Feature Request,Critical,142.7,4
TKT-0007754,CUST-004831,2023-06-29,Account,Medium,32.6,2
TKT-0007755,CUST-002889,2023-07-07,Technical,Medium,35.8,4
TKT-0007756,CUST-003511,2023-05-03,Billing,Medium,71.9,3
TKT-0007757,CUST-002357,2023-03-17,Bug,Medium,33.0,5
TKT-0007758,CUST-003068,2024-09-26,Account,Critical,116.6,4
TKT-0007759,CUST-000992,2023-09-24,Feature Request,Low,24.6,4
TKT-0007760,CUST-001531,2023-12-05,Bug,High,77.5,5
TKT-0007761,CUST-004588,2024-12-15,Account,Medium,48.1,5
TKT-0007762,CUST-003944,2024-05-20,Bug,Low,32.1,2
TKT-0007763,CUST-004415,2023-07-04,Account,High,56.5,4
TKT-0007764,CUST-003360,2023-01-20,Billing,High,52.5,4
TKT-0007765,CUST-001998,2023-12-22,Feature Request,Low,24.6,5
TKT-0007766,CUST-000564,2024-01-19,Feature Request,Low,14.0,4
TKT-0007767,CUST-002673,2023-11-24,Bug,Medium,58.4,4
TKT-0007768,CUST-000770,2023-08-21,Bug,Low,21.2,3
TKT-0007769,CUST-000162,2023-06-16,Technical,Low,23.9,1
TKT-0007770,CUST-004202,2023-04-14,Account,Medium,67.8,4
TKT-0007771,CUST-001619,2024-02-11,Bug,High,68.8,4
TKT-0007772,CUST-004130,2024-10-26,Bug,Medium,57.2,3
TKT-0007773,CUST-001632,2024-07-18,Bug,Medium,33.4,4
TKT-0007774,CUST-001304,2023-11-29,Bug,Low,15.3,4
TKT-0007775,CUST-000733,2023-12-27,Account,Medium,19.5,4
TKT-0007776,CUST-003105,2023-11-21,Bug,High,113.4,4
TKT-0007777,CUST-002075,2023-01-01,Billing,Medium,58.7,1
TKT-0007778,CUST-001762,2023-06-07,Account,Medium,53.5,5
TKT-0007779,CUST-002164,2024-02-01,Bug,Low,27.0,4
TKT-0007780,CUST-001268,2024-09-02,Billing,Medium,29.1,2
TKT-0007781,CUST-000297,2023-10-19,Billing,Low,17.9,5
TKT-0007782,CUST-004050,2024-01-12,Bug,Low,13.3,5
TKT-0007783,CUST-002999,2023-01-15,Billing,Medium,48.7,4
TKT-0007784,CUST-001216,2023-12-28,Feature Request,Medium,62.3,4
TKT-0007785,CUST-004726,2024-06-19,Feature Request,High,90.2,3
TKT-0007786,CUST-003269,2023-08-02,Billing,Medium,22.3,4
TKT-0007787,CUST-004432,2024-02-06,Bug,Low,35.2,5
TKT-0007788,CUST-000442,2023-02-25,Account,Low,24.3,3
TKT-0007789,CUST-000861,2024-04-18,Account,Medium,28.9,2
TKT-0007790,CUST-004717,2023-06-12,Bug,Medium,43.3,5
TKT-0007791,CUST-001021,2023-06-02,Bug,Medium,10.7,5
TKT-0007792,CUST-004955,2024-07-27,Bug,High,15.1,5
TKT-0007793,CUST-003314,2024-05-29,Feature Request,High,47.4,3
TKT-0007794,CUST-002238,2023-10-16,Account,Low,23.8,2
TKT-0007795,CUST-001476,2024-08-15,Billing,Medium,25.0,4
TKT-0007796,CUST-001299,2024-08-13,Account,Low,27.3,4
TKT-0007797,CUST-003120,2023-07-24,Feature Request,Low,26.4,2
TKT-0007798,CUST-000241,2024-08-16,Billing,High,94.3,5
TKT-0007799,CUST-002738,2023-06-03,Feature Request,High,87.8,2
TKT-0007800,CUST-001942,2024-06-28,Bug,High,103.5,4
TKT-0007801,CUST-004056,2024-10-11,Technical,Low,23.5,2
TKT-0007802,CUST-004028,2024-07-26,Technical,Medium,66.3,2
TKT-0007803,CUST-003645,2024-12-29,Account,Low,33.0,2
TKT-0007804,CUST-003812,2024-12-29,Technical,Low,27.4,4
TKT-0007805,CUST-001024,2024-02-21,Billing,High,79.0,4
TKT-0007806,CUST-004163,2024-02-02,Technical,High,109.0,4
TKT-0007807,CUST-002974,2024-06-01,Billing,High,87.7,4
TKT-0007808,CUST-000449,2024-08-15,Account,Low,16.2,4
TKT-0007809,CUST-002529,2024-06-25,Feature Request,Medium,62.6,5
TKT-0007810,CUST-001419,2023-01-15,Billing,High,94.0,4
TKT-0007811,CUST-003391,2023-04-11,Billing,Medium,52.0,1
TKT-0007812,CUST-000375,2023-02-01,Technical,Low,25.6,4
TKT-0007813,CUST-004948,2024-02-14,Bug,High,104.1,2
TKT-0007814,CUST-004379,2024-10-09,Technical,High,78.2,1
TKT-0007815,CUST-002515,2024-11-25,Technical,Medium,56.4,4
TKT-0007816,CUST-002723,2023-12-15,Feature Request,Medium,63.8,4
TKT-0007817,CUST-002984,2023-07-04,Bug,Medium,16.1,5
TKT-0007818,CUST-004842,2024-06-26,Feature Request,Low,33.4,4
TKT-0007819,CUST-004070,2023-12-19,Billing,Medium,50.6,5
TKT-0007820,CUST-001416,2023-10-19,Billing,Medium,51.2,5
TKT-0007821,CUST-001148,2023-11-16,Technical,Medium,53.8,5
TKT-0007822,CUST-000077,2023-07-20,Feature Request,Medium,36.7,4
TKT-0007823,CUST-003640,2023-02-02,Bug,Medium,36.3,3
TKT-0007824,CUST-002392,2023-11-18,Feature Request,Medium,66.0,2
TKT-0007825,CUST-001376,2023-06-28,Bug,Medium,83.9,4
TKT-0007826,CUST-002856,2024-11-07,Technical,Medium,44.2,5
TKT-0007827,CUST-003380,2023-08-05,Account,High,81.3,1
TKT-0007828,CUST-000053,2024-03-11,Billing,Low,25.6,3
TKT-0007829,CUST-001810,2023-04-16,Feature Request,Low,10.3,4
TKT-0007830,CUST-002319,2023-09-18,Billing,Medium,44.6,3
TKT-0007831,CUST-000795,2023-04-08,Technical,Low,22.7,4
TKT-0007832,CUST-003507,2024-03-18,Bug,High,41.7,4
TKT-0007833,CUST-003009,2023-08-28,Bug,Low,34.8,4
TKT-0007834,CUST-000253,2024-10-30,Bug,High,67.4,5
TKT-0007835,CUST-000975,2024-03-31,Technical,High,97.3,4
TKT-0007836,CUST-002618,2023-01-19,Bug,Low,20.3,4
TKT-0007837,CUST-002454,2024-04-16,Technical,Low,18.8,5
TKT-0007838,CUST-004298,2024-10-15,Bug,Medium,36.2,5
TKT-0007839,CUST-003544,2023-06-15,Account,High,37.0,4
TKT-0007840,CUST-001469,2024-05-23,Feature Request,Medium,35.9,3
TKT-0007841,CUST-001965,2023-09-24,Technical,Low,23.1,4
TKT-0007842,CUST-003663,2024-12-23,Bug,Medium,51.0,4
TKT-0007843,CUST-001230,2023-05-23,Technical,Medium,40.3,5
TKT-0007844,CUST-003117,2023-01-30,Bug,High,103.5,4
TKT-0007845,CUST-004506,2023-02-16,Billing,Low,30.8,4
TKT-0007846,CUST-003281,2024-11-05,Bug,Medium,57.7,5
TKT-0007847,CUST-001808,2024-10-14,Bug,Low,34.1,4
TKT-0007848,CUST-002513,2023-12-24,Feature Request,Medium,42.6,3
TKT-0007849,CUST-000523,2023-02-24,Bug,Low,23.6,5
TKT-0007850,CUST-000974,2023-07-07,Feature Request,Low,23.8,3
TKT-0007851,CUST-003920,2024-10-27,Feature Request,Medium,42.8,4
TKT-0007852,CUST-002955,2024-09-27,Billing,Critical,163.3,4
TKT-0007853,CUST-002274,2023-10-28,Account,Medium,74.0,5
TKT-0007854,CUST-004197,2023-01-05,Account,Medium,35.2,5
TKT-0007855,CUST-004512,2024-03-29,Technical,Low,27.9,5
TKT-0007856,CUST-001367,2024-08-06,Bug,Critical,156.5,4
TKT-0007857,CUST-002172,2024-09-20,Feature Request,High,35.5,4
TKT-0007858,CUST-003473,2023-08-21,Feature Request,Low,17.8,4
TKT-0007859,CUST-002160,2024-09-08,Billing,High,43.0,2
TKT-0007860,CUST-000268,2024-03-29,Billing,High,47.6,5
TKT-0007861,CUST-002590,2024-04-30,Technical,Low,34.2,1
TKT-0007862,CUST-000937,2024-07-28,Billing,Critical,146.0,4
TKT-0007863,CUST-003486,2024-06-08,Account,High,45.4,3
TKT-0007864,CUST-004508,2023-03-27,Billing,High,44.3,4
TKT-0007865,CUST-003629,2023-02-18,Bug,Medium,46.6,4
TKT-0007866,CUST-003377,2023-09-26,Technical,High,43.4,3
TKT-0007867,CUST-000732,2024-06-04,Account,Medium,34.9,5
TKT-0007868,CUST-004790,2024-01-14,Feature Request,High,97.2,4
TKT-0007869,CUST-002658,2024-08-22,Billing,Medium,29.1,3
TKT-0007870,CUST-001984,2023-04-13,Feature Request,Low,38.8,5
TKT-0007871,CUST-004115,2023-12-23,Bug,Low,24.6,5
TKT-0007872,CUST-001188,2024-09-03,Bug,Low,42.1,4
TKT-0007873,CUST-001043,2023-01-26,Bug,Low,33.8,5
TKT-0007874,CUST-001942,2024-01-03,Feature Request,Low,18.2,3
TKT-0007875,CUST-002222,2023-09-29,Technical,Low,13.1,5
TKT-0007876,CUST-003583,2023-06-24,Billing,High,27.9,3
TKT-0007877,CUST-000032,2023-10-31,Feature Request,High,65.8,4
TKT-0007878,CUST-000477,2024-07-23,Account,Medium,51.1,5
TKT-0007879,CUST-003253,2024-04-02,Bug,High,93.5,2
TKT-0007880,CUST-003931,2024-06-19,Feature Request,Low,28.8,4
TKT-0007881,CUST-000577,2023-10-17,Account,Low,21.2,5
TKT-0007882,CUST-000803,2024-10-10,Bug,Medium,72.4,4
TKT-0007883,CUST-001787,2023-02-15,Account,Low,17.1,5
TKT-0007884,CUST-004020,2023-11-12,Technical,High,47.3,3
TKT-0007885,CUST-000528,2023-04-18,Bug,Medium,51.2,4
TKT-0007886,CUST-002554,2023-11-11,Bug,Low,24.0,4
TKT-0007887,CUST-000361,2024-05-26,Feature Request,Low,19.5,3
TKT-0007888,CUST-000369,2023-04-17,Bug,Medium,41.6,5
TKT-0007889,CUST-004199,2023-09-24,Billing,Medium,28.2,4
TKT-0007890,CUST-003368,2023-01-07,Account,Medium,47.6,5
TKT-0007891,CUST-000933,2024-11-27,Feature Request,Low,22.5,3
TKT-0007892,CUST-002528,2024-06-08,Account,Medium,32.8,5
TKT-0007893,CUST-000459,2024-06-14,Feature Request,High,108.7,5
TKT-0007894,CUST-000340,2024-04-19,Billing,Medium,36.1,4
TKT-0007895,CUST-002658,2024-05-14,Feature Request,Medium,43.1,5
TKT-0007896,CUST-000788,2024-08-13,Technical,Medium,40.0,4
TKT-0007897,CUST-003227,2023-12-24,Technical,Low,30.9,4
TKT-0007898,CUST-001227,2023-03-21,Technical,High,78.9,4
TKT-0007899,CUST-001117,2023-11-28,Bug,Medium,39.3,4
TKT-0007900,CUST-004328,2024-12-15,Billing,Low,15.0,3
TKT-0007901,CUST-001667,2024-02-15,Account,High,101.8,5
TKT-0007902,CUST-000454,2024-09-16,Billing,Medium,23.1,5
TKT-0007903,CUST-001338,2024-08-25,Account,Medium,84.5,3
TKT-0007904,CUST-000033,2023-06-14,Billing,Low,22.2,2
TKT-0007905,CUST-001105,2023-05-18,Account,High,60.8,5
TKT-0007906,CUST-002940,2024-08-28,Feature Request,Low,19.2,5
TKT-0007907,CUST-004216,2023-04-28,Billing,High,79.1,5
TKT-0007908,CUST-000659,2024-10-23,Feature Request,Medium,64.8,3
TKT-0007909,CUST-003714,2023-07-24,Bug,Medium,73.7,5
TKT-0007910,CUST-002503,2024-04-12,Technical,Medium,43.1,3
TKT-0007911,CUST-004014,2024-10-09,Bug,Medium,47.8,5
TKT-0007912,CUST-001227,2024-08-19,Bug,Medium,52.1,3
TKT-0007913,CUST-001089,2023-02-04,Account,High,16.3,4
TKT-0007914,CUST-000007,2024-10-05,Feature Request,Medium,37.3,2
TKT-0007915,CUST-000220,2023-03-06,Feature Request,Medium,55.1,4
TKT-0007916,CUST-004351,2024-02-12,Technical,Low,33.1,3
TKT-0007917,CUST-002337,2024-07-21,Technical,Low,17.3,4
TKT-0007918,CUST-002511,2024-06-20,Bug,Medium,48.6,5
TKT-0007919,CUST-002825,2023-10-16,Bug,High,49.4,5
TKT-0007920,CUST-002013,2024-11-21,Account,Low,24.5,4
TKT-0007921,CUST-004686,2023-01-15,Technical,Critical,103.3,4
TKT-0007922,CUST-003162,2023-11-12,Bug,Medium,67.9,4
TKT-0007923,CUST-000702,2024-12-16,Technical,Medium,52.3,1
TKT-0007924,CUST-004664,2024-05-04,Bug,High,124.6,1
TKT-0007925,CUST-001639,2024-02-18,Account,High,82.8,4
TKT-0007926,CUST-001299,2024-12-07,Bug,Critical,112.7,4
TKT-0007927,CUST-001187,2023-08-30,Feature Request,Low,28.7,5
TKT-0007928,CUST-003101,2023-08-24,Feature Request,High,62.9,4
TKT-0007929,CUST-001058,2023-01-12,Billing,High,67.2,5
TKT-0007930,CUST-002374,2024-09-30,Technical,Medium,69.5,4
TKT-0007931,CUST-000329,2024-12-09,Technical,Low,10.5,5
TKT-0007932,CUST-002234,2024-08-18,Feature Request,Low,22.8,5
TKT-0007933,CUST-003064,2023-11-14,Billing,Medium,60.6,3
TKT-0007934,CUST-001009,2024-04-27,Account,Medium,38.4,3
TKT-0007935,CUST-002760,2024-10-18,Bug,Low,21.4,2
TKT-0007936,CUST-003298,2024-09-02,Billing,High,35.0,3
TKT-0007937,CUST-000774,2023-04-13,Account,High,82.9,5
TKT-0007938,CUST-002922,2023-11-09,Technical,High,71.6,5
TKT-0007939,CUST-000309,2023-04-15,Technical,Medium,91.3,5
TKT-0007940,CUST-001905,2023-11-18,Bug,Medium,61.5,4
TKT-0007941,CUST-002674,2024-11-01,Account,High,57.5,4
TKT-0007942,CUST-000769,2024-08-13,Bug,Low,13.6,4
TKT-0007943,CUST-001983,2023-07-10,Feature Request,Medium,55.8,5
TKT-0007944,CUST-000952,2024-05-28,Account,Low,11.5,4
TKT-0007945,CUST-004849,2023-11-06,Feature Request,Medium,45.4,3
TKT-0007946,CUST-002822,2023-05-22,Account,Medium,51.4,5
TKT-0007947,CUST-003062,2024-04-23,Technical,Medium,39.1,3
TKT-0007948,CUST-003747,2024-01-25,Billing,Low,23.8,5
TKT-0007949,CUST-004056,2024-05-17,Account,Medium,51.9,4
TKT-0007950,CUST-001812,2024-04-12,Bug,Low,30.8,4
TKT-0007951,CUST-003161,2023-10-12,Technical,Medium,56.1,5
TKT-0007952,CUST-004539,2023-04-15,Account,High,62.0,3
TKT-0007953,CUST-000654,2024-03-19,Account,High,70.5,4
TKT-0007954,CUST-002635,2023-12-11,Technical,Medium,72.0,3
TKT-0007955,CUST-002436,2023-09-05,Feature Request,Medium,70.7,5
TKT-0007956,CUST-001170,2024-03-31,Feature Request,Low,23.7,2
TKT-0007957,CUST-000914,2023-10-14,Billing,Low,40.6,5
TKT-0007958,CUST-002125,2024-02-22,Feature Request,High,21.9,4
TKT-0007959,CUST-002822,2024-01-20,Bug,High,78.1,3
TKT-0007960,CUST-004245,2024-03-27,Billing,Critical,106.1,4
TKT-0007961,CUST-001474,2024-07-23,Bug,Medium,45.7,3
TKT-0007962,CUST-003349,2023-12-18,Billing,Medium,68.8,5
TKT-0007963,CUST-004348,2024-03-05,Bug,Low,23.1,4
TKT-0007964,CUST-003858,2023-07-30,Technical,Medium,58.9,5
TKT-0007965,CUST-002753,2024-12-01,Feature Request,Low,19.4,5
TKT-0007966,CUST-004439,2024-03-29,Account,Medium,46.1,3
TKT-0007967,CUST-001615,2023-04-14,Account,Critical,141.8,4
TKT-0007968,CUST-000622,2024-01-22,Feature Request,High,112.2,4
TKT-0007969,CUST-004099,2023-10-31,Billing,Low,26.3,5
TKT-0007970,CUST-002603,2023-08-31,Technical,Medium,45.2,4
TKT-0007971,CUST-000186,2024-02-11,Technical,High,51.0,5
TKT-0007972,CUST-003889,2023-03-11,Bug,Low,9.7,5
TKT-0007973,CUST-001266,2024-10-30,Billing,Medium,19.7,2
TKT-0007974,CUST-001991,2024-12-23,Billing,Low,27.7,5
TKT-0007975,CUST-002765,2023-04-27,Technical,High,70.8,3
TKT-0007976,CUST-004240,2023-04-07,Bug,Medium,58.9,3
TKT-0007977,CUST-001508,2024-02-19,Bug,Low,16.7,1
TKT-0007978,CUST-003518,2024-06-14,Bug,Low,33.0,3
TKT-0007979,CUST-000306,2024-01-13,Account,Medium,56.9,2
TKT-0007980,CUST-000230,2024-08-24,Bug,Medium,62.2,5
TKT-0007981,CUST-002618,2024-01-16,Feature Request,Low,21.0,4
TKT-0007982,CUST-003803,2023-05-22,Technical,Medium,54.8,4
TKT-0007983,CUST-003133,2023-11-15,Technical,High,50.6,3
TKT-0007984,CUST-003848,2023-03-14,Billing,Medium,45.8,3
TKT-0007985,CUST-002832,2024-05-21,Technical,High,25.4,5
TKT-0007986,CUST-004960,2023-05-01,Bug,Low,14.4,4
TKT-0007987,CUST-001990,2024-03-16,Feature Request,Medium,50.7,5
TKT-0007988,CUST-004154,2024-06-18,Account,High,59.3,4
TKT-0007989,CUST-004435,2024-05-20,Billing,Low,35.1,5
TKT-0007990,CUST-002817,2023-11-05,Feature Request,Low,21.6,5
TKT-0007991,CUST-004384,2024-05-17,Technical,High,65.3,5
TKT-0007992,CUST-002349,2024-07-14,Feature Request,High,123.2,3
TKT-0007993,CUST-001586,2023-06-17,Account,Low,28.7,5
TKT-0007994,CUST-001677,2023-11-19,Bug,Medium,47.6,5
TKT-0007995,CUST-002456,2024-02-21,Technical,Low,17.7,5
TKT-0007996,CUST-003188,2024-10-15,Feature Request,High,66.1,3
TKT-0007997,CUST-003614,2023-09-11,Feature Request,Medium,41.6,4
TKT-0007998,CUST-004670,2023-10-07,Billing,Medium,23.1,4
TKT-0007999,CUST-003048,2023-07-28,Bug,Medium,18.2,4
TKT-0008000,CUST-001847,2023-06-27,Bug,Medium,58.3,5
