price,median_income,house_age,avg_rooms,avg_bedrooms,population,avg_occupancy,latitude,longitude,lot_size_sqft,garage_spaces,has_pool,has_basement,distance_to_city,school_rating,property_tax_rate,year_built
272800.14,3.32,40,5.7,0.8,1882,3.12,37.22,-114.06,1536.0,3,0,1,18.2,6,1.24,1984
225760.23,2.57,1,1.3,1.4,1308,3.19,39.63,-116.24,1622.0,2,0,0,4.4,7,0.88,2023
230403.68,3.52,4,3.4,1.2,1328,2.92,36.56,-115.52,4127.0,2,1,0,53.0,3,1.34,2020
293804.31,5.0,30,6.9,1.0,1294,1.98,32.53,-118.28,2194.0,2,0,0,20.6,1,1.08,1994
221936.12,2.48,12,4.3,0.3,433,0.72,38.31,-120.84,5582.0,4,0,0,5.3,4,1.21,2012
302934.43,2.48,35,6.3,1.1,376,2.1,41.55,-114.09,3095.0,2,1,0,2.6,8,1.17,1989
354571.57,5.11,13,5.9,1.4,1072,-0.45,34.94,-121.94,6378.0,2,0,1,14.7,5,1.04,2011
293571.18,3.69,31,7.3,1.3,1312,2.5,40.25,-115.34,6980.0,2,0,1,30.0,7,1.11,1993
200378.71,2.25,38,3.5,0.4,619,2.26,36.83,-114.93,5641.0,2,0,1,13.2,5,1.36,1986
313564.48,3.38,43,6.1,1.7,796,1.6,38.61,-115.92,2310.0,2,0,0,0.2,5,1.53,1981
250756.23,2.26,23,5.4,1.9,1476,3.48,40.96,-123.3,1703.0,4,0,1,23.1,2,1.44,2001
186634.5,2.26,4,4.3,1.0,4125,2.59,39.82,-115.53,5629.0,2,0,1,50.0,6,1.5,2020
216428.96,2.99,16,4.3,2.3,3913,2.67,40.9,-117.53,2959.0,2,0,1,0.7,4,0.75,2008
240725.13,1.26,7,5.8,0.7,4020,4.67,32.59,-117.35,3295.0,2,0,1,24.8,7,0.95,2017
225331.69,1.36,22,6.4,0.5,805,2.61,34.28,-116.24,5294.0,2,1,0,19.0,9,0.89,2002
269750.62,2.17,29,5.6,0.6,1513,3.54,36.52,-119.35,1701.0,3,1,0,7.6,9,0.86,1995
252102.95,1.81,11,5.6,1.2,4858,1.7,40.55,-121.69,4001.0,4,0,0,15.1,9,1.08,2013
219521.32,3.08,33,4.8,0.2,440,3.31,40.46,-118.46,2329.0,2,0,0,2.6,4,0.84,1991
241608.39,1.89,29,4.9,0.9,1251,2.88,34.26,-123.36,4431.0,3,0,1,19.1,7,1.1,1995
179651.75,1.55,39,4.3,2.6,2159,3.11,33.85,-117.41,3616.0,2,1,0,13.1,4,1.01,1985
342025.85,4.89,12,4.7,0.3,462,1.53,40.43,-119.43,4632.0,4,0,0,1.4,6,1.59,2012
316453.77,2.48,7,6.4,0.8,2548,1.64,37.64,-119.23,2410.0,4,0,1,30.4,5,1.15,2017
259393.32,2.79,39,6.6,0.6,6232,2.58,38.45,-122.55,2090.0,2,0,1,2.1,1,1.71,1985
213633.78,1.54,42,3.6,1.0,4815,4.6,40.19,-124.07,2983.0,3,0,1,8.7,9,1.66,1982
243612.7,2.19,48,4.2,0.9,1568,1.27,34.51,-118.08,2230.0,3,1,1,2.1,8,1.14,1976
207145.72,2.84,26,4.4,0.8,3468,5.02,33.8,-117.58,2176.0,2,0,1,15.6,7,1.17,1998
243431.46,1.72,40,5.4,1.0,458,2.15,40.66,-119.27,2099.0,0,1,1,20.1,6,1.43,1984
245052.24,3.16,9,3.0,1.4,2259,3.1,33.56,-116.46,4091.0,2,0,1,44.1,6,0.76,2015
240559.91,2.14,41,4.2,1.8,1416,4.2,33.34,-118.58,7916.0,2,0,1,4.4,5,1.44,1983
257228.24,2.42,34,3.4,1.0,1604,2.57,35.13,-115.59,4431.0,3,0,1,6.8,10,1.66,1990
240330.24,2.14,45,6.1,1.1,1964,2.71,35.51,-121.47,4232.0,2,0,0,7.3,5,0.96,1979
442896.36,5.7,13,5.5,1.3,2465,4.74,34.79,-121.95,4180.0,3,0,1,1.5,3,1.23,2011
263257.44,2.7,36,4.8,0.5,565,4.32,39.55,-121.76,1888.0,2,0,1,24.7,7,1.03,1988
253415.72,1.78,25,3.9,1.0,825,3.84,41.75,-124.18,4215.0,2,1,0,1.3,8,1.5,1999
358346.05,3.78,24,4.8,0.8,1472,2.82,34.4,-115.04,1210.0,3,1,1,6.2,10,1.71,2000
180846.29,1.67,44,4.7,1.6,435,2.91,39.93,-114.01,3593.0,1,0,0,3.2,7,0.8,1980
289269.94,2.96,17,8.0,2.0,2017,1.71,32.92,-115.93,4302.0,0,1,0,16.4,5,1.23,2007
156723.34,1.24,2,7.0,0.7,3519,2.66,33.63,-120.17,4477.0,1,0,1,35.4,6,1.31,2022
194421.84,1.6,13,4.5,1.7,5506,3.08,37.39,-120.78,4128.0,0,1,0,20.6,6,1.41,2011
237774.22,2.94,31,5.7,0.4,1953,2.96,42.0,-116.37,1599.0,3,1,0,22.3,1,1.0,1993
414862.27,3.65,29,6.9,1.2,8177,3.36,41.52,-119.15,2162.0,2,1,1,1.2,6,1.04,1995
261719.13,2.91,50,4.5,1.2,1758,4.33,33.56,-114.64,5366.0,3,0,0,20.1,8,1.66,1974
269744.64,2.6,28,3.4,0.4,661,1.19,34.78,-121.56,3586.0,3,0,0,1.0,6,0.73,1996
201070.62,2.41,27,2.8,0.7,1728,2.24,41.49,-121.1,3491.0,2,0,0,9.9,9,1.24,1997
269830.76,1.5,15,7.4,0.6,1533,4.37,33.93,-114.01,2287.0,1,0,1,17.7,8,1.04,2009
268571.19,2.04,31,5.2,0.4,2732,5.96,39.56,-114.23,1718.0,2,1,0,4.4,8,1.1,1993
286716.63,2.26,40,5.9,-0.2,2245,1.71,32.51,-115.21,2068.0,3,1,0,17.2,6,1.72,1984
292945.99,4.15,15,4.6,1.0,2120,2.25,38.5,-120.25,1488.0,3,1,0,31.9,3,1.21,2009
222787.38,3.12,33,3.6,1.1,3918,1.43,37.2,-115.71,3926.0,0,0,0,31.6,9,1.64,1991
190199.65,1.34,20,3.9,1.1,1281,0.56,36.97,-121.52,688.0,0,0,1,3.2,7,1.62,2004
234072.43,3.09,42,3.5,1.5,2782,3.33,40.38,-121.83,2072.0,1,0,1,4.8,3,1.53,1982
256232.72,2.33,12,6.8,0.1,2263,3.71,33.27,-118.76,7996.0,2,0,1,16.5,3,0.77,2012
236121.09,2.07,37,7.7,0.9,1980,2.64,36.08,-115.47,2678.0,2,0,1,27.6,7,1.2,1987
349333.25,3.47,9,5.6,2.4,1715,2.65,36.74,-123.48,2026.0,3,0,1,9.1,6,1.55,2015
217879.74,4.11,23,3.2,1.5,653,2.87,33.68,-118.56,9111.0,1,0,0,38.3,5,1.57,2001
311342.77,3.95,8,6.2,1.5,1475,2.32,33.31,-118.1,2436.0,1,0,0,12.8,5,1.25,2016
300939.43,1.94,32,7.4,0.6,1553,2.95,34.21,-118.41,8055.0,3,1,0,4.6,6,1.28,1992
232447.95,2.4,48,7.0,1.0,1014,4.66,34.79,-122.21,2594.0,4,0,0,0.3,8,0.91,1976
279122.76,3.1,14,5.5,-0.0,610,2.01,41.68,-123.83,4705.0,2,0,1,24.7,5,0.44,2010
338482.53,4.02,27,5.1,1.4,1158,2.66,37.02,-115.1,9380.0,3,0,0,1.5,8,0.97,1997
248608.61,2.24,25,5.4,1.8,1238,2.85,37.35,-118.47,3212.0,2,0,1,1.2,4,1.72,1999
345739.47,2.52,13,7.3,0.4,618,2.32,39.22,-116.44,2512.0,4,1,1,22.5,8,0.84,2011
255187.84,1.75,21,6.6,0.5,618,3.08,39.0,-120.67,4262.0,4,0,1,0.5,9,1.29,2003
203467.56,1.68,45,4.9,1.1,339,0.0,37.28,-124.05,1818.0,3,0,0,27.7,6,1.43,1979
274852.08,3.76,31,4.9,1.2,2289,3.69,35.73,-121.77,5601.0,0,0,1,13.7,7,1.01,1993
323712.57,4.68,37,4.8,0.8,3953,1.83,35.64,-123.73,2163.0,2,1,0,15.2,5,1.07,1987
217760.41,2.64,48,3.9,0.7,1831,1.99,33.05,-123.68,1379.0,0,1,0,41.7,9,1.09,1976
360478.97,4.06,43,7.5,0.7,1308,2.8,41.05,-122.25,2839.0,3,0,0,30.2,6,1.19,1981
283076.32,3.14,5,4.3,1.1,594,1.33,39.81,-117.85,2397.0,1,1,0,1.2,7,1.36,2019
203285.35,2.1,13,6.2,1.4,309,4.6,38.42,-115.91,874.0,2,0,0,28.8,5,1.37,2011
279295.64,3.14,28,4.5,1.1,1760,2.01,36.26,-115.88,3004.0,1,0,1,16.5,5,0.9,1996
322149.88,5.03,43,4.8,1.0,2958,6.16,38.03,-114.65,1731.0,3,0,1,5.7,5,1.61,1981
237285.51,2.68,25,5.3,0.2,928,3.76,37.11,-117.61,2383.0,3,0,0,28.8,7,1.18,1999
398940.33,5.08,51,6.3,1.5,4206,2.32,35.1,-124.29,1728.0,0,1,0,0.4,4,0.5,1973
180952.28,0.95,35,5.1,1.1,1041,2.63,35.34,-120.54,4154.0,3,0,0,27.3,6,0.85,1989
265998.09,3.78,47,3.8,0.9,4307,3.18,40.81,-123.33,2963.0,1,1,0,14.5,6,1.1,1977
242680.55,2.81,39,5.5,1.2,968,5.04,38.53,-116.34,1441.0,1,0,1,4.5,6,0.98,1985
254460.68,2.41,7,4.3,0.7,214,4.14,32.51,-123.24,6047.0,2,0,0,0.1,6,0.86,2017
268795.06,2.82,38,7.8,0.9,2984,4.05,35.61,-123.39,3488.0,2,0,1,11.1,5,1.16,1986
216245.65,1.23,32,5.1,1.2,864,2.63,35.73,-124.2,2331.0,1,0,1,8.2,6,1.6,1992
262714.78,2.49,3,4.5,0.8,526,2.32,39.21,-114.47,2043.0,2,1,0,29.8,9,1.37,2021
264585.87,3.14,45,8.5,0.3,2657,3.76,39.15,-116.25,2896.0,2,0,0,23.3,2,0.92,1979
368317.23,4.91,39,6.6,0.2,887,4.6,36.91,-121.0,1586.0,4,0,0,13.4,3,1.73,1985
279897.04,2.21,37,4.2,1.3,583,2.83,41.53,-120.55,5771.0,2,0,0,2.5,9,1.45,1987
204702.02,1.97,50,4.3,1.1,5162,2.18,40.79,-123.88,5268.0,2,0,0,19.4,5,0.89,1974
284998.85,2.22,22,6.2,1.1,1534,1.76,40.73,-122.84,2536.0,3,1,1,13.5,6,0.91,2002
337616.51,3.92,8,5.6,0.5,573,0.99,35.81,-121.23,2455.0,3,0,0,0.3,6,1.17,2016
292723.03,3.1,17,6.8,1.1,1248,2.46,36.59,-120.43,1917.0,0,0,0,21.5,4,1.34,2007
228982.48,2.2,27,4.5,0.9,9957,2.69,36.48,-117.99,3415.0,1,0,0,26.7,8,1.53,1997
274524.51,3.34,33,6.6,0.8,1978,2.98,36.68,-120.82,3429.0,2,0,0,22.3,4,0.75,1991
238977.64,2.83,46,2.1,1.1,1081,3.65,40.95,-114.48,4266.0,2,0,1,2.9,8,1.19,1978
346864.51,4.0,17,5.3,1.2,2700,2.44,34.87,-120.9,3448.0,1,1,1,10.5,5,1.27,2007
218242.95,2.05,42,4.6,2.0,1257,5.15,40.12,-114.61,1911.0,2,0,0,11.2,8,1.28,1982
222156.75,2.38,12,4.8,1.4,1202,1.63,37.38,-116.84,2077.0,1,0,1,40.9,10,1.05,2012
232553.74,2.32,48,5.3,1.5,1069,3.82,34.87,-115.05,3209.0,2,0,0,39.0,7,1.29,1976
242944.57,1.51,46,7.2,1.7,3580,1.54,37.51,-117.12,2109.0,2,0,0,1.0,6,1.4,1978
195236.9,3.06,27,3.8,0.7,2112,1.98,34.36,-118.53,5945.0,3,0,0,106.9,6,0.71,1997
183317.61,3.02,48,2.2,0.9,5640,3.34,33.53,-119.15,2957.0,2,0,0,23.2,6,1.19,1976
244282.07,2.72,8,3.9,0.6,2311,4.25,40.46,-121.44,1452.0,3,0,1,7.1,4,0.56,2016
292689.99,2.47,23,7.0,0.8,6136,2.66,39.14,-121.37,2849.0,3,1,0,20.4,8,0.76,2001
161960.96,1.54,42,3.0,0.9,3041,3.1,34.45,-122.16,2704.0,2,0,0,7.1,6,0.77,1982
191004.26,2.3,49,4.6,0.7,1468,4.52,41.45,-120.45,5872.0,0,0,0,41.3,8,0.89,1975
259498.97,2.37,29,6.8,1.2,1622,1.53,32.73,-123.17,3049.0,3,0,1,7.1,5,1.33,1995
253440.06,1.97,50,5.4,1.3,7803,3.92,35.67,-120.43,4018.0,4,0,0,21.8,6,1.05,1974
298179.57,2.55,20,7.2,0.4,5130,2.17,32.71,-115.75,2769.0,2,0,1,2.5,9,1.46,2004
204089.29,3.2,16,2.4,0.9,6231,3.29,33.85,-115.36,4978.0,1,0,0,28.7,6,1.24,2008
383581.61,5.78,17,5.0,0.9,807,3.65,34.21,-117.75,5774.0,3,0,0,14.5,6,1.26,2007
349315.71,2.91,16,7.5,0.4,403,1.59,40.2,-121.8,1891.0,2,1,1,24.7,6,1.51,2008
211846.03,3.01,19,3.8,0.7,921,2.1,41.93,-121.98,2223.0,1,0,0,8.1,9,0.85,2005
318143.61,2.64,8,7.1,1.5,2063,3.8,40.74,-121.58,2682.0,3,0,1,6.4,6,1.25,2016
198267.92,1.26,38,5.1,1.5,1078,2.69,38.53,-119.25,4727.0,3,0,0,11.4,9,1.22,1986
245738.98,2.69,38,6.2,0.3,1848,2.14,39.37,-114.25,2161.0,3,0,0,7.4,6,1.16,1986
291673.73,2.78,29,7.4,1.3,1260,3.23,37.47,-123.35,981.0,3,0,0,10.8,10,1.58,1995
438776.21,7.28,41,6.1,0.4,440,1.7,36.51,-119.24,4468.0,2,0,1,8.4,7,1.34,1983
247672.87,2.52,36,4.6,0.9,2548,1.58,39.08,-117.34,2025.0,2,0,1,3.3,4,1.02,1988
209849.32,3.07,26,6.3,1.1,1853,0.13,41.74,-121.92,2523.0,2,0,1,56.3,6,0.97,1998
256375.44,2.68,31,4.5,1.5,5236,3.43,32.77,-114.32,2456.0,3,0,1,0.2,8,1.16,1993
222268.04,1.7,44,5.9,1.0,2054,3.04,35.48,-120.84,1054.0,2,0,0,39.0,9,1.52,1980
328912.26,4.29,12,3.6,0.6,3381,3.65,35.64,-114.71,1655.0,3,1,0,26.4,4,1.38,2012
315207.52,3.67,17,5.5,0.5,938,4.47,36.44,-118.23,4575.0,2,1,0,8.2,7,1.29,2007
310895.66,3.73,15,7.3,1.2,2386,2.71,38.46,-124.46,2927.0,3,0,0,5.8,7,0.98,2009
247812.02,1.89,9,5.1,0.8,3452,2.92,37.38,-121.23,4809.0,3,1,0,2.7,6,1.08,2015
387599.64,4.76,39,7.1,0.9,2821,3.41,32.68,-124.27,6693.0,3,0,0,2.1,6,0.52,1985
316808.67,1.55,42,10.1,1.6,1508,2.32,36.41,-120.49,1318.0,1,1,1,12.0,6,1.44,1982
311479.15,3.44,48,5.5,1.3,2393,1.25,38.38,-114.71,2526.0,2,1,0,1.7,6,1.36,1976
492147.36,6.53,12,6.4,1.9,2975,1.62,37.3,-116.32,2821.0,3,1,1,9.7,7,1.99,2012
223237.51,1.83,32,6.2,0.6,4727,2.95,40.78,-117.99,6353.0,1,0,1,25.3,3,1.27,1992
248107.44,2.17,25,5.8,0.7,1154,4.2,36.29,-118.85,1737.0,4,0,0,21.2,7,1.54,1999
289543.68,2.83,39,6.7,1.2,739,4.88,32.62,-120.59,3513.0,2,0,0,2.1,6,1.33,1985
269977.94,2.22,18,5.1,2.0,929,2.66,35.21,-122.28,5667.0,4,0,0,48.7,7,1.2,2006
254077.32,1.46,15,4.5,0.7,2031,3.2,33.79,-123.84,4653.0,3,1,1,5.1,10,1.34,2009
231882.67,2.79,32,3.2,1.1,1814,5.24,34.88,-122.5,3849.0,3,1,0,18.3,8,1.35,1992
311753.09,1.78,6,5.0,1.8,2986,3.62,35.94,-120.81,2083.0,2,1,1,5.4,9,1.2,2018
356413.16,3.29,44,6.9,1.1,3514,3.16,38.93,-119.04,5135.0,2,0,1,14.4,6,1.37,1980
249383.65,1.88,43,4.1,1.6,400,3.25,35.58,-122.35,1335.0,2,0,1,12.7,8,1.64,1981
374045.17,5.05,35,5.9,2.1,1230,3.7,40.9,-114.27,3831.0,3,0,1,2.9,7,1.25,1989
222774.19,1.99,34,5.3,1.2,2142,1.54,35.35,-123.69,1254.0,1,0,0,15.9,7,1.54,1990
264031.83,2.39,38,4.6,1.3,4412,3.91,33.8,-123.5,7284.0,2,0,1,5.9,6,1.56,1986
226553.43,3.76,5,2.7,1.5,1732,3.53,34.1,-117.33,1679.0,3,0,1,14.2,4,1.32,2019
261553.08,1.66,18,7.5,0.6,5390,4.31,41.38,-116.57,2367.0,2,0,1,11.7,9,1.48,2006
289529.41,2.98,16,6.3,0.4,2810,3.59,36.82,-114.29,6858.0,3,0,1,27.7,8,0.63,2008
403920.82,4.59,8,9.5,1.2,2451,4.23,36.33,-118.93,3731.0,2,0,1,3.6,7,1.07,2016
268670.52,1.43,25,7.1,0.8,1655,1.89,33.15,-122.76,2073.0,2,0,1,2.5,7,1.18,1999
290917.11,2.93,32,7.5,1.6,1772,2.28,39.47,-114.65,3166.0,3,0,1,29.0,8,1.24,1992
252640.43,3.02,26,2.9,1.3,2355,3.18,39.1,-114.21,3450.0,3,0,1,8.8,7,1.44,1998
238262.93,3.72,22,2.8,1.6,1546,2.1,36.07,-114.8,3683.0,0,0,0,22.8,5,1.0,2002
181346.79,1.66,31,5.6,0.5,4403,4.03,39.07,-115.35,2683.0,2,1,1,48.1,1,0.79,1993
201801.38,1.6,43,3.8,1.6,3654,1.3,35.99,-123.69,2537.0,4,1,0,11.8,6,1.2,1981
258386.06,3.35,10,4.5,-0.0,4714,2.81,33.2,-115.52,4204.0,1,0,0,5.4,7,0.85,2014
333011.87,3.06,12,9.3,0.5,786,2.32,39.51,-114.49,2627.0,2,0,1,23.7,6,1.03,2012
330823.64,3.0,28,7.3,1.4,766,2.11,41.67,-118.7,1742.0,2,1,1,40.1,7,0.81,1996
278904.24,3.12,6,4.1,0.8,2671,1.35,38.66,-116.39,2546.0,3,0,0,4.2,8,1.64,2018
138735.8,2.07,20,2.0,0.9,1695,3.05,35.13,-117.56,2951.0,1,0,0,17.5,8,1.25,2004
228577.73,2.98,5,4.0,1.2,2224,2.9,35.06,-121.48,3544.0,0,0,1,22.8,5,1.05,2019
279834.6,3.06,23,4.7,1.8,739,5.29,41.33,-118.33,3288.0,3,0,0,0.4,7,0.95,2001
222760.36,2.04,9,5.0,0.1,563,5.99,35.38,-115.16,1541.0,2,0,0,13.5,9,1.05,2015
355672.82,5.73,29,3.6,1.7,2177,1.72,39.8,-119.29,3825.0,2,1,0,15.0,4,1.65,1995
311202.72,3.29,16,7.2,1.8,984,0.72,38.61,-118.3,2686.0,4,0,1,15.2,8,0.75,2008
195135.34,1.69,46,4.4,0.8,3201,1.56,38.13,-118.92,2251.0,2,0,0,1.3,9,1.12,1978
309312.32,3.53,22,6.5,0.8,1105,2.93,34.22,-121.53,4759.0,3,0,0,0.3,8,1.26,2002
220513.11,1.84,8,5.6,1.0,888,4.35,32.83,-117.74,2077.0,2,0,1,5.2,3,0.89,2016
319498.65,3.72,20,6.9,0.7,294,2.42,37.14,-119.15,7277.0,4,0,0,6.6,5,0.92,2004
339393.28,4.32,51,5.1,1.3,4905,3.69,41.89,-122.06,6931.0,2,0,0,2.3,5,0.89,1973
268772.09,1.96,14,4.1,1.3,3159,2.04,34.36,-115.1,4935.0,3,1,0,10.7,9,1.23,2010
371209.99,4.0,39,4.6,0.3,546,2.42,37.6,-114.52,2129.0,1,1,1,3.9,10,1.37,1985
265291.67,3.21,37,4.6,0.6,365,3.2,38.87,-123.92,3971.0,2,0,0,6.2,6,1.49,1987
340389.77,3.78,50,8.6,0.5,1121,2.99,37.09,-117.97,3410.0,2,0,0,5.2,9,1.09,1974
357484.73,5.8,34,5.6,1.2,3857,2.96,37.32,-120.14,2078.0,1,0,1,22.2,4,1.35,1990
222514.83,2.46,11,5.5,1.5,1185,1.7,38.78,-118.98,5088.0,2,0,1,31.4,1,1.51,2013
256583.62,2.01,40,6.8,0.6,1531,4.47,40.24,-120.57,2981.0,1,0,0,5.3,7,1.31,1984
239873.65,1.9,33,5.5,1.5,3993,4.46,35.67,-119.52,875.0,3,0,0,7.1,10,1.22,1991
251971.92,1.96,31,7.2,0.6,820,4.48,41.04,-121.1,6242.0,3,0,0,25.3,7,1.01,1993
285786.58,2.64,44,4.9,1.5,1047,2.19,37.11,-123.27,6341.0,2,1,1,21.4,10,0.96,1980
296034.48,3.12,34,4.8,1.0,2155,3.14,38.79,-121.33,2887.0,2,1,0,18.5,7,1.62,1990
277952.2,3.04,50,4.0,0.9,1444,2.37,33.51,-117.46,4065.0,2,0,0,18.5,6,1.12,1974
404164.32,3.78,7,8.3,1.7,896,1.83,37.18,-123.97,3542.0,2,0,1,5.3,9,1.17,2017
215607.45,2.73,49,5.4,2.0,3183,3.34,32.65,-120.48,2350.0,2,0,1,41.4,2,1.96,1975
334039.87,4.86,23,3.7,0.1,2736,0.45,36.21,-124.06,11324.0,2,0,0,24.8,6,1.12,2001
216018.4,2.45,46,5.8,1.4,3518,4.02,33.02,-120.76,2189.0,1,0,1,3.6,6,1.09,1978
454471.53,8.07,7,4.5,1.2,1599,1.6,41.02,-123.58,3058.0,4,0,0,16.3,3,1.26,2017
280531.36,3.49,25,4.9,1.4,441,2.62,38.89,-120.93,1704.0,2,0,0,2.5,7,0.74,1999
261117.55,1.93,3,6.0,0.4,1823,0.28,40.02,-115.7,4574.0,2,1,0,12.9,6,1.04,2021
323599.2,1.77,38,7.8,0.6,708,5.17,36.94,-118.06,4214.0,3,1,1,5.1,6,1.0,1986
279168.0,3.3,20,5.7,0.8,357,3.79,40.59,-117.34,4585.0,2,0,0,1.7,8,0.97,2004
228298.74,2.49,34,4.4,1.2,1451,3.1,40.79,-119.21,1620.0,2,0,0,13.9,3,1.6,1990
311527.28,3.62,49,4.7,0.7,1961,2.17,35.89,-114.81,3422.0,1,1,0,32.4,10,0.96,1975
362750.35,3.28,44,6.5,0.9,6493,1.72,36.08,-118.82,3630.0,2,1,1,2.3,7,0.99,1980
220537.3,2.64,44,2.6,1.5,689,2.76,37.33,-123.4,1544.0,3,0,1,34.4,9,1.17,1980
242073.41,1.94,30,3.9,2.1,3107,3.36,32.9,-114.7,3623.0,2,1,1,2.1,6,0.97,1994
215304.96,1.48,17,5.8,1.5,503,2.72,41.96,-123.1,2157.0,2,0,1,20.3,6,1.11,2007
165544.52,2.27,10,2.9,1.5,4994,3.64,35.91,-114.01,2568.0,2,0,0,68.5,9,1.08,2014
322551.06,3.83,35,5.0,1.0,1032,5.23,36.97,-119.93,3979.0,3,1,0,1.5,4,1.11,1989
273843.38,2.96,20,4.8,0.7,1383,1.71,39.67,-123.73,3292.0,2,0,1,3.6,4,0.79,2004
284447.62,1.65,18,6.8,0.9,1397,3.28,35.33,-115.43,2056.0,4,0,0,9.3,8,1.41,2006
250771.0,2.91,45,5.1,1.1,3318,5.09,34.42,-123.52,1690.0,4,0,0,20.1,7,1.3,1979
274089.54,3.17,44,7.3,0.5,566,2.63,33.71,-122.67,2746.0,0,0,0,34.2,8,1.1,1980
195497.37,1.91,27,5.6,1.5,1568,2.83,37.52,-120.12,3335.0,2,0,0,19.6,6,1.26,1997
297827.28,2.89,49,8.2,1.9,1082,3.55,32.55,-117.4,3002.0,1,0,1,22.1,5,1.06,1975
203251.19,2.78,36,3.4,1.2,10492,3.81,39.24,-123.23,2799.0,2,0,0,9.0,8,1.17,1988
230935.65,1.72,23,7.9,1.6,759,4.26,36.88,-117.96,2657.0,2,0,1,6.6,2,0.63,2001
274964.47,3.14,32,4.9,1.7,229,3.13,37.55,-116.31,6113.0,2,0,1,10.6,6,1.34,1992
271942.57,3.4,10,7.7,0.6,7014,2.05,35.0,-123.2,3276.0,1,0,0,15.7,7,0.88,2014
316347.76,4.19,11,7.3,0.2,2678,3.67,34.19,-117.7,3299.0,3,0,0,10.5,3,1.15,2013
266827.31,4.14,38,1.2,0.9,963,1.84,39.15,-114.43,2670.0,3,0,1,23.4,5,1.29,1986
183545.63,1.57,6,6.2,1.1,1762,3.4,34.5,-114.34,2409.0,2,0,0,2.6,5,1.74,2018
285470.2,1.87,41,7.0,0.5,952,3.09,39.91,-122.8,7640.0,2,0,1,7.6,9,1.46,1983
324042.12,3.34,47,7.5,1.8,377,3.06,34.43,-116.52,3951.0,0,0,0,1.0,7,0.58,1977
327195.52,3.34,34,3.7,2.1,1585,2.9,38.32,-115.61,4397.0,2,1,0,16.7,8,1.0,1990
252457.75,3.34,36,6.4,1.2,1576,4.2,38.62,-115.17,1997.0,3,0,0,21.2,3,1.12,1988
693711.12,12.69,37,5.8,0.6,2371,3.74,37.3,-121.1,4888.0,3,1,1,16.5,4,1.09,1987
294256.23,3.42,17,6.1,1.3,830,3.83,41.97,-121.66,1806.0,0,0,1,46.6,7,0.69,2007
320099.44,4.28,40,7.0,0.6,972,2.44,36.07,-124.0,3522.0,2,0,1,40.4,9,1.45,1984
341116.41,3.98,40,7.2,1.7,1337,1.03,40.89,-120.31,3150.0,2,0,1,4.7,3,1.31,1984
358393.01,3.53,12,4.5,1.0,824,2.52,34.11,-123.2,5774.0,3,0,1,4.2,10,1.0,2012
305506.39,2.4,21,5.9,1.5,4489,3.52,35.7,-116.24,2325.0,3,0,0,0.4,9,1.03,2003
322875.59,3.68,40,5.6,1.6,3566,3.04,33.88,-123.0,3942.0,4,0,0,10.5,9,1.21,1984
227323.62,2.0,19,5.1,1.4,1196,2.48,38.23,-115.9,3627.0,3,1,1,29.6,1,1.45,2005
257128.52,2.47,3,5.3,2.0,2772,3.27,38.56,-123.37,2031.0,2,0,1,2.6,6,1.32,2021
291026.65,2.24,18,5.8,1.2,671,2.68,36.81,-119.45,3899.0,4,1,0,13.5,8,1.01,2006
267417.06,2.81,51,4.6,0.8,1250,3.06,39.34,-120.46,2766.0,1,0,0,19.1,8,1.12,1973
466715.95,6.86,19,6.8,0.0,5830,0.61,40.74,-118.18,2919.0,0,1,0,6.9,6,1.36,2005
221322.31,1.29,47,7.4,-0.0,3031,3.92,39.88,-119.05,2479.0,1,1,1,18.2,9,1.29,1977
275344.83,3.58,6,4.3,1.4,2278,3.74,34.8,-118.21,3072.0,2,0,1,27.2,7,0.86,2018
319484.67,1.43,16,7.5,1.0,1357,5.53,35.54,-124.49,3045.0,3,0,0,0.2,10,0.93,2008
236729.4,2.25,8,4.3,0.7,1748,2.15,36.11,-123.16,3885.0,2,0,1,19.9,6,1.5,2016
343195.31,4.2,48,6.8,0.5,558,2.4,34.44,-119.07,3500.0,3,0,1,13.7,7,1.48,1976
260229.63,2.79,18,7.5,1.5,1395,3.21,35.93,-122.09,4629.0,3,1,0,27.9,6,1.36,2006
274863.88,1.77,48,5.4,0.6,2442,2.96,34.76,-123.7,4505.0,3,0,1,2.2,7,1.41,1976
276060.51,2.04,43,4.3,1.9,1770,4.9,41.96,-122.21,6312.0,1,1,1,24.7,5,0.77,1981
302744.56,3.57,39,4.6,2.3,1770,2.51,39.94,-116.31,4201.0,2,0,0,2.3,6,0.64,1985
251198.13,2.03,49,6.0,0.6,1071,2.82,40.67,-118.81,3203.0,3,0,0,13.2,9,1.01,1975
304738.44,2.96,49,8.4,1.4,874,2.33,41.26,-122.5,5252.0,2,0,1,4.7,5,1.45,1975
239387.8,2.77,12,3.0,1.3,812,4.83,38.82,-124.33,3175.0,3,0,0,4.1,7,1.13,2012
261523.77,2.09,45,5.7,0.6,1478,3.58,34.17,-120.75,3446.0,3,0,1,10.4,9,1.11,1979
414571.39,6.41,10,5.4,0.6,3253,4.89,39.71,-120.75,845.0,1,0,0,21.2,7,2.04,2014
298867.12,3.5,7,4.8,1.0,909,6.5,32.65,-116.78,1901.0,2,0,0,15.5,8,1.26,2017
159714.11,1.21,46,5.4,0.5,1867,2.08,33.58,-114.85,4229.0,2,0,0,67.1,8,1.14,1978
290962.53,2.93,1,4.7,1.6,1830,4.29,32.78,-120.59,5830.0,3,0,0,1.9,7,1.07,2023
223763.67,2.09,49,7.4,1.0,3805,2.69,33.79,-117.27,3902.0,1,0,0,19.2,6,1.38,1975
392830.93,3.82,36,7.5,0.5,1827,2.17,39.64,-117.83,4041.0,2,0,0,0.9,8,1.32,1988
212882.39,1.98,21,5.6,1.1,549,1.24,40.91,-120.07,4173.0,1,0,0,6.6,7,1.22,2003
240890.56,2.6,37,5.3,1.3,9896,5.55,35.15,-123.81,3036.0,2,0,1,6.3,4,0.87,1987
312901.5,3.33,24,4.8,0.7,3933,4.2,33.63,-119.53,1865.0,1,0,1,4.4,9,1.34,2000
304089.45,3.84,25,5.6,0.1,2661,2.73,35.09,-120.78,4106.0,2,0,1,11.4,5,0.98,1999
282482.61,1.68,7,8.3,1.2,1140,3.75,38.65,-118.72,1605.0,2,0,1,4.2,7,0.93,2017
232225.24,2.38,42,5.3,0.5,1400,0.83,35.83,-123.18,3812.0,2,0,0,6.9,5,1.16,1982
240313.94,2.25,17,4.2,0.7,579,2.89,41.63,-116.9,6063.0,2,0,1,29.4,7,1.33,2007
240497.58,2.09,29,4.9,1.3,1384,2.09,33.74,-116.23,3443.0,3,1,1,5.9,4,1.33,1995
372333.48,5.51,30,6.6,0.8,2080,4.73,41.91,-120.42,3877.0,3,0,0,64.0,7,2.02,1994
253989.27,3.2,7,4.4,1.0,1771,4.82,32.62,-122.66,5137.0,3,0,0,4.8,7,1.33,2017
232547.27,1.64,33,5.4,1.8,7346,4.07,36.79,-117.95,2771.0,2,0,0,35.0,8,1.08,1991
304062.51,3.92,7,6.2,0.9,3092,4.14,34.89,-114.46,6292.0,1,0,0,8.5,7,1.0,2017
364846.99,6.35,24,4.5,2.1,3939,2.22,37.88,-117.14,4973.0,2,0,0,35.7,6,1.12,2000
274869.82,4.11,11,2.9,1.5,2785,3.86,33.42,-123.2,3192.0,3,0,1,8.3,7,1.09,2013
181422.03,1.48,9,3.9,0.6,2059,1.34,40.82,-120.33,994.0,1,1,0,22.1,7,1.68,2015
199456.68,2.24,12,4.2,0.9,2601,1.18,33.8,-114.89,2833.0,2,0,0,7.7,9,0.92,2012
299755.83,4.51,35,5.2,0.5,369,2.87,38.08,-117.84,2817.0,3,0,1,14.5,2,1.08,1989
287108.1,2.05,4,5.6,1.4,1468,3.64,32.82,-122.95,3506.0,2,1,1,0.8,9,1.71,2020
308297.25,3.25,36,6.7,1.8,590,3.72,35.45,-116.89,6185.0,2,0,0,13.7,3,1.47,1988
328730.76,3.71,28,3.7,0.9,703,1.49,33.92,-120.79,4965.0,2,1,0,5.7,6,1.02,1996
214233.35,1.88,13,6.5,0.2,4698,1.14,41.79,-119.36,3338.0,2,1,0,83.9,6,1.75,2011
226147.14,2.65,23,4.9,1.3,764,2.46,32.61,-120.14,2625.0,3,0,1,25.0,7,0.63,2001
148751.75,0.74,19,2.8,0.7,627,1.95,35.85,-116.88,1193.0,3,0,0,1.2,6,1.13,2005
270642.81,1.8,42,5.5,0.7,2469,3.73,35.38,-122.21,4375.0,4,1,0,3.3,5,1.16,1982
226484.37,2.46,37,7.5,1.3,1711,1.78,38.75,-120.42,3577.0,0,0,0,14.4,5,1.35,1987
234136.48,1.65,39,6.8,1.7,2583,5.33,33.04,-116.68,4971.0,2,0,0,5.4,10,0.96,1985
382950.52,5.22,24,5.4,1.5,7366,3.43,40.2,-117.1,3601.0,0,1,0,3.6,9,1.01,2000
305649.84,1.53,16,7.2,1.3,2858,2.82,36.93,-122.38,2253.0,4,0,1,6.6,8,1.09,2008
264028.73,2.28,33,5.8,1.0,522,1.62,36.8,-120.82,3842.0,2,0,0,1.7,6,1.1,1991
295045.34,2.86,12,7.0,0.4,3813,1.41,34.65,-124.35,3549.0,4,0,1,12.1,9,1.86,2012
295093.15,4.84,34,3.0,1.3,1516,2.61,37.16,-118.93,4945.0,1,0,0,5.0,3,1.66,1990
181937.22,1.53,7,3.6,1.5,2068,2.31,35.96,-121.55,2628.0,1,1,0,30.3,4,0.85,2017
348936.22,4.33,11,6.6,0.8,481,0.92,34.83,-124.38,2213.0,4,0,0,0.5,5,1.16,2013
320763.16,2.73,31,7.8,0.9,2704,4.65,34.1,-120.04,3283.0,4,1,0,6.5,7,0.61,1993
218598.93,1.84,29,6.1,1.7,638,1.67,39.42,-114.77,2951.0,3,0,0,12.0,4,1.03,1995
317037.0,3.27,13,4.8,0.9,2772,3.42,33.85,-114.8,2314.0,2,0,1,4.0,6,1.12,2011
244528.43,2.94,31,4.2,1.0,1014,3.53,34.1,-120.59,2296.0,1,0,1,0.9,4,0.96,1993
278149.47,2.14,2,5.0,1.1,3221,1.06,37.98,-119.78,5678.0,3,0,0,1.1,8,0.86,2022
300504.37,2.8,39,7.3,1.4,641,2.54,34.65,-121.95,2942.0,2,0,0,2.6,9,1.1,1985
280715.19,2.33,15,5.0,1.2,518,1.31,36.86,-123.78,5391.0,3,0,0,4.8,9,0.84,2009
323949.76,2.84,11,7.1,1.2,1172,3.49,37.75,-117.21,8894.0,2,0,0,18.3,2,1.29,2013
290762.81,3.54,34,6.5,1.9,2237,3.08,35.11,-116.1,2764.0,2,1,1,9.7,6,1.24,1990
406851.85,5.13,39,8.1,0.9,723,2.91,35.76,-115.26,2172.0,3,0,1,0.5,7,0.64,1985
211075.25,1.66,4,5.8,0.6,2128,2.02,34.5,-114.68,1863.0,2,0,0,2.5,1,1.31,2020
409333.97,6.38,11,5.4,1.6,3639,4.42,36.87,-114.88,5329.0,2,1,1,6.9,8,0.87,2013
276229.86,1.25,29,7.1,1.2,627,2.55,41.93,-124.21,2906.0,2,1,0,8.2,9,1.21,1995
298649.2,2.56,2,4.1,0.8,2130,1.23,35.95,-114.23,3275.0,3,1,1,1.0,3,0.85,2022
257071.23,3.44,16,4.8,0.9,2784,1.87,38.71,-120.52,2609.0,2,0,1,1.9,6,1.56,2008
264022.49,3.04,39,3.0,0.5,1549,0.59,38.54,-115.2,2964.0,3,0,0,4.6,6,1.25,1985
207633.81,2.12,13,3.6,1.2,1692,2.21,39.97,-119.87,11576.0,2,0,0,27.2,9,1.34,2011
328141.74,2.5,37,8.4,0.4,585,1.91,39.26,-120.07,2276.0,0,0,1,3.5,6,0.73,1987
252536.36,2.23,17,6.5,1.4,2565,3.83,32.61,-124.38,1128.0,1,0,0,3.9,7,1.16,2007
201967.02,2.15,21,3.4,0.8,1898,3.69,35.44,-123.95,3020.0,4,0,0,10.2,1,1.42,2003
287423.46,3.82,44,7.3,0.4,2039,3.26,40.77,-117.45,2387.0,2,0,0,33.3,9,2.0,1980
254772.4,3.14,19,4.4,1.6,9430,4.14,37.63,-114.65,4395.0,2,1,1,11.3,2,1.48,2005
238715.57,2.06,7,6.5,2.2,1532,1.59,33.49,-122.14,3113.0,3,0,0,1.2,7,1.6,2017
334898.23,3.9,38,6.4,1.3,2340,3.38,35.12,-123.51,5510.0,3,0,0,3.1,8,1.39,1986
317631.78,3.07,8,8.0,1.0,5066,1.27,35.19,-122.25,1124.0,1,1,1,29.0,6,0.86,2016
279500.76,3.76,13,4.7,0.6,1739,2.43,40.8,-122.27,4141.0,0,0,1,31.4,2,1.15,2011
280677.24,3.5,37,4.4,1.2,1019,3.41,37.76,-121.42,6177.0,4,0,0,23.8,9,1.68,1987
161730.65,1.95,2,1.5,1.4,2486,2.36,38.28,-123.51,2552.0,2,0,0,11.7,6,1.19,2022
253626.36,2.17,41,5.3,1.1,1045,4.96,35.99,-122.03,2533.0,2,0,1,8.7,7,1.54,1983
364063.81,3.67,11,6.6,1.5,4719,2.58,33.07,-114.83,2489.0,4,0,0,4.7,8,1.05,2013
319110.13,3.47,24,6.8,1.9,2729,3.96,33.21,-115.15,2366.0,2,0,1,11.9,8,1.08,2000
365549.16,2.7,6,7.4,0.5,907,2.68,36.49,-121.18,5382.0,3,1,1,17.2,6,0.74,2018
263895.51,2.85,26,5.9,1.2,666,3.16,34.19,-114.03,1952.0,3,0,0,13.7,7,1.71,1998
360497.55,4.53,7,6.3,0.1,2048,2.56,33.49,-121.37,4210.0,3,1,1,3.8,3,0.87,2017
232164.57,2.15,39,5.6,0.7,2218,3.21,34.99,-116.92,1447.0,3,0,0,35.0,7,1.15,1985
233649.37,3.38,19,6.6,1.5,667,5.07,39.55,-117.74,1652.0,0,0,0,7.4,6,1.07,2005
282084.02,2.51,6,4.1,1.1,3390,4.85,33.19,-123.82,3262.0,3,1,1,32.4,8,1.12,2018
244811.09,2.49,43,3.4,0.3,3078,2.42,36.76,-120.91,1802.0,4,0,0,7.6,8,0.82,1981
328647.52,4.22,29,4.3,1.6,2376,2.73,40.35,-114.51,1764.0,2,0,0,0.6,9,0.88,1995
313459.57,3.78,43,5.8,0.8,3315,3.06,35.05,-123.97,5580.0,2,0,0,20.1,9,1.0,1981
309177.49,3.76,39,3.5,1.5,819,3.77,35.37,-122.66,3901.0,2,0,1,37.9,10,1.47,1985
376180.93,4.58,2,4.6,1.4,858,5.23,40.9,-114.31,3129.0,3,0,1,4.4,8,1.31,2022
274574.0,2.74,19,4.6,0.7,1468,4.54,38.68,-124.08,4208.0,3,0,0,11.7,7,0.91,2005
331213.41,3.57,4,6.7,1.5,1088,2.68,40.08,-119.81,1516.0,3,0,0,24.7,4,1.95,2020
278555.45,2.4,6,6.5,1.3,2701,3.48,35.25,-114.86,1902.0,3,0,0,5.8,7,1.02,2018
343576.59,3.09,49,5.6,1.2,3444,3.27,41.97,-114.59,3426.0,2,1,1,5.1,6,0.77,1975
246732.32,2.58,37,6.2,0.9,1029,2.27,33.84,-114.22,1467.0,1,0,0,7.9,8,0.91,1987
323516.54,2.83,28,6.2,0.5,903,4.22,41.64,-119.45,1492.0,2,1,1,12.0,5,1.3,1996
296170.52,3.45,30,5.0,0.9,3582,-0.02,41.07,-123.59,2568.0,2,0,0,12.1,9,0.95,1994
207964.94,1.96,7,4.7,0.9,824,4.21,37.74,-116.39,3323.0,2,0,0,10.0,5,1.48,2017
456861.77,6.28,9,7.8,1.5,1438,3.49,38.06,-117.06,2708.0,2,0,0,25.8,7,0.62,2015
153174.17,1.82,25,1.8,0.3,806,0.83,39.86,-118.41,1920.0,0,0,0,2.5,9,1.4,1999
177119.59,1.67,33,4.4,1.8,1126,1.75,35.41,-115.17,1967.0,1,0,0,1.3,6,0.94,1991
317316.22,4.32,1,5.2,1.9,541,0.52,37.51,-114.93,2676.0,1,0,0,2.8,8,1.53,2023
311142.04,3.73,51,6.3,0.8,5042,5.04,41.07,-117.33,4392.0,4,0,0,18.3,6,0.86,1973
340439.01,3.49,6,7.2,1.8,4063,1.81,33.15,-123.32,6454.0,3,0,0,2.4,7,1.3,2018
407249.32,3.5,18,8.3,0.6,948,4.09,41.1,-123.5,3127.0,1,1,1,5.8,8,1.5,2006
262239.58,2.7,10,5.4,1.7,2618,4.14,39.42,-120.21,1149.0,2,1,0,31.8,8,0.94,2014
295675.71,1.9,28,5.5,0.7,573,2.86,39.81,-121.43,4678.0,3,0,1,2.3,9,1.05,1996
280900.07,2.8,11,6.0,1.6,2973,2.2,33.11,-123.1,4199.0,4,0,0,11.3,3,0.96,2013
252076.84,2.07,33,4.7,0.4,891,3.62,34.28,-118.08,2284.0,2,1,0,10.6,9,1.4,1991
274519.9,4.02,1,3.7,1.6,4788,3.26,41.29,-117.32,2713.0,2,0,1,0.5,4,1.44,2023
234594.73,2.56,13,5.4,1.7,2721,4.12,33.68,-117.17,6182.0,2,0,1,1.8,5,0.46,2011
273469.39,1.95,37,6.6,0.4,1349,1.59,38.5,-122.66,6652.0,3,1,0,45.1,10,1.24,1987
178043.33,2.39,20,5.1,2.0,1304,4.23,39.94,-121.29,2022.0,2,0,1,48.7,4,1.15,2004
322552.52,3.21,1,6.1,1.6,2029,4.62,34.7,-122.41,9121.0,1,0,1,31.2,5,1.19,2023
215685.82,2.17,3,2.7,0.1,863,2.69,39.14,-118.19,3797.0,2,0,0,8.5,6,1.53,2021
239945.03,1.96,18,5.5,0.9,4446,1.85,33.12,-118.55,10608.0,2,0,0,13.5,8,1.29,2006
219773.2,3.0,41,4.9,1.6,2309,2.42,37.24,-119.22,1538.0,2,0,0,26.1,6,0.9,1983
226339.76,3.0,14,3.6,1.5,3910,2.23,35.68,-121.39,2312.0,3,0,0,16.9,8,1.18,2010
226654.83,2.22,31,6.5,1.2,254,2.78,38.63,-122.01,1019.0,4,0,0,33.8,5,1.74,1993
279851.65,2.25,27,8.3,1.6,1831,2.11,40.95,-115.15,2726.0,2,0,0,5.7,7,1.32,1997
306042.39,2.98,17,7.0,0.7,2204,3.55,33.69,-123.99,4547.0,3,1,1,14.7,10,0.83,2007
220904.52,1.52,46,7.1,1.1,1803,3.76,36.78,-117.61,7539.0,1,1,0,12.6,2,0.94,1978
227894.49,1.55,29,6.6,0.7,1840,2.57,36.52,-124.29,2099.0,2,1,1,62.6,9,1.28,1995
239793.54,2.04,36,6.5,1.2,1398,0.65,35.58,-122.46,3582.0,3,0,0,31.6,4,0.95,1988
218200.11,2.5,37,2.8,1.6,11002,3.53,37.06,-121.46,2579.0,2,0,0,2.7,7,0.88,1987
237132.57,3.08,26,5.3,1.5,2196,1.23,40.87,-115.19,4283.0,1,0,0,0.9,2,1.27,1998
359869.88,4.9,17,6.3,1.2,1994,3.3,41.75,-123.05,2805.0,2,0,1,8.9,7,1.52,2007
286133.62,3.83,22,6.3,1.6,3824,3.09,32.53,-114.65,2616.0,2,0,0,11.8,7,0.96,2002
331293.74,2.55,25,7.4,1.6,1156,2.61,39.52,-115.94,1251.0,3,1,0,23.4,8,0.88,1999
250819.92,2.7,2,4.0,2.0,645,3.77,38.34,-117.37,3458.0,3,0,0,2.6,6,1.05,2022
263045.37,1.82,22,6.4,1.7,3735,3.44,41.95,-120.18,6235.0,1,1,1,37.9,9,1.2,2002
217704.78,2.7,5,3.9,1.4,1384,3.47,33.35,-114.99,1590.0,2,0,0,12.7,6,1.42,2019
205833.16,2.42,4,5.2,1.6,5369,3.99,40.21,-118.96,4731.0,3,0,0,27.7,3,1.44,2020
290230.29,3.09,36,5.4,1.2,5107,2.5,41.37,-120.6,3121.0,2,1,0,27.2,6,1.02,1988
224254.43,1.95,6,6.8,1.0,281,2.49,41.17,-118.35,1061.0,1,0,0,45.5,6,1.26,2018
298351.9,3.35,21,6.6,1.5,1915,4.29,37.83,-122.06,2522.0,3,0,1,16.1,6,0.67,2003
307686.45,5.02,13,5.7,1.5,4278,3.77,35.61,-121.63,2609.0,4,0,0,23.0,5,1.1,2011
208331.26,2.6,37,2.3,1.2,443,2.44,38.58,-114.85,3725.0,2,0,1,25.8,6,0.92,1987
280224.62,3.19,25,6.2,1.0,2423,0.6,35.41,-116.16,3940.0,2,0,1,9.5,9,0.77,1999
316987.63,3.58,26,5.1,1.0,3060,3.47,36.42,-119.11,3197.0,2,0,0,8.5,8,1.54,1998
256752.89,2.32,39,7.6,0.9,1730,3.58,36.73,-120.13,4224.0,4,1,0,44.0,5,0.82,1985
310036.18,2.97,20,7.2,1.7,1740,1.55,35.37,-116.02,1900.0,3,0,0,1.0,3,1.51,2004
203013.17,2.73,33,4.1,1.7,4715,1.98,35.75,-118.51,2723.0,3,0,0,45.8,5,1.81,1991
304093.88,2.83,14,6.4,1.7,546,2.51,32.57,-120.14,2771.0,1,0,1,13.0,6,0.88,2010
252305.39,2.0,36,6.4,0.6,3515,3.54,35.32,-119.09,5351.0,3,1,0,5.2,6,1.19,1988
264386.0,2.75,17,6.3,0.9,2610,5.98,36.99,-122.06,1189.0,2,1,0,12.2,9,1.27,2007
310617.84,3.32,21,6.1,1.0,5122,4.34,34.14,-122.38,4029.0,4,0,0,15.2,7,1.56,2003
451287.7,4.86,46,6.4,0.8,846,1.19,40.15,-114.11,6325.0,3,1,0,1.8,9,1.39,1978
379944.45,3.99,16,7.8,2.0,5892,2.48,37.61,-114.32,3177.0,3,0,0,16.6,10,1.22,2008
376254.49,6.43,46,4.7,1.3,595,2.89,40.04,-120.08,15669.0,1,0,0,34.9,5,1.19,1978
231142.05,2.0,16,4.1,1.3,1388,3.6,33.72,-119.09,2338.0,3,1,1,53.3,7,0.94,2008
307139.81,3.85,20,6.7,0.9,712,2.03,40.29,-115.81,2783.0,2,1,0,13.7,8,1.48,2004
227470.98,2.93,29,2.7,1.5,3228,3.7,41.6,-116.88,2258.0,1,0,0,5.9,7,1.39,1995
420184.3,6.53,28,6.5,2.2,982,2.38,35.85,-123.45,2668.0,2,0,0,12.4,6,1.5,1996
272414.83,1.97,8,6.2,1.1,4481,3.7,35.2,-120.57,4076.0,2,1,0,0.0,8,1.14,2016
156052.08,1.94,24,2.0,1.0,468,3.09,38.64,-121.87,2483.0,2,0,1,37.7,9,1.31,2000
232312.41,2.14,3,4.5,1.1,1266,5.45,38.54,-114.08,1976.0,1,1,0,23.0,5,1.42,2021
226578.44,1.16,25,7.9,0.9,7546,4.17,33.57,-116.64,1345.0,2,0,1,2.7,5,0.84,1999
188606.86,2.2,19,3.3,1.1,983,4.58,41.3,-124.0,2758.0,2,0,0,14.1,7,1.59,2005
286899.13,2.01,33,5.8,0.8,4219,1.73,37.05,-115.05,2952.0,2,0,0,0.3,8,1.4,1991
274127.43,2.89,2,4.0,0.7,3155,2.36,39.76,-114.76,2561.0,2,0,1,3.7,7,0.8,2022
253356.73,3.12,15,4.4,1.1,635,3.39,35.91,-121.0,9063.0,2,0,1,2.8,3,0.82,2009
474087.51,5.76,22,8.4,1.1,2141,1.52,34.98,-117.76,4124.0,4,0,0,2.5,5,1.29,2002
296513.74,3.98,10,5.7,1.0,6142,4.25,33.56,-117.34,2279.0,0,0,0,12.0,7,1.88,2014
264284.72,2.16,18,6.3,1.8,1302,3.16,35.11,-116.84,4254.0,2,0,1,50.0,8,1.17,2006
210330.55,1.9,22,5.3,1.3,1041,4.32,41.94,-117.22,4497.0,2,0,0,2.1,8,1.46,2002
246622.02,3.31,46,3.2,1.5,2351,3.58,38.75,-118.62,2973.0,3,0,0,30.9,8,1.13,1978
146954.65,1.6,49,3.7,1.5,1522,3.05,40.13,-114.48,2427.0,0,0,0,1.3,3,1.22,1975
412474.03,5.66,27,7.3,1.2,546,2.85,41.61,-119.12,1829.0,3,0,0,1.3,7,1.49,1997
385648.93,4.36,13,5.7,1.2,1514,2.08,33.25,-123.34,5921.0,2,0,1,14.8,6,1.56,2011
256627.83,2.25,33,4.3,0.7,1226,2.01,34.06,-123.66,2751.0,3,1,0,12.8,6,0.98,1991
196908.05,1.37,5,5.5,1.4,1624,4.07,41.32,-124.31,2710.0,4,0,0,6.3,8,1.15,2019
380849.29,4.67,26,6.5,0.9,264,3.8,37.86,-120.01,5203.0,2,0,1,11.4,6,0.94,1998
220909.05,2.6,13,6.2,0.8,2419,4.48,38.53,-121.63,3031.0,2,0,0,21.1,5,1.31,2011
312858.46,4.46,27,4.3,1.8,489,2.35,36.56,-115.1,10200.0,3,0,0,22.3,8,1.26,1997
191179.01,1.44,14,3.1,0.4,3285,4.35,40.24,-115.39,2292.0,3,1,0,0.2,4,0.91,2010
269190.77,2.14,24,4.9,2.0,4262,2.79,37.41,-115.7,2476.0,2,1,1,1.2,5,1.2,2000
323779.4,2.72,3,7.2,1.9,369,3.7,40.35,-115.39,2098.0,4,0,1,0.1,6,1.51,2021
265127.57,2.77,47,6.8,1.0,5094,4.55,41.93,-121.38,1968.0,3,0,0,0.2,4,1.27,1977
219598.97,2.27,51,6.1,2.0,1646,5.49,38.64,-120.03,3651.0,2,0,0,27.5,5,0.91,1973
337820.39,3.49,49,5.2,0.7,4279,4.29,37.52,-121.23,4249.0,1,0,1,1.3,7,1.3,1975
216138.95,1.77,30,4.7,1.6,3808,3.24,35.97,-123.6,2463.0,2,0,1,18.6,7,1.05,1994
188360.7,2.57,35,5.3,1.1,568,3.67,34.35,-114.8,3044.0,2,0,0,58.7,9,1.25,1989
239847.64,2.85,48,6.7,0.2,913,4.5,38.74,-118.03,3313.0,2,0,1,25.8,4,0.71,1976
334165.08,3.34,14,7.0,0.8,6577,3.85,33.1,-123.11,5691.0,4,0,1,1.0,9,1.4,2010
343010.63,3.61,12,5.1,1.0,670,2.52,41.58,-122.34,2202.0,4,1,0,33.6,3,1.48,2012
232576.42,1.73,28,9.3,1.5,2413,3.74,38.65,-119.77,3258.0,2,0,0,47.6,8,0.8,1996
192255.1,1.47,44,5.6,0.9,987,4.56,41.61,-123.96,3700.0,2,0,1,18.4,5,1.29,1980
345270.85,4.53,29,5.0,1.0,877,5.17,35.09,-121.64,3659.0,3,0,0,14.4,9,0.95,1995
319203.49,3.1,43,7.7,1.4,1781,3.07,41.49,-117.11,3095.0,3,0,0,13.8,2,1.44,1981
190022.39,2.01,17,2.4,1.3,10436,1.66,38.32,-114.84,4971.0,1,1,0,25.7,7,1.33,2007
310065.59,5.06,40,6.2,1.1,3342,0.86,40.2,-114.75,2106.0,2,0,0,12.1,1,1.55,1984
313624.34,2.85,49,5.4,0.9,778,3.95,34.2,-119.04,2735.0,4,0,0,6.1,8,1.59,1975
308476.78,4.36,21,7.7,1.6,2114,1.16,37.25,-121.22,2219.0,3,0,0,52.8,2,1.1,2003
292706.85,2.79,23,6.4,0.9,408,3.38,37.91,-114.83,2144.0,2,0,0,0.7,8,1.23,2001
440310.7,6.2,20,5.7,0.5,297,4.29,36.23,-116.24,3160.0,3,0,0,16.4,8,1.74,2004
427280.23,5.49,11,6.5,0.9,2069,2.8,34.91,-118.34,4897.0,3,0,1,13.2,9,0.58,2013
284423.25,2.46,34,3.9,1.4,3203,1.2,41.1,-115.74,2016.0,4,1,1,15.3,6,0.83,1990
363879.36,4.01,10,7.0,1.0,6303,1.49,33.31,-119.68,4722.0,4,1,0,15.4,7,1.5,2014
276392.88,3.52,10,3.5,0.8,2436,1.9,33.96,-123.32,2525.0,2,0,1,2.0,8,0.91,2014
345001.57,4.7,43,6.0,0.5,1817,2.85,35.54,-114.65,1847.0,0,0,0,2.1,8,1.69,1981
259617.34,1.85,6,5.6,1.0,1378,4.44,41.24,-118.89,2140.0,2,0,0,1.0,8,0.94,2018
236175.1,3.58,36,2.9,1.2,2757,3.01,37.86,-117.2,4812.0,2,0,0,41.8,9,1.38,1988
300378.07,4.15,24,5.6,0.6,683,5.58,36.05,-120.38,1774.0,1,0,0,14.1,9,1.28,2000
294884.97,1.35,12,5.9,1.0,1050,4.25,36.33,-123.07,8128.0,3,0,1,1.2,8,1.17,2012
204780.54,1.69,43,4.5,0.6,702,3.35,40.46,-121.65,3196.0,3,0,0,8.5,4,1.31,1981
198105.03,1.2,23,4.0,1.0,1188,2.91,32.75,-124.04,1276.0,0,1,0,6.7,9,1.27,2001
269980.08,2.44,27,6.2,2.0,1012,2.4,32.61,-123.58,1775.0,4,1,0,2.4,7,1.37,1997
297505.3,3.62,45,6.0,1.2,959,3.18,32.94,-122.35,4500.0,4,0,0,25.9,3,1.65,1979
334430.2,4.96,37,5.8,0.3,1083,3.65,36.96,-118.61,1438.0,4,0,1,22.4,7,1.41,1987
345551.09,2.8,6,5.5,1.3,2140,3.39,38.02,-114.07,4149.0,3,1,1,9.4,8,1.54,2018
382903.75,5.21,1,4.7,1.8,4990,2.4,38.43,-115.64,1661.0,1,0,0,11.1,7,1.11,2023
315243.47,1.57,6,8.9,0.4,2277,1.76,39.45,-123.6,3581.0,2,0,1,8.6,7,0.77,2018
228594.61,1.38,50,5.1,0.6,1142,5.24,34.3,-115.66,5759.0,1,0,1,12.0,7,0.92,1974
216267.5,2.66,22,4.2,1.2,2566,3.76,34.99,-118.87,3602.0,3,0,0,19.8,5,1.7,2002
284017.33,3.17,41,5.6,1.1,1974,3.43,34.81,-117.57,4565.0,1,0,1,31.3,6,1.78,1983
281439.68,2.68,24,5.2,1.7,2070,3.61,33.92,-123.14,4287.0,4,0,1,13.5,8,0.87,2000
230482.51,1.19,25,5.0,1.0,1774,4.32,34.82,-120.35,1685.0,4,1,0,2.0,2,0.97,1999
308819.48,2.62,15,8.3,1.5,7191,2.44,38.33,-115.22,1628.0,2,0,1,22.2,7,1.11,2009
183404.52,1.61,26,3.8,1.9,1956,2.84,35.98,-120.03,1235.0,3,0,1,7.0,2,1.2,1998
286484.39,3.55,8,5.6,0.7,1153,2.1,39.8,-123.17,3480.0,3,0,0,14.9,5,1.59,2016
257515.0,3.15,51,3.9,1.5,970,2.99,37.6,-121.23,2835.0,2,0,0,3.3,6,1.49,1973
213259.9,1.87,24,4.7,0.9,3718,2.19,34.51,-122.17,1810.0,2,0,1,2.7,5,0.86,2000
248585.22,2.21,48,8.1,-0.0,699,1.79,36.94,-117.29,3523.0,1,0,0,0.8,9,0.84,1976
312897.18,1.78,38,5.9,1.3,5353,1.06,38.14,-114.93,6656.0,4,1,0,5.7,9,0.78,1986
260696.97,2.65,6,5.9,1.4,390,4.99,40.73,-116.8,4209.0,4,0,0,13.6,4,0.94,2018
359181.8,3.98,35,4.1,0.3,4822,2.6,40.42,-115.64,5921.0,2,0,1,5.8,9,0.79,1989
222888.94,1.83,42,4.9,0.9,3421,3.58,36.55,-116.04,2458.0,2,0,0,4.1,5,1.43,1982
292880.43,3.33,1,8.2,0.8,1272,3.12,38.65,-124.35,3254.0,2,1,1,79.1,1,0.81,2023
210741.93,2.2,46,6.2,1.5,992,3.6,35.33,-123.19,3497.0,0,1,0,101.4,8,1.27,1978
237023.47,1.98,36,5.0,0.3,4845,0.6,38.51,-120.05,4551.0,2,1,0,13.9,7,0.8,1988
294696.03,2.6,12,6.2,1.2,7628,2.44,41.17,-123.32,1385.0,1,0,1,5.9,7,2.08,2012
205039.99,1.8,38,5.9,-0.1,1106,4.39,38.43,-116.78,6322.0,2,0,1,29.7,1,1.35,1986
195932.16,2.18,11,4.2,1.3,2876,5.33,35.39,-123.76,3352.0,2,0,0,20.0,10,1.47,2013
248870.54,1.68,12,4.9,1.2,3958,2.56,38.62,-120.13,5728.0,3,1,0,14.4,9,1.1,2012
407481.15,5.96,42,8.9,0.8,2928,2.7,41.08,-120.38,5053.0,2,0,0,35.8,10,1.42,1982
271974.82,2.76,50,6.1,1.8,1888,4.28,33.8,-118.79,1024.0,3,1,0,8.8,5,1.08,1974
185896.12,2.05,39,3.1,-0.2,1323,3.53,37.08,-117.89,3522.0,2,0,0,4.4,7,1.72,1985
225424.97,2.96,7,6.3,1.1,2258,3.04,35.55,-114.56,3811.0,3,0,0,51.2,8,0.88,2017
294364.17,2.6,11,7.5,1.7,340,2.92,34.79,-121.65,2674.0,3,0,0,29.5,8,1.19,2013
246568.83,2.49,36,4.1,1.2,5284,2.32,36.26,-117.51,2995.0,3,1,1,36.5,8,1.13,1988
244144.31,3.48,31,4.8,1.8,461,2.27,36.24,-124.13,1920.0,1,0,0,37.6,7,0.8,1993
323020.85,3.68,33,7.7,0.9,924,3.16,34.5,-124.49,2759.0,2,0,0,7.2,2,1.5,1991
239111.62,2.2,13,5.6,1.0,1380,3.38,36.33,-124.23,2527.0,2,0,0,29.6,10,0.92,2011
229500.55,2.16,18,5.3,1.7,813,3.44,38.52,-119.79,2302.0,2,0,1,33.0,4,0.71,2006
245480.65,2.44,41,3.5,1.5,733,2.18,32.74,-118.67,2482.0,3,1,0,11.9,5,1.4,1983
208497.51,1.08,24,7.1,2.3,5583,4.6,41.9,-124.43,916.0,0,0,1,14.7,8,0.75,2000
193679.55,1.48,9,5.2,1.2,7609,1.05,35.31,-120.34,2300.0,0,0,1,12.9,4,1.39,2015
309211.84,4.7,31,2.2,1.2,6240,3.64,38.42,-124.07,1891.0,1,0,1,0.2,5,1.52,1993
321235.64,5.25,41,3.1,0.9,3527,2.35,35.19,-117.64,1966.0,3,1,0,11.5,2,0.87,1983
257555.86,2.46,10,4.7,1.0,12986,1.96,36.24,-117.87,1494.0,2,0,1,0.6,4,1.41,2014
292606.12,3.42,2,3.9,1.6,1461,2.61,37.72,-116.27,2654.0,2,0,0,9.0,8,0.88,2022
281264.24,3.08,38,4.1,1.1,1353,1.09,38.31,-118.76,1913.0,2,1,1,0.7,6,1.08,1986
618981.35,9.31,15,9.0,0.7,1824,3.43,39.82,-117.96,1900.0,2,1,0,9.1,4,1.2,2009
334046.63,4.25,3,6.6,0.9,5671,4.94,40.02,-121.57,3168.0,0,1,0,5.5,5,0.83,2021
250963.27,2.58,43,1.6,1.1,2889,2.23,37.43,-123.6,6726.0,4,1,0,22.3,8,0.84,1981
199110.54,1.85,31,5.0,0.7,7201,5.82,33.22,-116.76,3184.0,2,0,0,9.8,7,1.55,1993
226974.27,1.43,6,5.4,0.9,1905,1.97,37.8,-118.08,5095.0,3,0,0,10.8,7,0.56,2018
230396.74,2.95,3,3.3,0.6,545,2.49,37.04,-114.65,2841.0,4,0,1,35.1,2,1.1,2021
273575.22,2.01,11,6.3,0.9,1055,4.63,34.55,-114.11,10281.0,2,0,0,9.9,7,1.27,2013
172700.71,1.54,15,2.4,1.7,4104,1.56,32.6,-115.6,1701.0,2,0,0,2.6,7,1.35,2009
271921.01,2.1,45,7.1,1.1,1217,2.73,35.5,-114.15,1100.0,3,0,1,1.8,6,1.62,1979
222637.77,1.76,28,7.7,2.3,1951,5.06,34.97,-117.7,4663.0,0,0,0,5.5,7,1.43,1996
415224.21,5.34,10,9.0,0.7,2202,1.59,37.09,-123.53,4305.0,4,0,0,4.6,3,1.28,2014
248588.33,3.87,38,3.1,1.3,7681,3.71,39.74,-123.56,1207.0,2,0,0,25.6,9,1.16,1986
225451.84,2.71,47,3.4,1.2,3653,3.61,36.67,-116.03,2767.0,2,0,0,21.3,6,1.09,1977
430051.23,4.91,50,6.5,1.4,3123,0.69,41.54,-122.01,7315.0,1,1,1,0.9,8,1.11,1974
292691.97,2.8,50,7.3,0.8,2051,2.26,34.6,-123.86,4658.0,4,1,1,3.4,6,1.13,1974
287542.95,1.93,7,6.7,0.9,930,5.86,34.6,-119.54,1378.0,3,0,0,8.9,6,1.32,2017
431046.88,5.0,15,7.1,1.3,2195,3.27,38.24,-121.2,1081.0,3,0,1,1.4,8,1.06,2009
336107.02,3.37,18,7.6,0.8,10307,3.46,41.01,-118.32,6694.0,4,0,0,2.7,6,1.44,2006
233458.75,1.8,18,5.8,0.2,2725,3.29,38.88,-118.2,1950.0,4,0,0,35.9,7,1.26,2006
217894.14,2.52,41,5.2,1.8,1163,5.45,38.9,-117.34,4837.0,2,0,0,11.7,5,0.88,1983
187601.33,1.92,24,3.4,1.5,1293,1.83,40.16,-118.45,4253.0,3,0,1,23.9,5,1.21,2000
189206.15,1.56,2,5.1,0.9,5624,2.19,38.85,-120.5,2945.0,3,0,0,6.0,5,1.19,2022
311867.4,3.94,40,5.3,1.2,1180,2.87,39.71,-124.25,2050.0,2,0,1,7.0,6,1.11,1984
354086.02,5.83,20,4.1,1.6,1539,3.67,40.73,-115.0,6280.0,1,0,0,29.3,3,1.32,2004
220673.38,1.55,34,5.4,1.8,725,3.18,32.58,-121.07,971.0,4,0,1,16.1,3,0.71,1990
296389.12,3.4,43,3.9,1.2,1447,3.22,40.91,-119.17,5157.0,2,1,0,17.0,9,1.09,1981
289250.2,2.1,26,7.2,0.8,2639,2.34,34.55,-118.65,2534.0,2,1,1,15.3,5,1.16,1998
299315.35,2.24,7,6.1,1.8,1426,3.73,41.17,-121.19,2036.0,0,1,0,11.7,7,1.05,2017
192287.89,2.14,38,4.8,1.1,1844,0.73,35.03,-121.26,2805.0,2,0,0,70.9,7,1.28,1986
203091.16,1.92,30,5.8,1.0,718,2.34,36.82,-121.76,5238.0,2,0,0,33.7,7,1.08,1994
214290.22,2.77,42,3.8,1.2,1157,2.01,41.37,-121.94,1597.0,2,0,1,18.6,7,1.09,1982
201730.72,1.95,5,4.0,1.7,9954,1.68,33.54,-124.18,3518.0,2,0,0,17.0,6,1.17,2019
240156.66,3.03,11,4.5,1.1,1624,0.86,39.58,-114.44,4020.0,1,0,0,1.3,4,0.93,2013
262001.17,2.66,1,5.2,1.6,2417,3.28,36.23,-118.25,2697.0,2,0,0,10.0,4,0.84,2023
237965.32,2.47,34,5.7,1.0,951,3.52,32.73,-123.37,1715.0,3,0,0,10.3,6,1.78,1990
324795.62,1.89,1,5.7,1.4,1884,3.52,41.42,-118.28,1975.0,4,1,1,0.8,7,1.05,2023
255727.95,2.16,19,3.5,0.6,1456,4.13,33.62,-122.06,7262.0,2,1,1,21.1,7,1.16,2005
324498.99,3.68,2,5.4,1.6,4360,4.34,39.85,-121.24,4778.0,3,0,1,0.0,9,1.55,2022
268658.55,3.32,21,4.3,0.8,4197,0.55,36.15,-116.09,4022.0,4,0,1,8.3,6,1.29,2003
135536.87,1.84,20,0.4,1.3,4567,3.76,40.2,-115.2,8646.0,3,0,0,35.0,4,0.98,2004
320047.88,2.83,23,10.1,0.4,1927,3.22,39.63,-117.15,2009.0,0,0,1,6.2,7,0.65,2001
336696.33,3.67,21,4.3,1.1,9245,3.21,38.52,-114.71,2956.0,4,1,1,13.1,3,0.75,2003
209633.15,1.39,24,4.4,1.2,3439,2.85,41.42,-115.0,3053.0,3,1,0,5.5,4,0.9,2000
207697.4,3.38,4,3.5,0.8,576,2.34,33.44,-118.71,5532.0,2,0,0,3.0,7,1.05,2020
204870.15,2.09,12,3.9,1.0,6210,3.63,40.09,-114.97,1316.0,1,0,0,19.6,9,1.37,2012
284673.94,3.42,22,5.2,1.2,1799,1.82,38.87,-118.78,3107.0,3,1,1,3.4,5,0.93,2002
277404.56,2.0,20,7.5,1.4,4495,4.32,35.49,-123.41,2978.0,3,1,0,1.1,6,0.92,2004
192049.0,1.32,18,5.2,1.2,778,2.4,37.69,-115.79,4500.0,2,0,1,8.6,6,1.53,2006
217227.21,1.42,1,5.0,1.8,1707,0.55,38.62,-123.12,2399.0,3,0,0,18.5,10,1.73,2023
257017.24,2.77,30,7.3,1.7,3294,3.14,39.49,-121.18,5470.0,2,0,0,13.0,8,1.34,1994
233546.0,3.02,33,4.7,1.1,2197,1.59,34.28,-120.51,3649.0,2,0,0,4.2,6,1.15,1991
251499.15,1.89,24,5.5,0.4,1604,1.56,33.47,-116.02,2018.0,2,1,0,25.5,5,1.15,2000
299414.94,3.51,14,4.1,0.9,252,3.82,33.47,-123.62,3978.0,2,0,1,1.5,7,0.9,2010
239767.8,1.4,36,8.0,-0.0,1000,4.12,35.29,-119.83,2808.0,2,0,1,16.6,6,1.49,1988
267839.58,2.65,5,7.1,1.0,827,2.87,33.96,-119.91,3807.0,2,0,0,14.0,7,1.22,2019
202724.93,1.67,11,5.3,1.8,407,0.58,37.59,-118.39,1648.0,0,1,1,34.4,7,0.91,2013
229033.73,2.09,24,4.9,1.5,1025,3.64,36.65,-120.78,2604.0,2,0,0,11.2,2,1.02,2000
263659.26,2.77,31,5.5,1.1,7998,2.62,40.98,-118.44,4961.0,2,1,1,25.6,3,1.49,1993
182336.55,1.93,13,5.3,0.7,4564,4.65,39.32,-114.15,6019.0,1,0,0,3.6,4,0.95,2011
207465.34,2.33,16,3.2,1.2,926,5.36,34.46,-123.75,3715.0,3,0,0,11.8,8,1.0,2008
407026.09,4.07,24,7.1,2.2,1129,1.19,32.93,-115.32,2649.0,3,0,1,11.4,10,1.98,2000
317405.84,2.16,13,5.2,1.8,1131,5.97,39.24,-121.26,2266.0,3,1,1,5.3,7,0.95,2011
300123.37,3.8,24,8.3,1.0,3310,1.13,40.54,-119.61,2100.0,2,0,1,0.1,4,1.29,2000
225519.12,1.73,26,6.1,0.4,2499,2.35,39.16,-116.72,2098.0,3,0,1,20.5,7,1.09,1998
223272.54,3.36,2,1.7,2.2,1022,4.23,38.62,-114.94,1952.0,1,1,0,7.6,7,1.96,2022
309878.88,4.84,16,3.6,0.7,1121,2.13,34.87,-124.4,2857.0,1,1,1,5.4,8,1.56,2008
140106.36,1.01,38,2.3,1.4,4294,2.02,37.2,-117.55,2224.0,0,0,0,3.2,8,1.29,1986
209275.39,1.98,46,3.6,0.3,6121,0.95,39.39,-123.77,3930.0,4,0,0,28.6,8,0.93,1978
259381.16,3.42,1,3.0,0.9,882,1.4,34.34,-118.98,3570.0,2,0,0,6.1,8,0.93,2023
250888.0,2.51,49,5.9,0.3,1646,2.02,37.03,-116.63,5160.0,1,0,0,3.4,8,1.7,1975
319413.94,3.15,11,5.0,0.5,2003,3.93,33.61,-122.72,3956.0,3,0,1,11.1,9,0.78,2013
244249.13,2.13,51,6.6,0.6,1554,5.01,37.54,-116.48,4533.0,2,1,0,22.8,1,1.36,1973
264740.57,2.81,35,5.4,1.3,4465,2.09,37.95,-121.25,1980.0,2,0,0,13.8,8,1.35,1989
272022.69,2.55,43,5.1,1.1,1600,2.52,37.59,-118.09,3808.0,4,1,0,48.4,9,1.85,1981
436786.41,4.34,29,8.5,2.5,8320,1.81,36.96,-117.59,3377.0,3,0,1,47.1,8,0.74,1995
211672.93,3.01,37,5.8,1.7,4725,1.17,38.08,-117.69,1110.0,3,0,0,34.9,3,1.35,1987
260532.17,3.11,17,5.4,1.7,1044,1.17,41.97,-124.31,2899.0,1,0,1,12.5,8,1.37,2007
230717.27,2.31,39,4.2,1.4,1907,1.47,38.41,-122.9,1803.0,1,1,0,21.9,5,1.35,1985
225365.96,2.24,42,3.7,1.2,827,2.94,39.65,-115.51,1393.0,3,0,0,5.1,5,1.29,1982
295228.08,2.29,28,6.7,1.7,1321,2.25,34.33,-114.63,2552.0,1,0,0,12.8,5,1.65,1996
310101.57,3.18,29,6.6,-0.1,3628,2.55,37.54,-118.58,2171.0,2,0,1,1.0,10,1.21,1995
326918.02,2.3,43,7.9,0.8,2200,3.48,32.57,-118.23,2045.0,2,1,0,4.6,8,1.0,1981
323486.66,3.05,3,6.2,0.4,9798,2.89,32.8,-116.57,1452.0,2,1,0,5.9,10,0.74,2021
447203.35,6.23,10,4.9,0.2,680,1.6,35.56,-120.24,7252.0,1,0,1,6.7,9,1.15,2014
291264.71,3.85,42,6.3,0.7,1760,4.15,36.93,-121.06,1599.0,3,0,1,2.6,9,1.05,1982
285069.61,2.39,14,5.4,0.5,1206,0.57,37.97,-116.43,2519.0,3,1,0,1.3,7,1.48,2010
357485.17,4.4,12,6.8,1.7,1404,2.07,40.94,-124.2,4193.0,1,1,0,13.0,6,0.79,2012
300174.55,2.31,47,7.5,1.1,1869,5.07,39.83,-115.2,4862.0,3,1,1,10.1,8,1.86,1977
209638.72,1.2,42,5.2,0.1,1052,3.41,35.35,-119.87,1718.0,3,1,1,13.2,1,1.2,1982
246605.57,1.82,30,8.1,1.3,3890,0.84,39.56,-119.21,2673.0,2,0,0,2.1,7,1.52,1994
244120.64,1.29,32,7.3,0.6,7340,1.1,37.72,-117.84,3931.0,2,1,0,44.3,10,1.49,1992
280650.89,2.36,32,5.5,1.1,279,2.59,39.9,-121.62,3460.0,3,1,0,8.0,9,0.91,1992
291683.72,2.74,42,6.5,1.3,5510,2.42,36.4,-118.23,3606.0,2,1,1,9.0,5,1.18,1982
381287.49,5.32,32,6.0,0.7,13540,3.85,33.37,-117.22,1641.0,3,0,1,11.9,4,1.59,1992
281174.74,3.1,26,5.5,1.2,2104,4.36,38.38,-123.26,1973.0,2,0,0,17.6,8,1.43,1998
259581.7,2.49,51,8.4,1.3,1109,2.38,37.79,-119.04,2763.0,2,0,0,7.3,3,1.29,1973
339526.88,3.79,1,6.3,1.0,1143,2.87,41.56,-121.04,2550.0,0,1,1,2.3,10,1.36,2023
168315.45,1.12,42,4.2,0.7,1413,1.76,34.04,-118.65,3236.0,1,0,1,22.9,7,1.02,1982
290452.18,2.99,2,4.0,1.1,2551,2.81,38.73,-124.28,1757.0,4,0,0,4.5,9,0.7,2022
294514.12,3.7,17,4.0,1.0,1284,1.77,37.0,-116.7,4857.0,1,0,0,8.8,8,1.63,2007
249295.27,1.5,30,6.2,1.3,1696,3.03,36.1,-122.73,1642.0,4,1,0,15.0,8,1.01,1994
261788.54,4.3,39,5.0,1.0,841,2.25,40.05,-117.26,3345.0,2,0,1,50.4,5,0.86,1985
294683.28,3.11,7,6.0,0.5,1254,3.75,40.2,-116.43,1985.0,4,0,1,0.5,3,1.72,2017
291730.06,2.3,27,6.9,1.0,1300,4.26,39.29,-116.6,2611.0,3,0,1,11.0,8,1.28,1997
277455.44,3.5,9,8.5,1.3,1757,4.55,33.29,-115.92,1427.0,3,1,0,41.3,5,0.59,2015
418556.71,6.74,22,5.0,1.2,564,3.04,35.78,-121.27,2741.0,2,0,0,4.4,8,0.84,2002
233617.24,2.92,34,3.4,1.0,1388,3.73,32.94,-114.35,4158.0,3,1,0,1.8,3,1.25,1990
316299.42,3.0,46,8.2,0.9,1522,2.4,35.76,-124.25,5613.0,2,0,1,13.6,7,1.03,1978
207111.7,2.26,49,3.3,0.8,2096,1.99,38.66,-119.45,2839.0,0,1,0,2.5,6,1.32,1975
225835.42,1.93,1,3.3,0.9,5534,1.36,37.43,-121.66,1621.0,3,1,1,31.7,9,1.11,2023
384476.11,3.79,9,8.1,1.6,1667,3.43,39.18,-116.73,4481.0,3,1,1,19.3,9,1.07,2015
282287.42,1.93,20,7.1,0.6,682,0.54,37.74,-116.05,3546.0,1,0,0,1.9,8,1.32,2004
278234.19,2.8,19,6.2,1.1,2009,4.05,37.78,-115.86,2739.0,3,0,0,12.9,8,0.8,2005
299628.99,2.25,36,5.4,0.5,1025,2.57,37.35,-121.38,2275.0,1,0,0,0.4,8,0.78,1988
252245.47,3.29,40,5.1,1.5,1004,2.65,35.96,-121.62,2806.0,2,0,0,28.0,8,1.42,1984
250440.51,3.11,45,4.5,0.8,1426,3.81,36.74,-117.39,3024.0,2,0,0,3.4,10,1.24,1979
322885.68,4.12,4,5.1,0.7,1193,0.8,33.57,-114.75,4468.0,0,0,0,19.7,8,1.59,2020
242192.24,2.22,9,5.4,1.2,771,2.73,40.43,-121.83,1951.0,1,0,1,1.7,9,0.85,2015
213881.34,2.44,41,3.4,-0.1,1226,4.89,40.95,-114.94,2125.0,2,0,1,9.6,6,1.23,1983
175268.8,1.84,22,4.3,0.5,2603,2.66,39.78,-118.29,2651.0,2,0,1,39.7,10,0.9,2002
204271.39,2.28,18,2.3,1.3,1867,1.41,38.04,-116.75,1512.0,3,0,0,1.2,7,1.2,2006
366474.87,3.16,12,5.6,1.6,817,2.58,37.91,-119.88,4204.0,2,0,1,5.3,9,1.61,2012
270794.24,3.68,42,5.6,1.3,908,4.57,36.97,-116.03,4006.0,1,0,0,22.9,3,1.41,1982
268490.07,1.88,43,8.2,1.2,1995,2.08,34.7,-114.31,3460.0,1,0,1,9.3,7,1.02,1981
326646.04,3.85,39,6.1,2.3,820,1.15,36.15,-122.71,9998.0,3,0,0,15.8,10,1.22,1985
293259.04,4.68,9,4.7,1.3,882,2.44,41.9,-120.45,4188.0,4,0,1,25.1,3,1.13,2015
340382.83,3.21,6,5.2,0.6,1145,1.31,33.89,-115.44,5840.0,3,0,0,23.0,9,0.95,2018
310999.95,5.76,19,6.2,1.6,830,0.29,37.66,-122.64,3073.0,1,0,0,7.5,4,1.01,2005
287874.59,1.99,48,5.8,0.8,1959,3.9,40.73,-120.16,2266.0,0,1,1,8.4,10,0.96,1976
234193.21,1.65,47,6.4,0.7,1413,4.26,36.8,-122.76,1452.0,0,1,1,12.7,5,1.5,1977
235053.52,1.33,7,6.1,0.4,5560,3.5,38.25,-117.69,3474.0,2,0,0,2.0,8,1.13,2017
363241.89,4.95,16,5.1,0.9,713,4.07,40.36,-122.0,3907.0,2,0,1,30.5,2,1.12,2008
243852.18,3.53,5,4.7,0.5,4539,2.51,37.7,-120.5,4745.0,0,0,0,1.5,5,1.06,2019
251906.02,2.66,16,4.6,1.4,2186,4.62,39.45,-119.34,2318.0,1,0,0,3.1,7,1.79,2008
225613.82,3.04,1,4.1,1.0,5960,2.25,35.8,-121.38,4161.0,4,0,1,43.5,5,0.77,2023
251919.26,1.73,51,3.9,0.4,5346,3.0,39.46,-117.36,1558.0,4,0,0,5.0,8,1.02,1973
491345.22,7.23,37,8.3,1.1,1284,1.99,32.89,-123.33,3118.0,1,0,1,4.2,8,1.18,1987
246677.93,2.86,39,5.7,1.6,585,1.32,33.95,-115.26,3926.0,1,0,0,8.3,10,1.16,1985
292773.43,2.84,19,5.3,1.9,1606,2.24,38.55,-119.45,4115.0,4,1,0,19.3,7,1.43,2005
303077.31,3.63,37,4.8,0.2,371,5.68,36.77,-118.49,4492.0,2,0,0,6.8,8,1.96,1987
329919.92,3.29,17,6.1,0.7,3064,4.84,40.37,-117.97,3896.0,4,0,1,31.2,3,0.67,2007
309825.02,2.97,26,7.3,0.5,2041,3.93,35.75,-123.87,3152.0,2,1,1,2.4,2,0.86,1998
282044.52,1.98,22,6.6,1.3,1119,2.49,39.79,-116.55,5543.0,2,1,1,1.9,7,1.2,2002
372735.13,3.28,8,6.9,0.4,1261,2.46,33.82,-114.57,2904.0,2,0,1,1.2,10,1.33,2016
384312.4,5.77,33,4.6,1.6,798,5.06,41.34,-119.04,2966.0,3,0,1,5.3,5,0.85,1991
331593.25,4.66,2,5.5,1.7,1762,3.03,36.48,-120.4,6567.0,3,0,0,3.3,1,1.28,2022
340036.9,5.14,30,4.6,1.5,817,3.95,34.69,-116.26,737.0,2,0,0,9.3,6,0.98,1994
179114.53,2.22,47,5.7,0.7,1755,2.34,40.0,-116.94,3975.0,2,1,0,81.7,8,1.34,1977
256645.0,1.83,20,7.4,0.8,2398,2.64,41.5,-117.66,4042.0,2,0,1,30.4,8,1.2,2004
262280.68,2.58,18,6.2,0.9,3041,3.94,41.22,-114.36,2415.0,2,1,0,33.8,8,1.31,2006
292473.05,2.78,43,7.9,1.7,2582,2.12,34.76,-118.39,3009.0,3,1,1,26.6,3,1.36,1981
346995.26,4.21,10,5.1,0.3,1424,3.42,38.88,-121.89,2961.0,2,0,1,4.8,8,1.4,2014
155498.6,1.38,24,4.3,1.3,2579,2.16,37.7,-124.24,2679.0,3,0,1,3.8,3,0.75,2000
356446.28,5.01,4,6.3,0.6,2014,3.61,39.39,-119.74,2888.0,4,0,0,19.8,10,1.26,2020
272133.88,2.55,37,5.7,0.9,2001,2.12,37.13,-117.65,3606.0,2,1,0,13.7,6,1.5,1987
296933.88,2.29,4,6.0,1.5,795,5.1,36.96,-122.69,2217.0,3,0,1,3.5,8,1.32,2020
234899.39,1.81,13,5.8,0.3,666,2.92,40.89,-124.23,2974.0,2,1,1,51.3,7,0.97,2011
186631.6,1.4,25,4.8,1.0,2222,3.93,40.78,-114.95,1518.0,0,1,1,8.3,5,1.2,1999
277959.83,3.78,13,5.8,1.0,2667,2.98,39.98,-121.33,2192.0,1,0,0,25.3,7,1.17,2011
306613.45,2.8,18,7.0,1.1,1100,2.4,39.2,-119.61,1732.0,3,0,1,1.2,1,1.18,2006
261193.33,1.62,24,7.1,1.0,4625,3.69,38.94,-123.54,3221.0,1,0,0,0.5,7,1.12,2000
190849.05,1.62,2,4.8,1.4,10622,4.38,33.03,-120.49,1773.0,4,0,0,9.1,2,1.14,2022
245271.49,2.38,48,5.8,0.9,7352,1.26,39.62,-120.05,1486.0,3,0,1,1.9,7,1.37,1976
419085.95,5.3,33,7.7,1.3,1460,3.16,38.56,-115.02,1488.0,2,0,1,58.1,7,0.72,1991
301167.43,2.45,19,4.8,1.3,1278,2.87,35.37,-115.41,1779.0,2,0,1,25.1,9,1.05,2005
236025.58,1.49,9,4.5,1.2,3392,3.25,40.29,-122.52,4993.0,3,0,0,9.1,10,0.96,2015
261747.91,2.46,28,6.7,1.4,3112,4.62,40.41,-118.66,6426.0,3,0,1,58.3,8,1.43,1996
265124.52,2.44,35,6.4,1.2,742,3.98,41.36,-116.82,2517.0,2,1,1,4.1,5,1.11,1989
174726.35,0.92,39,4.2,1.1,1489,4.39,36.47,-121.44,1413.0,2,0,1,17.0,7,1.06,1985
237450.85,2.66,10,3.4,0.5,3069,3.32,37.74,-120.36,2565.0,4,0,1,0.3,1,1.1,2014
239996.58,2.48,1,5.8,1.8,882,2.48,41.11,-114.16,5961.0,0,0,0,7.0,8,1.04,2023
261899.86,3.59,42,4.9,1.9,996,0.09,35.51,-116.52,3343.0,2,0,1,1.2,2,1.58,1982
333684.12,5.69,21,3.0,0.9,1124,4.7,40.07,-119.91,1436.0,3,0,0,6.9,8,1.16,2003
376953.13,4.27,9,4.5,1.3,1313,-0.0,41.92,-118.89,7420.0,3,1,0,7.2,5,1.45,2015
265279.02,2.44,47,6.4,0.8,515,4.91,38.69,-117.93,2492.0,1,0,1,7.1,5,1.11,1977
228819.76,1.75,15,5.3,0.7,3147,3.89,41.85,-119.26,2283.0,3,0,0,8.0,3,1.62,2009
501673.32,7.61,35,7.8,1.1,1004,5.36,37.4,-120.18,5356.0,2,0,1,14.4,8,1.54,1989
259448.07,2.78,5,2.4,2.5,2125,3.32,33.95,-120.73,3424.0,3,1,0,3.2,6,1.18,2019
311599.41,2.73,41,7.5,1.9,1950,3.6,34.17,-122.73,5679.0,2,1,1,4.0,3,1.39,1983
259491.01,2.69,22,5.0,1.8,804,2.78,39.45,-114.28,2783.0,3,1,1,15.6,6,1.27,2002
292506.76,2.94,41,4.8,1.4,440,3.09,32.51,-123.54,2872.0,1,1,0,9.4,9,1.19,1983
210078.21,2.57,23,3.2,0.6,1941,2.13,38.79,-118.19,2349.0,3,0,1,2.6,2,1.11,2001
262386.21,2.16,7,6.2,1.6,1275,2.86,33.94,-114.42,3219.0,3,0,0,23.2,8,1.22,2017
178502.2,2.18,23,2.8,-0.3,2602,1.98,41.85,-120.56,2923.0,4,0,1,40.1,7,1.2,2001
322740.81,2.68,44,6.7,1.3,3462,3.06,34.05,-121.85,2096.0,1,1,1,9.4,7,0.98,1980
208693.82,2.19,25,3.2,1.6,353,2.97,37.75,-114.47,1280.0,3,0,0,14.3,6,1.31,1999
201066.35,2.04,27,3.5,1.2,1502,2.98,38.86,-116.08,3781.0,2,1,0,25.3,7,0.85,1997
211254.53,2.84,41,3.7,1.9,4160,2.89,40.29,-117.62,3504.0,2,0,0,49.8,8,1.26,1983
217451.21,2.45,6,4.4,0.4,5709,2.26,36.86,-118.07,2613.0,2,0,1,52.2,7,0.95,2018
398671.94,4.96,34,6.9,1.9,417,3.67,41.37,-120.72,4785.0,2,0,0,38.4,6,1.61,1990
223732.26,0.94,9,7.8,1.0,4544,3.38,37.06,-117.77,3212.0,2,1,0,25.4,5,1.42,2015
356522.34,4.21,49,4.6,1.8,806,3.33,34.89,-116.89,3708.0,3,1,1,8.3,7,1.29,1975
309893.46,4.47,33,5.4,1.6,3180,1.87,38.13,-124.17,2974.0,3,0,1,16.6,7,1.38,1991
182677.61,1.19,51,6.2,1.9,1165,3.81,38.75,-123.26,1348.0,1,0,0,21.6,6,1.38,1973
303369.18,2.37,6,5.0,1.6,3285,2.08,37.32,-121.19,5727.0,2,0,1,1.4,9,1.4,2018
298673.98,2.34,37,6.2,1.4,1353,2.37,39.47,-121.11,3603.0,2,0,0,1.9,10,0.72,1987
210830.31,1.55,31,5.5,1.8,572,3.11,36.5,-115.04,1536.0,4,0,0,18.3,5,1.03,1993
235475.92,1.99,34,5.1,1.1,1135,4.38,32.54,-117.31,2377.0,2,0,1,16.5,7,1.01,1990
154534.48,1.74,41,3.4,1.4,2785,1.55,35.01,-120.58,3971.0,0,0,0,24.4,5,0.98,1983
394685.68,5.48,29,5.7,1.1,1289,1.81,41.49,-116.0,6346.0,2,0,0,3.1,7,1.69,1995
348896.51,3.95,14,6.9,0.8,766,0.64,39.75,-121.11,3442.0,2,1,1,41.4,6,1.19,2010
249656.28,4.52,36,4.3,1.4,653,3.61,34.3,-114.1,4312.0,0,0,0,4.1,5,1.5,1988
300630.61,3.63,36,2.5,1.2,946,2.6,33.13,-116.29,6796.0,2,1,0,2.2,6,1.16,1988
243436.28,1.73,15,5.0,1.7,939,3.51,35.83,-116.01,6636.0,4,0,1,5.9,4,0.99,2009
248807.33,2.2,8,7.8,1.0,2862,3.41,40.44,-121.76,3401.0,3,0,0,24.8,3,1.22,2016
305097.23,3.31,26,7.3,0.7,1317,3.95,33.51,-122.98,4144.0,3,0,1,0.4,7,1.08,1998
250645.84,1.67,36,4.6,1.7,1423,3.0,37.66,-120.41,1827.0,2,1,0,3.9,8,1.58,1988
321381.47,3.62,48,6.2,1.1,1565,2.15,35.11,-120.99,2905.0,2,0,0,46.7,8,0.71,1976
327681.18,2.47,21,6.4,0.7,2785,3.28,39.4,-116.42,3653.0,2,1,0,0.3,7,1.45,2003
269405.99,2.34,28,7.7,1.8,3010,3.5,32.5,-122.67,2417.0,1,0,1,4.9,6,1.22,1996
234974.76,3.61,4,3.2,1.6,1186,2.58,35.13,-118.96,1536.0,1,0,1,5.9,7,1.16,2020
210128.5,3.25,16,3.9,2.0,1463,3.11,38.95,-117.9,2923.0,2,1,0,38.6,2,1.16,2008
215601.42,2.35,22,2.5,0.9,3022,1.39,37.69,-120.46,1231.0,3,0,1,28.6,9,1.32,2002
333786.75,4.32,12,4.5,0.9,1036,1.47,39.9,-122.39,6343.0,1,0,1,9.2,6,1.16,2012
280954.08,1.76,16,7.1,0.6,1166,1.01,34.0,-115.1,2897.0,2,0,0,5.7,9,1.49,2008
267200.63,3.48,51,4.7,0.8,3017,3.35,37.54,-123.04,5070.0,1,0,1,43.4,8,0.66,1973
257701.27,3.45,40,3.5,0.9,1142,3.89,34.36,-121.31,1920.0,2,0,1,3.1,7,1.04,1984
267205.83,2.4,38,5.8,1.4,2204,1.29,38.57,-116.56,2318.0,3,0,1,9.7,6,0.94,1986
247379.28,3.1,42,5.9,0.6,510,3.19,33.75,-118.14,3999.0,0,0,0,8.1,6,0.76,1982
195729.08,1.65,37,4.0,0.8,2884,3.54,33.91,-116.83,6288.0,2,0,1,41.0,7,1.27,1987
344103.49,3.93,29,4.7,1.9,1539,2.52,35.62,-116.01,3271.0,1,1,0,21.1,10,1.63,1995
251095.45,2.52,18,5.7,-0.4,2503,4.92,36.32,-115.1,1972.0,2,0,0,9.3,8,1.32,2006
260048.47,2.21,10,6.6,1.3,4427,1.25,37.24,-121.3,4614.0,2,0,0,14.0,6,1.1,2014
287344.74,4.14,42,4.5,0.5,1384,2.55,38.02,-119.52,1745.0,2,0,1,35.7,7,1.44,1982
199630.24,2.05,39,4.3,0.7,530,-0.49,36.95,-117.27,5716.0,2,0,0,26.7,7,1.36,1985
252286.01,1.55,18,8.4,1.8,1353,3.41,32.93,-116.16,5069.0,4,0,0,14.3,5,0.92,2006
247187.72,1.46,1,5.1,1.1,4777,2.12,35.76,-118.43,2040.0,2,1,1,37.0,9,1.02,2023
325651.7,3.46,39,5.9,2.4,2071,0.63,33.08,-119.11,2801.0,2,0,0,7.2,8,1.75,1985
247670.17,1.63,21,6.5,1.4,771,3.71,33.62,-117.24,2309.0,2,0,1,19.8,7,1.59,2003
364965.67,5.48,1,2.8,0.7,1548,2.81,33.38,-120.49,3605.0,4,0,0,0.2,6,1.32,2023
208093.98,1.18,15,5.5,1.4,2671,2.63,34.0,-115.12,3769.0,4,0,0,13.1,5,1.46,2009
302258.12,5.36,4,3.0,1.7,1635,4.35,40.22,-122.27,1265.0,1,0,0,2.2,7,1.56,2020
306327.18,2.96,20,5.3,1.4,1600,2.06,38.46,-115.22,3863.0,4,0,0,11.1,5,1.57,2004
271580.14,2.62,10,7.6,1.0,1021,3.77,37.31,-117.74,2839.0,3,0,0,4.2,1,1.47,2014
209892.61,2.19,23,4.0,0.3,1089,3.95,39.46,-118.19,1621.0,4,0,0,7.2,3,0.97,2001
257897.06,3.19,41,3.0,0.9,2160,2.32,41.63,-119.57,4044.0,3,0,0,23.6,8,1.26,1983
314829.17,2.68,34,8.3,1.9,2681,3.01,36.47,-122.88,6582.0,1,0,1,0.9,6,1.48,1990
286546.89,4.23,46,3.8,0.7,1573,5.01,35.99,-115.42,3150.0,3,0,0,11.6,5,1.26,1978
240767.37,2.85,48,3.3,0.9,1217,1.79,41.79,-123.95,5995.0,3,1,0,2.3,5,1.17,1976
288800.09,2.89,33,7.9,1.6,3311,3.67,39.83,-121.67,4494.0,1,0,1,12.8,7,1.06,1991
230229.78,2.35,34,3.7,1.4,1288,3.07,39.88,-123.35,4520.0,3,0,0,15.1,9,0.77,1990
344395.22,2.66,39,8.0,0.4,2278,4.52,38.2,-123.38,3761.0,3,0,1,3.0,5,1.01,1985
284030.19,3.07,10,5.9,1.0,2769,2.96,37.32,-120.4,2669.0,4,0,0,0.1,8,0.83,2014
237582.42,1.37,20,7.4,1.8,657,3.82,37.73,-122.82,2057.0,2,0,1,1.3,8,1.28,2004
223325.78,1.59,1,5.8,1.1,2021,1.08,38.69,-118.4,13871.0,2,0,0,17.5,7,1.04,2023
335552.87,3.66,13,7.1,1.8,208,0.43,36.08,-117.91,3250.0,4,0,0,7.2,2,1.2,2011
253780.22,2.91,1,4.1,1.8,1665,1.74,39.93,-115.24,3219.0,2,0,0,7.0,8,1.27,2023
247717.13,2.53,5,4.6,0.6,2874,2.47,41.14,-121.35,5132.0,2,0,1,17.7,9,1.29,2019
179022.42,2.74,16,2.3,1.0,2367,2.57,37.93,-121.25,1157.0,0,0,0,10.3,2,1.05,2008
292203.04,3.12,15,7.0,1.4,3428,4.31,36.12,-121.91,3975.0,3,1,0,15.2,4,1.09,2009
240568.85,2.19,49,6.1,0.3,2393,2.53,39.11,-116.29,5848.0,1,1,1,37.8,3,1.22,1975
209688.75,1.99,28,4.0,1.0,1171,3.03,34.23,-120.01,5774.0,4,0,1,10.6,5,1.22,1996
298016.57,2.94,31,2.9,1.4,527,3.17,41.7,-118.7,3970.0,4,1,0,15.2,7,1.44,1993
218233.5,1.84,23,5.9,0.8,1979,2.24,38.75,-120.57,1802.0,2,0,0,15.3,2,1.23,2001
291951.04,3.2,48,8.0,1.4,2651,2.98,33.14,-122.85,4672.0,1,0,0,11.5,4,0.88,1976
227694.59,1.38,45,5.3,0.8,443,4.26,37.53,-123.42,1711.0,2,0,1,16.4,6,1.05,1979
275470.34,4.1,43,4.5,0.8,2497,3.36,39.63,-115.38,6334.0,2,0,0,27.0,7,0.98,1981
240560.81,3.28,17,4.1,1.5,1939,3.71,35.14,-121.71,4406.0,2,0,0,24.7,9,1.09,2007
343966.41,3.01,49,7.4,1.8,1350,3.4,32.98,-114.61,2467.0,2,0,0,0.9,8,1.36,1975
250608.14,4.03,34,4.3,0.7,2570,4.98,37.15,-114.55,5114.0,3,0,1,45.5,3,1.4,1990
394509.06,5.29,13,4.9,0.5,1450,1.74,40.42,-119.47,2760.0,4,1,0,28.2,10,1.26,2011
382268.85,4.08,14,7.1,1.1,1378,6.0,34.89,-114.43,3134.0,2,1,0,52.9,5,0.79,2010
256831.47,1.3,11,6.5,1.3,653,4.2,39.31,-124.2,4275.0,3,1,1,3.2,6,1.0,2013
226427.04,1.63,28,5.0,0.7,2499,4.41,36.37,-123.54,2904.0,2,1,1,11.5,3,1.08,1996
281745.29,2.12,42,4.5,1.9,635,4.57,33.07,-121.95,2669.0,3,1,0,8.7,9,1.37,1982
307084.18,2.75,32,7.7,1.0,1045,4.24,35.39,-122.3,2181.0,0,0,1,7.1,7,0.77,1992
250240.23,3.34,35,3.8,0.7,2603,1.45,35.48,-121.85,4780.0,2,0,1,7.8,7,0.87,1989
197510.39,2.03,31,5.2,2.1,1581,1.64,41.09,-119.75,3046.0,1,0,1,35.1,1,1.36,1993
190782.79,2.93,17,3.2,1.7,7095,3.84,41.83,-123.84,5039.0,1,0,0,18.0,1,1.32,2007
319881.58,2.01,47,7.3,0.7,2905,3.69,34.49,-118.67,2239.0,2,1,1,5.9,8,1.64,1977
201986.43,2.13,9,4.8,1.6,3297,4.06,36.59,-121.25,1832.0,2,0,0,7.1,7,1.77,2015
240045.23,1.55,10,4.5,0.8,3580,3.06,41.78,-123.75,5170.0,2,0,0,9.5,7,0.92,2014
282542.83,1.88,8,6.5,1.5,1490,1.42,36.37,-116.59,1744.0,2,1,1,6.9,8,0.84,2016
195492.97,1.58,21,3.4,2.0,1181,2.87,35.82,-117.64,2262.0,2,0,1,3.5,4,0.94,2003
254988.27,1.84,13,6.5,0.5,684,3.89,33.54,-116.17,4004.0,2,0,1,8.6,10,1.93,2011
278944.98,4.14,50,5.0,0.8,565,2.7,39.66,-114.64,7349.0,3,0,1,1.2,3,1.03,1974
172733.54,1.86,5,3.7,0.8,4527,2.99,36.75,-118.35,3584.0,2,0,0,28.9,5,1.58,2019
454903.54,7.79,6,4.0,1.2,1099,3.04,38.57,-116.24,1756.0,1,0,0,26.1,8,1.58,2018
274771.03,3.31,30,4.5,1.3,3696,2.37,37.34,-122.41,1896.0,0,1,0,33.4,7,0.62,1994
224415.0,2.93,31,4.8,1.1,556,2.02,34.16,-120.19,2976.0,0,0,1,8.9,3,1.29,1993
248871.24,1.93,17,3.7,0.3,1562,5.53,34.18,-118.93,4108.0,2,0,1,15.8,8,1.25,2007
315302.58,3.6,11,5.9,0.5,4984,4.87,41.43,-118.82,1857.0,2,1,1,24.9,10,1.49,2013
207745.48,2.16,20,3.7,0.7,2236,4.28,40.95,-116.96,1906.0,2,0,0,5.7,7,1.6,2004
200846.21,2.85,48,2.0,1.4,2284,3.5,38.3,-116.14,2894.0,2,0,0,15.1,5,1.48,1976
453644.15,7.57,9,8.4,0.4,1131,1.79,32.51,-117.5,4251.0,3,0,0,8.7,4,1.27,2015
187352.93,2.62,2,5.8,0.6,878,4.06,36.62,-124.0,1564.0,1,0,0,7.0,5,1.42,2022
370746.86,4.3,37,8.5,0.5,1744,4.34,37.54,-120.81,914.0,1,0,1,29.4,6,0.45,1987
202318.68,2.05,1,3.9,1.3,734,2.59,36.77,-118.49,2842.0,2,0,0,14.7,5,0.79,2023
293929.06,2.68,4,6.2,1.7,1659,1.72,41.29,-119.17,11614.0,2,0,0,14.6,8,1.0,2020
338943.68,5.52,36,6.8,1.2,3963,3.51,32.89,-124.03,2364.0,2,0,0,2.6,2,1.28,1988
259752.88,2.12,25,5.2,2.1,656,4.28,38.72,-114.2,5377.0,2,1,0,6.4,6,0.82,1999
340634.3,5.61,3,3.3,1.2,3022,2.23,35.48,-114.46,1787.0,1,1,1,27.6,6,1.31,2021
311549.7,3.61,9,5.1,1.1,4010,3.63,37.82,-116.38,3171.0,2,1,0,3.6,9,1.53,2015
238949.96,2.17,22,6.4,0.7,1468,1.91,38.73,-123.92,5147.0,3,0,0,52.8,5,0.57,2002
308203.2,3.5,23,6.4,1.2,1856,1.64,36.69,-119.98,2792.0,4,1,0,26.7,7,1.81,2001
299344.65,4.01,12,5.5,0.7,1232,3.25,33.91,-120.2,1640.0,2,0,1,4.7,1,0.89,2012
323923.41,3.49,10,6.8,0.6,1410,2.02,37.43,-118.64,3074.0,1,0,0,1.7,9,1.39,2014
229119.27,1.45,34,6.8,0.6,3478,3.52,41.36,-123.91,4492.0,3,0,0,2.8,7,0.91,1990
275109.7,2.03,43,4.7,1.0,3229,1.06,37.59,-120.05,8000.0,3,1,1,4.2,8,1.25,1981
221371.69,2.46,10,3.2,0.8,2476,1.97,33.67,-116.54,1529.0,1,0,0,4.1,7,0.61,2014
353316.86,2.64,30,5.8,2.4,2940,4.23,40.33,-114.02,3544.0,3,1,1,0.2,8,1.54,1994
275125.63,3.48,22,4.4,1.2,2121,3.83,34.61,-118.25,1953.0,4,0,1,18.8,3,0.79,2002
260669.28,2.92,6,5.7,1.2,677,3.5,36.02,-114.62,3233.0,3,0,0,56.6,8,1.32,2018
216281.59,1.59,50,7.5,0.8,4235,2.47,36.57,-114.02,1941.0,2,0,0,5.1,4,1.49,1974
301023.79,3.16,2,6.2,2.6,884,3.02,35.73,-119.93,2134.0,2,0,1,0.2,7,1.03,2022
302165.9,3.47,30,7.4,0.6,1668,2.73,36.34,-117.48,6702.0,1,0,1,37.6,10,0.99,1994
313794.47,3.4,2,4.0,0.9,3578,5.8,40.06,-122.26,3081.0,2,1,1,3.5,5,0.67,2022
323276.64,4.19,32,7.1,1.6,589,3.38,34.62,-119.51,1564.0,3,0,0,0.1,5,1.25,1992
333555.41,3.79,42,8.0,1.2,2979,2.08,36.97,-123.68,2742.0,4,0,0,3.8,5,1.25,1982
282425.05,3.27,16,5.6,0.5,696,2.9,32.69,-124.19,4147.0,2,0,0,1.6,6,0.92,2008
292931.79,2.64,12,9.0,1.1,2909,0.98,37.32,-115.12,3314.0,2,1,0,19.4,7,1.2,2012
167762.31,1.4,1,4.2,1.4,4732,0.72,33.56,-115.49,3764.0,1,0,0,0.0,4,0.78,2023
267368.65,3.23,8,4.5,1.4,1002,4.76,35.18,-121.22,7732.0,3,0,0,8.7,2,0.81,2016
286718.09,2.95,48,6.5,1.4,903,3.33,35.59,-119.7,4850.0,3,0,1,10.2,6,1.42,1976
299318.22,3.03,50,5.6,2.2,1921,2.46,33.28,-119.32,5995.0,2,0,0,23.0,6,1.15,1974
248307.75,1.63,13,4.4,1.2,880,2.97,35.93,-119.03,3618.0,3,1,0,11.1,6,0.83,2011
272861.69,1.76,15,6.4,1.5,316,2.87,37.23,-123.09,4620.0,2,0,0,2.0,8,1.54,2009
291677.8,4.14,44,6.0,-0.1,1771,3.08,36.6,-116.36,2112.0,3,0,0,8.3,6,1.15,1980
214013.44,2.68,8,4.6,2.0,2363,4.38,35.16,-120.85,4328.0,2,0,1,40.9,4,1.3,2016
334670.73,3.57,10,5.8,1.1,1390,3.64,35.3,-124.17,6505.0,3,0,1,4.1,9,1.35,2014
295505.67,2.75,46,6.6,0.7,1979,2.51,38.52,-117.4,3327.0,2,0,1,5.3,8,1.2,1978
262460.22,2.75,5,4.6,1.0,4184,0.9,39.32,-115.79,2419.0,1,0,1,31.0,5,1.15,2019
279275.35,3.96,50,6.3,1.4,1357,1.8,37.98,-114.86,5811.0,2,0,0,23.1,9,1.54,1974
243674.88,2.21,19,4.2,1.6,1508,3.91,41.77,-117.42,2008.0,3,0,0,5.3,10,0.78,2005
221738.34,2.82,47,4.5,1.1,1779,4.87,41.48,-122.49,9372.0,1,0,0,18.5,5,0.59,1977
267948.65,2.26,38,7.2,1.4,1406,1.95,33.44,-118.31,3525.0,2,0,0,1.3,6,0.99,1986
275303.36,2.28,11,6.4,1.0,1406,1.77,34.98,-114.93,1341.0,2,1,1,11.7,3,1.03,2013
170678.13,2.4,43,2.7,1.3,7093,2.48,40.75,-120.82,3735.0,1,0,0,30.7,7,0.69,1981
249613.58,2.97,20,4.9,1.2,1999,5.14,32.78,-114.49,6043.0,1,0,0,27.7,8,1.33,2004
296760.72,2.24,20,6.2,1.3,1425,3.18,38.13,-123.47,5234.0,2,1,0,3.4,9,1.14,2004
325796.26,4.49,21,5.7,0.9,5472,2.09,41.57,-116.86,3037.0,3,0,1,11.4,7,1.39,2003
328123.64,1.9,18,6.4,1.3,4308,2.57,38.95,-123.24,3215.0,4,1,0,7.6,6,1.17,2006
249721.03,2.52,50,5.7,0.7,2979,2.37,33.37,-116.11,5227.0,2,0,0,12.3,7,0.79,1974
291828.69,2.28,10,5.3,1.2,1110,3.84,39.6,-123.47,1126.0,2,1,0,1.2,4,0.98,2014
351414.7,4.85,34,5.3,0.8,16088,5.34,36.08,-121.08,2260.0,3,0,1,59.7,9,1.23,1990
296590.17,2.94,26,7.1,0.6,516,3.16,41.25,-116.34,2096.0,3,0,0,12.4,7,1.61,1998
374218.31,4.11,30,6.5,0.7,434,4.31,35.22,-119.67,4549.0,3,1,0,1.9,10,1.21,1994
224487.56,1.5,9,6.1,1.0,2456,1.38,37.0,-115.23,1924.0,3,0,0,15.4,6,1.23,2015
236416.61,3.02,46,5.6,0.8,1358,5.81,39.59,-120.28,2096.0,2,0,0,0.1,8,1.54,1978
290228.76,3.88,51,4.7,1.3,249,1.39,34.95,-114.05,2381.0,2,1,1,0.1,6,1.33,1973
227608.25,2.81,31,5.0,1.1,1615,4.45,34.23,-124.3,1974.0,2,0,0,3.0,4,1.17,1993
324885.47,4.16,42,7.1,1.6,1925,3.41,32.53,-117.19,5088.0,2,0,1,4.7,8,0.98,1982
288335.83,2.21,4,7.0,1.1,1580,1.49,37.14,-114.88,2361.0,2,0,1,4.6,8,1.79,2020
340487.6,4.78,6,4.5,1.2,2302,4.0,41.32,-118.87,3921.0,2,0,0,8.8,8,0.86,2018
513081.66,6.82,14,5.6,2.0,1241,2.97,35.17,-114.12,2297.0,3,0,0,10.8,10,1.01,2010
315730.65,2.35,4,6.2,0.9,1618,1.91,32.91,-117.07,2968.0,4,0,1,8.2,10,0.59,2020
306218.63,2.27,26,6.1,1.0,5148,3.01,38.39,-119.99,2717.0,2,1,1,7.0,9,1.76,1998
354660.94,4.86,47,6.1,1.7,3893,1.02,33.03,-119.09,1169.0,2,0,0,16.6,9,1.16,1977
320435.03,5.11,48,3.8,0.6,1530,2.42,37.32,-115.29,1654.0,1,0,0,4.3,6,1.53,1976
219351.97,2.21,39,3.7,1.8,2803,1.84,36.12,-114.45,1603.0,3,0,1,14.8,7,1.24,1985
225986.46,2.3,17,7.3,1.0,3636,2.78,37.02,-118.66,5146.0,3,0,0,47.1,2,1.39,2007
288989.07,2.43,19,7.8,0.7,854,0.92,34.05,-121.27,5676.0,2,0,1,9.6,8,1.08,2005
184779.03,1.59,51,3.3,1.6,2355,0.85,33.36,-121.99,2330.0,2,1,1,10.7,7,0.33,1973
220649.64,1.88,49,5.5,1.0,2048,1.98,39.62,-119.49,3729.0,3,0,0,19.5,8,1.5,1975
269101.82,1.82,6,6.7,2.0,3059,2.95,34.83,-121.39,2104.0,2,0,1,10.6,8,1.17,2018
209486.35,2.0,29,2.2,1.1,849,1.83,40.1,-120.08,3438.0,2,0,1,2.3,5,1.27,1995
218876.21,2.68,11,3.9,1.1,1759,3.55,39.71,-115.74,2497.0,1,0,0,14.2,7,1.27,2013
234475.0,2.99,16,5.4,0.8,988,3.84,34.38,-119.54,2305.0,2,0,0,10.7,4,1.02,2008
332450.43,5.05,30,4.6,1.0,2358,1.99,41.13,-117.77,4027.0,2,1,1,45.4,3,1.44,1994
234933.94,1.82,25,5.8,1.0,934,4.67,34.03,-123.55,3501.0,2,0,1,1.5,7,0.8,1999
309583.9,4.03,40,7.7,1.8,1168,2.64,40.07,-116.5,2049.0,3,0,0,11.5,7,1.23,1984
242604.95,2.5,11,4.2,1.2,1994,5.2,36.5,-119.43,7028.0,1,1,1,14.4,6,1.0,2013
278248.74,2.67,7,5.6,1.5,852,2.69,34.24,-120.71,7498.0,2,1,0,14.5,3,1.18,2017
303575.35,3.56,26,5.0,1.1,496,1.65,41.41,-118.08,3163.0,2,0,0,0.9,8,1.19,1998
269065.6,1.73,22,5.7,0.9,4151,4.47,41.65,-123.43,4037.0,3,0,1,6.0,8,1.37,2002
319744.54,3.17,25,5.5,1.3,1080,1.75,37.36,-120.15,9568.0,3,0,1,4.6,6,0.73,1999
357370.71,2.91,19,9.5,1.9,590,4.37,36.96,-115.98,4030.0,4,0,1,17.1,1,0.52,2005
350155.84,3.31,31,7.7,0.6,744,3.14,41.06,-121.75,1512.0,1,0,1,19.9,7,1.12,1993
242291.85,3.05,26,3.1,1.3,1669,2.33,38.16,-114.9,3046.0,3,0,0,3.5,3,1.88,1998
389481.77,7.26,42,4.1,1.8,6384,2.08,35.03,-118.16,2508.0,1,1,0,26.2,5,1.68,1982
200856.33,2.11,41,4.3,0.7,1616,2.9,36.54,-118.82,2389.0,1,0,0,10.0,5,1.09,1983
183438.59,2.2,36,3.6,1.6,2882,3.82,40.44,-120.3,3721.0,0,0,0,4.6,5,1.53,1988
226798.8,2.12,23,3.4,1.6,1329,2.95,40.67,-116.71,2344.0,2,0,1,5.3,7,1.61,2001
233069.64,2.18,47,5.2,0.5,2097,4.78,41.42,-118.57,4525.0,1,1,0,4.6,3,0.87,1977
255032.1,2.11,13,4.4,1.7,1532,1.59,35.24,-116.14,2180.0,2,1,1,13.9,7,1.26,2011
335415.57,4.37,25,4.2,0.8,2852,2.88,38.96,-121.02,1721.0,2,1,0,11.2,7,0.5,1999
441223.55,4.8,2,8.5,1.3,730,4.32,33.15,-117.13,5620.0,4,0,0,41.9,6,1.04,2022
250758.25,2.16,2,4.5,1.6,1920,1.56,39.4,-114.59,2602.0,3,0,0,4.8,7,0.95,2022
255669.17,1.95,16,4.8,1.7,2044,4.25,37.85,-121.56,4441.0,2,0,1,5.8,9,1.34,2008
332446.6,3.28,9,6.6,0.3,2481,3.02,34.87,-114.2,1862.0,3,0,1,0.1,7,1.08,2015
230194.6,2.18,28,4.8,2.0,616,3.13,38.72,-120.19,2720.0,1,0,0,5.3,4,1.06,1996
280038.06,3.5,13,3.8,1.8,1235,2.59,33.78,-124.1,4129.0,2,1,0,4.3,7,1.58,2011
290968.56,2.95,35,5.1,1.6,2924,1.55,35.67,-120.74,2024.0,2,0,1,7.7,7,0.58,1989
357105.12,1.48,41,8.5,1.3,2166,2.91,36.31,-122.93,3752.0,1,1,1,10.3,9,0.79,1983
364394.79,5.05,13,4.8,0.9,7237,2.33,39.88,-121.31,5418.0,1,0,1,16.6,7,1.37,2011
325304.22,5.58,31,4.1,0.6,1183,4.83,35.43,-123.49,3563.0,3,0,0,3.2,2,1.01,1993
202894.16,2.13,21,6.1,0.3,368,3.61,32.97,-122.63,2278.0,1,0,0,12.2,4,1.32,2003
237201.28,2.33,32,5.0,1.4,1245,3.04,34.22,-123.17,2187.0,4,0,0,19.6,7,1.54,1992
389105.87,3.05,34,9.6,1.6,214,4.58,38.28,-124.04,2041.0,1,1,0,4.1,8,1.44,1990
266562.45,3.11,8,4.3,1.1,3170,2.93,32.64,-121.39,1921.0,3,0,0,6.5,3,1.58,2016
346293.57,3.54,41,8.1,0.9,1803,3.84,40.03,-114.62,4512.0,2,0,1,3.4,7,1.24,1983
476118.12,6.07,48,7.2,1.1,2486,4.4,41.06,-114.53,1871.0,2,1,0,1.8,7,0.92,1976
269578.35,2.53,2,4.9,0.8,2824,2.67,37.21,-115.61,2574.0,2,0,1,21.2,6,0.85,2022
214734.13,1.98,38,5.5,1.1,4154,3.52,39.22,-124.37,3257.0,2,0,0,4.1,3,1.01,1986
193279.83,1.57,32,4.0,0.8,227,2.48,36.9,-124.2,2475.0,2,0,0,6.9,9,1.43,1992
265542.81,2.03,40,4.7,1.4,352,4.38,35.43,-124.39,2116.0,2,0,0,4.3,8,1.3,1984
233596.64,2.68,28,4.9,1.7,987,2.97,34.07,-120.65,5418.0,1,0,0,0.7,9,1.55,1996
355819.82,5.57,37,5.7,1.4,1417,4.64,37.42,-114.21,2195.0,2,0,0,19.6,4,1.6,1987
220626.51,2.21,41,3.4,1.1,2121,3.24,41.33,-115.08,3258.0,2,1,0,15.5,7,0.88,1983
271503.56,2.97,1,6.0,1.6,1997,6.06,40.95,-121.87,2300.0,3,0,0,9.7,1,1.44,2023
263032.4,2.7,41,5.3,1.1,2080,2.15,41.24,-120.19,2235.0,3,0,1,16.8,4,1.11,1983
313217.26,4.37,10,6.1,1.6,517,4.03,41.68,-115.84,1533.0,1,0,1,28.1,8,0.86,2014
457287.9,7.47,4,6.3,0.8,957,2.95,34.07,-116.53,3004.0,3,1,0,14.5,5,1.67,2020
223696.74,2.2,35,5.2,0.8,1396,2.73,33.89,-123.11,1560.0,2,1,0,35.6,5,1.14,1989
307322.57,2.23,10,6.2,0.6,1602,0.72,36.56,-123.37,3445.0,3,0,1,3.4,7,1.47,2014
321664.55,4.13,47,5.4,0.9,1211,3.09,39.05,-118.79,2573.0,2,1,1,32.2,8,1.83,1977
294489.1,3.57,11,6.6,1.6,2216,1.83,36.68,-123.43,1847.0,1,0,0,11.7,7,0.74,2013
398737.08,5.69,14,6.0,0.7,725,2.63,40.98,-115.84,1689.0,3,1,0,27.6,3,1.2,2010
358725.16,3.43,38,5.8,-0.1,1228,1.88,39.32,-121.84,943.0,3,1,0,20.4,9,0.95,1986
267760.99,2.35,12,5.3,0.9,2703,2.04,38.52,-122.52,4133.0,3,0,1,0.9,4,1.12,2012
272038.38,3.44,45,7.4,0.5,2129,1.71,33.17,-122.55,2902.0,2,0,1,27.3,9,1.25,1979
317898.95,4.24,17,6.1,0.8,1341,1.73,34.17,-124.03,3225.0,0,1,1,6.2,7,0.96,2007
256503.1,3.77,16,3.5,2.2,1365,1.09,36.57,-117.76,3821.0,1,1,0,8.3,4,1.4,2008
275048.87,3.33,35,4.8,0.7,1235,3.45,41.78,-122.77,6572.0,4,0,1,0.2,4,1.54,1989
335107.51,4.16,2,5.2,1.4,1382,3.02,35.68,-122.05,1847.0,2,0,0,21.3,6,1.36,2022
395015.66,4.34,11,5.5,1.1,1208,3.85,38.48,-116.61,2185.0,3,1,1,9.4,10,1.37,2013
396695.36,4.72,41,5.8,1.3,1350,2.53,41.89,-123.9,3880.0,4,1,0,42.1,9,1.13,1983
329869.92,3.52,3,4.1,0.8,2290,2.21,35.01,-122.37,4306.0,2,1,1,4.9,10,0.99,2021
254813.43,2.54,29,5.4,1.7,2252,2.89,34.08,-122.93,3074.0,3,0,0,10.3,7,1.15,1995
267921.17,2.88,18,5.0,1.3,632,3.84,37.69,-124.45,1080.0,1,1,0,7.9,8,1.21,2006
334411.15,4.4,20,7.1,1.3,7581,3.36,37.74,-118.84,979.0,2,0,0,23.6,7,1.13,2004
180137.57,1.96,47,4.0,1.1,1170,3.02,41.26,-122.5,2867.0,3,0,0,11.5,2,1.2,1977
295351.08,3.15,14,5.5,1.7,2630,3.8,32.75,-117.85,5128.0,2,0,1,9.2,4,0.94,2010
217050.89,2.32,34,4.5,1.4,767,3.01,36.37,-119.23,6113.0,2,1,0,44.0,5,1.47,1990
295747.69,2.75,49,8.3,1.3,5826,2.29,35.47,-117.49,1269.0,2,0,0,7.1,6,1.16,1975
383755.34,4.53,31,7.4,1.4,2780,4.09,37.93,-114.19,3762.0,3,0,0,10.1,8,1.69,1993
232825.88,2.93,40,3.0,0.2,2455,1.5,32.59,-122.19,3721.0,2,0,0,12.1,8,1.52,1984
287789.48,2.77,42,4.3,1.2,1566,1.3,39.26,-117.51,2286.0,2,0,0,0.8,7,1.48,1982
236248.02,1.58,18,6.8,1.1,414,2.97,37.11,-115.75,3198.0,1,1,0,11.2,6,1.06,2006
322564.27,3.66,30,6.2,1.7,6838,3.1,39.16,-114.45,2640.0,4,1,0,6.1,4,1.1,1994
282790.77,3.52,25,6.1,0.7,3579,3.28,36.75,-117.97,1681.0,2,1,1,15.8,2,1.16,1999
440539.24,6.46,19,5.8,1.2,1398,2.61,37.0,-123.13,2183.0,2,1,0,15.5,7,1.32,2005
288439.81,2.4,8,6.9,2.1,2651,4.62,41.01,-123.93,8174.0,2,0,0,18.6,6,1.34,2016
307918.19,2.97,28,6.7,1.1,633,1.2,34.5,-121.58,3445.0,2,0,1,7.6,7,1.1,1996
333948.46,3.0,8,5.1,0.4,393,3.16,34.57,-114.75,1627.0,2,0,0,1.7,9,1.83,2016
334246.3,5.11,31,3.7,2.2,1831,3.91,37.82,-118.86,1699.0,2,0,1,8.7,8,1.05,1993
222331.33,2.62,3,3.0,0.7,955,4.66,38.77,-118.42,6494.0,2,0,1,12.1,8,0.43,2021
260270.74,3.04,3,5.3,0.6,1228,4.6,35.87,-118.09,2334.0,2,0,0,0.4,4,0.94,2021
214178.79,3.47,44,2.7,0.6,1733,1.68,37.44,-121.01,2473.0,3,1,0,11.9,1,1.25,1980
291754.15,2.93,22,5.9,1.5,699,3.43,34.66,-122.59,4430.0,4,0,0,7.6,4,1.1,2002
221608.8,2.27,17,5.0,1.7,1695,2.74,33.79,-114.48,2515.0,0,1,0,9.8,8,1.35,2007
300087.21,2.94,36,8.4,2.0,747,2.98,34.76,-116.57,2285.0,2,0,0,5.4,6,1.21,1988
343195.68,4.18,17,6.0,1.1,4064,4.36,41.21,-119.13,3331.0,3,1,1,10.2,5,1.12,2007
247861.57,1.8,14,5.5,0.6,1668,5.28,40.12,-120.54,2092.0,4,0,1,32.0,10,0.91,2010
196529.14,2.87,51,3.1,0.8,2757,3.31,33.83,-119.43,2359.0,2,0,0,23.3,7,1.44,1973
207993.9,2.05,9,3.6,1.1,437,0.62,32.94,-124.15,6613.0,4,0,0,14.4,6,0.84,2015
361277.66,4.38,30,6.5,1.1,2898,1.0,33.39,-121.9,1975.0,3,0,0,14.8,10,0.95,1994
203243.5,1.48,21,5.0,1.8,5989,2.94,35.29,-121.87,2632.0,2,1,0,33.9,4,1.64,2003
297895.43,2.17,12,9.3,0.4,1986,4.2,40.21,-119.82,8677.0,2,1,0,9.8,7,1.1,2012
307929.48,3.16,37,5.4,0.5,2745,2.06,35.55,-122.02,516.0,3,0,0,11.6,8,0.52,1987
391679.98,5.08,32,5.8,0.9,1494,2.77,34.26,-122.55,7705.0,2,1,1,29.5,9,1.43,1992
271252.25,2.65,11,3.5,1.3,2441,4.94,36.26,-116.46,3879.0,2,1,1,21.1,9,1.7,2013
257248.45,2.18,20,6.9,0.9,6509,2.52,33.68,-115.12,3764.0,2,0,0,8.5,5,0.78,2004
356041.17,5.77,35,4.1,0.8,10905,5.1,36.97,-123.8,3735.0,2,0,1,5.5,5,1.18,1989
227175.87,1.52,47,6.3,1.7,2330,2.48,38.92,-122.3,2403.0,1,0,1,10.9,3,1.85,1977
218619.58,1.13,46,6.7,1.3,799,4.09,36.0,-116.38,1804.0,3,0,1,1.9,4,1.62,1978
292708.25,3.24,11,5.6,0.6,2976,3.09,34.15,-115.93,2942.0,4,1,0,17.1,8,1.72,2013
311813.74,2.22,8,8.1,0.8,671,3.93,36.81,-119.25,2818.0,2,0,0,9.4,5,1.03,2016
268563.85,1.81,4,4.6,1.4,1097,5.41,39.74,-117.2,3339.0,2,1,0,13.6,6,1.08,2020
315599.23,3.61,27,8.0,0.5,1202,3.5,33.23,-123.69,2561.0,2,0,1,28.1,8,1.59,1997
307048.23,3.0,44,3.6,1.4,9255,4.51,33.17,-115.58,4539.0,2,1,1,6.6,8,1.27,1980
302228.02,2.17,40,6.7,0.9,5670,1.93,35.52,-115.76,4485.0,2,0,0,10.3,8,1.58,1984
213690.85,1.63,38,5.3,1.3,4804,1.88,36.44,-117.22,1445.0,3,0,1,12.2,3,1.12,1986
319330.65,3.85,47,4.4,1.2,3486,1.04,34.56,-114.88,1277.0,2,1,0,4.9,7,1.47,1977
307047.94,3.53,30,3.0,0.5,874,1.73,32.76,-124.0,2020.0,2,0,1,4.8,9,1.04,1994
278981.08,2.61,44,5.1,0.8,2184,4.82,34.59,-122.07,1531.0,2,0,1,11.2,6,0.89,1980
401325.4,5.69,48,5.0,1.8,7866,3.4,36.64,-120.69,5077.0,2,0,1,4.5,5,1.25,1976
164765.52,1.77,48,5.8,2.3,2586,2.68,33.25,-122.83,2158.0,2,0,0,29.6,3,0.98,1976
189302.35,1.48,27,6.6,0.2,4122,3.25,39.3,-115.94,3867.0,2,1,0,79.1,9,0.75,1997
179550.02,2.06,21,4.3,1.6,498,3.82,37.74,-116.55,2785.0,1,0,0,3.6,1,0.71,2003
375090.11,2.67,20,8.1,1.2,3221,3.93,36.63,-116.38,4694.0,3,1,0,12.8,8,1.38,2004
240013.69,3.0,4,4.7,2.1,777,3.26,37.43,-121.44,2397.0,1,0,1,2.4,5,1.18,2020
278012.98,2.47,11,6.4,0.8,1515,4.66,38.73,-116.49,1361.0,3,0,1,3.1,5,0.93,2013
300231.89,3.13,13,5.6,1.5,5639,1.84,41.95,-123.21,2108.0,3,0,1,21.8,4,1.25,2011
202087.46,1.65,9,5.2,0.9,2386,2.58,39.86,-123.38,752.0,0,1,0,3.3,5,1.39,2015
357133.19,4.84,4,5.6,1.7,3470,4.4,37.63,-118.37,1402.0,3,1,0,20.7,7,1.33,2020
219405.15,2.63,12,4.1,2.3,1559,4.15,39.82,-123.99,3533.0,2,0,0,7.8,9,1.35,2012
300323.4,4.25,9,4.9,1.2,387,3.44,37.01,-114.64,3285.0,1,0,1,9.8,6,1.35,2015
252471.82,3.12,13,3.5,0.5,855,2.35,35.45,-121.05,2241.0,4,0,0,4.5,8,1.03,2011
250780.81,3.26,48,4.7,1.8,3115,3.95,34.99,-119.49,2736.0,2,0,0,11.9,5,1.39,1976
262591.37,3.41,26,4.8,1.4,2363,1.91,36.3,-115.96,1344.0,2,0,0,6.0,9,0.86,1998
380212.85,3.25,38,6.8,1.3,6835,4.42,32.52,-120.3,4179.0,3,1,0,2.9,9,1.3,1986
247949.0,3.52,42,5.0,1.9,2000,4.83,34.18,-119.98,2690.0,0,0,1,2.2,4,0.94,1982
251104.3,4.63,13,4.8,0.5,885,2.31,33.7,-120.85,3880.0,3,0,0,119.7,9,0.67,2011
270251.86,2.94,39,5.8,0.7,1771,6.11,41.62,-120.81,3769.0,1,0,1,6.4,8,0.67,1985
273759.7,3.61,28,5.8,1.4,4016,1.8,33.12,-119.59,3435.0,2,0,0,24.5,6,0.62,1996
331768.07,2.62,19,4.6,0.7,443,2.77,37.26,-114.57,1856.0,1,1,0,6.3,9,1.36,2005
345314.54,4.84,24,6.1,0.9,2383,2.74,41.24,-114.67,3425.0,3,0,0,14.6,9,1.58,2000
243852.95,2.07,19,5.2,1.7,659,2.88,38.27,-118.78,3710.0,2,0,1,27.6,7,1.57,2005
303426.22,5.59,49,4.6,1.3,2059,4.71,37.21,-119.71,2130.0,0,0,0,17.9,7,1.4,1975
307190.28,2.67,13,4.8,0.5,3232,3.53,39.56,-116.01,3495.0,1,1,0,1.1,8,1.15,2011
280506.0,1.53,13,6.9,1.3,2811,2.0,35.86,-117.35,1443.0,3,1,1,3.2,5,0.77,2011
224738.44,2.86,28,4.8,1.7,5283,3.13,34.34,-115.24,3923.0,2,0,0,31.0,3,1.33,1996
292156.71,2.07,2,5.9,1.2,2209,3.8,40.55,-116.83,3476.0,3,1,0,9.6,7,1.43,2022
305708.17,3.8,10,3.6,1.5,2726,3.62,33.04,-114.5,6282.0,2,0,0,13.7,6,1.16,2014
297741.22,2.09,22,7.2,0.8,2804,4.47,40.17,-115.19,7797.0,2,0,0,0.4,4,1.51,2002
248397.52,2.27,13,4.6,1.2,832,3.11,33.48,-115.52,2626.0,3,0,0,10.0,4,0.97,2011
198202.19,1.28,9,6.1,0.3,1632,3.96,38.44,-120.39,3848.0,3,0,0,8.5,5,1.46,2015
274214.19,2.27,33,5.1,1.4,252,2.83,37.03,-120.44,3544.0,4,0,1,17.4,6,1.08,1991
222877.14,1.03,14,6.1,1.3,2444,2.22,41.99,-116.72,2598.0,3,0,1,4.8,6,1.42,2010
232637.94,1.44,48,6.2,0.5,200,1.63,36.19,-123.62,1227.0,1,0,0,20.4,10,1.58,1976
234385.55,3.68,20,5.3,1.9,3566,4.88,41.59,-121.12,1690.0,1,0,0,16.7,7,0.92,2004
290553.51,3.72,15,2.7,1.4,6786,1.19,36.34,-114.71,2283.0,1,1,0,10.7,9,1.06,2009
323531.64,3.22,32,7.1,0.8,2694,3.3,38.98,-119.77,3411.0,4,1,1,7.1,7,1.01,1992
225706.3,1.85,33,5.3,1.4,3048,3.49,38.61,-121.67,5949.0,2,0,0,5.4,4,1.54,1991
270732.67,2.67,17,6.1,0.6,4740,1.82,33.32,-119.5,2832.0,1,0,1,11.5,9,1.53,2007
239212.92,2.71,24,6.5,0.7,1276,4.08,39.56,-121.47,5015.0,2,0,1,12.9,1,1.11,2000
189741.95,1.71,30,4.8,0.6,653,1.38,34.48,-116.43,6151.0,3,0,0,8.9,7,1.38,1994
347695.69,4.96,13,6.3,0.6,1687,2.3,36.19,-115.57,2239.0,1,0,1,5.8,6,1.05,2011
264399.59,3.86,47,4.4,1.3,982,4.16,39.93,-116.28,1478.0,2,0,0,31.8,6,0.96,1977
265261.74,2.49,48,6.1,1.1,1922,1.44,41.47,-122.94,3037.0,1,0,0,5.6,8,1.36,1976
237306.64,2.75,16,5.5,1.5,2216,3.98,37.82,-120.97,1527.0,4,0,0,16.7,1,1.38,2008
236187.66,2.95,2,4.9,-0.3,1233,4.34,37.43,-122.25,7396.0,2,0,0,35.3,5,0.91,2022
266357.55,1.2,17,5.6,0.9,1021,4.29,37.3,-124.05,5340.0,3,1,1,15.6,8,1.18,2007
331956.78,2.46,32,3.9,0.9,322,3.45,40.26,-116.74,6030.0,4,1,0,6.8,7,1.13,1992
269968.43,2.07,43,6.0,1.1,1579,1.99,41.93,-120.0,1255.0,3,1,0,5.3,5,0.63,1981
202734.82,1.82,8,6.1,1.1,1274,1.81,38.52,-121.6,2486.0,2,0,0,28.8,7,1.04,2016
228644.96,2.43,3,6.0,1.2,1349,2.4,36.1,-121.27,3061.0,2,0,0,10.1,6,1.24,2021
414944.82,5.58,12,7.8,1.1,3246,-0.68,34.58,-123.08,3644.0,3,0,0,13.5,8,0.98,2012
324602.83,3.51,20,5.4,0.9,8709,3.03,34.39,-115.82,2489.0,2,0,1,13.6,8,0.95,2004
240867.79,2.16,16,5.5,0.9,1358,2.86,40.63,-122.99,814.0,3,0,1,11.4,7,1.2,2008
245586.53,3.42,14,3.7,1.1,2462,3.09,41.93,-120.95,3756.0,3,1,0,40.2,5,1.2,2010
314970.02,4.76,16,7.9,1.4,2215,2.71,39.13,-124.42,7212.0,3,0,0,40.1,1,1.26,2008
264549.69,3.93,49,3.3,1.1,4481,3.21,41.58,-119.92,8144.0,0,0,1,0.6,7,1.2,1975
302755.87,2.78,43,5.8,0.7,871,3.1,35.82,-120.77,2610.0,2,1,0,10.6,7,1.42,1981
221522.83,2.1,49,4.6,0.7,851,1.25,38.46,-116.95,3100.0,2,0,1,12.5,7,1.42,1975
349163.72,3.59,51,5.6,1.4,934,3.34,37.36,-116.99,1802.0,4,1,1,39.0,9,1.45,1973
245881.61,3.18,33,3.5,1.5,294,2.97,37.08,-124.09,3102.0,2,0,0,1.1,7,1.54,1991
293171.57,3.89,30,6.8,1.6,1742,0.93,38.51,-123.28,2406.0,2,0,1,23.3,8,1.49,1994
297952.46,3.5,12,4.1,0.9,778,4.07,35.45,-115.0,2300.0,2,0,0,15.4,4,0.99,2012
333635.45,4.14,15,7.2,0.2,2210,2.64,38.59,-116.19,1411.0,3,0,0,19.8,8,0.83,2009
267124.78,2.19,18,4.1,1.3,266,3.76,38.89,-120.41,6441.0,2,1,0,5.2,6,1.4,2006
356990.23,4.6,28,7.0,0.7,1727,2.95,40.44,-122.75,2639.0,3,0,0,20.6,8,1.61,1996
306657.69,2.94,23,4.3,1.0,1473,0.86,39.44,-121.76,2347.0,3,0,0,5.0,9,1.0,2001
426120.56,6.23,14,4.6,1.2,1169,3.3,35.54,-117.59,3335.0,1,1,0,16.9,5,1.44,2010
305885.02,2.06,30,5.5,1.4,4018,3.6,36.78,-114.57,2232.0,2,1,1,23.2,8,1.72,1994
322174.85,5.44,33,4.2,1.5,949,4.4,33.64,-118.03,1045.0,2,0,0,22.9,4,1.16,1991
222232.82,2.94,45,4.2,1.7,2305,4.1,34.94,-124.22,5726.0,2,0,0,11.8,4,0.8,1979
200203.27,2.09,15,4.2,1.8,1090,4.44,37.45,-117.67,3033.0,2,0,0,8.0,5,1.62,2009
261079.97,2.24,7,6.0,1.2,6817,3.88,33.46,-114.58,4419.0,2,0,0,4.2,4,1.39,2017
245504.13,2.39,15,5.5,0.3,1620,2.41,37.92,-120.73,3284.0,1,1,0,0.5,7,1.26,2009
320843.93,3.22,42,5.6,0.8,3104,2.44,36.21,-114.7,4790.0,3,1,0,0.8,9,1.43,1982
258281.92,3.35,46,5.0,1.8,2944,4.19,32.83,-117.46,4234.0,2,0,1,8.1,3,1.13,1978
262250.72,2.16,38,6.3,1.2,4521,2.53,36.63,-122.51,983.0,2,1,1,1.5,6,1.67,1986
274239.76,2.69,46,7.1,2.2,2032,3.64,35.17,-122.97,3730.0,2,0,0,1.8,5,1.18,1978
475602.89,6.4,44,6.4,0.9,630,5.05,33.14,-122.65,1907.0,2,0,0,3.2,7,0.64,1980
384740.2,5.42,11,5.2,2.3,2577,2.26,35.29,-117.16,1903.0,3,0,0,9.8,7,1.08,2013
286188.54,3.24,29,3.7,1.1,2256,3.87,35.29,-118.31,1281.0,2,1,0,13.4,9,0.63,1995
219698.99,2.76,31,2.5,0.9,159,2.04,35.87,-119.72,7363.0,4,1,0,17.8,2,1.22,1993
309867.17,2.85,25,5.4,0.7,474,3.7,35.98,-121.73,2785.0,2,0,1,10.0,7,1.85,1999
244110.93,3.47,24,2.5,1.4,3180,4.94,36.58,-114.97,2421.0,4,1,0,16.4,8,0.85,2000
245604.03,1.81,19,5.2,0.4,5632,4.61,33.37,-122.26,2033.0,4,1,1,29.7,4,1.05,2005
331307.06,2.45,2,7.6,0.8,1692,2.54,32.55,-121.52,9639.0,2,0,1,7.0,9,0.76,2022
153641.37,1.39,22,3.8,1.1,3454,4.89,39.49,-123.92,4948.0,2,0,0,17.5,3,1.17,2002
262150.72,3.19,20,3.6,-0.0,1973,2.73,35.7,-121.61,897.0,1,0,1,16.1,6,1.27,2004
339091.3,3.52,33,6.5,1.1,1861,5.75,38.33,-114.81,5896.0,4,0,1,15.2,5,0.61,1991
161911.18,2.24,8,1.3,2.0,1612,3.04,35.42,-122.53,1883.0,3,0,0,13.1,3,1.41,2016
369024.92,5.1,25,6.1,1.3,1928,3.8,41.85,-122.36,4141.0,2,0,0,19.4,8,1.13,1999
265722.91,1.66,46,7.7,0.8,2466,3.76,35.5,-118.2,2388.0,2,1,1,25.6,7,1.14,1978
235418.48,1.51,9,4.2,0.9,1311,1.69,38.25,-118.55,1252.0,3,0,1,7.5,6,0.88,2015
277085.24,2.97,34,3.9,1.3,4901,4.65,34.59,-122.65,2304.0,2,1,1,16.0,5,1.23,1990
363992.13,4.13,23,6.4,0.8,812,3.26,37.42,-122.88,3363.0,2,0,1,4.3,6,1.68,2001
312522.9,5.33,5,3.7,1.3,7050,2.33,38.0,-123.27,3390.0,1,0,0,21.2,9,1.44,2019
241629.91,2.26,25,6.7,0.8,1521,2.1,34.24,-115.46,2502.0,3,0,0,31.9,6,1.46,1999
270824.16,4.18,8,3.9,0.6,1734,2.28,33.67,-117.63,3061.0,3,0,0,21.5,7,0.81,2016
332091.4,2.68,16,8.2,1.7,1094,2.91,41.75,-114.49,3185.0,2,0,0,10.1,9,1.92,2008
249936.94,2.54,48,6.5,1.5,2508,1.72,40.99,-122.76,4705.0,1,0,0,2.1,8,1.05,1976
286203.39,3.87,45,5.6,0.2,1337,2.02,38.77,-119.66,5741.0,1,0,1,31.0,2,1.38,1979
360751.16,3.53,15,8.1,0.9,1236,0.93,40.68,-116.7,2984.0,2,1,0,25.3,6,1.24,2009
246032.48,1.45,1,7.0,1.6,2952,2.03,33.41,-122.26,1538.0,1,0,1,18.0,10,1.25,2023
329587.26,4.91,22,6.1,1.0,4577,4.64,39.43,-117.31,4106.0,2,0,0,28.6,9,1.47,2002
315083.95,4.72,3,2.7,0.8,785,4.44,35.21,-119.53,4194.0,3,0,0,11.4,9,1.52,2021
187341.83,2.12,38,4.4,1.0,3499,3.32,37.63,-119.98,4656.0,1,1,0,70.3,9,0.73,1986
239288.27,3.18,14,7.1,1.2,4906,5.53,39.77,-117.73,1845.0,2,0,0,27.2,7,0.77,2010
321088.2,3.31,36,3.5,1.0,440,4.46,32.82,-119.59,4462.0,2,0,1,2.7,8,1.16,1988
264203.45,3.02,18,4.4,1.1,918,3.52,39.1,-115.89,3492.0,1,0,1,7.7,8,1.35,2006
242410.65,2.18,47,4.0,1.0,4812,3.65,36.63,-114.73,3983.0,2,1,0,2.8,7,1.22,1977
236688.21,2.08,41,6.1,0.6,2437,3.11,36.68,-118.32,2033.0,2,0,1,3.8,7,0.92,1983
240306.53,2.69,18,6.9,0.6,7097,1.49,41.12,-121.34,1167.0,2,0,0,10.4,1,1.44,2006
289619.74,4.35,3,6.9,0.6,1568,2.68,40.67,-116.34,1508.0,1,0,0,6.7,5,1.66,2021
218065.13,3.38,10,4.2,1.1,1186,-0.11,33.05,-122.71,4636.0,2,0,0,36.1,2,1.16,2014
261085.54,2.34,49,6.1,1.4,5372,1.69,38.37,-123.5,7015.0,2,0,1,0.0,6,1.35,1975
250162.3,3.7,39,4.2,0.6,926,4.67,36.64,-119.05,4403.0,2,0,0,0.2,8,0.73,1985
175789.26,0.87,47,5.2,0.3,1487,3.09,33.62,-117.71,1615.0,1,0,1,38.0,9,1.09,1977
324392.65,4.3,1,6.3,0.7,2828,1.72,40.58,-115.73,2916.0,2,0,0,4.1,1,1.4,2023
231551.0,1.36,27,7.1,1.8,3061,3.63,33.18,-114.47,3450.0,2,0,1,0.0,7,1.24,1997
233023.61,2.35,27,2.3,0.9,955,3.73,32.8,-115.33,3048.0,3,0,1,8.6,8,0.96,1997
243543.19,1.74,11,5.6,1.0,2227,4.85,34.38,-114.12,3227.0,2,0,0,3.3,8,1.1,2013
263417.2,1.62,49,7.6,0.7,1432,5.13,35.38,-119.51,1751.0,1,1,1,0.8,8,1.46,1975
371823.17,4.32,5,5.8,1.4,470,3.94,33.08,-121.18,1415.0,3,0,0,11.3,9,1.11,2019
255199.22,2.25,7,5.6,1.0,1250,1.18,38.59,-119.67,1825.0,2,0,1,2.3,9,1.04,2017
280372.68,3.12,19,4.7,0.7,489,5.74,36.65,-117.74,1600.0,1,0,0,27.2,5,1.32,2005
361393.12,2.67,29,7.6,0.6,1066,4.62,36.42,-119.17,3156.0,0,1,0,5.4,10,1.18,1995
276438.81,3.29,15,4.7,1.3,691,4.02,33.88,-117.84,3347.0,2,0,0,3.8,8,1.51,2009
282406.14,2.8,35,5.3,1.2,3357,2.98,36.66,-115.19,1498.0,2,0,1,20.2,9,1.04,1989
204979.38,1.63,47,4.8,0.5,2299,1.14,36.21,-122.76,2858.0,3,0,1,28.3,6,1.32,1977
348117.47,4.05,37,5.7,1.7,6191,2.33,36.14,-123.24,7501.0,3,0,0,1.5,10,0.83,1987
247299.97,2.23,12,7.6,0.8,864,2.94,34.58,-119.27,3201.0,3,0,0,2.5,1,1.24,2012
235106.51,1.46,30,4.1,-0.0,1995,2.52,33.4,-114.19,2403.0,2,1,1,9.7,9,1.62,1994
277618.2,2.29,20,5.7,1.9,748,4.31,34.98,-123.88,4600.0,2,1,0,13.4,8,0.55,2004
349979.27,4.95,37,6.1,1.0,1090,2.91,38.84,-114.14,9785.0,1,0,1,1.3,4,1.33,1987
295528.76,3.82,3,4.3,1.3,1313,2.07,33.19,-114.34,3307.0,2,0,0,7.1,9,1.09,2021
221971.87,2.36,9,5.4,1.9,8768,3.6,36.13,-121.43,2216.0,2,0,0,34.2,8,1.19,2015
332055.51,2.36,41,8.3,0.6,2419,2.0,37.39,-115.14,3161.0,3,0,1,31.3,7,1.09,1983
262100.71,2.39,39,2.8,1.3,1632,1.04,41.65,-124.42,5953.0,3,0,1,5.6,7,1.21,1985
440618.1,6.24,26,4.9,1.7,4286,3.61,40.52,-119.73,2872.0,3,0,0,3.9,4,1.35,1998
293669.63,3.17,2,5.9,0.6,3097,2.91,41.21,-120.28,3031.0,2,0,1,13.1,7,0.79,2022
257951.05,3.23,23,4.9,1.8,1728,3.19,40.29,-115.02,6057.0,2,0,0,1.5,2,1.37,2001
395981.01,4.1,23,9.8,0.4,3103,4.65,38.1,-119.54,3154.0,2,0,1,4.0,7,1.68,2001
284734.15,2.99,21,6.3,1.1,1415,3.3,40.68,-120.11,7045.0,3,1,0,2.7,7,1.13,2003
185507.2,2.45,16,3.9,0.6,19702,3.68,37.87,-117.78,1482.0,1,0,1,3.5,3,1.03,2008
187147.2,2.51,9,2.0,1.4,4798,3.02,35.9,-120.55,3748.0,2,0,0,3.6,6,1.14,2015
268219.23,2.64,13,6.0,0.6,1306,3.97,36.04,-118.87,8002.0,1,0,1,14.8,6,1.28,2011
264736.07,2.68,28,4.4,0.8,3318,0.44,37.87,-114.47,10196.0,4,0,0,10.0,8,0.97,1996
326064.17,3.64,27,7.4,0.7,2804,2.07,40.19,-122.37,2427.0,3,0,0,29.7,3,1.37,1997
256910.8,2.78,51,5.1,0.5,2267,2.54,33.77,-119.68,2611.0,3,0,0,20.0,7,1.79,1973
355017.52,3.64,17,4.6,0.7,2729,2.42,32.87,-124.34,7873.0,4,1,0,10.4,7,1.7,2007
280256.72,2.63,38,4.6,1.1,943,2.05,40.0,-115.66,2509.0,2,1,0,5.5,5,1.49,1986
303494.76,2.81,36,7.0,1.0,1276,2.9,38.65,-123.53,2303.0,3,0,0,26.8,8,1.48,1988
257180.89,1.22,1,6.1,1.0,6815,2.84,40.3,-123.5,2326.0,2,1,0,1.2,7,1.55,2023
379152.56,3.92,18,8.1,0.8,2128,2.9,41.78,-115.23,1917.0,2,0,1,17.1,7,1.21,2006
270193.78,3.12,51,5.2,0.9,1032,3.24,34.89,-120.2,1748.0,2,0,0,1.8,10,0.77,1973
340938.87,4.05,9,6.8,0.3,1616,3.6,34.35,-117.28,2714.0,1,0,0,11.4,8,1.5,2015
254433.27,0.85,13,6.8,0.8,1179,2.07,35.74,-115.49,1321.0,3,1,1,34.8,5,0.75,2011
508177.8,6.27,40,6.5,1.0,3707,2.37,40.84,-120.57,2206.0,1,1,1,4.1,6,1.03,1984
275372.32,2.57,45,4.7,1.2,1154,4.11,32.63,-121.75,6553.0,3,0,0,1.2,8,1.36,1979
386772.78,4.23,15,6.2,1.2,1873,1.87,32.6,-122.72,4652.0,4,1,0,6.2,7,0.94,2009
204248.91,1.79,43,5.4,0.5,1064,2.03,34.56,-118.13,2254.0,2,0,0,9.8,6,1.78,1981
293322.57,3.47,44,5.3,1.3,10575,2.07,36.07,-121.85,3400.0,1,1,1,19.4,10,1.07,1980
182420.12,1.78,46,4.3,1.2,2991,2.76,35.37,-117.84,2849.0,2,0,0,0.5,4,0.83,1978
258233.84,2.12,4,2.3,1.8,2897,4.2,40.34,-121.17,2049.0,1,1,1,2.1,6,1.29,2020
368203.32,5.85,33,7.4,0.4,3159,3.63,39.05,-120.85,944.0,1,0,0,7.9,6,0.98,1991
247291.55,2.52,24,6.1,1.0,1318,1.95,40.46,-121.88,1911.0,3,0,1,1.5,3,1.08,2000
174070.26,2.97,36,3.5,1.6,6105,5.18,36.15,-120.11,2565.0,2,0,0,46.8,7,1.36,1988
294172.34,3.85,51,6.6,1.0,1712,2.17,38.16,-122.8,10419.0,0,0,0,10.7,7,1.44,1973
343578.04,3.31,41,7.4,0.6,7466,1.05,37.4,-121.14,4082.0,0,0,1,7.1,5,1.37,1983
301730.84,2.89,10,6.7,0.7,1394,5.19,37.01,-116.33,2842.0,3,0,1,58.5,10,1.17,2014
305454.77,3.15,36,4.2,1.5,3204,2.0,35.24,-122.24,3847.0,2,1,0,15.6,7,0.79,1988
465050.88,7.11,20,4.4,0.3,2066,2.87,39.24,-114.56,3388.0,3,0,0,10.9,7,1.36,2004
331908.15,2.66,41,4.7,0.9,2239,2.84,37.48,-119.32,2107.0,2,1,1,4.1,9,1.23,1983
287272.32,2.95,45,6.8,0.7,475,3.7,33.25,-123.38,2901.0,2,0,0,4.4,5,1.24,1979
306212.43,4.14,44,6.2,0.7,823,0.8,32.5,-114.6,2504.0,2,0,0,6.7,7,1.01,1980
423142.36,4.23,11,9.7,1.3,6050,2.64,32.69,-119.7,1400.0,3,0,0,20.8,6,1.27,2013
294970.03,4.37,12,3.0,0.9,644,2.56,33.22,-118.65,2256.0,0,0,0,25.4,6,1.02,2012
311732.19,3.51,18,5.4,1.2,3690,4.7,36.02,-122.56,2845.0,4,0,0,3.2,6,1.28,2006
173299.13,1.72,30,2.6,0.5,14472,2.35,35.4,-121.0,3734.0,3,1,0,25.5,2,0.67,1994
379509.22,5.22,44,6.4,1.5,2814,2.62,33.99,-117.11,3037.0,1,1,1,6.0,8,1.67,1980
229832.18,1.72,48,7.1,1.2,9910,3.91,37.4,-123.2,4842.0,0,0,0,3.4,7,1.26,1976
310051.44,3.07,37,7.7,1.7,3145,3.61,41.72,-118.51,2701.0,3,0,1,3.2,9,1.08,1987
285387.53,2.01,20,5.8,0.9,2231,2.13,34.03,-117.22,5715.0,4,0,1,9.3,9,1.09,2004
247347.41,2.65,25,2.6,1.3,2439,3.51,34.88,-124.48,3304.0,2,1,1,21.9,10,1.59,1999
281935.11,3.1,12,5.4,1.5,1568,2.12,36.89,-115.71,3776.0,2,0,1,12.7,2,0.9,2012
278131.79,3.09,21,6.2,1.3,1530,3.96,38.59,-123.91,3450.0,2,0,1,9.4,7,1.03,2003
303505.16,3.22,25,4.0,1.9,1187,2.81,38.2,-121.91,2354.0,3,1,0,0.3,10,0.85,1999
369804.82,5.18,11,5.1,0.3,2536,1.49,37.45,-114.38,4143.0,2,1,0,12.4,8,1.24,2013
199360.83,3.26,9,3.6,1.2,10512,0.43,39.5,-123.65,2230.0,3,0,0,16.8,6,1.37,2015
200289.83,2.47,50,4.6,0.9,5650,2.55,40.54,-115.83,1857.0,1,0,0,1.5,4,1.27,1974
300692.75,4.0,25,6.9,0.9,2130,2.06,41.99,-117.65,3423.0,2,0,1,46.9,8,1.34,1999
342737.21,4.37,35,6.5,1.8,2955,2.71,36.92,-118.22,2891.0,2,1,1,1.4,8,1.52,1989
208998.92,1.66,32,3.4,0.8,1688,2.94,41.95,-118.39,2026.0,4,0,1,17.6,5,1.16,1992
231216.12,3.45,49,4.4,1.5,5637,0.7,39.44,-122.75,3139.0,4,0,0,11.2,8,0.94,1975
241211.83,3.6,14,5.6,0.6,489,2.12,38.74,-117.48,4224.0,3,0,1,32.3,7,0.92,2010
281643.95,2.41,1,5.8,1.6,8471,2.84,38.58,-114.51,2713.0,3,0,1,8.0,6,0.96,2023
346749.47,4.71,17,4.5,1.1,1168,3.12,41.15,-123.69,6641.0,3,0,0,10.7,7,1.55,2007
255275.47,2.56,25,6.2,1.0,1329,3.96,41.51,-121.01,5318.0,3,0,0,12.1,5,1.42,1999
301879.19,2.86,8,5.4,0.3,679,4.16,34.2,-119.54,2420.0,2,1,1,31.2,7,0.45,2016
220910.4,2.54,5,1.6,1.0,2046,2.71,37.19,-122.06,1687.0,2,1,0,24.1,7,1.28,2019
302300.35,2.74,5,4.6,0.8,1048,2.82,41.44,-116.72,2813.0,4,0,0,4.9,9,1.35,2019
166227.01,1.75,41,4.6,2.0,4586,2.42,36.13,-117.27,3748.0,3,0,0,46.6,7,0.99,1983
262974.49,1.53,35,6.5,1.1,3102,3.79,34.71,-123.26,1285.0,2,1,1,21.0,8,1.08,1989
366599.08,5.14,19,6.5,0.8,1038,2.54,33.48,-118.52,1274.0,2,0,0,0.2,7,0.91,2005
202070.27,1.94,23,3.0,0.8,896,1.84,38.17,-120.63,1604.0,3,0,0,3.0,5,0.83,2001
245313.64,1.83,9,6.2,0.4,1081,1.0,39.15,-122.1,5293.0,2,0,1,29.0,2,1.04,2015
234703.99,1.15,30,5.4,1.9,848,1.86,34.36,-115.59,6068.0,1,1,1,15.6,8,1.68,1994
272514.08,2.11,50,5.7,1.7,1445,2.68,38.9,-123.93,1760.0,2,1,0,4.5,8,1.0,1974
220771.78,1.6,16,4.6,1.1,922,4.18,41.05,-119.59,1485.0,2,0,0,2.8,9,1.13,2008
357422.12,5.24,33,5.4,2.2,4603,3.05,34.81,-119.51,3348.0,4,0,0,2.4,8,0.93,1991
362927.96,4.07,2,7.2,1.1,1213,3.14,33.66,-118.51,3195.0,3,1,0,5.7,6,0.62,2022
221303.05,2.06,14,5.7,1.6,2865,3.0,40.44,-122.43,1644.0,2,0,0,34.3,7,1.15,2010
473262.41,6.69,46,5.4,1.4,2884,4.54,41.21,-115.35,1803.0,3,0,1,6.5,8,1.48,1978
334273.5,4.03,1,4.8,0.8,410,3.61,34.54,-114.36,2146.0,2,0,1,16.2,4,1.32,2023
319131.73,2.39,26,7.1,1.2,3199,2.98,39.35,-118.74,2404.0,2,0,0,1.8,7,1.04,1998
149333.74,1.0,25,3.6,1.3,461,2.28,38.11,-121.81,3473.0,3,0,0,11.4,3,1.36,1999
425657.56,6.8,16,4.3,0.4,927,1.49,34.77,-115.29,924.0,3,1,0,6.3,4,1.08,2008
189636.89,1.56,15,3.5,1.2,3083,4.98,40.32,-114.12,7732.0,1,0,1,2.6,5,0.8,2009
227516.78,1.41,26,5.8,1.7,1997,3.96,36.97,-116.71,3593.0,3,0,1,24.0,7,0.55,1998
383533.75,4.09,47,7.3,0.8,1376,2.77,39.15,-121.0,3113.0,4,1,1,25.4,9,1.13,1977
484331.09,7.21,44,5.0,1.0,434,5.15,35.36,-122.02,2173.0,2,1,1,5.5,6,1.89,1980
294959.63,4.73,16,3.9,0.5,3911,2.99,40.25,-122.86,1956.0,2,0,0,15.9,7,0.84,2008
274380.83,3.41,14,8.0,0.9,2558,2.02,35.01,-122.03,2006.0,4,0,0,7.5,7,0.97,2010
267852.28,3.45,29,6.2,0.9,911,4.47,35.97,-122.11,2334.0,4,0,0,0.7,5,1.47,1995
291311.57,3.82,24,5.9,1.9,837,1.46,36.22,-114.34,3657.0,2,0,0,8.4,8,0.89,2000
299671.84,3.68,47,5.2,0.9,4111,2.52,34.46,-117.75,5267.0,0,0,0,12.9,5,1.25,1977
320514.62,3.04,15,6.5,0.8,2299,1.56,40.81,-122.75,1470.0,4,0,0,5.3,5,0.91,2009
218040.0,2.83,19,5.9,1.1,608,2.04,33.58,-119.38,2391.0,0,0,0,44.6,5,0.74,2005
265732.49,2.65,8,4.8,0.2,1007,3.24,37.85,-122.56,3196.0,2,0,1,12.2,7,0.83,2016
192876.33,2.01,34,5.0,-0.1,8654,3.4,40.23,-118.14,3311.0,1,0,0,7.0,5,1.21,1990
219434.58,2.43,2,4.0,0.4,4031,1.68,38.02,-120.92,2232.0,2,0,1,19.9,6,1.75,2022
183842.04,1.38,27,3.8,1.3,1808,5.17,35.61,-122.45,2486.0,0,1,0,6.3,6,1.15,1997
248883.78,2.61,10,5.1,1.1,1840,0.49,39.92,-121.95,2652.0,2,0,0,0.4,9,1.47,2014
302969.29,1.83,35,7.2,1.5,317,3.16,37.24,-117.41,1645.0,2,0,1,0.1,5,0.95,1989
226273.79,1.75,23,3.9,0.3,5142,3.19,34.05,-120.22,1874.0,1,0,1,5.4,6,1.19,2001
341921.37,2.92,49,6.8,1.0,1259,3.32,35.51,-119.11,1163.0,2,0,0,2.5,10,0.8,1975
326957.77,4.74,8,4.3,0.3,946,4.06,38.12,-115.88,5173.0,2,1,0,6.5,5,1.13,2016
307809.03,3.92,28,2.8,1.2,3294,-0.66,38.76,-117.62,3961.0,2,1,1,22.0,8,1.04,1996
256897.0,1.45,23,6.3,0.4,1092,2.07,37.71,-119.64,1513.0,4,0,0,5.5,4,1.55,2001
239123.39,1.83,4,7.9,1.0,420,3.18,35.08,-114.48,1699.0,3,0,0,12.3,7,1.12,2020
293721.19,3.96,14,4.2,1.2,2509,5.04,38.14,-122.25,1511.0,4,1,0,37.8,3,1.18,2010
184324.24,1.83,42,3.1,0.9,537,2.3,35.66,-121.47,1859.0,2,1,0,18.0,6,1.56,1982
317717.26,2.48,29,6.2,-0.0,1724,2.77,34.64,-114.93,3367.0,4,1,0,12.4,10,1.4,1995
324927.02,3.39,1,4.1,1.9,2331,3.87,41.48,-115.54,12534.0,3,0,0,30.3,7,1.41,2023
284759.63,1.85,4,6.3,0.9,1447,1.55,35.49,-123.13,2392.0,4,0,1,6.0,5,0.77,2020
299938.89,2.84,32,7.2,0.3,1452,3.03,35.69,-114.74,3777.0,2,0,0,3.3,8,1.58,1992
246153.9,1.59,33,6.0,1.5,6252,2.87,41.02,-124.39,2808.0,3,0,1,20.6,8,1.64,1991
208158.97,2.14,49,6.7,1.5,6324,2.27,33.86,-115.86,3367.0,1,0,1,0.9,9,1.5,1975
332024.69,3.09,26,6.7,0.9,867,3.6,38.05,-121.57,2585.0,4,1,1,8.3,5,1.41,1998
219166.03,1.44,17,7.0,1.9,1123,5.59,39.95,-122.52,5308.0,2,0,0,5.1,4,1.33,2007
257986.56,3.24,39,5.6,0.7,1173,3.21,35.1,-119.79,4015.0,4,0,0,53.3,7,1.65,1985
306337.95,2.7,23,6.7,1.2,1763,0.32,40.52,-115.08,2973.0,1,1,1,7.1,9,1.21,2001
310832.05,3.39,32,5.7,1.4,1693,1.95,39.81,-116.25,4117.0,2,0,1,16.3,8,1.5,1992
288008.44,2.97,15,6.1,1.9,7141,4.78,37.12,-114.35,4793.0,0,1,0,4.7,6,1.43,2009
361714.55,4.69,13,10.1,0.1,1558,2.71,33.63,-118.82,2080.0,2,0,0,61.3,6,1.33,2011
289142.85,2.86,2,5.9,2.2,792,1.59,41.72,-119.14,3770.0,1,0,1,3.0,6,1.52,2022
225020.7,2.29,19,3.3,1.7,1129,3.91,38.43,-124.36,4604.0,2,0,1,35.6,9,1.23,2005
252935.56,2.85,24,5.2,1.3,2437,2.23,37.41,-122.6,3763.0,2,0,0,8.8,8,1.48,2000
270795.27,3.38,45,5.0,0.7,1471,3.04,40.91,-119.27,4242.0,3,0,1,8.4,5,1.45,1979
249486.47,2.77,24,5.1,0.7,2323,1.64,36.5,-116.6,3110.0,2,0,0,18.1,6,1.14,2000
251049.34,2.76,11,6.9,1.2,1487,2.5,37.85,-115.86,3922.0,2,0,0,1.5,8,1.36,2013
252739.43,2.05,22,7.2,1.3,3228,2.96,40.65,-121.53,6392.0,1,0,1,11.9,6,0.73,2002
256901.4,2.09,15,5.3,1.3,1684,2.88,36.23,-117.02,1799.0,4,0,0,3.7,7,1.39,2009
167765.81,1.55,10,3.4,1.2,683,3.45,39.84,-115.8,2977.0,2,0,0,2.6,4,0.43,2014
375871.72,5.47,41,5.6,1.3,1369,3.24,34.93,-120.56,2027.0,2,0,1,31.5,8,1.6,1983
140568.67,1.65,27,4.7,0.0,10605,1.78,39.17,-117.2,2206.0,2,0,0,88.6,7,0.77,1997
228546.51,2.06,9,5.8,1.0,4860,5.02,37.35,-119.91,3822.0,2,0,0,53.2,8,1.14,2015
245065.8,2.04,28,5.3,0.4,713,2.81,34.07,-114.15,1284.0,3,0,1,25.8,8,1.57,1996
339896.12,3.89,1,7.3,1.1,7500,1.38,33.79,-124.43,1703.0,4,0,0,37.9,6,1.36,2023
260246.41,2.42,17,5.9,1.8,2017,0.33,36.85,-120.15,5459.0,1,0,0,38.7,8,1.02,2007
305271.02,4.48,31,4.7,0.6,1223,3.09,39.25,-121.73,1536.0,1,1,0,2.9,3,1.09,1993
233211.94,2.08,44,3.4,0.7,1443,1.89,38.23,-115.58,6130.0,3,0,1,1.3,6,1.46,1980
268088.73,3.04,10,5.4,0.7,1892,3.69,40.62,-121.49,2963.0,3,0,0,2.0,6,0.96,2014
238554.56,1.95,37,5.4,0.7,4303,3.06,36.2,-118.79,2877.0,2,0,0,2.7,6,1.25,1987
349570.54,6.41,29,5.1,1.4,2104,7.73,40.51,-116.73,2120.0,1,0,0,25.9,4,1.02,1995
230228.72,1.69,18,6.7,1.5,2360,1.49,32.85,-119.28,2533.0,2,0,1,42.5,7,1.35,2006
317097.68,3.08,47,3.4,1.8,4765,4.27,35.98,-120.19,3340.0,3,1,1,6.5,8,1.36,1977
273743.16,3.5,38,4.4,0.6,1313,1.69,33.19,-124.05,2670.0,2,0,1,0.5,6,1.09,1986
272272.29,3.21,39,5.6,1.4,2302,4.0,41.23,-124.26,1917.0,3,0,1,5.5,8,0.93,1985
222614.76,2.52,49,4.7,1.5,2568,4.71,37.02,-114.45,4060.0,2,0,1,18.4,7,1.03,1975
270593.19,2.58,6,5.0,1.9,2013,2.59,35.5,-117.75,5541.0,2,0,0,42.9,8,0.82,2018
267809.97,2.77,40,5.4,0.6,2695,2.12,37.18,-115.83,1335.0,4,0,0,9.0,9,0.78,1984
315433.19,2.56,12,6.5,0.1,1040,2.81,37.56,-119.46,8916.0,2,0,0,6.1,7,1.47,2012
267710.38,4.0,14,5.3,1.0,3959,2.11,40.54,-121.75,3447.0,0,0,0,15.9,9,1.32,2010
383358.76,6.58,44,2.5,2.5,1160,4.93,37.65,-121.41,3798.0,2,1,0,3.6,4,1.0,1980
278949.35,2.17,10,4.6,0.6,2601,2.76,36.6,-124.04,6326.0,3,1,0,21.8,8,1.6,2014
232871.26,1.57,20,6.2,1.3,2139,3.53,41.63,-116.2,1036.0,1,0,0,8.0,9,1.38,2004
295195.03,2.62,15,6.6,-0.0,1043,3.56,41.7,-118.39,1348.0,4,1,0,56.8,9,1.34,2009
453245.52,7.63,31,6.7,2.0,6620,4.07,32.86,-119.45,1082.0,3,1,0,40.8,3,1.52,1993
206582.22,1.97,7,7.2,0.2,7138,2.46,39.22,-115.55,1608.0,2,0,0,16.4,4,1.49,2017
312630.91,5.24,41,5.7,-0.1,865,3.92,36.03,-119.83,3992.0,3,1,0,15.7,2,1.4,1983
408586.79,5.32,10,5.9,1.1,3426,4.56,38.91,-114.55,1614.0,3,0,1,2.0,7,1.18,2014
255148.52,2.18,10,4.0,1.2,1639,2.81,38.55,-124.36,1875.0,2,1,1,4.9,5,1.2,2014
267673.12,3.41,48,2.2,1.8,1054,1.4,35.64,-114.16,2046.0,1,1,1,29.7,7,0.68,1976
299941.92,5.21,39,3.4,1.5,2427,4.64,41.87,-115.93,2762.0,2,0,0,6.8,9,1.3,1985
214132.6,2.34,28,4.4,0.1,3522,3.21,35.89,-120.77,2694.0,2,0,1,8.3,6,1.38,1996
177746.13,2.51,30,3.5,1.0,2056,3.01,38.5,-118.25,1980.0,2,0,0,27.5,1,1.18,1994
225777.17,2.15,37,5.1,0.8,1351,3.81,40.23,-115.42,1758.0,2,0,0,8.4,9,0.58,1987
211596.26,1.81,3,4.8,0.4,5237,4.72,33.88,-119.44,2548.0,2,0,1,28.5,7,0.56,2021
235408.67,2.1,50,6.9,1.3,5390,2.73,35.36,-123.96,2982.0,2,0,1,1.1,5,0.53,1974
210951.51,1.67,43,4.0,1.6,1047,4.51,34.39,-115.01,5992.0,3,0,0,17.6,8,0.75,1981
297223.12,2.76,15,5.7,0.7,1944,3.09,39.93,-119.07,1806.0,4,0,1,1.0,7,1.25,2009
235638.71,2.0,21,4.9,0.9,511,3.75,40.11,-118.78,2777.0,3,0,1,23.4,6,1.2,2003
253437.87,2.98,37,4.0,1.0,3527,2.27,34.93,-124.36,1071.0,1,0,1,12.1,5,1.2,1987
198448.34,1.46,12,4.4,0.8,5229,2.7,32.54,-123.45,5140.0,1,0,1,12.2,10,1.1,2012
266056.18,3.1,4,2.4,0.9,2469,4.3,36.52,-116.34,2765.0,2,1,0,7.1,7,0.95,2020
260947.79,3.79,47,6.6,0.8,789,0.64,39.03,-119.93,4397.0,2,0,1,35.0,1,1.04,1977
257285.79,1.22,9,7.6,1.2,6582,3.84,38.41,-114.02,5438.0,2,0,1,10.7,4,1.14,2015
261177.8,3.16,39,5.1,0.8,9175,3.46,36.73,-117.2,3718.0,4,0,1,4.5,5,1.41,1985
306628.89,4.44,42,5.5,1.3,1279,4.99,35.37,-114.53,3159.0,2,0,0,26.1,8,1.43,1982
216944.17,1.68,28,5.1,0.8,2582,4.21,37.01,-121.57,1139.0,4,0,0,44.4,7,1.22,1996
304584.78,5.31,23,4.3,1.4,3474,3.21,32.64,-122.65,2726.0,1,0,1,4.2,3,0.65,2001
270773.0,3.21,45,6.6,0.8,3394,1.47,33.2,-120.55,1802.0,3,0,1,13.9,5,1.15,1979
316617.78,2.05,40,6.0,1.4,1879,2.3,34.05,-121.72,1704.0,4,1,0,13.3,10,1.26,1984
191354.03,2.66,44,1.1,0.7,7618,2.73,38.44,-118.06,1133.0,2,0,1,14.1,8,0.95,1980
281095.54,3.4,22,3.9,1.5,516,4.79,34.58,-116.68,2658.0,4,0,0,12.5,1,1.79,2002
221491.29,2.8,24,2.4,0.2,522,3.96,36.52,-120.28,1914.0,2,0,0,1.6,9,1.01,2000
327145.24,3.37,51,7.8,1.1,1785,2.05,38.4,-123.56,2000.0,4,0,0,8.0,5,1.09,1973
203844.5,1.88,26,5.2,0.8,7294,3.48,40.39,-124.22,1778.0,3,0,0,63.7,6,1.11,1998
243720.95,2.91,30,5.9,1.1,4572,2.45,37.72,-122.21,5736.0,2,1,0,1.4,4,0.81,1994
177967.96,1.54,33,5.0,0.5,547,2.23,34.18,-116.81,1724.0,0,1,1,16.6,1,0.67,1991
290246.14,2.6,16,7.2,1.0,17584,3.75,41.54,-122.17,2410.0,3,0,1,33.7,7,1.03,2008
312763.2,1.89,22,6.8,0.5,2817,2.83,33.36,-114.93,2686.0,2,1,0,3.4,5,0.3,2002
236586.81,2.03,49,5.2,1.0,719,1.6,35.99,-117.66,2632.0,2,1,0,24.3,6,1.25,1975
329051.65,4.46,50,8.1,0.9,1679,3.99,41.25,-115.45,7075.0,0,1,1,4.2,4,1.06,1974
370798.9,4.21,43,5.8,1.3,3919,3.18,38.22,-120.45,1077.0,2,1,0,0.5,8,1.01,1981
312215.27,3.47,18,3.3,1.1,4924,2.56,38.8,-114.17,3335.0,2,1,0,11.0,4,1.32,2006
248845.44,1.76,7,5.7,2.0,1715,4.79,35.37,-117.37,4611.0,4,1,0,18.6,7,0.98,2017
301790.95,2.4,50,6.3,0.8,2745,4.28,33.25,-120.75,3382.0,3,0,1,3.3,7,0.92,1974
391444.22,4.42,26,5.3,1.0,1636,3.15,35.97,-122.27,8708.0,2,0,1,1.1,9,0.67,1998
312703.75,2.88,8,4.9,2.7,1715,0.95,36.32,-115.4,5759.0,2,0,1,12.1,10,0.75,2016
584866.98,6.87,6,8.1,1.0,3228,4.33,35.07,-121.16,2092.0,3,1,0,2.4,9,1.49,2018
332841.43,3.18,30,3.7,1.6,5724,2.42,34.55,-124.03,2678.0,2,1,1,3.1,8,0.98,1994
204194.94,2.94,39,1.4,1.4,727,2.81,35.88,-121.57,4364.0,2,0,1,18.2,6,1.15,1985
235266.75,2.4,23,7.9,2.3,1500,2.64,38.57,-122.62,2796.0,1,0,0,14.2,4,1.04,2001
207015.1,2.87,32,3.7,0.4,1117,1.45,41.52,-121.14,2822.0,2,0,0,44.1,9,1.38,1992
277554.92,2.56,22,5.1,0.3,807,3.54,39.19,-118.06,8168.0,1,0,1,5.9,8,0.93,2002
294920.26,3.61,42,4.9,0.5,774,1.99,39.91,-119.25,4913.0,2,0,0,3.6,4,0.9,1982
331490.13,3.99,43,7.3,1.2,1844,3.48,35.41,-117.04,8366.0,4,0,0,16.0,3,0.71,1981
248186.39,1.98,45,7.7,0.6,766,1.88,33.49,-120.99,2842.0,1,0,0,53.6,8,1.26,1979
186611.82,1.6,9,3.6,0.0,746,2.45,35.27,-123.24,3202.0,2,0,0,12.1,9,1.42,2015
245367.82,1.3,31,7.5,0.6,1566,3.44,36.33,-122.82,3522.0,2,0,0,5.2,5,1.36,1993
351657.64,3.33,7,7.5,1.3,825,3.15,39.05,-116.13,4205.0,2,0,1,36.2,6,1.48,2017
250990.3,1.75,9,5.5,0.6,2715,3.75,41.42,-123.47,2542.0,3,0,0,14.1,10,1.22,2015
224903.55,1.15,13,6.9,1.7,1232,3.84,40.19,-116.12,1877.0,2,0,0,3.6,9,1.36,2011
319290.7,3.18,3,7.0,0.5,695,4.6,35.03,-122.27,1983.0,3,0,1,44.8,8,1.45,2021
465505.76,7.37,35,5.1,1.1,11621,3.0,40.29,-117.38,2801.0,4,0,0,4.8,7,0.88,1989
275810.27,2.71,33,5.3,0.9,328,4.45,36.41,-117.96,1313.0,2,0,1,34.3,6,1.55,1991
291412.21,3.8,21,6.4,1.2,3586,2.61,34.17,-123.47,3586.0,2,1,1,14.3,6,1.33,2003
202130.78,2.81,31,3.1,1.2,2384,3.93,36.88,-117.51,953.0,2,0,0,10.5,7,1.49,1993
268447.88,2.61,34,5.0,1.9,1226,4.35,37.85,-119.8,1367.0,3,0,0,6.1,8,1.42,1990
289369.84,3.93,32,3.7,1.4,874,4.34,39.75,-117.07,5451.0,3,0,0,1.9,7,0.72,1992
297059.47,2.42,35,7.6,0.9,7206,1.25,35.82,-115.73,3096.0,2,1,1,4.2,5,1.42,1989
303314.74,3.03,15,5.0,1.4,9888,-0.77,33.89,-124.09,3675.0,3,1,0,6.0,8,1.27,2009
229678.7,3.09,32,5.9,1.5,1430,3.67,33.4,-117.7,3489.0,2,0,0,5.1,7,1.06,1992
314384.98,2.08,6,5.2,2.1,1273,3.0,33.57,-123.4,7834.0,4,0,1,1.1,7,1.35,2018
321999.65,4.04,45,5.1,1.0,4460,3.34,41.53,-120.52,5451.0,4,0,0,13.0,8,1.38,1979
261824.01,2.53,21,5.8,1.1,1485,3.11,41.54,-124.37,6931.0,3,0,0,9.7,6,1.62,2003
210787.41,2.01,33,4.4,1.8,2883,2.59,41.7,-121.05,2276.0,0,0,1,1.7,9,1.72,1991
321994.11,3.37,32,5.2,0.1,2825,3.69,35.37,-122.72,2806.0,2,0,0,9.4,7,1.36,1992
237307.56,1.9,19,5.2,1.0,1862,3.41,34.32,-118.66,1449.0,2,1,1,1.2,8,1.34,2005
203935.4,2.75,33,4.9,1.4,2063,2.87,41.82,-119.12,4776.0,2,0,1,40.2,8,1.41,1991
288868.75,2.71,28,6.1,1.6,2430,3.03,41.89,-116.17,4287.0,3,1,0,4.5,6,1.04,1996
301346.47,4.2,31,4.8,-0.0,756,3.74,33.24,-117.78,2085.0,4,0,0,19.4,5,1.49,1993
351947.13,3.29,21,7.9,0.4,1049,2.29,39.65,-117.0,2246.0,3,0,1,4.3,9,1.03,2003
248401.82,2.69,34,6.4,-0.1,2165,1.67,35.24,-123.53,3717.0,2,0,0,9.7,6,1.14,1990
243438.88,3.77,15,3.5,1.5,1257,1.65,41.14,-124.21,2667.0,2,1,1,40.6,4,1.03,2009
349824.35,4.74,14,6.3,1.2,16678,2.39,33.35,-114.32,2104.0,2,0,0,30.8,7,0.97,2010
241492.45,3.4,19,4.5,1.8,2010,4.78,40.94,-120.02,2449.0,3,0,0,22.6,8,1.49,2005
259759.91,2.73,43,5.7,1.1,450,3.16,32.52,-120.35,2434.0,3,1,0,23.4,5,1.23,1981
216842.25,1.61,15,4.4,2.2,190,2.19,37.46,-124.13,3638.0,2,1,0,26.0,7,1.34,2009
156993.27,1.78,6,2.2,0.6,3487,3.24,35.69,-123.25,2661.0,2,0,0,20.4,6,1.35,2018
292799.12,2.41,9,5.5,0.9,2024,1.75,36.56,-114.63,707.0,3,1,1,34.1,2,0.88,2015
212965.73,2.13,37,3.3,1.3,5724,2.78,36.62,-117.2,2849.0,0,1,0,6.5,4,0.81,1987
308339.76,2.52,20,6.1,0.7,1080,2.51,38.71,-120.2,2099.0,4,1,0,11.2,8,1.72,2004
272891.89,2.78,34,5.8,1.3,1641,1.41,32.72,-115.0,4164.0,3,0,0,15.6,9,0.97,1990
221438.84,3.36,38,4.6,1.0,2260,4.31,39.07,-118.31,3232.0,2,0,0,3.3,1,1.3,1986
377545.77,2.64,26,8.2,1.0,1597,2.55,32.71,-116.66,2103.0,3,0,0,10.5,9,1.15,1998
279384.81,3.3,18,3.6,1.0,1494,2.95,34.26,-119.97,2145.0,3,0,1,2.0,8,1.18,2006
258508.45,2.79,28,4.6,1.5,3230,3.84,38.26,-119.97,3248.0,2,1,0,14.2,8,1.4,1996
202662.72,1.23,51,3.8,0.9,927,3.42,33.32,-123.78,2923.0,2,1,0,1.5,6,0.92,1973
259782.01,1.87,9,8.6,0.5,2775,3.09,41.91,-116.79,2524.0,3,0,0,10.5,6,1.09,2015
302505.87,2.57,32,7.5,1.1,7807,2.71,39.95,-123.46,2808.0,3,0,0,9.3,6,1.58,1992
195623.74,1.68,6,3.4,0.8,6796,3.87,39.2,-116.48,3663.0,1,0,0,1.8,7,1.19,2018
265208.12,3.46,14,4.3,0.6,426,2.99,35.04,-122.5,1303.0,4,0,0,8.7,9,1.6,2010
348759.51,5.01,28,4.3,0.2,1221,3.17,32.96,-121.9,6051.0,2,0,0,17.0,5,1.39,1996
376343.67,4.43,24,4.7,1.6,2281,4.34,41.8,-114.86,2378.0,3,0,1,13.5,10,1.42,2000
250123.64,2.5,13,3.9,1.4,5025,4.4,33.9,-119.55,5296.0,3,0,1,9.2,5,1.3,2011
387350.01,4.93,43,4.6,1.8,2138,3.32,40.39,-123.18,8407.0,2,1,1,6.8,9,2.06,1981
269976.03,2.88,12,7.0,1.1,5033,3.13,34.38,-115.0,3947.0,2,0,1,0.9,8,0.99,2012
278976.31,2.38,51,8.4,1.6,1058,3.79,36.05,-119.75,1143.0,3,0,1,46.8,8,0.71,1973
186746.75,2.13,19,3.2,0.6,2353,2.7,39.09,-123.13,1666.0,1,0,0,7.7,9,0.94,2005
235184.45,2.41,21,3.9,0.1,2401,2.7,41.48,-120.4,3677.0,3,0,1,8.1,1,1.13,2003
300187.8,2.33,27,5.8,0.7,5170,2.92,32.69,-118.31,2132.0,2,0,1,2.1,8,1.97,1997
285587.65,2.91,19,3.1,1.0,3740,1.78,34.98,-120.7,6238.0,2,0,0,11.4,10,1.43,2005
292347.18,2.9,24,5.9,1.3,3140,5.83,39.77,-114.79,2057.0,2,1,1,58.1,7,1.54,2000
350040.0,2.72,26,6.3,1.7,3566,2.52,34.15,-121.67,3939.0,2,0,1,4.4,7,0.55,1998
277487.16,3.24,45,6.6,1.3,686,3.56,33.56,-122.65,2822.0,4,0,0,5.6,4,1.07,1979
334684.85,4.38,28,6.3,2.2,1576,2.98,32.94,-122.18,3036.0,2,0,1,4.0,6,1.4,1996
287701.82,3.97,46,4.7,1.2,809,3.83,37.27,-123.62,4100.0,2,0,0,30.2,7,1.26,1978
210470.72,1.5,18,5.2,1.2,1072,2.54,39.79,-119.75,625.0,3,0,1,9.7,4,0.73,2006
120763.11,0.98,44,3.7,1.3,1573,3.26,41.64,-115.28,2932.0,0,0,0,26.0,6,1.32,1980
341120.7,3.95,36,6.2,1.3,297,1.98,35.04,-121.29,4680.0,3,0,0,28.5,6,0.98,1988
224951.65,1.57,42,7.9,1.3,1619,4.46,33.65,-121.79,1656.0,1,0,1,20.7,8,1.3,1982
287577.25,2.48,29,6.2,0.5,966,3.79,36.32,-115.71,4133.0,2,0,0,4.5,7,0.81,1995
235404.62,1.7,17,4.5,1.5,776,1.3,33.03,-121.29,2658.0,2,0,1,0.5,7,1.19,2007
236064.87,1.32,4,7.0,2.4,1952,3.02,35.65,-119.49,2149.0,2,1,1,2.3,5,1.59,2020
355032.45,3.38,44,9.0,0.7,1324,1.33,38.61,-124.17,2634.0,3,0,1,17.9,6,1.08,1980
286160.38,3.68,45,5.9,1.1,2376,2.04,34.1,-121.49,5978.0,4,0,1,20.2,7,1.62,1979
273921.17,2.16,29,6.3,0.4,1075,4.11,38.5,-123.13,3246.0,4,0,1,21.8,8,0.85,1995
205518.68,0.96,4,6.5,1.5,1571,0.02,41.73,-123.39,1592.0,2,0,0,4.2,6,1.07,2020
208539.87,2.18,10,3.1,1.5,12925,4.25,40.71,-119.97,3451.0,2,0,0,2.5,6,1.34,2014
273971.08,3.18,25,4.9,0.3,2976,3.45,35.89,-121.59,3052.0,2,0,1,38.5,7,1.0,1999
200383.07,1.5,31,4.7,0.4,918,2.9,36.5,-122.75,5247.0,3,0,0,16.4,9,1.1,1993
269881.66,2.93,3,6.8,0.1,4873,4.05,36.48,-119.13,2876.0,3,0,1,20.3,7,0.85,2021
277833.48,2.7,47,6.6,1.9,6239,6.24,40.67,-116.27,5066.0,2,0,1,1.5,4,0.69,1977
275043.84,3.43,2,5.3,0.7,2918,1.4,41.94,-116.78,3085.0,1,0,1,8.0,9,1.3,2022
268694.1,2.85,25,4.6,1.0,967,5.03,40.35,-121.87,3636.0,3,0,1,1.0,7,1.1,1999
190082.55,1.84,49,3.0,0.9,4131,4.16,37.8,-121.74,2063.0,2,0,1,16.1,8,1.55,1975
317997.06,4.39,6,5.5,1.6,1139,2.15,33.42,-116.82,3961.0,2,0,1,10.1,2,0.86,2018
247034.35,2.55,26,4.1,1.4,5327,3.63,41.57,-118.65,8190.0,2,0,0,9.0,9,1.07,1998
221235.61,2.69,8,3.9,1.4,1491,1.67,40.67,-116.7,7051.0,1,1,0,35.0,3,0.99,2016
291069.78,1.87,35,6.9,0.7,1445,2.41,40.49,-124.49,1710.0,1,1,0,20.2,10,0.91,1989
274813.01,2.28,27,6.7,1.4,2749,0.47,36.22,-123.59,1269.0,2,1,0,50.0,9,1.6,1997
244717.12,1.91,25,4.8,1.6,5587,1.38,36.75,-116.08,3598.0,2,1,1,0.7,5,0.9,1999
256768.7,2.54,18,3.1,1.4,12022,3.46,33.64,-115.56,2639.0,2,1,1,14.3,5,1.2,2006
437374.98,5.39,1,4.3,0.5,1847,3.56,41.41,-120.89,1949.0,4,1,0,14.9,8,1.25,2023
254357.21,1.57,48,7.0,0.5,1302,3.55,41.46,-114.44,8580.0,2,0,0,0.4,4,0.9,1976
230232.43,1.43,39,6.2,2.0,937,3.76,34.92,-121.33,13961.0,3,0,0,23.2,9,1.44,1985
333121.74,4.9,3,4.8,2.1,552,3.14,39.11,-115.15,1202.0,2,1,0,2.5,2,0.86,2021
280106.43,2.5,4,5.6,1.1,808,3.81,34.43,-120.07,2015.0,2,0,1,18.1,8,1.54,2020
220992.93,2.08,41,2.4,1.1,2183,4.29,36.23,-118.6,1562.0,3,1,1,0.6,5,1.0,1983
358839.94,4.12,37,2.3,1.2,4203,3.3,35.37,-117.75,1973.0,3,1,0,14.3,9,1.33,1987
334045.49,2.13,51,8.5,1.4,877,2.48,36.2,-123.1,5226.0,1,1,0,11.0,6,1.84,1973
379987.19,5.64,15,6.3,0.4,3393,2.83,35.44,-124.11,3389.0,2,0,1,9.9,6,1.5,2009
303155.29,3.57,8,5.5,1.2,907,2.0,35.78,-120.02,4519.0,2,0,1,6.9,4,0.81,2016
233451.81,2.24,38,4.9,0.6,999,4.02,40.02,-122.82,5765.0,3,0,0,8.2,7,0.43,1986
421810.27,6.44,50,2.9,1.1,768,1.07,35.35,-118.74,3530.0,3,0,0,9.7,7,1.62,1974
249101.17,2.13,19,7.0,0.7,5247,2.81,40.24,-119.74,1859.0,2,1,0,5.3,1,1.26,2005
302505.71,3.66,47,3.8,0.8,6536,3.68,37.9,-123.22,3861.0,3,1,0,41.1,8,1.66,1977
280027.78,3.06,26,6.6,1.2,1008,1.78,39.91,-117.51,2827.0,4,1,0,50.3,4,1.45,1998
371702.47,4.58,39,5.7,0.8,946,1.32,41.23,-124.28,2741.0,2,0,1,5.3,7,1.19,1985
351592.57,5.08,10,5.4,0.6,2975,0.26,33.82,-123.17,1971.0,0,0,0,22.6,7,1.57,2014
248294.49,2.75,38,3.5,1.8,7204,2.66,35.77,-117.15,4819.0,0,1,0,20.9,5,1.09,1986
168205.34,2.01,14,3.6,0.6,6575,1.63,33.03,-118.96,3832.0,0,0,0,31.3,5,1.72,2010
320846.07,3.27,49,6.1,-0.1,1328,4.05,36.37,-121.54,4543.0,1,1,0,0.1,6,1.06,1975
245364.24,2.07,41,5.6,1.4,1561,1.14,34.76,-122.61,1869.0,2,0,1,6.2,6,1.08,1983
440080.86,6.08,19,5.6,1.0,675,3.63,37.93,-117.76,5050.0,4,0,0,2.3,9,1.38,2005
343584.41,2.87,30,5.9,1.1,1316,1.44,39.94,-122.34,3550.0,2,1,1,7.4,8,1.11,1994
205735.34,2.35,5,2.6,1.2,1953,1.18,37.12,-114.16,4799.0,3,0,0,12.9,10,1.43,2019
248568.96,2.93,31,7.0,1.7,614,1.56,35.67,-115.37,2014.0,3,0,0,35.9,3,1.13,1993
169435.84,1.59,7,5.0,2.0,1169,4.29,33.95,-123.11,3230.0,3,0,0,27.5,2,1.34,2017
238352.5,1.84,19,7.3,1.2,2159,1.56,32.75,-115.48,5309.0,2,0,1,10.4,3,1.58,2005
345148.38,4.39,31,2.5,0.5,535,4.37,38.94,-120.88,4004.0,2,0,1,0.4,9,1.24,1993
251240.82,2.09,39,6.4,1.2,2631,3.24,32.79,-119.36,2817.0,2,0,1,5.4,9,1.14,1985
265310.0,1.79,24,6.3,1.4,4090,2.38,41.25,-123.0,3916.0,3,0,1,1.7,6,1.13,2000
219775.27,3.37,34,3.3,1.6,2852,1.74,38.15,-123.25,1850.0,2,0,0,15.8,6,1.44,1990
323287.29,4.37,23,4.5,1.2,1215,5.29,35.86,-115.41,4197.0,2,0,1,17.8,6,1.54,2001
289327.39,3.62,48,3.9,0.8,4617,2.29,32.9,-117.89,4703.0,2,0,1,15.7,9,0.66,1976
305564.89,4.05,45,6.8,0.6,5486,2.3,36.43,-119.67,3737.0,2,0,0,4.8,5,1.4,1979
237443.77,2.01,40,6.0,1.0,2331,4.74,40.74,-124.12,2868.0,2,0,0,37.8,8,0.89,1984
228692.23,1.54,6,7.9,0.3,2036,4.95,41.71,-114.82,3555.0,3,0,0,13.3,4,1.06,2018
351665.59,4.96,38,5.8,1.3,1101,2.83,33.31,-120.55,2921.0,3,1,0,13.6,5,1.21,1986
237264.72,2.39,41,6.6,1.2,1305,4.42,39.88,-120.13,2737.0,2,1,0,25.4,7,1.2,1983
277749.48,2.46,36,7.3,1.2,4263,2.26,34.95,-121.46,4377.0,2,0,0,1.1,7,1.16,1988
331438.49,4.62,27,6.3,1.5,7938,5.7,36.1,-115.14,6575.0,3,0,0,3.5,7,1.29,1997
281414.04,3.4,11,4.9,1.8,1297,1.43,37.7,-120.88,3277.0,2,0,0,13.4,4,1.03,2013
330905.72,3.26,5,4.6,1.1,1576,1.9,41.95,-122.67,2283.0,2,0,1,14.1,8,1.36,2019
517270.45,6.46,17,5.4,1.1,1077,4.58,34.48,-119.24,1853.0,3,1,0,9.4,8,1.14,2007
303432.96,2.1,7,6.7,0.9,1280,2.65,33.74,-116.29,2149.0,3,0,1,22.7,8,1.3,2017
284919.33,3.94,27,4.4,1.4,660,4.65,38.15,-120.6,8885.0,2,0,1,6.4,4,1.06,1997
291701.78,2.78,47,6.5,1.1,2548,2.44,40.6,-117.65,6730.0,2,0,1,0.2,5,0.94,1977
312086.21,3.03,15,6.0,1.7,655,3.79,38.66,-121.31,4815.0,2,1,0,6.2,9,0.89,2009
274391.44,5.01,46,3.6,1.7,1166,2.17,35.8,-116.94,5644.0,1,0,1,50.7,7,1.09,1978
288868.88,3.33,13,6.4,1.3,1721,2.91,41.78,-117.48,2284.0,0,1,0,22.6,6,0.89,2011
302169.44,3.37,11,5.7,1.1,631,1.46,41.95,-117.35,5028.0,1,0,0,5.7,9,1.48,2013
300425.89,4.17,45,4.7,1.0,973,2.94,39.82,-117.72,5248.0,1,0,1,3.8,5,1.34,1979
263854.38,2.35,26,5.7,1.3,734,1.95,40.12,-122.86,2854.0,2,0,1,24.9,8,0.85,1998
212255.32,1.94,22,4.7,1.3,4357,5.49,39.73,-115.18,1649.0,2,0,0,3.3,6,0.68,2002
213821.45,1.79,28,5.9,1.0,5651,2.62,34.95,-118.35,1446.0,2,0,0,13.0,7,1.45,1996
196586.09,1.24,24,5.2,1.2,961,1.56,33.93,-120.48,3655.0,2,0,0,10.6,6,1.38,2000
432204.36,6.19,29,3.2,0.7,16492,3.83,37.77,-122.69,2339.0,4,0,1,8.2,9,0.81,1995
230349.31,1.75,9,5.3,1.3,856,1.55,41.56,-116.27,3517.0,2,0,1,8.3,4,1.03,2015
241189.26,2.49,42,4.8,0.8,1288,4.05,40.84,-119.15,2598.0,3,0,1,18.2,5,1.4,1982
266378.52,2.43,4,6.5,1.5,2682,2.33,33.52,-122.95,1712.0,2,0,0,1.6,5,0.46,2020
353689.58,3.07,49,6.8,0.9,2892,2.95,33.04,-114.83,7222.0,4,0,0,7.5,5,0.89,1975
256620.27,3.77,46,4.7,1.9,1400,2.77,40.8,-123.39,1759.0,2,1,0,51.8,7,1.02,1978
308161.0,3.84,18,4.3,1.1,4338,2.7,38.32,-119.0,2139.0,2,1,1,22.6,4,1.43,2006
246814.4,2.15,43,3.0,1.2,4717,3.07,35.39,-118.09,2970.0,4,1,1,0.3,2,1.11,1981
245069.55,2.54,16,4.3,0.4,1796,2.2,37.84,-114.01,3202.0,3,0,1,8.9,7,1.43,2008
302828.33,3.04,33,5.0,1.8,1603,1.69,34.61,-123.02,1360.0,4,1,0,1.9,7,0.98,1991
260323.4,2.46,29,3.5,1.1,1109,3.05,41.5,-118.06,4494.0,2,1,1,9.9,6,1.32,1995
341711.74,5.17,39,6.8,2.0,786,2.52,40.36,-119.49,4157.0,1,0,1,1.6,4,1.25,1985
284803.23,3.31,10,5.9,1.1,953,1.47,41.64,-121.8,8916.0,2,0,0,7.4,4,0.95,2014
282876.82,3.65,9,5.3,1.0,2795,3.74,34.28,-114.61,3447.0,4,0,0,11.8,9,1.06,2015
339628.02,3.54,31,5.5,0.8,1809,2.98,40.51,-116.2,2840.0,2,0,1,6.9,6,1.31,1993
283303.55,4.35,28,6.0,1.4,1487,1.7,37.82,-116.34,1879.0,1,0,0,13.0,10,1.2,1996
241387.12,2.92,3,6.4,1.4,1145,2.71,35.59,-115.06,1578.0,2,0,1,63.0,6,1.33,2021
201788.06,1.62,14,6.7,0.4,1165,2.83,37.06,-116.89,2718.0,2,0,0,4.2,7,1.45,2010
295453.47,3.19,25,5.0,0.8,1743,1.76,41.47,-119.18,1544.0,1,0,0,12.5,7,1.13,1999
266813.02,2.09,15,5.3,1.5,1637,6.79,39.07,-120.39,4497.0,2,0,1,9.6,4,0.38,2009
286755.37,2.2,2,5.8,0.8,1806,2.99,35.92,-117.11,2407.0,2,0,1,24.9,7,0.85,2022
301566.94,3.44,24,5.2,0.7,1266,2.74,42.0,-118.17,5511.0,2,0,1,5.7,7,0.74,2000
375731.86,4.46,14,6.8,1.2,1057,5.92,35.78,-118.8,3449.0,1,0,0,15.2,7,0.76,2010
270219.9,2.74,48,7.3,1.1,1820,3.55,40.23,-118.31,3517.0,3,0,0,17.7,6,1.15,1976
244965.46,3.08,7,6.0,0.9,3040,4.45,39.95,-117.62,1828.0,2,0,0,55.7,5,1.33,2017
362390.25,5.37,36,4.1,2.0,1203,3.11,39.37,-114.33,4120.0,1,0,1,2.5,6,0.82,1988
238732.38,2.99,50,6.3,1.0,267,3.08,38.86,-116.59,3706.0,2,0,1,95.6,9,1.42,1974
444949.91,7.7,24,6.1,0.5,605,1.97,33.53,-122.65,1135.0,3,0,1,19.2,7,1.44,2000
299829.49,3.41,27,4.0,0.3,4270,3.8,41.95,-119.6,5651.0,2,0,1,9.1,7,1.79,1997
205273.16,1.34,37,6.1,1.6,4003,5.22,34.03,-117.38,4616.0,1,0,0,4.6,5,1.48,1987
310203.4,3.67,38,4.7,0.6,3033,4.89,38.16,-122.66,2005.0,1,1,1,14.9,9,1.51,1986
335212.48,3.17,30,6.6,1.1,2724,1.55,34.87,-114.71,4762.0,0,0,1,2.3,8,1.25,1994
301782.41,4.55,27,6.3,0.7,4081,5.23,34.1,-123.69,2418.0,2,0,0,44.0,10,0.92,1997
267157.77,3.56,39,5.8,1.0,1373,2.01,37.81,-118.08,2157.0,1,0,1,3.1,4,1.12,1985
235387.69,2.57,15,5.6,1.3,2020,1.87,40.45,-114.25,3553.0,3,0,0,22.3,6,1.52,2009
142252.64,1.67,26,2.3,0.4,975,1.94,36.08,-116.86,4883.0,0,0,0,6.4,6,1.15,1998
225752.37,2.5,1,3.7,0.9,1571,2.53,33.23,-117.39,6396.0,2,0,0,3.6,6,1.26,2023
215059.02,1.93,4,5.3,0.8,8242,0.68,38.43,-114.03,7176.0,3,0,0,24.8,2,1.46,2020
254989.95,2.15,29,7.8,0.6,933,3.06,39.78,-116.19,1346.0,3,0,1,32.8,7,1.24,1995
351980.28,3.44,1,6.3,0.9,711,2.69,35.31,-114.31,1242.0,2,1,0,0.1,7,1.13,2023
390628.17,5.3,43,8.2,0.8,1548,3.05,39.06,-117.16,2405.0,2,0,1,54.8,2,1.01,1981
358410.4,3.18,50,5.6,1.5,1313,2.4,33.22,-117.51,1898.0,4,0,1,8.2,9,1.81,1974
215562.81,1.68,46,5.5,0.7,2236,1.09,35.93,-116.49,10249.0,3,0,1,1.5,5,1.31,1978
363473.97,3.25,22,7.6,1.3,3409,2.69,37.0,-122.52,3429.0,4,1,0,9.1,4,0.86,2002
341054.55,4.39,11,5.3,1.3,1339,4.46,39.93,-116.04,2683.0,3,0,0,1.9,5,0.99,2013
223470.59,2.13,10,4.0,0.3,9753,1.79,35.71,-114.31,2273.0,1,1,0,4.5,6,1.19,2014
270318.32,2.58,17,6.0,0.8,4839,1.95,36.81,-118.08,3292.0,1,1,1,12.2,3,1.39,2007
325543.16,2.73,36,7.2,1.0,981,3.55,38.47,-124.37,1034.0,4,1,0,6.7,8,1.16,1988
275003.25,1.99,47,4.3,1.2,1697,1.51,38.43,-123.74,4680.0,3,1,0,3.9,8,0.74,1977
338826.35,3.52,26,6.4,1.0,2759,3.27,37.42,-122.04,6005.0,2,0,0,3.3,7,0.63,1998
271768.87,2.59,48,5.4,1.6,931,3.53,35.62,-119.34,1265.0,1,0,1,15.2,7,0.66,1976
258479.86,3.21,21,6.2,1.2,346,2.32,38.86,-120.16,3989.0,1,0,1,36.1,6,1.35,2003
265739.7,1.91,13,6.0,1.3,8463,2.1,40.45,-114.22,3728.0,4,0,0,0.9,8,1.25,2011
275209.48,2.28,9,4.9,0.8,745,1.31,33.96,-114.57,3889.0,1,0,0,4.2,10,0.99,2015
293486.97,3.63,11,5.3,1.3,3575,2.05,35.73,-120.38,3868.0,2,0,0,16.4,7,1.8,2013
275519.32,2.34,11,5.0,2.1,3166,3.68,38.85,-116.16,1753.0,4,1,1,65.5,7,1.18,2013
345723.08,5.42,6,5.7,1.4,941,4.01,39.68,-117.82,2782.0,0,0,0,17.2,7,0.71,2018
276917.66,2.32,1,4.2,1.7,8672,3.08,39.92,-121.95,4607.0,2,0,0,0.8,9,1.15,2023
265602.13,2.97,6,4.6,1.0,1903,2.26,38.71,-114.72,1281.0,2,0,1,3.0,7,1.33,2018
263560.78,3.95,13,4.9,1.6,2018,3.09,37.04,-121.78,3154.0,1,0,0,6.4,9,1.05,2011
254197.05,1.54,22,6.1,1.6,528,2.02,38.64,-115.36,3966.0,2,0,1,2.6,7,1.14,2002
181636.63,1.34,31,3.4,1.2,333,3.21,33.78,-117.8,2490.0,2,0,0,3.0,8,1.38,1993
205343.68,1.48,22,5.3,1.1,1489,3.9,34.47,-117.98,3778.0,1,1,1,4.8,8,1.26,2002
313727.03,4.5,37,4.4,0.4,5104,2.44,41.31,-115.7,3041.0,2,0,1,7.0,6,1.39,1987
234350.3,2.18,47,4.9,1.1,407,2.04,41.26,-119.31,2674.0,3,0,0,7.5,4,1.41,1977
444000.78,7.56,27,4.5,1.4,2030,2.41,39.38,-115.54,2407.0,3,0,1,10.4,6,0.73,1997
297356.87,2.17,50,5.8,0.7,1930,4.31,35.61,-118.72,5639.0,2,1,1,39.5,9,1.37,1974
217868.91,2.93,14,5.3,0.5,4879,6.35,38.66,-114.16,2811.0,1,0,1,75.2,8,1.38,2010
389627.93,5.04,47,6.6,1.2,4077,3.78,39.03,-117.57,1943.0,3,0,1,0.3,9,1.27,1977
351099.1,6.06,5,6.1,1.2,2022,2.91,37.39,-120.57,1583.0,1,0,1,10.2,5,1.3,2019
424076.03,6.2,36,3.2,0.4,1677,1.83,39.61,-116.48,1400.0,3,0,1,20.9,7,0.93,1988
361755.32,4.41,32,4.1,1.1,1016,1.76,32.78,-119.15,1443.0,0,0,1,1.1,8,1.66,1992
344871.03,4.09,34,5.2,1.2,723,3.51,34.93,-116.04,2373.0,2,1,1,42.5,4,1.37,1990
256043.02,3.45,7,5.4,1.8,1095,2.06,40.05,-115.75,2794.0,2,0,0,41.6,3,1.4,2017
241116.38,3.71,42,4.2,0.9,745,4.23,41.42,-118.02,2554.0,0,0,0,3.5,8,1.62,1982
274489.26,2.18,48,7.5,2.1,1662,2.28,40.82,-115.34,1963.0,1,1,0,23.1,8,1.45,1976
214815.56,1.96,10,6.8,1.1,1758,4.71,39.31,-120.26,2270.0,2,0,0,13.1,7,1.46,2014
251291.78,2.71,50,3.0,0.5,1451,2.51,34.07,-123.9,4169.0,4,0,1,0.5,3,0.47,1974
285288.76,2.54,17,6.0,0.9,1973,4.36,36.0,-117.54,4983.0,3,1,0,5.3,7,0.34,2007
256771.7,2.27,30,5.4,0.5,1252,3.81,32.98,-116.47,6970.0,3,0,0,4.6,8,1.15,1994
285948.85,3.59,21,7.4,1.0,3545,4.02,38.58,-123.74,3041.0,3,0,0,31.8,6,1.28,2003
269179.83,3.98,13,3.1,1.3,2171,2.92,36.77,-116.41,5766.0,2,0,0,34.2,3,1.3,2011
329310.91,2.82,1,8.6,1.2,1227,2.2,37.94,-117.79,3209.0,3,0,0,0.5,7,1.28,2023
402562.69,4.91,1,4.2,0.5,711,4.21,41.8,-123.28,6118.0,3,0,1,20.3,7,1.29,2023
244934.81,1.72,47,6.1,0.5,1693,5.15,36.32,-118.83,4000.0,2,0,1,1.9,5,1.24,1977
257560.39,2.52,33,4.6,1.3,4504,1.8,35.41,-123.36,3047.0,2,0,0,23.5,7,0.97,1991
260405.02,2.04,38,4.9,1.4,2897,3.57,33.93,-121.12,1102.0,2,1,1,28.0,7,0.78,1986
193344.13,1.29,25,3.0,0.9,3316,3.57,33.86,-116.06,2767.0,2,0,0,0.9,9,1.16,1999
285460.8,2.63,26,7.3,-0.2,3226,3.2,37.43,-123.44,1987.0,2,0,1,5.9,8,1.01,1998
233098.48,2.59,13,5.1,0.5,4781,4.72,39.62,-119.68,2482.0,1,0,1,7.2,8,1.07,2011
297420.44,4.98,28,5.2,1.6,3603,2.07,37.86,-118.14,5581.0,3,0,1,46.6,5,0.7,1996
346722.72,3.5,33,9.0,0.7,2037,4.32,40.8,-114.62,3686.0,2,0,0,7.0,7,1.14,1991
235351.35,1.8,37,6.9,0.9,1305,2.67,35.5,-116.76,4925.0,3,0,0,4.4,5,1.27,1987
408886.19,5.71,41,4.5,1.4,3643,0.2,38.15,-123.04,3968.0,2,1,1,14.5,5,0.77,1983
363999.87,4.43,30,4.6,0.9,261,1.25,38.78,-114.33,1841.0,2,1,0,2.6,7,1.33,1994
282852.54,3.43,49,5.9,1.8,4983,3.04,35.17,-119.48,7823.0,0,0,1,14.7,5,0.79,1975
216198.84,2.48,48,6.7,0.9,3140,4.46,36.26,-120.62,2735.0,1,0,0,9.2,5,1.34,1976
346074.22,1.85,8,8.1,0.7,6706,4.3,38.11,-123.15,5012.0,2,1,1,19.7,8,0.96,2016
189658.64,2.34,49,3.1,1.7,738,3.13,32.7,-114.7,6735.0,2,1,0,13.0,2,1.51,1975
369519.06,4.2,47,6.6,1.1,4580,1.63,40.92,-118.34,1510.0,2,0,0,2.9,8,0.97,1977
478421.28,5.78,1,6.8,0.6,3074,1.55,33.56,-114.13,2847.0,4,0,1,41.6,9,0.88,2023
337449.54,5.04,12,4.3,1.3,1112,3.5,32.95,-122.67,4226.0,1,0,0,8.9,8,1.18,2012
222365.43,2.24,5,5.0,1.0,1621,2.95,34.54,-118.77,2591.0,2,1,0,20.5,5,1.3,2019
206869.49,1.74,24,3.1,0.5,1533,4.17,37.27,-123.35,11715.0,1,0,1,11.4,8,1.48,2000
331121.06,2.88,6,4.7,1.1,1350,2.6,35.62,-119.0,3407.0,2,1,0,30.1,7,1.37,2018
248706.53,1.34,25,5.8,1.0,614,2.07,36.68,-115.16,4063.0,3,0,1,6.2,7,0.9,1999
351936.72,3.09,1,7.9,0.3,4626,2.67,33.3,-123.35,7462.0,4,0,1,15.3,6,1.27,2023
311890.91,2.56,25,8.0,0.6,848,2.98,34.71,-121.67,1495.0,3,1,0,1.2,5,0.83,1999
228914.49,2.26,1,4.0,2.0,780,0.56,33.43,-117.33,2392.0,3,0,1,1.2,2,1.49,2023
234133.75,1.44,32,7.7,1.1,4718,3.57,34.68,-123.7,1846.0,1,0,1,27.8,8,1.6,1992
232690.64,3.34,42,2.6,1.8,588,3.17,39.18,-119.73,3700.0,1,1,0,25.6,6,1.23,1982
288900.84,2.2,42,4.6,1.3,1419,4.14,37.97,-121.0,6756.0,3,1,1,6.7,5,1.11,1982
228654.38,1.7,3,5.0,1.7,816,3.94,35.67,-115.7,1767.0,2,0,0,16.9,7,1.67,2021
190912.99,0.86,49,5.9,1.4,6696,4.3,34.98,-123.98,1472.0,3,1,0,26.5,8,1.6,1975
324814.25,2.69,19,5.7,0.6,4514,5.02,41.98,-115.43,3261.0,2,0,1,2.3,7,0.6,2005
388004.27,5.52,43,6.0,1.4,936,3.17,39.79,-117.11,5883.0,2,0,0,62.7,8,1.34,1981
328544.64,5.28,29,5.2,0.6,814,0.35,40.31,-121.38,2009.0,1,0,0,32.6,6,1.12,1995
312504.03,2.26,50,6.9,1.6,3340,4.03,32.75,-122.42,1795.0,3,0,0,17.6,8,0.73,1974
281389.13,2.14,2,6.5,1.2,2557,4.44,33.07,-114.52,6577.0,4,1,0,11.8,7,1.66,2022
279812.77,3.28,9,5.1,1.1,1362,2.73,39.27,-118.68,2706.0,3,1,0,33.8,4,0.92,2015
273583.88,1.82,17,6.8,0.9,1264,0.58,34.32,-120.88,4095.0,2,0,0,20.2,8,1.46,2007
347062.13,3.07,46,8.6,1.5,1499,4.25,36.54,-124.03,5947.0,2,1,0,13.2,8,1.0,1978
251405.02,3.69,36,4.5,1.0,3720,2.98,34.25,-122.76,3861.0,2,0,0,33.3,8,0.81,1988
414247.21,4.44,17,8.0,0.1,6352,1.4,34.18,-118.22,3033.0,2,1,1,3.5,6,1.21,2007
256946.08,2.61,49,4.6,0.2,7771,2.68,33.54,-119.11,1836.0,2,0,0,4.2,7,0.69,1975
258132.29,2.51,12,7.6,0.5,1004,2.99,38.15,-116.55,2285.0,2,0,0,39.9,6,1.8,2012
215338.64,1.91,20,4.7,1.5,1893,2.68,39.52,-115.73,3551.0,2,0,0,1.0,1,1.38,2004
283774.84,1.95,50,6.6,1.5,5296,2.39,33.04,-120.33,5551.0,3,1,1,0.7,1,1.01,1974
220463.14,2.48,3,5.8,1.3,901,4.14,35.12,-123.44,2346.0,3,0,1,23.5,5,1.15,2021
267959.74,3.15,43,2.8,1.3,1047,4.62,38.75,-116.19,2219.0,3,1,0,8.0,9,0.9,1981
338037.67,3.92,50,8.4,1.8,3420,5.32,36.23,-118.69,3798.0,2,0,0,37.2,7,1.27,1974
197642.3,1.97,4,4.2,1.3,1242,1.8,39.19,-114.21,2035.0,1,0,0,5.4,6,0.77,2020
304728.68,4.94,17,3.6,1.4,555,4.56,39.71,-116.14,3715.0,2,0,0,5.1,7,0.72,2007
200729.08,2.44,50,4.5,1.1,933,3.23,32.81,-121.04,1943.0,2,0,1,47.3,3,1.26,1974
366925.97,2.7,37,9.3,0.9,3992,3.45,36.12,-120.0,3395.0,3,0,1,12.1,4,1.66,1987
189673.55,2.02,46,3.6,1.0,2206,4.46,39.43,-122.03,2540.0,3,0,0,14.3,3,0.92,1978
220954.26,1.03,42,5.8,2.1,518,2.94,36.09,-119.12,3156.0,4,0,1,34.3,8,0.97,1982
320310.96,3.87,15,3.8,0.6,1110,2.78,32.56,-117.04,4461.0,2,0,1,7.2,10,1.06,2009
323634.7,3.65,33,4.1,1.3,7771,2.17,35.69,-118.07,2843.0,2,1,1,4.3,5,1.01,1991
212880.36,2.43,16,3.1,0.3,1710,1.6,40.79,-120.91,3649.0,2,0,1,12.7,7,1.09,2008
297502.64,2.79,11,6.0,0.8,1488,2.24,41.54,-115.86,2109.0,3,0,1,7.9,4,1.31,2013
310368.55,3.34,20,5.3,1.5,1819,3.21,37.82,-123.4,2267.0,3,0,0,2.7,9,1.1,2004
216623.18,1.45,38,3.8,0.2,2130,2.94,35.41,-123.0,1723.0,2,1,1,1.9,4,0.67,1986
269844.91,2.2,24,6.8,1.6,1322,2.54,36.93,-120.26,2889.0,2,0,0,19.4,7,1.07,2000
323772.73,3.73,16,7.0,2.1,5283,2.58,34.74,-117.13,3451.0,2,1,0,0.5,7,1.29,2008
253992.74,1.65,30,6.1,1.3,1240,4.26,34.1,-117.21,3616.0,3,1,0,11.2,7,0.94,1994
293621.55,3.06,34,7.3,1.7,4003,3.21,37.19,-120.65,6964.0,1,0,0,6.0,3,1.33,1990
248591.9,1.58,1,5.0,1.2,7769,1.81,39.5,-117.19,3782.0,2,0,1,2.5,8,1.47,2023
282291.45,3.28,24,6.0,1.5,2445,3.07,34.61,-123.86,2401.0,3,1,0,33.2,9,1.27,2000
248164.2,2.68,24,5.0,1.3,782,3.74,41.14,-121.45,9541.0,2,1,0,20.2,3,0.93,2000
177485.33,1.42,9,3.2,0.8,2101,4.15,34.1,-117.22,2012.0,3,0,0,22.2,8,1.62,2015
365395.05,4.33,22,5.8,0.8,1151,3.68,37.8,-122.57,3295.0,3,0,0,8.6,8,1.51,2002
252005.32,2.03,12,5.7,1.7,3708,4.02,39.88,-122.27,5196.0,2,0,1,15.7,4,1.26,2012
329097.12,1.97,17,5.5,1.1,2134,3.61,34.53,-123.59,3940.0,2,1,1,1.4,10,1.07,2007
313495.18,2.95,25,6.1,1.0,1643,0.59,35.32,-120.67,1050.0,3,0,1,2.2,5,1.5,1999
396796.35,4.3,28,7.6,1.0,806,2.81,32.99,-115.84,4183.0,0,0,0,5.8,6,1.28,1996
231451.68,1.81,15,5.2,1.3,407,2.89,41.47,-115.72,2265.0,2,0,1,9.2,7,1.49,2009
301303.09,2.79,30,4.1,0.5,944,5.45,37.13,-115.45,2037.0,3,0,1,1.5,8,1.11,1994
255828.64,3.23,51,5.1,1.0,3043,3.91,33.11,-124.11,1287.0,2,1,0,12.5,7,1.07,1973
301007.92,3.59,27,5.3,1.3,4657,2.65,40.39,-114.07,3221.0,1,0,0,4.1,7,0.69,1997
290552.99,2.92,22,7.0,0.5,1410,2.07,37.91,-119.22,2377.0,3,0,0,22.3,7,1.67,2002
277828.6,2.35,10,5.7,1.2,849,2.59,33.03,-115.34,3536.0,4,0,0,0.0,8,1.58,2014
222999.9,1.95,31,3.8,0.7,2104,2.03,36.78,-115.0,1922.0,2,1,1,30.2,7,1.01,1993
309614.06,2.81,27,6.7,1.3,3136,5.62,36.63,-119.1,17804.0,3,0,1,19.8,4,1.24,1997
243378.87,1.77,12,6.5,2.2,3366,2.98,33.89,-123.96,2431.0,2,0,0,11.9,7,1.4,2012
168285.98,0.84,46,5.7,1.0,2112,3.99,36.49,-118.23,5326.0,2,0,0,20.1,5,1.39,1978
315899.19,3.24,31,6.9,0.6,9473,3.62,35.19,-120.99,5274.0,1,0,0,6.8,6,1.29,1993
351376.14,3.9,32,7.2,1.2,4989,3.79,39.15,-122.33,4852.0,2,1,1,2.7,9,1.06,1992
228674.62,1.06,32,4.9,1.3,679,1.94,32.55,-122.58,1941.0,3,1,1,0.1,4,1.1,1992
250219.28,1.82,41,4.1,0.6,558,4.6,33.51,-118.63,7785.0,2,1,1,11.9,6,1.2,1983
302463.11,3.48,45,5.5,0.2,731,2.89,41.23,-123.4,3430.0,2,0,1,5.2,7,1.09,1979
477495.0,6.19,35,6.3,0.6,4604,4.8,36.62,-115.87,3637.0,3,1,0,3.6,9,1.77,1989
211310.32,2.74,46,5.3,1.1,460,3.51,34.17,-122.11,2865.0,2,0,0,30.3,8,1.16,1978
205249.46,2.03,21,4.0,0.9,2607,5.1,40.04,-118.73,2991.0,3,0,0,19.4,6,1.15,2003
203644.21,2.53,10,5.7,1.6,1578,3.72,40.59,-123.18,3055.0,0,0,1,69.3,7,1.1,2014
340199.12,4.71,16,2.4,1.4,667,2.78,34.51,-115.47,1382.0,3,0,1,16.3,9,0.86,2008
224589.08,2.1,7,5.0,1.2,2206,4.69,39.28,-117.23,3391.0,1,0,0,33.9,9,1.45,2017
299358.32,1.97,4,6.8,0.2,1570,3.17,38.34,-122.33,4446.0,2,1,0,1.9,7,0.68,2020
282663.91,2.24,27,6.9,1.4,3447,3.65,39.58,-116.98,2239.0,2,1,0,19.2,5,1.3,1997
133536.21,1.86,25,-0.1,2.1,491,3.11,39.99,-123.63,2830.0,3,0,0,1.4,7,0.8,1999
313861.69,2.85,31,5.2,1.5,884,2.35,38.78,-116.39,1273.0,4,0,1,1.5,9,1.33,1993
447898.1,5.21,11,6.4,0.8,898,2.81,41.58,-119.35,5191.0,2,1,1,29.3,7,1.52,2013
268827.33,3.09,48,3.7,1.0,3069,3.85,40.71,-123.24,6500.0,1,0,1,6.7,8,1.38,1976
239127.18,2.46,20,4.9,1.3,1495,4.17,34.68,-118.72,3325.0,2,1,0,5.7,1,0.97,2004
320004.75,2.42,36,7.3,1.8,4650,0.58,41.18,-122.39,3556.0,2,1,1,3.0,7,0.9,1988
223781.35,1.45,17,4.8,0.7,1314,3.38,35.92,-117.44,3453.0,2,1,0,10.0,7,1.17,2007
391190.05,3.87,45,7.9,0.9,2157,2.91,39.4,-117.06,4334.0,4,1,0,3.4,7,0.86,1979
264322.16,2.63,11,4.4,1.1,5927,1.36,40.56,-116.51,3380.0,2,1,0,11.6,8,0.97,2013
384722.84,2.53,30,7.6,1.0,437,4.03,36.65,-115.1,4973.0,2,1,1,16.2,9,1.07,1994
570301.44,9.75,35,5.6,1.5,1850,5.17,32.99,-117.62,4203.0,2,1,0,16.0,9,1.37,1989
278511.48,3.06,41,4.2,1.2,1762,4.78,41.52,-119.34,4380.0,2,0,1,6.8,5,1.85,1983
267030.31,2.01,38,7.6,0.4,962,0.2,33.19,-115.53,3612.0,2,0,1,18.3,7,1.25,1986
239763.38,2.29,22,3.7,0.8,1585,3.39,35.81,-115.05,4266.0,3,0,1,4.6,6,1.01,2002
327206.75,4.3,43,4.3,0.8,2320,2.22,38.17,-116.29,2034.0,2,1,0,24.7,6,1.54,1981
307019.33,2.84,48,6.2,-0.0,995,2.46,33.62,-114.6,1145.0,2,1,0,0.0,7,1.51,1976
181793.02,1.53,51,5.6,1.6,1889,2.7,40.46,-114.22,2864.0,2,0,0,51.0,8,1.44,1973
335947.99,3.93,27,5.9,1.2,799,0.33,34.43,-121.86,7554.0,3,0,0,8.5,9,1.51,1997
281459.02,2.08,37,4.9,0.8,1535,0.53,41.87,-122.57,4153.0,3,1,1,6.1,7,1.75,1987
383796.37,5.75,46,3.7,1.6,3800,3.1,41.21,-119.79,4308.0,4,0,0,14.7,10,0.46,1978
277100.08,4.19,49,4.5,1.3,3945,3.3,38.24,-114.03,1801.0,2,0,1,31.7,7,1.17,1975
281813.07,2.27,35,7.5,0.5,4620,2.77,38.77,-123.57,3730.0,1,0,0,6.5,8,0.86,1989
337009.53,4.54,4,3.5,1.4,1666,1.5,37.57,-117.02,1725.0,0,1,1,1.1,4,1.36,2020
315122.67,2.79,16,8.0,1.8,1392,2.52,36.22,-115.57,2957.0,2,0,1,6.6,1,1.31,2008
297156.14,3.82,16,6.0,1.0,3262,4.73,35.84,-114.04,2615.0,1,0,0,0.1,2,1.31,2008
300760.54,3.3,21,4.6,1.1,4598,2.56,40.97,-117.99,3761.0,2,0,1,3.1,9,1.06,2003
149087.81,1.94,26,2.5,1.2,1932,2.4,37.98,-120.51,3030.0,1,0,0,0.8,3,1.3,1998
226999.6,2.1,36,2.7,0.5,6061,4.48,40.32,-122.75,4661.0,2,1,1,7.4,7,1.35,1988
347154.14,4.1,19,5.0,1.2,3192,2.74,37.38,-114.19,4988.0,2,0,1,0.9,7,1.07,2005
194575.57,2.38,17,4.8,0.7,1145,3.82,35.42,-114.8,5510.0,2,0,0,62.0,8,0.87,2007
211683.55,2.31,45,5.7,1.1,1261,3.55,33.37,-116.05,13504.0,3,0,0,22.8,6,1.65,1979
278030.55,1.86,26,8.1,1.2,1750,1.93,35.58,-114.59,2042.0,2,0,0,8.2,6,1.45,1998
299450.15,3.22,22,6.3,1.4,514,1.81,40.86,-123.86,2432.0,3,0,1,23.4,6,0.08,2002
393117.14,6.2,28,5.3,1.4,1161,1.38,39.26,-117.87,2464.0,1,1,0,8.1,4,0.86,1996
225941.38,1.77,1,7.3,0.6,4503,1.79,39.97,-121.61,1131.0,2,0,0,15.6,5,1.07,2023
250463.97,2.74,44,5.7,1.2,5303,3.99,39.85,-116.46,3434.0,3,0,0,25.8,5,1.41,1980
369043.1,4.78,36,7.9,1.6,2272,2.01,33.64,-123.49,2840.0,2,0,1,17.3,4,0.6,1988
275169.97,2.63,43,4.5,0.5,2600,2.83,34.01,-121.78,5308.0,4,0,1,1.3,8,0.82,1981
279532.24,3.26,37,3.8,2.0,1411,2.66,35.51,-115.57,4707.0,1,0,0,0.7,7,1.13,1987
163054.34,1.78,2,2.5,0.6,1083,3.46,35.36,-116.63,3727.0,2,0,0,12.7,7,1.25,2022
254239.1,3.23,17,5.3,1.9,2853,1.36,33.13,-114.08,3414.0,1,0,1,3.3,8,1.0,2007
202388.81,2.52,40,3.6,0.6,1271,4.32,33.96,-117.74,2253.0,2,0,1,62.1,6,1.29,1984
334214.0,4.03,38,3.6,1.1,6990,4.72,40.63,-121.32,3290.0,3,1,0,0.2,8,1.04,1986
327904.36,4.37,21,7.1,1.0,2507,2.97,38.1,-118.75,3609.0,2,0,1,20.7,5,0.74,2003
422730.17,7.66,9,2.9,0.4,2581,0.31,35.75,-114.59,2942.0,1,1,0,0.7,8,1.29,2015
290502.19,3.43,13,5.7,1.4,774,1.97,37.5,-117.66,2952.0,2,0,0,14.2,7,1.4,2011
313410.76,3.1,11,5.4,1.5,282,3.38,34.98,-115.24,3200.0,3,0,1,8.2,8,1.49,2013
284862.76,2.94,16,5.6,1.4,2581,3.45,38.05,-124.26,3312.0,2,0,1,15.0,3,0.82,2008
279978.51,2.36,16,7.6,1.0,1214,2.69,33.21,-120.62,4677.0,0,0,0,21.5,9,1.37,2008
274481.34,3.11,2,4.3,0.7,3972,4.32,41.08,-114.68,806.0,1,1,1,0.5,4,1.31,2022
321250.94,2.42,42,7.6,1.6,871,2.31,34.78,-124.09,3429.0,2,1,1,11.0,8,1.75,1982
212944.9,2.91,44,2.9,1.2,1182,4.18,40.28,-119.05,3399.0,2,0,1,42.8,5,0.89,1980
415066.1,4.6,8,6.5,0.7,4427,3.0,38.77,-120.86,4558.0,3,1,0,3.7,2,1.23,2016
286656.98,1.82,43,7.7,1.2,2564,2.32,37.47,-117.71,2833.0,4,0,1,1.2,5,1.19,1981
246252.85,4.29,42,-0.6,0.3,811,3.88,41.33,-122.8,1046.0,4,0,1,22.1,6,0.71,1982
311824.14,4.6,13,5.4,1.2,1857,2.95,33.99,-117.64,1202.0,2,0,1,20.3,4,1.61,2011
213941.85,2.59,17,5.3,1.4,8291,4.06,33.63,-114.09,1054.0,0,0,0,7.4,3,0.93,2007
233801.91,1.16,39,5.6,1.0,2028,6.49,35.56,-121.65,4951.0,2,1,0,26.6,10,0.95,1985
267163.84,2.13,24,8.1,1.5,1606,1.88,40.39,-119.66,1453.0,2,0,1,11.8,3,1.14,2000
326717.1,4.57,3,4.4,1.5,3700,4.06,32.83,-124.19,5767.0,3,0,0,9.7,5,0.95,2021
184950.95,2.69,30,3.7,1.2,2396,3.77,34.77,-119.94,2476.0,0,0,1,25.9,5,1.38,1994
232034.68,1.82,13,5.6,2.0,5738,5.14,36.53,-120.24,2679.0,2,0,0,1.5,6,1.2,2011
328838.95,2.22,19,7.2,1.8,3307,4.1,39.27,-118.57,7127.0,3,1,0,3.8,4,0.6,2005
367520.8,3.8,7,6.3,1.4,3733,4.89,35.34,-121.8,3432.0,2,0,0,8.8,9,0.66,2017
337484.67,3.38,9,5.6,1.3,5966,1.82,36.76,-121.05,1506.0,2,0,0,1.3,9,1.34,2015
170598.15,2.47,19,5.2,1.0,1423,1.47,35.7,-118.1,3167.0,2,0,0,82.3,7,0.98,2005
236144.52,2.35,45,2.5,0.8,1119,1.87,33.37,-114.96,4817.0,2,0,1,5.6,7,1.18,1979
256668.67,2.32,40,6.4,1.5,616,2.81,39.52,-122.03,2284.0,2,0,0,44.3,10,1.3,1984
296461.57,1.88,22,6.6,1.0,1527,4.66,36.88,-117.39,7417.0,1,0,0,9.6,9,0.86,2002
358493.17,5.19,18,4.5,0.6,634,4.93,40.22,-119.0,1597.0,1,1,1,38.8,6,0.81,2006
229182.19,2.39,23,4.8,0.7,2422,2.56,39.1,-123.4,1039.0,0,0,0,8.7,8,1.39,2001
316739.14,4.42,2,3.9,0.8,1106,2.87,33.05,-118.56,7126.0,2,0,1,25.3,5,1.08,2022
422597.57,5.0,50,6.8,2.0,3904,1.59,37.25,-117.06,1949.0,3,0,1,20.9,3,1.56,1974
243113.96,4.05,50,5.0,1.5,3370,3.09,41.91,-118.22,1831.0,2,0,0,44.0,2,1.39,1974
258820.2,2.29,11,5.3,1.1,1323,2.76,35.42,-123.4,2320.0,2,0,0,15.2,7,1.3,2013
309576.72,3.19,31,6.4,1.3,3948,2.77,37.18,-115.53,1832.0,2,1,0,3.9,7,1.78,1993
266615.04,2.69,33,6.0,1.4,2037,4.42,38.69,-124.07,4673.0,2,0,1,11.7,4,1.03,1991
253601.3,1.89,14,6.3,0.7,438,3.49,34.42,-122.02,2363.0,2,0,0,2.4,9,1.06,2010
302674.73,3.09,16,5.8,0.5,819,1.43,39.17,-118.04,1645.0,2,1,1,6.1,7,1.39,2008
245349.27,1.7,11,5.8,1.6,1012,-0.06,38.77,-122.21,2600.0,4,0,0,23.4,6,1.19,2013
374154.47,4.37,33,5.8,0.4,1822,3.66,36.06,-123.43,1894.0,2,0,0,0.2,7,0.99,1991
291852.01,2.26,7,6.2,1.1,1282,3.28,35.2,-119.12,2922.0,3,1,0,14.5,3,1.0,2017
303982.32,2.95,31,6.3,0.7,1184,3.45,41.23,-116.91,1850.0,4,0,0,17.7,9,0.8,1993
262796.24,3.04,48,3.7,1.2,2877,3.28,33.71,-120.19,2704.0,2,1,0,34.5,5,1.23,1976
209733.61,2.45,46,4.6,1.0,3393,1.63,36.6,-117.17,2737.0,2,1,0,21.2,4,1.41,1978
326200.24,3.44,47,5.2,1.4,1102,2.77,39.79,-115.46,7574.0,3,0,0,7.7,6,1.18,1977
290635.87,2.25,14,6.2,-0.1,916,2.63,33.91,-114.43,5372.0,2,1,0,21.8,5,1.43,2010
393904.83,3.85,28,7.9,1.7,4970,2.9,41.36,-122.05,3250.0,4,0,1,14.7,6,1.18,1996
212694.67,1.59,43,4.3,1.5,16008,4.05,37.5,-118.14,2559.0,3,0,0,13.3,8,1.11,1981
324331.67,2.86,16,6.8,1.6,851,2.31,37.3,-121.7,2542.0,3,0,0,1.1,7,1.3,2008
392693.33,5.9,19,4.6,1.5,3688,1.61,36.53,-115.36,3179.0,2,0,0,11.6,9,1.13,2005
261379.58,1.82,17,7.6,1.3,1617,4.61,40.74,-115.15,1959.0,0,0,1,30.3,10,1.18,2007
314077.8,2.07,26,8.4,0.8,3105,2.12,41.51,-121.12,2470.0,3,0,1,8.6,10,1.17,1998
209461.26,3.34,6,2.9,1.3,843,4.38,36.11,-117.72,2631.0,0,0,0,18.3,4,0.81,2018
223314.75,2.92,43,5.0,1.2,664,5.58,37.65,-115.18,2950.0,1,0,0,35.1,9,1.28,1981
206317.84,3.13,49,2.0,1.5,736,4.81,35.5,-119.16,3227.0,3,0,1,11.5,5,0.86,1975
302397.99,3.31,9,3.0,1.4,1151,3.8,36.0,-116.94,4288.0,2,0,0,1.4,7,1.09,2015
288248.18,3.5,50,3.1,1.1,1498,2.76,32.77,-116.09,4729.0,3,1,0,0.8,9,1.83,1974
289295.74,4.24,17,6.4,1.3,3851,4.1,39.97,-115.35,3911.0,2,0,0,24.0,3,1.53,2007
343951.23,3.2,31,6.2,1.4,928,2.97,41.71,-119.09,7131.0,3,0,1,0.5,4,0.98,1993
246055.12,2.47,12,6.7,1.6,1085,4.7,39.81,-114.61,4142.0,2,0,0,102.4,8,0.91,2012
349934.6,3.56,23,6.4,2.0,9551,3.77,37.42,-117.9,2900.0,3,0,0,2.0,6,1.09,2001
435015.06,5.81,5,6.2,1.4,1886,3.45,40.36,-122.91,2861.0,3,0,1,22.4,8,1.26,2019
227351.37,2.58,43,5.7,1.4,2271,3.06,40.65,-118.07,4700.0,4,0,0,30.3,4,0.66,1981
274856.33,1.84,36,5.3,1.0,3282,2.41,37.67,-121.37,2637.0,1,0,1,5.5,10,1.08,1988
367785.42,4.23,36,7.0,0.9,1189,3.0,41.4,-120.59,3653.0,3,0,1,11.7,7,1.55,1988
237021.59,2.59,3,5.5,0.7,1781,3.35,32.79,-116.01,3838.0,4,0,1,45.7,9,1.11,2021
191162.24,1.14,24,6.3,-0.5,1396,2.69,32.6,-114.28,867.0,2,0,1,46.6,8,0.91,2000
304748.52,3.82,17,2.0,0.7,1691,3.36,33.27,-115.37,1413.0,2,1,1,39.9,10,0.83,2007
211469.36,2.19,39,3.7,1.0,3549,4.18,33.05,-121.08,4612.0,3,0,0,4.8,7,0.83,1985
317882.01,2.62,26,7.0,0.9,3101,3.33,36.53,-119.74,3726.0,2,0,1,0.9,6,1.58,1998
247236.05,3.1,4,4.5,1.3,291,2.36,41.43,-114.17,750.0,2,0,0,1.6,7,1.27,2020
240921.17,2.93,45,3.4,0.7,4017,-0.31,38.91,-114.8,769.0,1,0,1,2.3,10,1.18,1979
347947.99,3.61,12,6.5,0.7,1371,4.46,38.76,-114.24,6163.0,1,0,1,16.7,8,1.45,2012
257576.96,2.28,1,5.5,0.0,2479,2.87,36.16,-119.95,4123.0,3,1,0,24.3,7,1.44,2023
347692.77,3.34,21,4.9,1.3,1304,3.24,37.57,-116.09,5941.0,4,0,1,0.8,8,1.18,2003
253268.18,2.45,19,7.8,0.7,1734,3.65,35.39,-115.35,1838.0,3,0,1,33.2,8,1.36,2005
355759.84,3.65,21,7.5,0.7,5178,3.65,37.42,-124.04,2194.0,2,1,1,20.6,9,0.82,2003
325784.1,3.48,18,5.2,1.4,2365,3.91,39.59,-121.71,7405.0,2,0,1,11.3,6,1.17,2006
195668.36,1.87,43,6.6,0.7,4970,4.21,37.81,-115.22,3663.0,2,0,0,69.0,2,1.16,1981
326349.43,4.2,3,2.1,1.3,1735,3.91,36.48,-120.42,3109.0,2,1,1,4.6,3,0.78,2021
282087.46,2.19,49,7.1,0.5,1597,-0.74,40.53,-121.57,2752.0,4,0,0,3.7,8,1.08,1975
327919.94,3.76,44,3.9,1.1,1825,3.47,35.23,-121.64,1256.0,3,0,1,6.1,8,1.8,1980
251508.96,3.15,32,3.3,0.8,654,3.31,37.07,-120.56,5246.0,0,0,1,11.2,8,1.33,1992
383419.65,5.67,10,2.8,1.0,210,2.7,41.79,-121.94,1110.0,3,0,0,7.3,8,1.17,2014
228860.17,2.49,40,2.7,1.9,968,3.58,41.69,-124.46,4139.0,1,1,0,26.5,7,0.87,1984
286661.18,2.36,15,7.1,0.3,4112,3.02,32.56,-122.69,3108.0,3,0,0,33.7,3,1.72,2009
272028.45,2.7,5,6.4,1.8,5633,2.32,37.56,-115.23,3457.0,2,0,0,51.0,9,1.5,2019
235143.14,2.41,4,4.4,0.6,364,4.48,35.7,-123.71,2220.0,3,1,0,25.6,5,1.4,2020
330110.46,3.74,28,6.8,1.5,5061,3.42,35.27,-120.16,6185.0,0,0,0,14.1,10,1.07,1996
178487.74,1.42,51,4.6,1.6,1125,3.21,38.16,-119.71,2232.0,2,0,1,14.3,5,0.53,1973
189083.73,1.78,4,6.0,1.3,577,0.5,36.74,-116.33,2947.0,0,0,0,3.1,3,1.6,2020
251569.18,1.77,15,4.8,0.5,4219,5.55,39.46,-121.85,3001.0,4,1,0,4.6,6,1.61,2009
252802.55,3.98,17,5.3,1.2,1206,0.76,32.76,-121.25,2525.0,0,1,0,88.5,6,1.2,2007
369036.26,5.39,44,4.1,2.4,14653,3.63,41.31,-124.35,3653.0,1,1,0,4.5,10,0.81,1980
232056.54,2.61,3,4.4,1.1,1055,3.86,37.89,-115.02,4277.0,2,1,0,9.4,6,1.31,2021
239349.91,2.54,10,6.3,1.0,1449,4.97,39.0,-117.3,2821.0,2,1,0,7.3,2,1.14,2014
331841.15,2.8,47,6.6,1.0,827,1.85,38.24,-121.74,4081.0,3,1,0,17.5,10,1.68,1977
288397.35,4.33,42,4.9,1.4,2038,2.03,41.9,-115.18,4110.0,2,0,0,6.1,8,1.19,1982
214875.54,1.88,23,3.2,1.1,3420,3.96,41.87,-123.59,3636.0,2,0,0,17.2,10,1.16,2001
352552.45,2.99,18,9.2,1.2,452,3.78,38.29,-120.63,6334.0,2,0,1,48.6,6,1.06,2006
304766.55,4.02,1,5.6,1.0,3055,5.04,39.0,-118.58,6693.0,2,0,0,4.4,4,1.1,2023
312385.96,3.32,35,6.0,0.6,1303,4.3,38.38,-119.19,2443.0,3,1,0,6.9,6,0.87,1989
283965.1,2.93,31,3.6,2.3,908,2.59,35.45,-117.62,2566.0,4,1,0,6.3,4,1.51,1993
320983.85,4.06,44,7.3,1.1,589,2.87,34.33,-121.38,4215.0,2,0,0,5.4,4,0.82,1980
229343.69,0.92,1,7.6,2.7,3955,3.63,36.33,-116.54,2887.0,1,0,1,4.7,9,1.16,2023
256314.77,3.56,3,2.9,1.3,2274,1.17,38.99,-120.24,3482.0,1,0,0,14.9,10,1.3,2021
240940.77,2.09,3,5.3,1.4,1134,3.67,33.03,-123.18,1659.0,2,0,0,11.9,10,0.72,2021
208932.46,1.31,37,5.2,0.9,3373,3.76,37.39,-116.73,2601.0,1,0,1,10.7,6,1.03,1987
323440.33,3.34,19,9.1,0.8,2762,2.03,36.38,-114.92,3107.0,2,1,0,24.2,5,1.25,2005
411653.79,4.71,29,7.7,1.0,3620,2.74,37.51,-120.67,1887.0,3,0,1,2.4,4,1.18,1995
232570.72,2.57,25,3.3,0.7,6717,0.62,40.67,-118.31,1305.0,0,0,1,2.8,6,1.19,1999
275166.07,3.98,33,4.4,0.6,2151,4.11,32.95,-117.28,5642.0,2,0,0,10.8,7,0.78,1991
370042.31,5.18,36,4.2,2.0,8483,3.5,39.75,-115.77,1378.0,2,0,0,6.5,8,0.83,1988
287824.06,4.6,29,6.1,1.5,5665,1.43,38.84,-122.42,6508.0,1,0,0,2.9,7,1.39,1995
416035.82,5.24,26,7.9,1.8,3383,1.73,34.44,-118.52,5244.0,4,1,0,17.6,9,1.49,1998
294756.26,3.66,4,5.7,1.7,467,2.48,39.47,-116.73,3479.0,2,0,1,10.3,9,1.55,2020
344798.75,2.8,49,6.3,0.8,1974,4.02,37.22,-122.41,3736.0,2,1,0,3.4,9,1.18,1975
204302.96,1.43,14,4.5,0.3,2201,3.61,37.07,-119.54,4331.0,0,0,1,4.6,6,1.38,2010
294812.92,2.46,50,6.2,0.9,2148,2.01,37.09,-119.62,2421.0,2,1,1,19.3,10,0.73,1974
261126.12,1.94,27,4.8,1.1,1655,2.29,41.52,-115.69,2475.0,2,0,1,6.0,9,0.81,1997
411099.2,6.48,33,3.0,1.7,3031,3.06,41.47,-116.34,2706.0,4,1,0,3.4,6,1.09,1991
267896.59,2.53,22,6.1,1.1,3372,2.04,41.18,-122.06,3543.0,2,0,0,50.5,6,1.17,2002
303702.15,2.86,48,5.5,2.6,474,2.38,40.92,-122.05,2134.0,4,0,1,1.4,3,1.06,1976
325430.06,3.39,3,3.9,0.9,5344,3.83,32.86,-116.9,2313.0,3,0,0,2.4,9,1.1,2021
251774.19,2.77,23,8.0,1.4,554,1.53,36.31,-116.73,8113.0,1,0,0,18.9,3,0.83,2001
427492.83,5.35,21,4.4,0.8,1306,2.83,41.0,-122.62,3482.0,4,0,0,8.3,7,1.02,2003
220171.87,2.12,41,6.4,1.3,888,2.74,39.67,-120.18,1667.0,1,0,0,21.0,8,0.79,1983
236527.15,2.94,23,5.0,1.0,1014,2.95,36.84,-115.83,4575.0,2,0,0,12.1,9,1.54,2001
282894.71,2.02,4,7.8,1.0,4312,3.32,39.85,-123.67,2588.0,4,0,0,0.6,7,0.88,2020
259869.86,1.6,21,5.1,0.8,1992,3.74,34.48,-120.57,2204.0,3,1,0,17.3,8,1.4,2003
216298.61,2.13,37,3.0,1.2,3121,3.94,38.2,-117.73,10105.0,2,0,1,24.6,8,1.18,1987
245224.39,2.68,43,6.7,1.5,2997,2.59,37.56,-116.4,3094.0,2,0,0,12.1,1,1.36,1981
288846.5,2.29,31,7.8,0.6,390,2.82,37.95,-117.65,1996.0,2,1,0,5.5,9,1.22,1993
229405.31,2.06,21,4.9,1.1,1157,3.42,39.36,-120.33,2229.0,2,0,0,0.2,6,1.05,2003
232465.58,1.55,26,6.5,1.3,3290,3.22,41.52,-114.08,3211.0,4,0,1,35.6,4,1.07,1998
281910.02,2.63,41,5.7,1.4,3057,3.68,35.01,-124.06,3200.0,3,1,0,18.4,7,1.49,1983
235026.27,1.49,35,4.9,2.0,443,3.54,39.7,-119.31,3765.0,3,0,1,0.7,8,0.97,1989
334890.64,3.68,38,6.8,1.4,4121,2.01,38.63,-119.14,1268.0,4,0,1,27.5,8,1.11,1986
255918.27,2.81,24,4.3,0.9,2959,5.25,39.1,-121.98,1706.0,2,0,0,0.8,8,1.7,2000
224116.47,1.52,11,5.5,0.8,836,3.0,36.57,-118.63,2714.0,2,0,0,18.6,6,1.11,2013
286732.48,2.4,41,5.9,0.8,2507,3.84,41.47,-122.19,2284.0,2,0,1,17.8,8,1.2,1983
220289.79,2.01,29,5.8,0.8,1505,3.73,37.06,-119.84,1740.0,1,0,0,37.2,6,0.68,1995
266357.87,3.09,47,4.3,1.2,2680,3.33,33.66,-119.97,3586.0,2,0,0,2.7,10,1.12,1977
362402.5,4.65,3,8.6,1.3,428,3.31,38.97,-116.38,3745.0,2,0,0,12.6,10,1.17,2021
245639.8,1.28,1,7.4,1.5,1363,4.11,33.72,-114.6,7045.0,2,1,0,11.8,5,1.11,2023
308954.43,2.85,19,7.0,1.4,4649,2.75,35.57,-122.37,4240.0,3,0,1,0.5,7,1.33,2005
262194.99,2.55,46,7.6,1.7,2782,3.93,34.67,-114.09,3791.0,1,1,0,15.3,7,1.16,1978
300874.05,3.56,49,5.6,0.8,3406,3.6,37.62,-114.63,2733.0,2,0,0,4.4,7,0.98,1975
338130.66,2.96,22,4.9,1.9,1499,4.41,35.8,-123.32,11583.0,3,1,1,6.1,6,1.06,2002
185907.24,2.01,14,3.9,0.8,2839,2.4,34.02,-114.92,2522.0,1,0,0,4.1,7,1.33,2010
215129.52,2.39,49,4.4,1.3,1586,3.1,40.01,-118.57,2511.0,3,0,0,0.9,7,0.81,1975
222046.96,1.98,14,4.0,1.0,862,1.97,36.95,-115.27,4838.0,2,0,1,2.7,6,1.12,2010
339014.33,4.18,44,4.7,1.1,1477,4.33,36.82,-114.57,1338.0,3,0,0,3.5,6,1.23,1980
241171.75,2.74,16,5.9,1.4,5786,2.11,40.92,-115.48,2865.0,1,1,0,12.9,7,1.6,2008
459953.11,5.82,33,6.9,0.4,4473,3.4,37.62,-120.27,3137.0,2,1,0,2.2,6,1.66,1991
275517.34,2.65,13,6.8,0.7,817,2.46,39.24,-117.81,2436.0,2,0,0,38.0,10,1.35,2011
164560.44,2.05,38,3.7,1.5,1294,4.37,35.62,-119.62,5037.0,1,0,1,4.0,6,1.17,1986
237580.24,1.48,49,6.5,1.1,863,2.93,37.83,-120.65,3814.0,2,1,1,15.8,5,1.56,1975
252622.67,1.32,12,7.2,1.0,2087,3.78,39.4,-121.87,3456.0,3,1,0,2.6,6,1.49,2012
201155.34,1.44,51,5.1,0.5,4015,1.7,35.32,-119.86,3083.0,2,0,0,23.8,8,1.32,1973
284275.33,3.02,38,7.3,1.0,9185,2.24,39.04,-116.04,2492.0,2,0,0,1.1,6,1.44,1986
291420.2,3.33,39,6.8,1.4,577,3.73,37.9,-115.64,1055.0,3,0,1,20.1,5,1.09,1985
191338.59,1.44,33,3.6,0.8,3592,4.55,36.62,-114.44,3910.0,3,0,1,7.5,7,0.78,1991
392304.8,3.89,33,8.8,1.8,1796,3.63,39.27,-121.45,4815.0,4,0,0,9.4,6,1.45,1991
206737.89,2.24,29,4.4,1.6,1347,5.86,35.51,-117.67,2971.0,2,0,0,6.8,9,1.12,1995
256182.17,2.88,5,6.9,0.9,855,3.95,39.29,-117.22,1412.0,1,0,1,7.7,1,1.21,2019
389551.37,5.18,6,6.9,0.8,7509,3.02,37.74,-122.49,2328.0,2,1,0,0.1,6,1.24,2018
264671.71,3.89,31,3.7,-0.3,491,2.61,34.83,-120.65,2350.0,1,0,0,0.4,6,1.48,1993
231524.89,2.44,16,5.8,0.6,1221,5.18,38.85,-120.91,2370.0,2,1,0,23.7,5,1.0,2008
273539.36,1.9,31,6.9,0.5,2425,3.97,40.91,-114.15,3829.0,2,1,0,3.6,7,0.76,1993
194449.04,1.15,25,3.6,0.4,2598,2.38,35.45,-114.44,1549.0,2,1,1,14.0,7,1.27,1999
181527.93,2.04,48,5.6,1.1,4902,2.21,40.22,-115.87,2706.0,2,0,0,15.9,1,1.56,1976
280844.26,2.5,46,7.0,1.3,893,2.2,35.69,-119.54,2753.0,2,0,1,18.0,8,0.78,1978
254262.76,1.83,33,7.1,2.0,2979,3.61,40.3,-121.73,6349.0,2,0,0,13.6,6,1.25,1991
242346.87,2.58,13,4.9,1.1,1719,1.18,32.99,-114.88,3634.0,2,0,0,14.9,9,1.29,2011
289829.77,2.8,10,7.8,0.1,1867,2.39,32.57,-121.69,2392.0,2,0,1,13.1,8,1.74,2014
260807.76,2.48,24,7.5,0.7,1251,3.36,33.58,-119.02,5971.0,2,0,1,39.5,7,1.36,2000
266770.44,2.1,10,5.9,1.4,2058,3.03,40.8,-121.93,1631.0,4,0,0,16.4,10,0.87,2014
253476.77,2.91,41,4.5,1.1,1613,2.45,37.57,-114.3,2131.0,2,0,1,6.5,8,1.33,1983
257222.8,3.24,31,3.8,1.5,1359,3.83,38.14,-124.06,1201.0,3,0,0,6.6,8,1.24,1993
266516.91,1.76,13,6.1,0.8,1187,3.83,40.5,-122.67,6575.0,2,1,0,1.2,10,1.3,2011
360501.53,4.78,3,7.7,1.7,2435,2.74,32.98,-116.47,3318.0,2,1,1,72.0,9,0.7,2021
219144.68,2.61,50,5.3,1.2,623,2.36,36.18,-122.91,2683.0,4,0,0,33.2,3,0.85,1974
268290.75,2.74,34,4.2,1.2,1550,4.04,38.61,-114.22,5539.0,3,0,1,0.7,5,0.89,1990
271706.31,3.61,49,6.7,1.2,978,2.81,36.34,-121.13,2231.0,2,0,0,29.7,7,1.75,1975
246495.12,2.98,28,5.8,0.7,1638,3.02,32.81,-114.85,2384.0,2,0,0,2.2,4,1.21,1996
381483.89,3.98,19,6.3,1.1,1655,3.94,38.68,-117.55,5150.0,2,1,1,4.1,7,0.92,2005
274760.19,3.05,23,4.7,1.2,3617,1.68,36.22,-117.84,2234.0,2,0,0,17.1,7,1.28,2001
197177.09,2.13,45,4.9,0.4,3063,2.38,32.68,-114.89,2338.0,2,0,1,19.7,7,1.26,1979
294441.46,3.14,32,4.7,1.1,2283,2.69,34.12,-119.11,3082.0,3,1,0,10.6,8,1.33,1992
210168.35,1.72,13,6.2,1.7,2075,5.29,34.57,-120.29,3535.0,3,0,0,51.5,7,0.87,2011
249783.97,2.84,33,5.0,1.3,1552,1.5,37.35,-122.21,4308.0,3,0,0,10.1,9,1.27,1991
302140.57,2.68,34,6.4,1.8,1529,3.05,34.27,-122.98,2680.0,2,0,1,4.5,8,1.08,1990
220215.56,2.5,33,4.6,1.3,446,1.94,35.93,-116.19,1290.0,2,0,1,0.1,7,0.98,1991
297433.16,2.58,5,6.2,0.7,3251,5.77,39.63,-123.16,3558.0,2,1,1,30.3,7,1.58,2019
233092.23,1.28,3,6.6,1.5,2237,3.32,40.17,-120.36,3300.0,3,0,0,7.5,5,1.61,2021
253325.56,2.18,7,6.0,0.5,4723,1.86,40.06,-120.2,3256.0,2,0,0,22.9,8,1.28,2017
279415.83,2.82,24,6.9,1.0,1160,1.02,39.1,-117.52,2043.0,2,0,1,22.3,8,1.04,2000
254843.7,2.9,22,4.8,1.0,4955,3.73,37.65,-121.58,1166.0,2,0,0,0.7,7,1.23,2002
235194.33,1.8,45,6.5,0.8,1550,3.23,37.73,-115.7,2934.0,3,0,0,25.9,5,0.15,1979
332137.01,4.51,23,5.9,2.3,1143,3.76,41.56,-122.32,1856.0,3,0,0,5.1,8,1.65,2001
225514.58,1.92,30,4.3,1.1,6225,1.79,40.84,-116.21,3938.0,3,0,1,27.6,8,1.68,1994
298004.55,4.01,18,2.6,2.0,2419,5.24,38.67,-115.58,4334.0,4,1,0,10.2,7,1.66,2006
264795.81,3.22,32,3.0,1.3,6882,3.1,36.95,-122.47,1380.0,3,0,1,13.4,8,0.95,1992
200813.71,2.1,7,2.2,0.7,2072,3.51,39.43,-116.0,2099.0,2,1,0,1.6,8,1.19,2017
367478.51,5.53,33,6.1,0.9,3449,3.75,33.1,-117.01,6991.0,2,0,1,7.2,5,1.58,1991
189929.21,1.69,5,5.0,1.1,4117,3.12,41.47,-115.32,2387.0,2,0,1,53.1,5,0.77,2019
295374.24,3.93,49,5.6,0.9,1443,4.57,37.7,-119.15,3290.0,2,0,1,39.0,8,1.27,1975
300899.99,4.06,28,5.2,1.0,2384,2.36,37.28,-122.04,4626.0,3,0,0,77.3,7,1.06,1996
286892.53,2.08,8,6.4,1.4,2045,4.23,35.26,-114.92,3332.0,2,0,1,10.7,7,0.56,2016
393975.37,4.74,15,6.4,1.3,3518,4.6,32.53,-116.2,5140.0,0,0,0,25.6,10,1.36,2009
296601.35,2.46,4,5.6,1.4,771,4.24,33.08,-124.28,4760.0,3,1,0,9.1,8,1.26,2020
255845.8,3.05,34,5.7,1.9,2924,4.72,35.0,-114.64,5798.0,1,1,1,42.6,5,1.23,1990
199617.5,3.02,5,5.7,0.9,3775,2.12,37.64,-114.54,3251.0,1,0,1,64.0,6,0.86,2019
325726.84,2.58,33,7.6,1.7,1047,3.6,33.29,-120.77,2438.0,4,1,1,31.5,9,1.55,1991
237948.58,3.76,5,2.5,1.8,893,3.5,41.73,-124.39,1543.0,2,0,1,14.6,3,1.32,2019
232530.49,3.73,38,4.5,1.7,479,3.09,36.4,-118.7,3677.0,2,0,0,67.6,6,1.33,1986
174207.95,1.35,34,6.8,0.2,9535,3.75,35.51,-114.91,5557.0,1,0,1,61.8,6,1.49,1990
337280.31,4.58,26,7.2,2.0,1006,4.45,37.49,-123.19,2058.0,2,1,1,9.7,6,1.38,1998
227633.5,1.4,1,6.1,0.8,5621,2.13,33.12,-118.3,2176.0,2,1,0,5.4,5,1.01,2023
311743.02,4.11,4,5.2,0.2,1530,1.55,40.58,-116.82,2490.0,2,0,0,3.1,7,1.35,2020
297766.1,4.27,39,8.3,2.0,4352,2.75,36.87,-123.09,1898.0,1,0,1,17.0,6,1.23,1985
243633.51,1.76,26,5.8,1.4,2877,0.02,34.19,-119.11,3212.0,2,1,0,0.5,7,1.22,1998
200472.77,2.31,33,5.5,1.4,9717,2.92,34.04,-123.57,2317.0,2,0,0,21.6,5,1.38,1991
290711.85,1.75,33,7.5,0.9,5748,4.72,35.93,-118.64,1644.0,2,0,0,0.8,9,0.9,1991
279630.54,2.49,8,6.2,1.2,2144,1.29,37.95,-119.86,1969.0,3,0,1,4.6,5,0.44,2016
281020.85,2.4,20,6.9,1.0,2316,2.5,36.46,-121.72,6129.0,2,0,0,10.3,9,1.1,2004
304000.81,3.71,16,7.1,0.8,3112,1.64,38.17,-115.54,3154.0,3,0,0,1.5,4,0.71,2008
365950.48,4.59,21,4.9,1.1,15445,3.48,39.2,-120.49,6154.0,4,0,0,0.6,6,1.08,2003
360466.24,4.75,45,8.2,1.2,1908,3.76,39.61,-117.15,2274.0,2,0,1,9.8,8,0.69,1979
194318.73,2.17,26,1.8,0.4,642,3.03,36.31,-116.2,1445.0,3,0,0,32.7,7,1.22,1998
269893.11,2.5,23,2.5,1.1,2199,2.18,39.31,-122.62,2600.0,2,1,1,7.9,5,1.17,2001
257433.07,1.39,18,4.5,0.2,1082,3.23,33.84,-123.25,6783.0,2,0,1,3.4,8,1.18,2006
214701.09,1.97,31,4.9,2.1,2140,4.48,37.37,-124.42,932.0,3,0,0,7.9,4,1.37,1993
278715.67,4.0,42,6.0,1.0,4541,4.07,33.19,-121.29,1247.0,1,0,0,19.2,5,1.54,1982
347326.22,5.19,12,4.5,0.6,2706,2.51,34.82,-115.93,2570.0,2,0,1,0.6,5,1.02,2012
235251.35,1.66,1,5.5,1.4,1124,2.61,38.04,-116.39,5055.0,2,0,1,0.5,7,1.27,2023
234622.4,2.14,42,5.2,0.7,1537,2.58,39.53,-115.35,1771.0,2,0,0,9.3,7,1.27,1982
291413.91,2.69,9,8.5,1.1,770,3.59,33.41,-116.51,3248.0,3,0,0,16.9,7,0.76,2015
254919.74,3.04,3,4.3,1.3,5016,1.34,34.47,-124.25,2896.0,0,1,0,14.3,3,1.47,2021
182272.14,1.97,51,3.0,0.6,3485,3.65,41.92,-120.45,5418.0,2,0,0,15.2,8,0.93,1973
351922.43,3.22,26,7.2,2.1,756,2.35,35.71,-124.44,9483.0,3,0,1,2.7,4,0.97,1998
262125.03,2.25,9,4.4,2.1,13586,2.68,35.2,-124.12,2011.0,2,0,1,11.6,9,1.1,2015
239797.33,2.7,42,5.4,0.8,1519,2.12,33.31,-119.48,2495.0,0,1,0,7.1,3,0.88,1982
261379.51,3.38,51,4.5,0.5,2290,3.88,39.1,-120.72,2882.0,2,0,0,1.8,9,0.95,1973
255661.76,2.73,16,6.6,0.8,1380,2.29,37.33,-118.64,1979.0,1,1,0,2.1,5,1.34,2008
224263.63,2.28,24,3.4,0.9,2530,1.85,34.0,-123.81,7229.0,2,0,0,15.5,8,0.84,2000
154073.15,2.6,50,1.3,1.7,1949,2.31,38.51,-118.32,1706.0,4,0,0,47.3,6,1.48,1974
296316.9,2.62,14,7.4,0.8,591,1.7,37.49,-123.82,5588.0,2,0,1,1.7,8,0.91,2010
296354.11,2.34,3,5.9,0.5,4623,4.03,37.87,-120.05,2407.0,3,1,1,10.2,7,1.44,2021
257633.77,2.45,34,7.1,1.2,932,1.68,41.95,-120.8,2890.0,3,0,0,4.3,7,1.33,1990
413580.09,5.15,33,7.4,0.4,3765,2.95,32.77,-122.15,3168.0,2,0,1,5.0,8,0.88,1991
255424.51,3.4,50,4.1,1.6,1501,2.22,41.19,-121.22,2343.0,2,0,1,3.8,4,0.91,1974
276142.78,2.42,24,5.6,1.4,1901,4.88,40.5,-124.49,4400.0,4,0,1,11.8,5,1.37,2000
367643.4,3.59,9,6.3,0.8,2658,3.51,36.45,-121.1,3692.0,2,0,0,0.9,9,1.51,2015
269957.28,2.38,13,5.3,0.9,2017,2.24,40.87,-123.68,6411.0,3,0,1,20.4,8,1.21,2011
339062.15,4.35,2,5.0,1.2,3278,3.21,38.66,-114.83,4102.0,2,0,1,14.0,10,1.54,2022
290987.98,3.15,7,5.2,0.5,1026,1.91,40.95,-123.72,1637.0,3,0,1,7.3,2,1.56,2017
262552.25,2.6,48,7.1,0.7,4144,3.81,38.15,-114.49,2762.0,0,0,0,3.7,4,0.94,1976
261507.72,3.25,21,5.1,1.0,792,3.2,34.55,-119.34,6572.0,3,0,0,11.5,6,1.59,2003
242368.06,1.45,19,6.4,0.4,871,3.5,37.97,-119.11,2242.0,3,0,1,46.6,8,1.4,2005
222769.38,1.73,25,6.0,0.9,2873,1.86,34.2,-116.22,6266.0,2,0,1,18.5,6,0.95,1999
217713.46,1.69,47,4.1,0.6,4186,1.34,33.84,-117.2,4277.0,2,1,1,4.9,6,1.02,1977
282470.85,2.88,22,6.0,1.8,2268,1.0,38.71,-122.01,4455.0,2,0,0,20.4,5,1.54,2002
389180.07,5.44,11,3.2,0.9,5965,1.09,41.5,-124.23,1023.0,2,0,1,10.5,9,1.65,2013
451822.12,6.64,33,6.1,0.6,928,3.01,38.09,-116.33,3679.0,1,1,1,0.7,7,1.15,1991
347204.9,3.51,32,6.8,1.4,711,5.31,40.06,-123.14,8430.0,3,1,0,14.4,4,1.91,1992
292019.35,3.32,21,7.2,0.8,3535,2.52,34.1,-118.22,1929.0,2,0,0,4.0,7,1.67,2003
189075.06,1.32,39,4.1,0.5,1993,2.31,38.71,-114.6,6604.0,0,1,0,7.9,4,1.41,1985
214221.28,2.19,20,4.7,1.5,3445,2.93,39.46,-118.73,3269.0,2,1,0,9.8,5,1.38,2004
267445.6,1.98,8,5.9,0.9,794,2.06,32.9,-121.5,1994.0,4,0,0,24.1,8,1.38,2016
211217.52,2.12,42,4.8,1.5,1268,1.46,33.42,-122.62,2585.0,1,0,0,13.0,8,0.74,1982
212407.65,2.54,37,2.6,1.1,7289,2.21,39.93,-124.22,1269.0,1,1,1,6.2,6,1.03,1987
212224.58,2.25,9,4.7,1.2,1539,2.73,36.68,-117.96,3041.0,2,0,0,16.1,4,1.19,2015
187127.96,1.23,25,5.9,1.4,5660,5.23,36.35,-118.64,3663.0,3,0,0,3.2,5,1.09,1999
346150.65,3.67,25,7.1,0.8,3365,2.41,41.24,-119.65,9725.0,2,0,1,26.0,7,1.4,1999
266749.17,1.77,33,8.0,0.7,1438,3.23,41.92,-122.47,3616.0,2,0,0,3.4,7,1.26,1991
342794.66,2.99,2,5.7,1.7,5593,1.35,39.76,-122.02,6096.0,4,1,0,12.3,9,1.38,2022
407738.43,6.23,19,6.3,1.4,2347,3.83,40.03,-114.44,1809.0,1,1,0,3.4,5,1.15,2005
259528.15,1.88,46,6.9,1.1,1827,2.11,34.48,-124.29,2722.0,3,1,1,5.9,7,1.6,1978
104894.02,0.99,20,2.4,1.5,1696,1.64,34.33,-120.68,3495.0,1,0,0,8.2,1,1.27,2004
187322.63,2.42,42,4.0,1.4,2568,1.77,41.82,-124.09,1938.0,1,0,0,6.9,7,1.14,1982
312765.84,4.22,41,5.7,1.6,733,2.23,39.1,-122.49,2674.0,2,0,0,40.7,6,1.41,1983
388052.27,5.95,42,7.8,0.5,3711,1.61,39.02,-114.7,4846.0,3,0,0,3.8,4,1.43,1982
259057.41,1.66,29,6.4,1.1,2573,3.35,35.22,-122.93,10058.0,2,1,1,3.0,9,1.23,1995
284993.98,3.32,6,6.0,1.7,1144,1.7,40.92,-118.19,4494.0,2,0,0,10.9,4,0.76,2018
246131.69,2.26,17,5.2,1.9,655,3.78,32.92,-120.86,2093.0,2,0,1,44.6,5,1.5,2007
276718.63,2.61,25,6.1,0.8,1479,2.39,35.11,-117.85,2927.0,2,0,1,10.5,8,0.73,1999
428214.59,7.83,38,4.6,1.2,2208,1.9,34.21,-115.55,1765.0,2,0,1,48.1,5,0.81,1986
180224.58,1.49,4,4.3,1.1,2048,2.18,39.26,-121.49,3390.0,4,0,0,3.2,3,1.24,2020
301842.8,3.01,30,4.5,0.5,2038,1.78,39.3,-123.67,6273.0,1,1,0,0.2,10,1.08,1994
284606.02,3.28,20,7.5,1.0,3099,3.03,37.58,-122.36,3466.0,2,1,0,5.4,5,1.23,2004
254327.46,4.2,3,4.2,0.3,720,2.35,32.55,-119.89,2967.0,2,0,1,15.2,3,1.65,2021
269005.99,2.83,23,4.9,1.0,1715,4.33,40.8,-119.09,2882.0,3,0,0,13.4,4,1.34,2001
283024.79,3.07,51,6.2,0.6,2294,0.23,41.58,-114.61,3284.0,4,0,0,4.2,5,0.99,1973
267932.25,2.32,18,4.2,1.2,2613,4.4,34.42,-124.33,6859.0,2,0,1,16.3,10,1.47,2006
291660.8,3.03,26,5.8,0.9,3711,2.19,40.5,-116.54,4382.0,4,0,0,26.6,1,0.79,1998
269313.62,2.37,36,5.8,0.9,1536,4.92,41.75,-123.74,1779.0,3,1,1,17.4,8,1.02,1988
312313.82,3.49,8,4.6,1.9,1886,3.14,35.61,-123.68,2216.0,3,0,1,19.5,8,1.2,2016
232394.99,2.34,17,5.1,1.1,999,4.44,34.26,-117.63,5494.0,1,0,1,5.5,7,1.04,2007
278729.18,3.16,31,4.1,2.0,2466,2.91,41.79,-114.96,3655.0,4,0,1,11.3,9,1.42,1993
283223.99,2.69,37,7.6,1.3,901,2.83,33.07,-121.48,1194.0,3,0,0,0.7,1,1.22,1987
325953.39,4.26,45,5.9,1.5,2861,1.86,35.12,-121.67,5053.0,3,0,0,6.7,7,1.3,1979
195083.55,2.66,33,3.9,0.7,4651,2.89,39.55,-118.01,2413.0,1,0,0,25.4,5,1.25,1991
197166.05,1.34,27,5.7,0.8,2629,1.8,38.36,-116.35,2097.0,2,0,1,23.4,8,1.49,1997
313334.42,4.5,45,5.8,1.1,5047,3.22,39.0,-115.38,5023.0,3,1,0,42.4,4,0.91,1979
154421.44,1.89,4,2.1,1.7,1257,3.19,39.23,-121.88,4869.0,2,0,0,52.0,9,0.72,2020
231477.35,2.09,22,7.5,0.9,693,2.85,39.02,-116.73,2824.0,2,0,0,54.0,6,1.43,2002
206627.8,2.14,26,4.0,0.4,1588,4.48,35.75,-121.27,3710.0,2,0,0,2.6,4,1.0,1998
371231.73,4.71,32,8.6,1.3,1106,3.6,35.46,-118.78,2201.0,1,0,1,1.9,2,0.92,1992
212316.11,1.16,24,6.7,1.1,1218,1.9,36.57,-122.5,2059.0,2,0,0,31.2,8,1.25,2000
571538.49,9.54,46,3.8,0.8,305,3.68,40.17,-122.97,2494.0,3,0,0,7.2,9,1.28,1978
255028.17,4.15,35,5.0,0.9,2080,4.14,41.41,-114.68,2504.0,1,0,0,6.6,10,1.54,1989
347231.93,2.97,37,6.9,0.7,1839,0.13,36.82,-118.75,2211.0,3,0,0,11.4,9,1.24,1987
247271.52,2.66,32,5.1,1.6,3549,1.7,33.31,-124.45,4631.0,2,0,0,9.0,6,1.22,1992
402413.53,3.05,7,7.3,1.1,2814,2.44,41.41,-116.17,3140.0,3,0,1,3.8,9,1.01,2017
291922.49,3.35,33,4.9,1.2,1571,2.02,33.26,-117.25,1844.0,3,0,1,27.9,7,1.66,1991
261373.23,3.52,31,5.4,0.8,3752,3.77,34.01,-121.08,2176.0,1,0,1,36.0,3,1.55,1993
302296.71,3.39,12,6.9,1.8,3675,1.94,40.74,-119.63,1619.0,4,0,1,20.6,4,0.68,2012
299737.92,2.82,11,6.4,1.2,1224,1.81,37.74,-119.78,2870.0,3,1,0,0.7,6,1.63,2013
259111.52,2.51,24,4.1,0.0,2115,3.29,35.85,-121.61,6146.0,0,0,1,1.9,6,1.03,2000
282530.85,2.56,8,6.2,1.3,6053,2.72,41.34,-114.2,3456.0,2,0,1,6.4,6,1.53,2016
279747.56,2.51,32,5.8,1.0,2347,4.35,41.62,-118.79,3138.0,2,0,0,12.2,8,1.32,1992
263836.9,4.28,38,4.1,1.0,936,3.45,35.64,-115.08,1424.0,3,0,0,14.1,3,1.5,1986
253298.94,3.45,22,3.4,1.6,736,7.08,40.75,-118.35,5910.0,1,0,0,1.6,7,1.48,2002
76624.62,0.84,34,2.6,1.1,557,1.69,38.95,-117.25,3050.0,2,0,0,48.4,6,1.34,1990
252310.0,3.53,19,5.1,2.0,351,1.17,35.11,-124.19,3140.0,2,0,0,11.3,9,1.42,2005
267058.9,2.94,20,5.4,1.2,1227,4.65,41.44,-119.13,1679.0,2,0,1,8.5,3,0.95,2004
243673.54,2.7,14,6.3,0.9,1572,6.68,33.1,-116.93,2806.0,0,0,0,3.2,10,2.15,2010
239325.66,2.33,33,6.7,0.2,827,2.73,35.52,-123.22,1886.0,2,0,1,45.2,3,0.99,1991
302786.92,4.26,10,4.9,0.7,1045,2.62,36.26,-117.38,2124.0,2,0,0,8.9,6,1.32,2014
326109.22,3.97,16,5.4,0.9,842,3.15,39.06,-123.62,1273.0,2,0,1,1.9,9,1.23,2008
245171.48,2.0,4,4.4,1.8,510,1.98,32.87,-116.03,1128.0,3,1,1,14.3,6,1.32,2020
320803.47,3.2,27,5.6,0.9,1578,0.67,40.95,-114.23,8772.0,2,0,0,6.5,9,0.89,1997
266518.38,1.84,28,7.0,1.9,3086,3.29,38.76,-117.92,3295.0,1,0,0,24.8,10,1.21,1996
178578.62,1.57,43,5.7,0.5,1202,3.01,35.11,-123.69,5285.0,2,0,1,11.8,4,0.96,1981
268507.41,2.12,16,7.2,0.7,4486,1.34,38.75,-118.34,2581.0,1,0,0,1.7,7,0.7,2008
335155.85,3.84,33,6.9,1.7,2043,2.26,37.6,-116.72,2728.0,4,0,0,20.8,5,1.07,1991
340270.58,3.98,48,7.7,0.8,3693,1.31,35.69,-114.7,1756.0,1,0,0,5.5,8,1.74,1976
279304.87,3.34,19,5.7,1.6,1854,3.45,32.77,-124.02,4042.0,2,0,0,7.9,4,1.04,2005
289793.14,3.63,21,4.7,0.7,3093,2.97,37.74,-116.36,4330.0,2,0,0,22.4,8,1.33,2003
377705.48,3.34,22,6.4,0.7,584,3.19,33.28,-123.11,3873.0,4,0,1,1.7,8,1.36,2002
199911.69,2.1,9,4.9,1.4,3547,3.62,40.2,-116.2,2985.0,1,0,1,57.1,7,1.47,2015
272366.4,3.23,9,6.4,0.7,1817,4.32,33.34,-115.17,3461.0,2,1,0,18.2,6,1.26,2015
308860.0,3.74,9,4.5,1.0,4351,3.21,36.57,-115.46,2401.0,4,0,0,3.2,7,1.46,2015
269258.9,3.68,27,4.3,1.3,1477,3.74,36.63,-117.64,5011.0,2,0,1,0.9,4,1.35,1997
310654.24,4.37,17,7.3,1.0,7283,5.18,37.78,-119.24,1507.0,2,0,0,11.8,5,1.68,2007
328005.37,3.61,44,4.0,0.8,2771,4.16,32.88,-115.32,2001.0,4,1,1,7.2,9,0.95,1980
310635.15,3.13,45,7.0,0.5,876,3.26,34.44,-119.05,2666.0,2,0,1,0.4,6,1.5,1979
291181.54,4.17,8,6.4,1.8,4458,3.19,34.4,-122.5,1586.0,0,0,0,14.1,6,1.31,2016
247379.88,2.69,16,5.6,1.9,775,2.0,38.19,-114.6,1384.0,0,0,0,5.5,2,1.05,2008
244642.55,1.91,18,2.7,1.3,741,2.22,35.0,-120.58,2671.0,3,1,1,5.8,9,1.2,2006
324532.05,2.55,33,7.7,1.0,5069,2.88,33.87,-117.94,2397.0,2,0,0,2.7,8,1.73,1991
229269.21,2.02,1,4.1,1.0,2364,2.58,32.67,-122.41,2752.0,2,1,1,2.3,3,1.18,2023
299866.16,2.07,12,6.9,1.5,1915,5.26,40.49,-123.34,3000.0,2,0,1,2.3,4,1.48,2012
226729.14,2.57,6,4.5,1.6,1208,3.45,41.73,-118.71,4036.0,3,1,0,32.6,4,1.29,2018
217974.67,1.98,41,4.3,0.8,3516,3.35,39.18,-118.68,3133.0,1,0,0,11.4,8,1.61,1983
318476.59,2.4,5,6.5,1.6,1454,4.41,36.42,-120.62,7127.0,3,0,1,9.5,4,1.16,2019
252836.97,1.27,16,6.3,1.4,2124,3.22,33.66,-121.23,3286.0,4,0,1,18.3,10,1.52,2008
245387.7,2.96,18,3.8,1.6,733,2.67,37.01,-120.57,6460.0,2,0,0,5.8,7,1.11,2006
309870.14,2.72,49,7.7,0.3,1726,3.31,36.84,-116.15,5039.0,2,0,1,25.9,9,1.28,1975
251139.9,1.96,18,5.2,0.9,2080,3.49,36.49,-120.74,5285.0,3,0,0,3.3,8,0.85,2006
245780.21,3.54,1,5.6,1.0,2772,4.68,36.09,-114.83,1373.0,2,0,0,24.3,2,0.91,2023
297700.13,3.96,19,5.1,0.9,2369,1.37,37.22,-123.31,3283.0,2,0,0,0.9,6,1.21,2005
232140.5,1.43,8,3.8,2.1,1384,2.11,33.2,-114.72,3601.0,3,0,1,2.6,6,1.17,2016
231921.5,2.0,3,6.6,0.9,2270,2.91,32.86,-117.26,2577.0,3,0,0,33.5,10,0.72,2021
298605.29,2.0,25,5.9,1.3,3962,4.12,33.11,-120.88,3227.0,2,1,0,1.7,6,1.28,1999
236571.51,1.87,5,4.3,1.2,551,3.94,34.4,-124.43,1794.0,2,1,1,4.2,8,1.25,2019
349290.58,3.79,40,6.9,1.0,1583,3.13,35.14,-116.07,6114.0,1,0,0,0.7,7,0.93,1984
288433.18,2.52,19,5.6,0.7,2136,4.22,34.11,-114.32,2999.0,2,0,0,13.7,8,1.51,2005
253773.01,2.45,18,5.6,2.1,864,2.19,34.89,-114.18,3654.0,1,1,1,6.0,3,1.22,2006
245358.57,1.22,50,8.2,1.0,3803,5.26,34.27,-120.05,2005.0,1,0,0,15.1,9,0.91,1974
294974.46,3.5,31,3.1,1.5,2920,2.0,33.93,-123.76,6540.0,2,0,1,1.3,10,1.44,1993
161610.57,1.66,33,3.1,1.1,4017,0.94,35.28,-121.21,4507.0,2,0,0,7.5,7,0.62,1991
244765.47,2.78,47,3.4,0.9,10175,3.73,36.28,-121.25,5027.0,3,0,1,7.0,4,0.71,1977
328017.46,3.04,18,6.0,1.2,2354,1.28,39.57,-123.42,8208.0,2,1,1,11.5,9,0.78,2006
348824.0,4.68,39,5.0,1.3,1441,2.39,41.58,-118.99,2681.0,0,0,1,5.2,7,1.28,1985
197606.3,1.61,16,5.1,0.9,3830,2.83,41.23,-118.15,4017.0,3,0,1,62.8,7,1.39,2008
204128.79,0.81,16,4.1,0.7,1129,3.5,37.02,-116.85,3871.0,2,0,0,5.7,9,0.95,2008
317138.33,2.93,47,8.0,1.3,2620,4.22,36.88,-123.96,2256.0,4,0,0,17.9,8,1.32,1977
463320.63,5.59,38,8.5,1.2,4144,1.38,33.69,-121.61,3614.0,2,1,0,6.8,9,1.61,1986
374352.54,4.46,41,6.8,0.8,3518,1.65,41.73,-120.77,2005.0,2,0,0,11.4,10,1.03,1983
305264.46,2.96,7,3.2,0.6,5574,7.1,39.72,-115.13,2943.0,2,0,1,3.9,6,0.78,2017
266226.54,2.23,14,4.8,1.3,1453,2.75,40.55,-115.04,1329.0,2,1,0,2.8,5,1.9,2010
280240.08,3.75,43,6.7,0.1,3188,1.03,34.72,-121.77,2012.0,2,0,1,53.8,6,1.27,1981
241227.99,1.84,48,5.4,1.0,1947,1.79,36.31,-119.38,1193.0,2,0,1,11.7,10,0.84,1976
272219.35,3.29,25,6.9,1.2,2214,2.37,33.48,-120.04,6361.0,1,0,1,9.3,5,1.05,1999
302687.53,3.33,32,7.4,2.0,2214,3.01,41.44,-118.97,4157.0,3,0,0,15.4,7,0.45,1992
306949.64,4.15,38,8.4,1.1,2782,4.43,35.22,-121.5,2359.0,3,0,1,3.8,3,0.88,1986
530482.3,8.2,22,4.5,0.9,1760,4.96,38.16,-119.64,2046.0,3,1,1,25.9,9,1.24,2002
271325.1,3.18,16,5.6,1.2,580,2.01,33.95,-122.97,5304.0,0,1,0,4.3,8,1.28,2008
224026.49,2.22,29,4.8,0.7,2045,2.32,40.13,-117.05,7254.0,1,0,0,11.7,7,0.68,1995
227383.4,2.69,16,2.5,1.0,2414,3.18,34.27,-120.62,4421.0,2,0,1,2.0,7,1.33,2008
256756.14,1.34,12,6.6,1.1,1748,2.13,40.19,-118.8,5792.0,3,1,1,12.8,4,1.08,2012
260222.24,2.06,17,6.3,1.4,2561,4.43,36.32,-118.15,2967.0,0,0,0,9.9,9,1.3,2007
245930.52,2.31,37,4.7,0.8,1637,5.96,37.99,-115.72,1055.0,2,0,1,4.9,6,1.63,1987
171276.65,2.2,27,3.1,1.1,1455,3.03,35.06,-123.64,2828.0,1,0,0,5.5,4,1.43,1997
196926.64,2.89,25,4.9,0.2,5502,3.39,40.89,-119.43,3179.0,2,0,1,0.1,1,1.2,1999
261985.91,1.96,13,6.6,1.4,10999,2.3,39.72,-115.11,5073.0,2,1,0,0.4,3,1.09,2011
359153.52,4.26,8,7.5,1.0,3654,3.4,35.87,-121.04,2461.0,1,0,0,13.8,8,0.92,2016
266518.18,2.72,5,4.4,2.0,1141,1.73,38.06,-119.83,1675.0,2,1,1,19.0,8,0.8,2019
282738.51,2.71,12,7.2,1.3,2164,1.86,33.73,-123.61,1221.0,2,0,0,11.9,4,0.94,2012
291553.17,2.38,41,6.4,0.7,2038,0.82,34.02,-116.62,4146.0,2,1,0,1.3,7,1.43,1983
313691.73,2.89,3,6.1,0.6,3092,3.98,37.57,-123.61,2567.0,3,1,0,42.4,7,1.12,2021
307352.06,3.78,35,3.6,1.4,2101,4.67,38.59,-117.87,1713.0,1,1,0,18.7,9,0.69,1989
235313.53,1.92,33,3.6,2.0,2957,4.24,37.8,-120.57,4068.0,2,1,0,4.1,8,1.02,1991
228911.86,2.09,22,4.3,1.8,7560,3.11,37.81,-120.95,4436.0,4,0,0,16.7,7,1.56,2002
203081.69,2.41,50,5.0,0.5,413,2.62,39.55,-118.35,2696.0,3,0,0,1.8,5,1.1,1974
225012.79,1.59,44,8.2,1.2,1205,2.89,41.07,-118.54,4929.0,2,0,1,22.7,7,0.77,1980
198015.87,1.96,9,4.5,1.7,3895,1.78,36.18,-120.24,4129.0,3,0,0,9.8,5,1.29,2015
284581.55,2.25,41,6.7,0.4,1745,4.13,37.6,-121.58,2778.0,2,0,1,7.9,8,1.25,1983
376032.92,3.86,18,4.8,1.6,2905,4.26,40.98,-119.16,2676.0,4,1,1,0.1,7,1.0,2006
265789.02,3.02,50,6.2,0.7,1553,1.73,36.91,-121.7,2521.0,2,0,1,15.9,5,1.3,1974
265751.82,2.94,29,5.4,1.0,6298,1.88,36.73,-123.42,2981.0,3,0,1,26.5,1,1.29,1995
401064.9,3.82,39,5.8,1.2,4578,1.41,39.78,-116.11,6304.0,3,0,1,5.1,10,1.22,1985
305450.46,2.57,27,6.1,1.6,2296,2.69,40.83,-117.13,5396.0,3,1,0,0.2,3,1.6,1997
286641.37,3.18,36,5.1,1.9,6900,2.97,39.51,-123.61,3859.0,2,0,1,22.4,7,1.28,1988
278413.69,2.61,45,6.1,0.9,2316,3.08,33.45,-122.79,7409.0,1,1,0,15.1,9,1.18,1979
289403.79,3.02,17,7.4,0.9,1906,1.4,36.92,-123.45,5277.0,2,1,0,22.5,7,1.24,2007
232227.71,2.15,34,4.4,0.8,5861,2.12,34.51,-116.2,2761.0,3,1,0,11.6,7,1.27,1990
248097.41,1.02,46,7.3,1.5,590,2.12,35.51,-116.38,3968.0,0,0,1,9.3,8,1.32,1978
288402.47,2.58,3,5.1,1.6,2067,3.88,36.95,-120.22,5887.0,3,1,0,3.7,6,1.18,2021
405194.82,4.8,5,4.9,1.5,2398,1.8,34.6,-115.88,3116.0,4,0,1,1.2,6,1.64,2019
244094.16,3.94,14,6.5,1.2,1513,3.07,37.4,-114.27,2687.0,1,0,0,9.6,3,0.9,2010
268370.87,4.0,3,5.0,1.3,995,2.15,38.61,-114.31,7418.0,2,0,1,30.4,1,1.45,2021
313614.01,4.46,23,6.0,1.0,1706,2.77,40.81,-114.2,3921.0,1,0,1,0.9,5,1.05,2001
238817.67,2.82,39,5.8,1.0,540,4.13,34.51,-115.61,5029.0,2,0,1,67.8,8,1.21,1985
222285.46,2.94,30,2.4,1.5,6264,1.51,35.45,-122.22,2088.0,2,0,1,44.1,7,1.54,1994
274766.08,2.12,50,6.1,1.2,6520,-0.13,36.36,-123.9,4698.0,2,1,0,15.4,4,1.39,1974
177376.44,2.4,45,3.3,0.9,1917,1.39,34.63,-115.98,2712.0,2,0,0,36.8,6,1.23,1979
255814.87,3.48,23,3.5,1.6,1409,3.5,35.65,-121.26,2925.0,3,0,0,12.1,1,1.17,2001
355144.74,4.4,27,6.0,0.8,554,1.56,40.89,-120.95,1841.0,2,0,1,7.8,8,0.86,1997
257827.51,2.57,10,6.3,1.2,1071,2.14,33.82,-123.73,2664.0,2,0,0,12.7,7,1.6,2014
252677.76,2.27,25,7.3,0.5,5921,3.54,36.72,-117.0,1464.0,2,0,0,31.4,5,1.24,1999
216519.87,2.72,13,3.9,0.6,1819,3.96,35.45,-119.98,5251.0,3,0,0,47.4,8,1.35,2011
303539.46,3.46,16,4.4,1.1,1198,4.24,33.23,-122.36,2269.0,2,1,0,27.3,10,1.61,2008
211213.33,1.53,41,6.2,0.8,1876,3.66,33.41,-117.65,3540.0,3,0,0,3.0,6,1.11,1983
193665.34,1.08,34,7.3,1.0,1174,1.65,39.96,-114.21,1671.0,2,0,0,13.4,8,0.86,1990
235623.31,2.18,37,5.8,1.7,512,4.93,40.6,-119.27,3806.0,2,0,0,8.8,6,0.99,1987
207600.25,1.67,22,4.2,1.0,1414,1.87,39.54,-118.13,842.0,3,0,1,9.8,8,0.86,2002
321206.64,2.22,17,7.8,1.5,783,2.24,37.62,-122.79,1898.0,2,0,0,8.4,10,1.71,2007
321787.5,2.56,23,5.1,0.7,2546,2.99,39.84,-122.81,5870.0,2,1,0,1.0,8,1.06,2001
207287.18,2.27,36,5.2,1.4,3799,3.33,33.94,-119.69,2143.0,1,1,0,28.1,5,0.63,1988
287523.52,4.86,49,3.3,0.6,1022,4.73,39.91,-115.63,2687.0,2,0,1,57.5,8,0.78,1975
345337.68,3.1,9,6.6,1.0,2112,2.24,36.52,-114.95,1010.0,2,0,0,3.5,9,1.82,2015
319849.39,3.07,2,6.8,1.4,1785,3.46,39.63,-117.76,5865.0,2,0,1,14.6,6,1.28,2022
284842.8,3.49,32,4.4,1.1,1002,2.25,34.66,-120.71,2622.0,2,0,1,11.5,7,1.47,1992
253334.91,1.72,50,8.1,1.6,292,4.93,40.41,-116.62,5768.0,3,1,0,34.0,5,0.81,1974
342593.56,4.12,22,4.6,1.4,796,3.51,37.9,-121.43,2114.0,2,1,1,18.3,7,1.52,2002
250787.2,2.64,43,6.4,0.9,971,4.55,32.57,-122.19,1422.0,2,0,0,20.8,4,0.82,1981
284152.89,3.55,13,5.8,1.7,2027,1.62,37.43,-116.15,6041.0,2,0,0,45.5,9,1.13,2011
176638.77,1.77,8,2.5,1.3,2196,2.33,35.45,-116.61,3631.0,2,0,0,16.3,3,1.29,2016
221381.1,1.46,1,6.3,1.0,4881,3.3,33.05,-115.24,3141.0,2,0,0,9.1,3,1.21,2023
386275.21,3.77,17,6.2,1.2,790,4.57,36.75,-118.45,2206.0,3,1,0,0.8,7,1.26,2007
234538.29,3.16,12,2.9,1.1,938,4.19,35.46,-115.08,5417.0,2,0,0,35.5,7,0.96,2012
296331.12,1.89,4,7.8,1.2,1079,4.8,34.44,-124.22,1186.0,2,1,0,13.4,9,1.13,2020
259891.33,1.92,13,6.2,1.0,1552,4.61,35.82,-121.84,4451.0,1,1,0,17.2,5,0.88,2011
398734.62,4.26,31,7.4,1.3,2155,3.93,34.21,-116.05,1640.0,3,0,1,10.6,8,1.62,1993
196218.66,1.69,41,2.9,1.5,2550,3.18,35.35,-120.05,3751.0,2,1,0,7.5,7,1.16,1983
369372.94,5.24,7,4.9,1.3,401,1.66,33.6,-121.99,8072.0,1,0,1,10.5,8,0.88,2017
268176.94,1.9,23,7.3,1.3,4703,0.43,33.3,-116.14,2922.0,4,0,1,0.7,4,1.73,2001
286074.43,3.51,24,3.1,1.0,2632,3.15,41.15,-115.87,2855.0,2,0,1,24.0,6,1.06,2000
320703.24,2.38,5,4.9,0.7,3663,3.96,41.08,-119.71,2304.0,3,1,1,2.6,6,1.43,2019
324818.28,3.46,5,6.1,0.5,267,-0.27,40.37,-119.6,2755.0,2,0,0,6.1,8,1.05,2019
248764.63,2.19,17,2.7,0.7,3517,1.59,34.69,-116.3,2389.0,3,0,0,1.4,7,1.22,2007
198965.53,2.55,30,3.5,0.9,815,1.78,39.4,-116.4,3014.0,0,0,0,25.7,10,1.4,1994
327204.74,2.76,9,7.6,1.9,1260,2.77,38.1,-115.4,2584.0,2,1,0,2.8,4,1.14,2015
235559.58,1.82,6,5.6,1.7,5694,3.12,32.99,-117.72,2739.0,2,1,0,7.6,7,1.36,2018
337926.71,3.66,25,7.3,0.8,3059,4.3,41.05,-122.55,2250.0,2,1,1,8.1,8,1.54,1999
249688.62,2.21,19,5.8,1.3,1052,1.42,41.98,-118.73,2799.0,3,1,0,5.7,6,0.92,2005
266071.69,2.48,16,9.2,1.1,3418,3.41,39.23,-120.48,2924.0,3,0,0,29.5,9,0.69,2008
224991.53,1.83,21,6.2,1.2,2413,1.34,34.7,-124.22,6844.0,0,0,0,22.2,9,1.07,2003
255358.45,0.98,2,7.4,0.8,1305,4.0,37.77,-122.44,6609.0,2,1,0,20.4,9,1.47,2022
317824.14,2.52,10,5.1,2.2,2645,2.42,33.54,-122.34,3510.0,3,1,0,3.8,7,1.05,2014
447307.47,7.14,16,5.8,2.0,1336,1.55,35.34,-123.64,2387.0,2,0,0,3.2,7,1.55,2008
319665.22,3.72,37,6.5,1.0,2463,2.19,39.31,-119.74,3547.0,1,0,1,4.2,6,1.38,1987
327312.9,2.7,15,6.7,0.8,2438,1.66,35.36,-119.17,1980.0,3,0,1,7.3,4,1.4,2009
297241.24,2.45,13,5.4,1.6,2704,3.11,33.9,-120.93,2260.0,4,0,0,9.8,9,1.16,2011
281050.91,2.74,13,5.5,0.5,8429,3.75,32.57,-120.17,3065.0,3,0,1,4.3,5,1.01,2011
300219.82,3.38,32,6.3,1.5,3851,4.24,37.94,-118.73,2139.0,3,0,1,9.2,8,1.14,1992
195178.22,1.69,45,6.3,1.2,4023,2.38,41.7,-123.23,2160.0,4,0,0,3.1,1,1.2,1979
300542.78,4.24,47,4.0,0.4,1186,4.67,37.1,-118.6,2362.0,2,0,1,4.7,6,1.2,1977
394154.62,3.62,46,5.8,1.0,537,2.97,34.52,-117.05,9348.0,4,0,1,4.5,7,1.23,1978
291785.77,3.62,8,6.0,0.8,1555,4.52,36.9,-115.31,3250.0,2,1,0,19.5,6,1.11,2016
231364.34,3.24,43,4.0,1.2,1225,2.81,38.22,-121.33,1255.0,3,1,0,9.2,5,1.08,1981
243492.68,2.74,18,6.9,1.1,2921,2.72,40.11,-116.65,3287.0,4,0,0,14.3,3,1.54,2006
307329.31,3.56,36,6.1,0.4,1543,3.69,36.8,-118.14,3746.0,2,0,0,16.6,10,0.92,1988
383571.2,3.44,26,9.0,0.9,5223,3.37,34.14,-119.22,2892.0,2,0,1,1.1,9,1.14,1998
292738.15,2.36,10,5.5,1.4,449,2.34,34.29,-114.84,4043.0,4,0,1,23.8,6,1.66,2014
273433.39,2.16,31,7.2,1.5,1445,4.39,41.05,-117.99,2242.0,2,0,1,5.0,1,1.16,1993
257854.08,2.83,33,6.3,0.9,2436,1.85,34.74,-120.66,2772.0,2,0,0,10.7,7,1.46,1991
408421.02,5.05,29,8.4,1.3,828,3.69,39.42,-117.01,2853.0,3,0,1,6.2,6,1.04,1995
209927.02,1.66,5,4.0,1.2,3729,3.64,35.06,-114.42,2113.0,2,1,0,22.3,4,0.9,2019
206127.78,1.51,13,4.8,1.1,3633,4.28,39.35,-114.86,1854.0,2,0,0,3.9,8,1.74,2011
191672.97,2.9,1,4.1,1.3,1280,4.3,33.24,-114.21,3099.0,1,0,0,49.8,6,0.9,2023
287896.42,2.77,23,5.4,0.6,15049,2.78,34.47,-123.5,3343.0,2,1,0,7.7,10,1.2,2001
261035.6,2.91,40,3.8,1.1,739,3.04,36.38,-119.84,734.0,2,0,0,18.7,8,1.66,1984
247514.22,3.0,3,3.2,0.3,615,2.96,37.4,-119.96,2304.0,1,1,0,15.4,9,0.86,2021
181874.07,2.49,3,2.3,1.1,1237,5.09,35.85,-120.47,2586.0,2,0,0,20.4,7,1.39,2021
325770.21,4.93,7,2.2,1.8,2105,3.78,37.95,-122.63,3265.0,2,0,1,12.0,7,1.36,2017
233880.85,1.43,36,6.5,0.9,497,4.25,35.59,-115.76,4494.0,3,0,0,7.3,6,1.2,1988
159748.13,1.95,35,4.8,1.8,2967,2.7,38.95,-117.43,2550.0,0,0,0,3.0,3,1.74,1989
275763.21,2.61,15,3.6,0.9,12942,1.65,37.36,-118.14,3986.0,2,1,0,11.0,8,1.28,2009
193815.81,1.41,40,4.5,0.6,593,1.88,39.2,-119.81,1498.0,0,1,0,0.9,6,1.24,1984
309862.7,2.53,3,4.7,1.4,2115,4.21,36.59,-120.42,5828.0,2,1,0,0.9,5,0.95,2021
308006.33,5.28,29,4.1,1.3,3890,2.12,40.83,-116.24,2906.0,2,0,0,14.3,4,1.18,1995
286330.67,2.74,30,7.9,2.3,3336,6.83,36.13,-118.97,1404.0,3,0,0,9.8,3,1.38,1994
302795.89,2.98,39,7.6,0.6,10165,2.51,35.43,-118.12,4015.0,0,0,0,10.6,7,1.46,1985
290397.7,1.64,18,7.9,1.3,1242,3.42,37.79,-123.45,2611.0,3,0,0,5.8,9,1.42,2006
222912.58,2.12,11,5.8,1.3,8855,3.42,37.34,-119.55,7466.0,3,0,0,23.5,4,0.7,2013
252116.63,2.34,43,5.9,1.6,1722,3.22,37.42,-123.13,6623.0,2,0,1,3.4,7,1.19,1981
247275.83,2.39,49,4.5,1.4,1202,1.54,40.06,-123.93,4647.0,2,0,1,13.2,6,0.96,1975
312232.08,4.54,38,4.2,1.0,8129,3.3,38.09,-117.26,707.0,0,1,1,29.5,7,0.76,1986
274679.62,3.4,40,5.5,0.6,1347,3.29,40.91,-121.61,2661.0,2,0,0,26.9,3,1.02,1984
261778.61,1.74,1,6.5,1.3,4259,2.64,38.38,-114.37,5623.0,2,0,0,0.4,7,1.07,2023
309627.8,3.0,29,7.3,1.3,1219,5.22,32.71,-118.14,4538.0,1,0,0,4.9,7,0.91,1995
299079.62,3.32,10,4.7,1.4,652,1.01,40.77,-117.73,1880.0,3,1,1,18.8,9,1.21,2014
338971.33,4.29,28,3.6,1.0,653,1.19,40.48,-122.43,2829.0,2,1,1,20.2,5,1.42,1996
421687.08,5.12,31,6.6,1.2,3179,3.9,32.96,-123.15,4012.0,3,0,0,9.9,8,1.35,1993
235014.0,1.81,19,2.8,0.3,771,2.9,33.69,-118.98,1344.0,2,1,1,3.4,8,1.07,2005
247093.34,1.97,3,5.4,0.6,1528,1.94,37.79,-114.78,1403.0,3,0,0,4.9,9,1.45,2021
274934.74,1.64,36,5.6,1.6,1075,3.23,32.91,-123.91,10081.0,2,1,1,24.2,9,1.01,1988
266136.52,2.48,43,4.9,1.2,895,4.15,36.41,-119.16,2556.0,2,1,1,3.2,8,1.67,1981
220463.9,3.28,15,3.2,1.3,986,1.04,41.77,-122.41,1147.0,2,1,1,42.8,9,1.26,2009
232177.77,4.03,33,5.0,0.8,2134,3.87,34.14,-116.29,2108.0,3,0,0,10.4,5,1.46,1991
252711.31,2.64,41,8.0,0.7,166,3.4,34.46,-117.34,3507.0,2,0,0,5.0,4,1.06,1983
237118.1,2.39,43,6.4,0.9,3551,2.72,38.93,-123.48,4437.0,1,0,0,7.4,5,1.13,1981
334634.65,2.89,51,7.2,1.2,641,3.29,32.92,-118.03,2144.0,2,0,0,4.4,9,1.23,1973
208890.62,1.95,45,3.7,1.4,710,3.31,40.3,-114.17,1639.0,2,0,1,7.3,6,1.16,1979
435346.29,6.27,26,5.9,1.0,569,3.66,34.39,-118.95,4608.0,1,0,0,2.1,8,1.08,1998
190590.09,1.43,16,5.6,0.3,2242,1.82,37.55,-121.5,1859.0,2,0,0,26.0,6,0.8,2008
221403.65,2.93,36,5.7,1.3,5832,4.3,34.86,-122.9,2627.0,1,0,0,49.7,8,1.02,1988
423667.76,6.11,33,6.3,1.2,1622,4.19,38.76,-114.11,4170.0,3,0,1,16.1,9,0.87,1991
272696.68,2.73,20,5.7,1.3,2564,4.23,38.08,-118.58,2338.0,3,1,0,24.8,8,0.69,2004
271932.26,2.52,13,3.7,1.5,2782,0.93,41.49,-120.57,8129.0,2,1,1,3.9,10,1.26,2011
317759.78,2.36,33,6.4,1.5,3271,4.37,36.73,-122.25,1947.0,3,1,0,1.0,8,0.97,1991
280356.77,2.53,5,6.8,1.8,810,2.56,40.81,-114.52,2480.0,2,1,0,14.8,5,1.57,2019
380039.74,4.71,37,7.5,1.1,6468,3.64,37.97,-117.92,2446.0,2,1,1,25.5,10,0.99,1987
230471.78,1.12,14,7.5,0.9,1384,0.62,41.19,-123.89,2168.0,0,1,0,27.0,8,0.94,2010
430833.11,5.02,27,6.2,1.6,2263,2.18,35.27,-123.88,5128.0,4,1,0,11.4,6,1.51,1997
177236.8,1.54,23,3.8,1.6,1603,4.01,37.72,-114.64,2504.0,1,0,1,14.6,7,1.37,2001
296759.02,2.44,14,3.2,1.0,1266,3.63,36.21,-117.04,12425.0,1,1,1,6.9,8,1.5,2010
245431.91,2.29,40,5.2,1.7,3833,1.7,33.13,-123.41,3136.0,2,0,1,26.6,8,1.12,1984
358887.81,3.44,4,6.9,1.1,3005,3.82,37.96,-117.95,3327.0,2,0,1,17.9,9,0.71,2020
241053.01,1.43,39,6.8,1.7,314,2.02,40.05,-120.1,1362.0,2,0,0,3.1,5,1.39,1985
292109.5,3.27,19,5.9,2.0,2528,2.68,37.78,-116.22,2232.0,3,0,1,4.9,9,1.47,2005
332473.33,6.11,47,5.4,2.4,9682,1.6,35.15,-121.63,4197.0,1,0,0,2.5,5,1.11,1977
264081.47,1.58,4,8.4,1.1,2097,3.41,35.01,-120.48,3915.0,2,0,1,10.6,7,1.68,2020
250157.83,2.93,30,6.4,1.8,1201,4.3,34.76,-122.74,1753.0,0,0,0,3.4,5,1.36,1994
247457.36,2.09,19,5.4,1.5,1330,4.06,41.81,-121.85,2367.0,3,0,0,2.6,6,1.2,2005
280247.11,3.22,31,4.5,1.6,1153,1.91,36.29,-122.51,598.0,3,0,0,2.6,7,1.38,1993
279551.42,2.74,31,4.0,1.3,721,2.94,35.51,-124.24,2007.0,2,0,0,4.6,7,0.94,1993
158747.3,2.1,9,3.8,1.6,1559,1.11,36.48,-124.02,7073.0,1,0,0,24.8,5,1.24,2015
260441.67,3.3,13,4.0,0.4,1554,4.64,33.6,-115.73,3350.0,3,0,1,41.8,6,0.8,2011
371899.99,5.59,14,5.9,1.1,2922,3.02,34.36,-116.06,5225.0,4,0,0,82.3,7,1.25,2010
231608.28,2.52,46,5.5,0.8,1190,3.78,37.33,-123.02,1284.0,1,0,0,0.6,9,1.25,1978
313885.17,3.63,10,5.0,0.7,9033,3.24,40.09,-117.49,3127.0,2,1,1,12.6,6,1.26,2014
288535.76,1.62,48,6.6,0.4,854,2.25,40.83,-116.67,2812.0,4,0,1,4.6,7,1.15,1976
199362.73,1.85,31,8.2,0.8,2034,2.34,40.73,-123.96,2184.0,2,0,0,67.5,9,0.91,1993
247056.89,3.28,37,4.3,1.0,994,3.55,41.48,-123.57,2656.0,3,0,0,62.3,9,1.81,1987
330401.22,4.92,23,4.5,1.2,1175,4.96,33.69,-118.59,2290.0,2,0,0,40.8,5,0.91,2001
182313.98,3.13,27,2.2,1.1,1445,2.59,32.89,-120.57,1664.0,1,0,0,0.2,6,0.86,1997
274781.38,2.4,6,5.5,1.6,2128,4.41,33.5,-117.16,3188.0,2,1,0,2.5,8,1.17,2018
298206.9,2.72,26,5.3,0.7,3436,4.11,38.21,-118.64,4615.0,2,0,0,12.1,8,1.16,1998
310444.88,1.65,2,6.8,0.1,1245,2.62,37.78,-124.17,2016.0,3,1,1,3.1,8,1.26,2022
257502.65,3.46,45,5.4,1.4,545,4.32,38.88,-117.32,2063.0,2,0,0,28.9,4,1.42,1979
314022.18,3.87,13,4.6,1.1,5408,4.22,36.03,-122.36,4461.0,2,0,0,18.0,7,0.91,2011
260579.35,2.27,51,5.8,1.1,827,0.43,36.22,-121.22,3055.0,3,1,0,3.1,8,1.59,1973
230080.13,2.25,50,6.3,0.7,1484,3.84,37.68,-116.77,2504.0,3,0,0,25.6,6,1.1,1974
256577.07,3.02,19,3.1,1.6,1889,4.54,33.25,-116.4,3132.0,3,0,1,10.3,7,0.73,2005
324942.83,2.28,1,7.0,0.9,1666,1.6,40.1,-120.87,8357.0,2,1,1,18.6,8,1.34,2023
307602.2,2.65,40,7.5,0.7,584,1.42,41.27,-123.56,5297.0,2,1,0,2.3,7,1.15,1984
378515.04,6.3,32,6.3,1.9,3603,3.25,36.18,-116.42,7058.0,2,1,0,10.9,7,1.25,1992
240330.58,2.46,22,4.1,1.4,189,4.89,39.53,-115.36,4307.0,2,0,1,22.5,6,1.46,2002
215210.95,2.36,48,5.0,1.1,3959,1.69,37.71,-114.37,2036.0,2,0,0,6.4,6,1.58,1976
267274.02,2.1,29,7.3,-0.1,4560,1.11,34.74,-121.16,2390.0,1,0,1,3.1,5,0.93,1995
330274.47,3.66,2,4.0,1.0,3724,2.46,33.14,-123.2,2042.0,2,1,1,15.3,10,0.5,2022
247252.29,2.53,40,6.4,1.1,1417,2.29,34.84,-114.65,4070.0,2,0,0,15.5,7,1.09,1984
240438.28,2.1,38,5.4,1.8,2005,0.99,38.25,-120.3,2561.0,1,1,1,3.4,5,1.02,1986
379075.09,4.61,48,5.7,0.2,1058,2.3,32.88,-123.52,1965.0,2,0,0,1.1,4,1.13,1976
362306.07,4.8,11,4.2,1.9,1910,3.42,40.44,-119.26,2816.0,0,0,1,2.7,5,0.73,2013
258956.1,2.14,17,6.0,1.3,2990,5.23,41.72,-122.5,1481.0,1,0,1,4.8,8,1.08,2007
239743.43,1.29,51,5.9,0.5,752,3.67,33.29,-120.77,4936.0,1,0,1,0.6,7,0.97,1973
271684.08,4.07,43,3.2,1.6,1623,3.97,34.84,-121.14,1839.0,3,0,0,38.4,7,0.89,1981
282264.29,2.07,8,5.5,1.0,1234,1.69,38.92,-114.13,4704.0,2,0,1,3.9,8,0.69,2016
324830.06,3.73,22,6.4,0.3,4620,2.89,40.16,-117.79,3763.0,3,0,0,20.1,8,1.07,2002
261535.99,1.24,4,4.9,0.9,851,2.74,35.79,-119.34,3976.0,2,1,1,8.0,8,1.55,2020
277285.88,3.88,11,1.8,1.2,2983,3.39,37.39,-119.11,1681.0,2,1,0,10.5,3,1.09,2013
252818.6,1.67,8,5.3,1.1,1733,3.72,40.97,-118.16,3082.0,3,0,0,11.5,9,0.63,2016
259930.58,3.64,9,7.7,1.4,1636,4.14,36.15,-115.34,2300.0,2,0,0,22.2,4,1.69,2015
254920.91,2.73,26,5.0,1.6,3056,3.04,33.27,-122.97,1241.0,2,0,1,23.3,7,0.67,1998
305279.35,1.86,2,7.6,0.6,1329,2.37,41.95,-118.2,6112.0,2,0,0,2.3,5,1.17,2022
276319.88,2.31,16,4.3,1.1,1963,4.47,34.21,-121.12,2842.0,2,1,0,5.4,8,1.01,2008
245805.88,3.58,31,3.8,0.8,4397,3.87,32.96,-118.5,2380.0,2,0,0,12.8,8,1.01,1993
248853.22,2.84,6,5.5,0.5,971,3.74,36.4,-119.06,5925.0,0,1,1,6.0,4,1.03,2018
308965.92,3.43,21,4.3,1.1,2245,2.95,33.65,-124.19,4834.0,2,1,0,2.1,7,1.37,2003
357744.27,5.99,26,6.0,1.3,3659,4.46,41.8,-118.38,15550.0,2,0,0,7.9,8,1.17,1998
195083.25,1.45,19,4.9,1.3,2626,1.49,36.12,-117.05,1852.0,2,0,0,3.7,4,1.46,2005
371714.62,5.19,28,7.7,0.9,5038,4.07,40.35,-121.92,2242.0,1,0,0,2.3,4,1.89,1996
242523.79,2.83,8,4.8,0.6,1642,4.07,34.18,-123.38,7863.0,1,0,0,5.4,6,1.41,2016
276587.37,1.9,14,5.6,0.8,3093,1.92,33.82,-122.28,1943.0,3,0,0,5.3,9,1.39,2010
217952.75,1.6,24,6.4,0.2,4368,2.18,38.67,-117.82,2068.0,3,0,0,1.5,3,1.11,2000
250464.01,2.52,48,6.9,0.5,467,1.46,41.14,-119.58,2862.0,1,0,1,13.2,6,1.45,1976
447263.25,3.93,44,7.7,0.5,1305,3.61,33.59,-115.41,6797.0,4,1,1,5.7,8,1.27,1980
251015.62,2.58,37,5.1,1.5,2448,-0.1,38.1,-121.51,2287.0,2,0,0,2.9,6,1.03,1987
325143.55,4.98,26,4.9,1.5,3776,3.27,33.31,-120.67,9310.0,2,0,1,25.6,3,1.2,1998
177282.12,1.52,31,2.6,2.2,2196,2.08,40.22,-118.96,2961.0,2,1,0,0.0,7,1.06,1993
333702.96,2.71,51,8.6,1.2,5526,1.82,41.14,-119.67,5830.0,2,0,1,9.1,10,1.41,1973
230276.53,1.65,32,6.0,0.9,1179,0.75,38.47,-118.75,2514.0,2,1,0,8.6,7,0.77,1992
344768.88,3.14,50,6.6,1.1,673,1.94,39.04,-121.22,1831.0,2,1,1,16.7,8,1.18,1974
275812.17,3.88,41,6.3,1.0,3414,4.72,33.03,-122.75,3971.0,3,0,1,7.4,1,1.44,1983
282550.72,2.3,2,5.6,0.8,1651,2.14,33.19,-116.07,1441.0,3,0,0,10.8,8,1.55,2022
173366.97,0.96,25,6.0,1.3,924,3.5,34.21,-124.09,1312.0,2,0,0,35.9,4,1.12,1999
255029.18,2.94,44,4.7,1.2,7092,1.69,35.1,-120.62,4245.0,1,0,0,2.8,8,1.42,1980
299994.25,3.24,2,5.0,1.1,3286,4.23,39.72,-123.58,2239.0,0,0,1,1.7,7,1.53,2022
305525.0,3.2,42,4.1,1.0,3043,3.73,36.64,-116.77,1497.0,3,1,1,20.6,5,1.15,1982
361734.62,4.46,1,7.8,1.4,6467,2.73,33.24,-120.66,2208.0,2,1,0,20.4,7,1.62,2023
258123.46,1.77,36,6.3,0.8,1326,3.28,40.6,-124.18,3948.0,4,0,1,37.8,8,1.09,1988
319532.85,3.57,12,8.5,0.9,5601,3.38,41.94,-123.7,1863.0,1,0,0,61.3,9,0.81,2012
372853.96,4.38,9,8.9,1.3,2527,1.8,36.82,-122.41,739.0,1,0,1,7.3,9,0.97,2015
205533.96,1.33,36,3.4,1.6,1128,2.02,37.36,-116.24,2751.0,1,0,1,7.1,9,1.16,1988
298015.73,3.09,41,7.0,1.6,1797,4.1,33.25,-116.11,3566.0,2,0,0,35.3,9,1.43,1983
204665.27,2.22,28,3.5,1.0,2099,4.86,36.14,-114.04,4473.0,1,0,0,29.6,7,0.78,1996
305528.1,2.63,38,5.8,0.5,4403,3.18,36.03,-121.97,4970.0,2,0,1,7.1,9,1.21,1986
367348.12,3.12,33,6.0,1.0,613,3.83,41.68,-123.87,2753.0,2,1,1,1.2,8,1.65,1991
258765.84,2.24,42,3.6,1.1,446,4.45,38.77,-121.53,7709.0,4,0,1,13.1,8,1.1,1982
224365.3,2.07,46,4.4,0.5,962,2.61,39.93,-122.62,2803.0,4,0,1,4.7,4,1.34,1978
244655.57,2.76,22,6.0,0.9,1712,2.91,33.72,-117.04,2662.0,2,0,1,35.9,4,1.21,2002
204333.05,1.76,25,5.8,1.7,3202,3.86,36.46,-114.32,2579.0,3,0,0,24.6,5,1.21,1999
180747.7,1.76,18,4.0,1.2,1253,5.62,34.32,-121.63,3201.0,2,0,1,34.7,5,0.89,2006
325950.33,3.57,6,4.5,0.8,2524,3.9,40.67,-121.05,3844.0,1,1,0,1.3,6,0.85,2018
156894.24,1.72,18,3.3,1.1,6519,3.36,33.95,-120.81,5991.0,0,0,0,30.0,6,1.23,2006
241413.7,3.55,16,3.7,1.1,464,2.3,36.67,-115.5,2274.0,0,0,1,13.5,2,1.36,2008
258361.04,3.27,15,4.9,0.9,1621,2.93,33.01,-118.43,1996.0,3,0,1,3.6,8,1.35,2009
268120.54,1.36,48,7.0,1.5,12526,3.83,38.53,-114.27,3199.0,2,1,1,5.4,6,1.4,1976
254955.04,2.07,8,7.2,0.2,1023,3.7,37.08,-117.91,2395.0,3,0,0,9.1,3,1.34,2016
383337.89,4.38,13,8.3,1.3,940,2.28,37.23,-117.09,1702.0,3,0,0,14.8,8,1.14,2011
180133.36,1.84,43,6.1,0.8,2743,4.57,33.47,-123.56,5443.0,2,0,0,4.0,1,1.0,1981
249254.88,2.26,7,5.8,1.6,1183,4.57,37.38,-114.51,5357.0,2,0,0,3.5,7,1.47,2017
278141.38,3.27,17,6.2,0.5,4275,2.87,37.86,-117.91,1430.0,2,1,1,33.4,8,1.0,2007
309368.7,3.72,50,6.2,1.6,13096,3.34,41.65,-119.04,2785.0,2,1,1,28.0,6,1.2,1974
186638.08,2.46,32,3.1,0.7,1919,2.23,32.82,-120.43,3978.0,0,0,0,21.8,7,0.61,1992
260705.39,2.14,22,8.3,1.3,16157,2.03,41.27,-123.69,7793.0,0,0,1,21.5,3,1.65,2002
290670.23,4.8,51,2.6,0.9,1258,3.42,37.06,-123.1,2890.0,3,0,1,21.8,5,1.07,1973
406054.03,5.45,13,7.2,1.7,1581,2.06,34.5,-124.38,4590.0,3,1,0,38.7,8,0.64,2011
292692.51,4.02,47,5.6,1.0,838,3.78,38.82,-114.01,2479.0,2,0,0,27.8,8,1.61,1977
205998.16,2.81,23,3.9,0.7,1261,2.52,37.41,-116.24,3740.0,2,0,0,7.4,4,1.19,2001
246452.04,1.97,29,6.3,1.8,1493,4.26,34.65,-116.13,4679.0,2,0,0,9.6,10,1.19,1995
242191.61,1.95,22,5.3,1.0,2517,2.9,38.45,-116.83,3549.0,3,0,0,13.9,6,1.7,2002
358713.54,3.35,1,4.5,1.4,667,0.69,37.0,-119.42,3021.0,2,1,1,9.7,9,1.07,2023
300647.87,3.21,29,3.4,1.6,1195,2.55,39.05,-123.57,4836.0,3,1,1,5.3,7,1.62,1995
337512.68,4.76,48,3.3,0.7,1219,3.13,39.05,-123.74,5905.0,4,0,1,29.6,7,0.82,1976
264157.23,3.53,5,4.6,1.3,3695,0.92,36.99,-114.88,3214.0,2,0,1,24.4,4,1.33,2019
221101.51,1.49,35,4.9,1.4,1984,1.03,36.21,-124.5,4996.0,4,0,0,7.4,9,1.29,1989
248639.61,4.14,10,3.7,0.3,1985,2.77,33.1,-117.16,2252.0,0,0,0,1.8,3,1.42,2014
292386.46,1.82,19,5.6,1.3,1932,4.21,37.19,-117.9,2443.0,2,0,0,0.1,10,0.9,2005
223450.86,2.33,37,3.9,0.9,447,3.76,34.81,-119.24,6530.0,2,0,1,1.5,6,0.72,1987
297747.1,3.0,7,6.0,1.9,6540,2.98,33.01,-114.26,699.0,2,0,1,2.5,4,1.89,2017
370509.14,6.04,46,7.3,1.5,862,1.98,35.64,-122.42,2646.0,2,0,0,16.1,7,1.5,1978
703991.09,9.43,35,5.9,1.3,3685,1.92,33.33,-116.25,3322.0,3,1,1,3.7,9,1.13,1989
320575.13,3.46,45,5.4,0.1,1509,3.78,38.01,-117.41,1666.0,2,1,0,15.1,6,1.36,1979
216250.64,2.53,13,4.7,1.3,1108,3.24,37.28,-114.27,5106.0,1,0,0,6.0,1,1.02,2011
390366.87,3.37,10,7.7,0.7,4167,4.03,40.03,-114.69,2910.0,4,0,1,33.8,9,1.23,2014
323650.92,3.88,2,5.2,1.5,695,4.44,35.04,-123.15,4258.0,3,0,0,9.5,7,0.96,2022
348841.51,2.39,6,9.2,1.0,744,2.46,36.03,-121.27,6341.0,2,1,1,16.8,3,1.16,2018
418447.82,5.57,8,3.7,0.8,2050,3.53,39.05,-115.57,5516.0,2,0,1,9.3,9,0.83,2016
268877.93,2.98,36,5.9,0.9,2100,3.69,41.93,-122.1,2506.0,2,0,1,36.5,8,1.72,1988
306126.97,3.32,25,7.6,0.9,3482,2.16,41.09,-120.53,1688.0,0,0,1,17.4,7,1.16,1999
266740.41,3.55,44,4.5,0.4,3207,2.23,37.45,-117.93,2436.0,2,0,0,15.4,6,1.0,1980
271086.28,3.22,47,5.1,0.5,1710,3.87,38.94,-118.59,3224.0,3,0,1,13.5,8,0.91,1977
291655.36,3.8,40,6.4,0.9,1965,3.0,37.55,-117.77,1225.0,2,1,1,67.1,6,1.69,1984
260959.12,2.12,7,6.1,1.9,1609,1.95,36.63,-117.01,6593.0,4,0,0,17.3,8,1.2,2017
247482.0,2.17,46,6.3,1.5,5621,2.02,38.22,-116.85,3167.0,3,0,0,21.0,4,1.63,1978
267731.21,1.75,23,7.2,1.5,824,1.46,36.17,-116.76,2652.0,4,1,1,1.3,4,1.26,2001
286842.28,3.24,19,5.0,1.7,1854,2.57,35.16,-114.09,1134.0,4,0,0,25.2,6,1.39,2005
352961.27,3.71,46,7.7,1.2,3346,1.77,39.2,-120.76,3001.0,1,0,1,13.6,9,1.27,1978
233729.43,3.26,22,2.9,0.9,4393,3.12,40.78,-124.04,3127.0,3,0,0,6.2,9,0.84,2002
407125.15,5.31,13,7.1,0.9,1059,5.74,35.24,-120.84,1960.0,2,0,0,13.1,7,1.59,2011
305521.29,2.71,21,7.2,0.7,831,3.55,39.22,-114.93,3459.0,1,0,1,14.7,7,1.29,2003
286932.95,3.55,1,4.3,1.5,669,4.28,36.62,-123.62,2794.0,2,0,1,4.5,7,1.02,2023
197192.06,1.76,19,3.3,0.6,1374,3.48,35.37,-117.71,1336.0,2,0,1,8.6,6,1.2,2005
220885.49,2.33,33,5.2,2.1,2215,1.02,38.4,-120.06,4195.0,2,0,0,19.2,8,1.31,1991
381721.7,3.59,4,6.1,0.6,1239,3.15,41.42,-114.82,10253.0,3,0,0,3.8,7,1.08,2020
295378.3,3.82,42,5.0,1.7,3163,2.18,35.84,-114.75,7296.0,2,0,1,27.1,6,0.96,1982
263333.98,2.42,3,6.3,1.7,1715,2.01,39.72,-116.25,3812.0,2,0,0,1.2,5,0.89,2021
326455.4,2.64,27,8.4,1.4,2944,2.73,35.49,-123.47,3424.0,3,0,0,13.1,10,1.12,1997
173598.02,1.48,41,3.5,1.9,2033,3.76,40.14,-124.24,1403.0,2,0,0,7.2,5,1.52,1983
208207.38,2.36,35,2.6,1.0,469,2.63,39.72,-123.07,3381.0,3,0,0,0.8,4,1.02,1989
347575.85,3.88,28,5.4,1.2,720,4.03,39.77,-121.12,2574.0,4,1,0,22.3,9,1.03,1996
268920.19,3.42,6,4.5,1.2,4562,3.22,41.98,-121.96,837.0,2,0,0,11.9,8,1.11,2018
266677.8,3.32,6,4.8,1.4,854,3.38,33.83,-120.62,2469.0,2,0,0,18.8,5,1.09,2018
320462.5,2.77,44,7.4,0.2,3574,2.93,36.19,-123.0,2237.0,3,0,0,7.2,9,1.28,1980
286456.0,2.73,23,5.3,1.0,2000,4.54,38.49,-116.6,1377.0,3,0,1,29.5,9,1.16,2001
254280.47,2.09,33,5.5,1.5,822,2.16,38.11,-115.62,2833.0,3,0,0,1.3,6,1.04,1991
302909.59,3.59,16,4.8,0.9,3293,2.23,39.92,-119.38,1424.0,2,0,1,4.0,6,1.25,2008
295480.96,3.22,24,5.4,2.1,1233,2.62,32.95,-114.46,3650.0,3,0,1,23.7,4,1.47,2000
246216.97,3.31,5,5.9,1.2,2041,3.6,39.2,-123.24,3941.0,1,0,1,46.4,7,1.4,2019
259925.29,2.2,41,9.7,1.4,1528,3.76,39.51,-123.39,1063.0,3,0,0,28.1,8,1.09,1983
156916.58,1.15,42,5.9,1.9,207,2.33,33.08,-122.4,2426.0,2,0,0,3.9,3,1.38,1982
371783.21,4.22,13,7.2,1.2,3099,4.08,37.62,-114.19,2358.0,3,0,1,6.4,5,1.2,2011
247074.46,2.24,47,5.8,1.9,3340,1.82,34.83,-120.13,2649.0,1,0,0,21.8,5,1.06,1977
161812.39,1.92,12,2.5,1.4,1217,3.86,40.12,-114.8,874.0,0,0,1,43.9,6,0.66,2012
313531.46,3.59,5,4.6,1.4,3022,3.43,32.97,-122.38,3615.0,0,1,1,5.1,8,1.29,2019
289735.0,2.32,37,5.9,0.7,900,3.02,33.89,-115.62,6370.0,2,1,1,7.3,5,1.16,1987
336340.4,4.15,31,6.6,1.7,914,3.57,33.49,-121.24,6363.0,1,0,1,0.3,8,1.44,1993
337997.99,3.48,28,5.8,0.8,2190,2.86,33.12,-116.79,4698.0,2,0,0,10.5,9,1.75,1996
309500.57,3.57,28,6.9,1.0,1035,3.31,38.2,-114.27,1089.0,2,0,0,1.4,5,0.96,1996
220060.87,1.57,30,3.3,1.7,1630,5.89,40.75,-114.7,2176.0,2,1,0,1.3,10,0.8,1994
341414.34,4.41,18,5.6,0.9,853,4.07,37.35,-115.77,3834.0,1,1,1,21.5,7,0.86,2006
334065.16,3.02,44,7.5,1.3,646,2.35,34.5,-123.97,3753.0,3,0,1,6.3,7,1.32,1980
194246.18,2.35,27,4.0,1.1,2134,2.63,35.77,-118.12,5327.0,2,0,1,41.1,7,1.1,1997
285412.23,2.88,35,7.2,1.1,2150,4.45,35.92,-115.73,2614.0,2,0,1,18.9,8,1.24,1989
268813.13,1.34,26,7.1,1.0,1836,2.53,36.79,-120.31,1620.0,2,0,1,5.2,8,1.15,1998
227328.95,3.2,39,3.6,0.6,1432,5.04,36.5,-116.82,3886.0,3,0,1,17.2,8,1.47,1985
187690.97,1.8,49,6.0,1.4,1029,3.92,38.88,-123.05,2349.0,3,0,0,30.1,6,1.21,1975
280382.66,1.58,51,5.7,1.4,761,1.37,35.73,-122.64,5987.0,2,1,1,8.6,7,0.87,1973
234523.27,1.48,18,5.2,0.8,737,4.04,38.8,-117.74,4172.0,4,0,0,12.4,5,0.96,2006
328250.4,4.24,33,3.2,0.9,1115,0.41,37.69,-119.91,2478.0,1,1,0,3.7,6,1.47,1991
272034.17,2.11,25,5.1,1.6,4092,2.58,32.96,-122.21,3243.0,2,1,1,7.7,7,1.03,1999
346366.47,5.02,31,5.3,1.0,2175,4.03,41.24,-121.53,5209.0,2,0,1,13.0,2,1.38,1993
244397.21,2.19,37,3.0,1.1,2411,0.76,34.19,-118.0,3886.0,4,0,1,14.3,7,1.23,1987
168227.0,1.37,2,3.5,0.7,662,5.44,36.79,-116.88,3194.0,2,0,0,19.1,7,1.46,2022
156879.07,1.74,33,4.1,1.1,2097,4.16,41.5,-122.32,3381.0,2,0,0,47.3,5,1.62,1991
282996.82,4.46,39,3.9,0.7,2367,1.83,34.85,-114.47,2559.0,4,0,0,27.4,9,0.98,1985
206096.93,2.55,43,6.0,0.8,6429,4.82,32.71,-124.41,3664.0,2,0,0,28.6,3,1.54,1981
283099.04,2.18,43,6.9,0.7,1781,0.71,37.16,-117.15,3015.0,4,1,0,12.2,3,0.9,1981
302019.43,2.9,32,5.0,1.5,1319,1.79,34.63,-121.44,1775.0,3,1,0,2.3,9,1.46,1992
301730.04,3.32,18,6.6,0.4,979,1.3,38.03,-119.48,3692.0,1,0,1,15.1,9,1.06,2006
368703.19,4.25,17,6.9,1.2,1896,0.63,40.26,-118.52,3927.0,1,0,0,7.8,6,0.55,2007
383236.98,4.85,34,5.4,1.0,1547,2.6,37.36,-118.6,4932.0,2,1,1,0.5,10,1.81,1990
252024.77,2.35,39,6.1,1.8,4438,3.23,38.63,-116.35,1350.0,1,0,0,3.3,10,1.17,1985
191821.14,1.6,7,5.2,1.5,3720,3.19,38.83,-115.85,3408.0,2,0,0,21.3,4,1.42,2017
229982.31,2.3,42,3.8,0.5,815,3.16,40.3,-123.73,2455.0,3,0,1,15.0,7,1.13,1982
208723.32,3.02,35,4.4,0.8,1776,3.06,39.04,-117.12,3968.0,2,0,1,57.5,3,1.46,1989
196577.03,1.85,30,6.0,1.1,12810,1.58,41.77,-120.31,1610.0,2,0,1,38.5,6,0.98,1994
231645.31,1.85,12,5.3,0.8,559,2.4,36.83,-115.9,5699.0,4,0,0,13.5,3,1.06,2012
284774.55,3.12,35,6.6,1.6,1557,-0.3,32.98,-118.11,1743.0,1,0,1,2.5,4,1.38,1989
253607.97,2.67,11,2.7,1.2,3301,4.3,36.24,-124.39,2316.0,2,0,1,6.1,9,1.17,2013
238092.22,2.75,44,3.0,1.0,1495,3.11,40.48,-117.5,11569.0,0,0,0,4.0,9,0.91,1980
244275.19,2.01,4,3.2,1.6,1397,3.08,33.76,-114.78,3123.0,2,0,0,9.5,9,1.33,2020
249993.71,2.48,25,5.7,0.5,1241,3.94,39.49,-123.63,5143.0,3,0,0,24.2,2,1.31,1999
170515.14,1.88,48,3.4,1.0,771,4.02,37.59,-119.31,3374.0,3,0,0,25.9,7,1.15,1976
426332.81,3.88,32,6.0,1.2,1579,2.57,41.06,-117.93,5621.0,3,1,0,2.9,8,1.01,1992
328790.08,4.11,20,6.6,1.0,4108,2.86,39.45,-122.44,4457.0,2,0,0,11.9,8,1.17,2004
222987.59,1.3,50,7.8,-0.5,653,4.88,38.77,-117.67,2000.0,3,0,0,16.9,7,1.45,1974
229987.43,1.87,31,7.6,1.3,2238,2.3,40.93,-123.98,1226.0,2,0,0,7.6,4,1.09,1993
199266.84,1.49,4,4.5,1.4,4286,4.87,41.13,-114.99,1575.0,2,1,0,35.4,8,0.71,2020
196055.23,2.1,38,3.0,0.6,1778,2.58,36.16,-116.49,2316.0,2,0,0,6.7,9,1.14,1986
238756.19,2.63,47,4.6,0.0,1290,0.71,41.31,-114.62,3954.0,2,0,0,10.1,5,1.19,1977
269623.32,1.52,1,7.0,0.8,3100,3.11,33.02,-120.11,4918.0,4,0,0,13.3,7,1.26,2023
235917.49,1.88,3,4.9,1.0,879,2.57,39.74,-124.14,2912.0,4,0,0,8.4,7,1.25,2021
201071.84,1.82,37,5.5,1.0,2533,1.38,35.7,-120.91,3239.0,4,0,0,49.7,8,1.39,1987
257050.91,2.95,22,4.7,0.1,1582,2.9,37.13,-119.08,937.0,0,0,1,21.4,9,1.16,2002
292822.67,2.79,17,7.9,1.2,1900,2.42,40.44,-114.67,2586.0,3,0,0,26.5,7,1.15,2007
196377.75,2.04,14,4.0,1.6,6913,5.25,38.55,-115.23,2844.0,3,0,1,21.0,7,1.28,2010
278680.54,2.92,41,5.6,1.6,4559,4.16,36.85,-118.26,3731.0,3,0,0,13.3,5,0.69,1983
273743.44,2.18,35,7.2,1.7,5914,1.85,34.06,-116.84,2533.0,2,1,0,0.4,4,1.07,1989
304033.46,2.44,13,8.3,0.5,939,2.11,41.42,-114.48,2321.0,3,0,1,21.7,2,1.08,2011
338640.61,5.31,35,4.5,1.5,798,4.2,35.66,-115.57,7663.0,2,0,1,14.2,8,1.14,1989
364881.2,4.65,43,6.9,0.6,2626,4.46,33.46,-117.58,1496.0,3,0,0,1.3,6,0.85,1981
237569.1,1.62,2,4.6,1.5,2343,2.6,37.86,-118.83,5903.0,3,0,1,1.9,3,1.23,2022
365844.85,3.79,47,7.6,0.7,371,2.42,36.36,-119.5,4072.0,3,0,0,9.8,7,1.12,1977
323950.48,3.76,13,8.1,1.3,2368,2.85,38.11,-116.56,2799.0,3,0,0,28.7,6,0.76,2011
189349.56,1.72,51,4.2,1.9,9300,3.35,34.72,-116.01,8966.0,1,0,0,12.1,10,1.03,1973
312182.5,3.77,16,6.5,1.6,8247,3.87,36.1,-122.21,2886.0,4,0,0,37.8,6,1.22,2008
341070.38,5.03,18,7.2,0.6,1033,3.93,41.74,-119.52,1942.0,2,0,1,25.4,4,1.53,2006
203364.79,1.73,7,5.1,0.5,3193,1.73,41.4,-116.4,3318.0,2,0,0,14.9,7,1.66,2017
250368.2,1.88,45,6.3,1.5,887,2.57,40.71,-117.41,4619.0,2,1,0,5.6,8,1.16,1979
352881.15,4.08,36,6.4,1.8,1674,0.49,39.9,-118.29,3930.0,3,0,0,28.7,7,1.54,1988
332077.57,3.03,41,8.5,1.3,938,2.97,33.99,-121.1,2275.0,3,1,0,16.1,8,1.5,1983
289718.23,3.39,30,2.5,0.8,709,1.33,36.94,-118.1,4157.0,4,1,1,12.1,5,1.36,1994
259598.19,3.12,42,5.4,1.1,3665,2.12,39.42,-118.07,1263.0,1,1,0,10.4,7,0.94,1982
326649.77,3.18,41,3.6,1.3,2273,4.32,34.99,-119.96,5888.0,2,1,1,3.6,8,1.39,1983
227160.3,1.6,7,5.5,1.1,2579,3.47,32.81,-114.42,4447.0,2,0,1,0.2,3,1.0,2017
316742.75,4.13,15,4.3,0.6,3000,3.42,36.47,-117.64,1008.0,3,0,0,18.9,5,1.45,2009
273951.97,4.34,40,5.1,1.6,2117,3.0,36.54,-115.57,2068.0,2,0,0,37.8,7,1.14,1984
266015.46,2.48,19,4.2,2.0,788,4.68,33.12,-123.15,5559.0,3,0,1,3.0,7,1.16,2005
240796.0,2.67,43,5.7,1.8,2139,2.25,35.55,-116.55,2657.0,4,0,0,40.9,8,1.38,1981
228353.67,1.47,37,7.1,0.0,1518,3.2,41.21,-118.18,2929.0,2,0,1,1.1,4,1.68,1987
364098.68,3.34,2,4.9,1.7,1551,3.13,34.88,-121.26,6021.0,3,1,1,12.1,9,1.34,2022
349346.47,3.42,42,7.6,1.4,849,2.58,37.91,-123.07,2216.0,2,1,0,1.8,7,1.76,1982
242303.69,2.65,48,7.1,0.8,541,5.57,37.13,-120.51,1020.0,2,0,1,33.0,5,0.94,1976
308749.16,4.26,13,8.6,0.1,1148,1.53,40.69,-119.87,5950.0,1,0,0,1.6,3,1.05,2011
279071.42,2.38,40,6.1,1.0,2796,0.78,38.71,-123.02,2396.0,3,0,0,4.3,10,1.13,1984
252270.95,3.41,41,5.4,1.3,1710,3.13,34.01,-117.46,2942.0,1,0,0,24.6,6,1.05,1983
199355.34,1.81,43,3.1,0.5,7529,2.28,33.86,-121.28,2705.0,2,0,1,17.5,5,1.45,1981
268382.01,2.69,43,4.3,1.7,1715,0.21,37.8,-116.04,2339.0,4,0,0,7.4,5,1.03,1981
246198.97,2.54,31,5.2,1.7,2113,3.45,32.94,-117.69,1936.0,2,0,1,27.2,5,1.03,1993
327620.61,2.97,16,5.4,1.3,1832,3.29,36.24,-121.24,2724.0,3,1,1,15.1,7,0.78,2008
299806.23,2.34,42,9.0,0.4,772,4.35,36.29,-120.72,1848.0,3,0,0,4.5,9,1.2,1982
240359.52,2.58,44,5.2,1.0,1777,2.33,34.37,-114.61,5917.0,2,0,0,20.2,5,1.54,1980
285624.61,3.78,6,2.8,1.5,769,0.77,35.36,-114.54,5475.0,2,0,0,6.1,6,1.37,2018
239098.08,2.28,28,6.5,1.4,1711,1.87,35.63,-120.11,3931.0,1,0,0,25.4,8,1.81,1996
265346.42,1.43,32,6.4,0.8,442,0.69,32.61,-117.37,3868.0,4,0,1,22.8,8,1.53,1992
348831.22,5.47,44,4.8,0.8,1710,4.8,40.16,-114.21,1274.0,2,1,0,5.5,2,1.54,1980
413774.55,4.72,10,8.7,0.7,2035,4.21,41.6,-114.06,5248.0,3,0,1,1.6,5,1.78,2014
157008.95,1.62,50,2.7,1.0,2156,4.54,35.25,-123.74,2381.0,3,0,0,25.8,4,1.39,1974
301255.85,3.58,18,7.4,0.9,573,3.8,33.56,-118.69,5855.0,1,1,1,6.8,2,0.85,2006
258290.71,2.22,4,5.1,0.8,2655,1.32,41.56,-116.87,6965.0,3,0,0,5.9,9,1.39,2020
293190.79,3.02,9,4.1,1.0,3063,2.52,39.54,-122.54,2642.0,0,0,0,0.3,7,1.36,2015
280510.89,3.06,7,9.1,1.1,840,3.95,40.97,-115.87,971.0,2,0,0,19.4,7,1.15,2017
299213.67,2.47,50,6.6,1.6,3977,0.96,35.93,-119.58,3347.0,2,0,0,4.8,9,0.98,1974
268191.77,1.99,8,5.1,0.2,2102,3.53,37.1,-119.27,1671.0,4,1,1,8.6,7,1.4,2016
238371.48,2.06,43,5.0,1.7,1723,3.93,41.34,-121.62,2209.0,4,1,1,34.5,7,1.14,1981
248133.95,1.88,7,5.9,0.7,2847,5.72,36.87,-121.35,2683.0,2,1,0,2.0,5,1.09,2017
220720.49,1.95,41,4.8,2.0,6615,4.15,38.88,-123.62,4788.0,2,1,0,0.6,7,1.83,1983
291485.9,2.65,40,7.4,1.4,1615,3.57,39.2,-114.72,3733.0,3,0,1,12.3,8,1.6,1984
263363.95,2.04,3,5.6,1.4,1217,3.03,40.45,-120.49,6435.0,1,0,0,18.1,9,0.77,2021
353161.26,3.57,17,7.0,1.0,9552,3.65,41.76,-122.8,2004.0,3,0,0,11.3,6,1.98,2007
326952.29,4.93,2,5.8,2.1,1574,3.73,35.68,-123.01,5237.0,2,0,0,6.2,5,1.29,2022
267168.68,2.16,15,6.8,1.1,2424,0.51,34.85,-120.22,4392.0,1,0,1,6.7,7,1.43,2009
363761.1,2.99,46,7.5,1.9,1573,3.26,33.24,-117.86,4174.0,3,1,0,2.4,10,1.51,1978
353644.58,3.32,29,8.0,0.8,499,-0.17,40.64,-116.33,5197.0,2,1,0,5.6,3,1.58,1995
325041.2,3.28,50,6.2,1.5,1413,0.3,35.28,-114.79,4512.0,2,1,1,21.3,1,1.48,1974
218706.71,2.8,48,4.2,2.0,4398,3.05,32.97,-117.83,1328.0,2,0,1,10.4,2,1.0,1976
284296.66,3.66,22,5.2,0.7,945,3.57,40.72,-120.08,2233.0,2,0,0,33.2,9,1.39,2002
247697.14,3.3,4,5.5,1.3,5190,1.41,37.34,-120.07,4853.0,3,0,0,2.8,1,1.53,2020
214712.62,1.66,6,4.6,0.7,3330,4.31,40.46,-118.47,3797.0,3,0,1,8.8,5,1.58,2018
303155.67,3.85,38,4.4,1.3,809,4.82,37.77,-118.85,5012.0,2,0,1,18.1,10,0.9,1986
303095.22,3.88,26,5.8,2.0,689,3.97,35.48,-117.77,3301.0,2,0,0,4.8,8,1.44,1998
247561.09,2.0,11,4.0,0.6,674,2.97,33.73,-119.21,2286.0,3,1,0,4.7,5,1.48,2013
303671.98,2.76,26,3.7,1.2,1303,3.37,36.65,-123.88,1978.0,4,0,1,1.7,5,0.97,1998
230402.42,3.57,17,3.0,0.7,756,3.14,32.75,-119.24,1309.0,1,1,0,33.5,7,1.41,2007
278194.5,2.5,24,6.2,1.0,4797,3.26,38.22,-124.26,3880.0,3,1,0,2.8,3,1.14,2000
330574.19,4.18,28,6.0,1.4,701,1.77,36.56,-122.6,1446.0,2,1,1,52.7,8,1.02,1996
528266.38,7.0,35,5.0,1.0,885,2.55,33.84,-120.43,2982.0,3,1,1,8.9,7,0.94,1989
215728.0,1.98,31,7.0,1.9,6094,3.07,37.54,-118.71,2814.0,2,0,1,60.1,6,1.13,1993
230611.63,1.56,13,4.0,1.3,1464,3.4,40.11,-122.56,5204.0,3,0,1,0.6,7,1.44,2011
308094.64,3.07,35,6.1,0.4,2533,3.71,41.76,-121.6,9384.0,2,1,0,12.6,5,0.49,1989
296420.63,3.63,16,5.6,1.3,2621,1.8,37.51,-120.57,2456.0,1,0,0,17.6,5,0.84,2008
217999.43,2.48,15,4.4,1.8,564,2.79,33.73,-122.43,3876.0,0,0,0,10.9,3,1.06,2009
331372.65,4.86,43,4.8,1.4,3436,2.68,40.2,-114.01,2978.0,2,0,1,12.7,7,1.56,1981
204888.4,1.59,18,4.6,1.2,2953,5.35,39.11,-116.05,1905.0,2,0,1,11.6,7,1.18,2006
370187.57,3.59,47,5.9,1.0,3047,3.3,41.56,-115.99,5382.0,2,1,1,2.4,8,1.58,1977
294226.48,2.13,37,6.4,1.1,1050,3.81,37.58,-118.53,3641.0,3,0,0,11.4,9,1.08,1987
328899.83,5.41,48,4.9,1.1,2274,4.2,35.89,-114.41,4002.0,3,0,0,11.7,10,0.74,1976
364081.63,6.03,48,4.4,-0.1,1574,4.02,41.65,-116.81,4669.0,3,0,0,6.6,5,0.77,1976
230734.13,2.0,49,5.7,1.3,1947,0.56,37.62,-121.03,4686.0,4,0,0,14.0,4,1.03,1975
189029.38,2.18,41,3.0,1.6,970,2.79,32.65,-118.09,2745.0,2,0,1,8.0,9,0.71,1983
314936.26,3.83,27,5.6,0.7,1552,3.81,37.0,-118.79,5040.0,3,1,0,21.1,6,1.23,1997
322275.83,2.33,35,7.8,1.2,3950,3.16,32.52,-118.41,2748.0,4,0,1,0.6,8,1.77,1989
224307.02,2.67,45,4.4,1.3,387,1.0,39.51,-115.91,1633.0,2,0,1,0.2,4,0.8,1979
218201.6,2.75,35,5.2,1.5,1349,1.75,37.88,-119.15,3825.0,2,0,0,11.1,5,1.44,1989
197607.41,1.26,28,7.0,1.1,3013,1.93,33.54,-116.85,5870.0,2,1,1,68.0,1,1.64,1996
327144.68,2.7,39,6.6,1.4,757,3.39,40.22,-121.87,2134.0,4,0,1,8.8,10,1.08,1985
209582.68,2.06,38,5.6,0.5,2490,3.28,37.6,-114.71,1352.0,2,0,1,0.2,1,1.12,1986
266202.58,2.23,9,5.4,0.6,2631,4.83,33.58,-123.59,3175.0,2,1,0,5.7,4,0.82,2015
268157.57,4.84,12,3.6,1.3,1599,3.02,34.02,-114.07,1766.0,2,0,1,9.4,7,0.79,2012
227104.77,1.64,15,6.2,1.0,2300,3.24,40.31,-117.86,2244.0,2,0,0,34.7,9,1.26,2009
324219.88,3.76,21,3.5,0.3,6653,1.4,35.88,-119.57,3125.0,3,0,0,1.9,8,1.89,2003
204106.32,2.43,35,2.4,1.3,1055,2.81,40.3,-121.24,678.0,3,0,1,38.7,5,1.03,1989
276408.21,2.43,42,7.0,0.5,595,5.73,33.16,-120.25,2372.0,2,1,0,42.2,9,1.39,1982
307661.61,3.73,33,6.1,2.5,1287,3.41,34.82,-116.28,2461.0,2,0,0,15.4,3,0.92,1991
311760.73,3.11,51,6.8,0.0,815,2.33,39.76,-123.04,7515.0,1,1,0,3.8,6,1.01,1973
281243.64,3.42,19,4.4,1.1,2460,3.5,38.6,-121.85,2757.0,2,0,0,11.5,5,0.89,2005
306001.21,4.0,23,6.2,0.5,1255,4.25,35.41,-123.2,8656.0,1,0,1,25.4,8,0.98,2001
244363.51,2.38,13,4.8,1.6,2952,3.6,41.39,-120.02,5529.0,3,0,1,6.6,2,1.23,2011
234414.8,2.13,44,5.0,0.9,2282,4.0,34.51,-120.43,3730.0,1,0,0,35.4,9,0.69,1980
314035.42,1.76,1,7.0,1.6,1045,4.15,40.57,-117.69,3565.0,1,1,1,1.4,10,1.16,2023
221311.22,1.95,51,5.3,1.5,864,3.19,39.11,-114.04,3507.0,1,0,0,5.5,5,0.57,1973
464714.79,8.84,29,4.5,0.6,593,3.39,33.65,-115.13,3190.0,2,0,0,74.9,9,1.06,1995
339147.55,4.47,24,3.5,0.7,4192,2.28,37.77,-115.26,1422.0,2,1,1,13.2,9,0.83,2000
253369.21,1.58,16,6.0,0.9,2750,2.27,41.33,-117.72,3547.0,3,0,0,13.4,7,1.62,2008
241524.51,1.6,25,7.1,1.1,1301,2.9,38.38,-121.66,3127.0,2,0,1,4.1,7,1.26,1999
285592.25,3.3,23,4.3,1.0,2936,1.41,37.52,-120.47,3311.0,3,1,1,29.2,8,1.14,2001
328808.22,3.38,28,6.5,1.5,747,3.44,35.98,-121.87,7122.0,3,0,0,8.4,7,0.78,1996
301058.92,3.39,47,4.1,1.2,897,2.04,39.99,-123.08,2687.0,3,0,0,23.7,8,1.19,1977
206708.86,2.45,16,6.6,0.8,828,3.21,41.17,-119.92,1750.0,1,0,1,25.0,3,1.11,2008
222396.29,2.59,43,5.5,0.6,2255,3.62,39.66,-115.08,2252.0,2,0,0,2.9,5,1.27,1981
271945.44,3.1,38,5.9,0.7,1114,1.42,39.39,-116.69,4526.0,1,0,0,10.5,6,1.13,1986
253803.76,2.81,11,4.5,1.3,564,3.49,34.33,-114.16,3437.0,2,0,0,7.3,5,0.97,2013
225888.03,1.12,3,6.0,1.0,1945,0.52,40.42,-122.45,3050.0,2,0,1,2.5,5,1.19,2021
253092.09,2.48,15,4.6,2.1,2859,3.71,32.89,-119.24,1500.0,2,0,0,2.0,8,0.76,2009
211949.04,1.93,1,4.9,1.1,1621,3.72,39.69,-116.17,5426.0,2,0,0,0.7,4,0.37,2023
232987.65,2.92,7,3.2,1.2,4499,3.8,34.5,-119.67,2195.0,3,0,1,18.2,4,0.92,2017
505715.71,8.97,1,4.3,0.2,3436,3.41,37.13,-120.77,3570.0,3,0,1,22.9,5,0.77,2023
324459.6,3.15,49,4.7,0.4,4424,2.38,39.1,-115.93,2835.0,2,1,1,9.6,4,1.55,1975
246248.35,2.4,32,6.0,0.5,3384,2.42,39.71,-119.98,1347.0,0,0,0,12.4,5,1.58,1992
388615.85,3.93,9,6.4,0.8,2183,2.26,40.94,-114.91,3587.0,2,0,0,4.6,8,1.41,2015
272107.52,3.3,29,4.6,0.4,668,4.24,35.18,-121.68,1637.0,2,0,1,18.8,6,1.16,1995
268576.03,3.22,26,5.3,0.5,1370,5.03,34.63,-115.09,3527.0,1,1,0,13.2,6,0.9,1998
287437.6,3.47,23,8.0,1.4,1199,3.1,41.96,-121.58,2294.0,2,0,0,32.1,7,1.19,2001
417398.16,6.19,45,5.7,0.7,888,1.81,34.47,-121.46,2708.0,4,1,0,20.6,3,0.91,1979
274548.12,1.73,43,4.7,1.1,1141,2.67,38.82,-120.08,4250.0,3,1,0,0.3,10,0.96,1981
297579.81,3.29,29,3.0,1.4,560,4.17,41.55,-119.08,1586.0,3,0,1,24.9,9,0.96,1995
214047.81,1.88,38,4.2,1.6,3667,3.66,41.02,-120.11,14035.0,3,0,0,0.4,5,1.45,1986
260942.96,3.39,33,4.2,1.2,775,3.04,36.71,-115.45,1953.0,3,1,1,25.2,3,1.11,1991
253036.54,1.88,7,8.5,1.3,3465,2.68,38.56,-116.15,4226.0,2,0,0,65.5,7,0.42,2017
211393.89,2.3,12,4.2,1.6,5225,0.97,37.53,-121.25,4679.0,2,0,0,9.8,7,0.94,2012
271399.21,2.42,31,5.6,1.3,979,2.74,35.79,-119.13,6398.0,2,0,1,3.9,6,1.16,1993
371856.64,4.02,32,6.1,1.6,1160,2.53,33.87,-119.97,2134.0,3,0,0,0.1,6,1.24,1992
371696.1,3.93,20,7.2,0.0,2694,2.49,40.13,-123.91,2051.0,3,0,0,2.4,7,0.74,2004
238359.35,1.65,51,5.5,1.1,1275,3.34,33.36,-116.64,5159.0,0,1,0,10.5,9,1.39,1973
279122.93,2.78,17,4.7,1.1,953,5.1,38.29,-122.59,3914.0,4,1,0,24.6,4,1.5,2007
204897.2,2.05,36,4.6,1.0,2572,3.02,38.15,-114.69,3958.0,2,1,1,30.8,7,1.32,1988
253116.84,1.64,3,6.0,1.2,999,3.72,35.68,-120.32,5996.0,2,0,0,17.3,6,1.21,2021
225555.54,2.49,1,4.5,0.9,9998,2.93,33.79,-117.97,3127.0,2,0,1,1.4,7,1.36,2023
177856.16,2.4,50,3.8,1.5,2833,2.93,40.1,-115.91,3263.0,1,0,1,71.2,9,1.31,1974
421936.93,7.18,27,4.7,0.8,3088,4.37,36.89,-122.61,5794.0,3,0,1,20.6,7,0.91,1997
269639.69,3.23,47,3.5,1.0,1682,3.45,39.39,-118.82,3256.0,2,0,1,8.3,8,1.49,1977
275129.64,1.57,40,8.3,1.8,8025,3.93,32.66,-122.01,1795.0,2,1,1,25.2,9,1.53,1984
261933.97,2.17,33,6.4,1.8,998,4.49,33.21,-119.15,1902.0,2,1,1,13.3,6,0.67,1991
328655.16,4.09,20,7.9,1.2,3322,3.44,34.17,-118.42,2608.0,3,0,0,13.8,6,0.75,2004
462876.09,6.27,14,6.2,0.8,619,3.29,33.58,-122.72,3562.0,2,0,0,53.3,5,1.27,2010
265974.91,1.44,36,7.8,0.3,11326,3.88,34.32,-118.4,4813.0,1,1,1,24.2,8,1.29,1988
235184.24,1.28,5,6.1,1.0,3483,2.22,39.02,-119.72,9885.0,3,0,0,4.6,5,1.47,2019
445017.75,5.75,23,6.6,1.4,852,2.24,32.95,-119.02,2635.0,2,1,0,2.9,5,1.48,2001
245372.41,3.18,45,2.3,0.7,2753,2.09,32.86,-115.0,1479.0,0,0,1,2.8,10,1.36,1979
213706.32,1.92,15,4.1,1.1,4231,2.41,32.8,-119.42,1343.0,2,1,0,9.1,8,1.18,2009
318966.12,3.37,6,5.6,0.9,884,1.58,39.13,-119.5,2678.0,2,0,0,7.4,8,0.91,2018
225860.01,0.95,33,5.6,0.2,1251,1.01,37.59,-119.56,2966.0,3,0,1,9.0,10,1.47,1991
269007.82,2.72,19,5.4,1.2,816,2.01,36.02,-117.96,4053.0,2,0,0,1.0,10,1.4,2005
289951.36,3.1,13,6.2,1.3,2652,0.18,38.92,-120.64,10134.0,2,0,1,3.4,6,1.47,2011
323734.66,3.93,29,6.2,1.2,2091,3.34,37.76,-116.09,4060.0,1,1,0,24.0,7,0.81,1995
315258.22,1.81,6,6.8,1.9,1854,3.12,32.57,-121.5,3112.0,3,0,1,21.3,9,1.54,2018
256996.02,2.81,15,6.5,0.9,949,3.89,40.47,-121.35,4918.0,2,0,0,7.5,2,1.52,2009
238675.05,1.88,16,7.3,0.9,1532,1.88,35.83,-118.32,1351.0,3,0,0,7.4,9,0.91,2008
296699.03,3.01,24,7.3,2.2,1019,3.6,36.3,-121.77,3377.0,3,0,0,32.3,9,1.26,2000
262607.66,1.9,23,5.8,0.5,2664,2.03,39.93,-123.56,1321.0,2,0,0,3.0,7,1.33,2001
361872.86,2.31,48,8.6,0.8,778,3.93,34.28,-122.34,6026.0,3,1,1,6.6,7,1.48,1976
207215.09,1.83,10,7.5,1.3,954,0.81,32.6,-114.91,1517.0,2,0,0,21.6,2,1.15,2014
277149.32,3.53,41,4.3,1.7,3471,2.72,41.13,-124.39,4902.0,2,1,1,12.8,7,1.12,1983
362860.37,3.83,41,6.1,1.6,1271,2.52,37.3,-123.1,4474.0,3,0,0,0.9,4,1.19,1983
224445.84,2.47,49,2.7,0.6,7396,3.96,35.82,-116.54,6228.0,3,1,0,0.2,5,0.92,1975
217403.69,2.76,17,3.0,1.9,2115,3.94,40.28,-114.21,1881.0,3,0,0,0.3,8,1.21,2007
217949.43,1.52,49,4.8,1.3,423,4.46,32.75,-117.27,2895.0,2,1,0,16.0,7,1.36,1975
239159.01,2.41,44,4.2,0.7,626,0.58,34.42,-114.82,4873.0,2,0,1,14.6,8,1.39,1980
314148.36,2.66,45,4.8,0.7,1127,4.8,33.98,-115.52,3546.0,3,1,0,0.7,9,1.12,1979
506492.45,7.75,30,6.0,1.1,3275,1.89,39.51,-119.46,3810.0,2,0,0,2.1,4,1.4,1994
220680.0,1.74,44,7.3,2.2,3019,5.05,35.46,-121.0,4311.0,2,0,0,19.2,5,1.25,1980
332004.09,4.88,46,7.3,1.2,1227,5.67,39.84,-117.86,2525.0,1,0,1,5.6,7,1.21,1978
311771.69,4.05,10,6.1,2.2,4845,4.43,32.89,-118.9,1842.0,3,0,1,71.8,9,1.79,2014
320448.72,3.04,19,3.9,1.5,2351,1.97,38.28,-124.23,2008.0,4,1,1,5.6,8,1.28,2005
433740.54,5.49,29,4.7,0.5,1400,1.51,35.52,-114.45,2851.0,2,0,0,6.1,7,1.16,1995
274755.01,3.15,2,6.5,1.8,4621,2.15,34.28,-118.51,2053.0,2,0,0,8.2,8,1.24,2022
275361.51,3.18,36,4.3,0.6,947,3.68,40.26,-115.32,2584.0,3,0,0,26.4,6,1.2,1988
262304.59,2.66,19,3.6,0.8,2818,1.72,36.42,-116.79,2946.0,3,0,0,12.2,6,1.14,2005
324062.31,4.43,7,6.2,1.2,3058,0.77,37.93,-120.92,6370.0,4,0,0,29.2,10,1.41,2017
333516.06,4.21,26,5.4,1.1,2965,4.3,32.81,-115.04,1722.0,2,1,0,8.4,9,1.23,1998
262430.85,2.12,15,5.2,1.5,1596,2.28,40.02,-116.2,2040.0,2,1,0,14.1,8,1.52,2009
240545.76,1.6,47,7.2,1.4,3629,4.1,35.23,-119.99,2918.0,2,0,0,0.1,8,1.16,1977
273560.27,2.51,38,7.1,1.0,7889,3.93,39.09,-115.67,1781.0,2,0,0,12.9,7,1.71,1986
322811.6,1.97,3,8.2,1.9,1596,3.24,39.72,-121.65,651.0,4,1,0,1.3,6,1.2,2021
268320.07,2.65,38,4.5,0.9,1908,4.01,33.61,-117.46,2191.0,2,1,0,3.2,6,1.21,1986
280422.55,4.46,16,6.1,0.6,3789,4.78,35.31,-123.3,2615.0,3,0,1,90.1,3,1.04,2008
244028.63,2.26,2,5.5,1.3,1461,3.92,39.37,-115.41,3265.0,2,0,1,15.2,3,1.31,2022
222335.59,2.67,31,6.0,1.1,1430,3.95,34.71,-116.84,1837.0,2,0,0,30.5,6,1.81,1993
293765.19,2.78,28,3.8,1.2,714,3.47,40.56,-122.9,6881.0,2,1,1,0.9,4,1.22,1996
306107.79,3.82,7,3.4,1.5,455,2.48,35.46,-124.28,4396.0,2,0,1,7.3,6,1.45,2017
186755.98,1.11,30,5.4,1.0,729,3.37,36.32,-120.41,1713.0,3,0,0,29.8,5,1.15,1994
207510.86,2.13,43,4.2,2.0,3605,3.25,33.45,-117.41,2196.0,2,0,0,7.9,6,0.46,1981
259352.02,2.96,7,6.9,1.2,794,3.59,33.9,-121.53,2114.0,3,0,0,4.4,6,1.69,2017
313909.49,4.39,36,3.2,0.9,2668,3.4,35.12,-114.28,1744.0,2,0,0,9.8,8,1.36,1988
258363.2,2.23,29,3.4,1.4,5932,2.45,32.96,-114.69,5291.0,1,1,0,9.5,8,1.98,1995
135742.75,1.28,24,4.9,1.1,2052,4.37,34.33,-118.22,1749.0,2,0,0,70.1,8,1.24,2000
229113.66,3.48,39,3.2,1.2,892,2.37,36.38,-121.19,3141.0,3,0,0,6.6,6,1.15,1985
248258.56,2.11,4,8.0,0.5,1626,3.47,36.11,-115.09,2300.0,3,0,0,47.3,8,1.2,2020
167957.51,1.69,29,5.2,0.6,2450,3.62,34.39,-116.06,2698.0,3,0,0,36.5,9,1.41,1995
213906.66,2.12,44,4.6,1.6,2460,1.74,33.26,-123.6,4987.0,2,0,0,9.0,5,1.15,1980
274436.66,2.52,5,6.2,0.5,1985,4.87,35.52,-119.5,3494.0,2,0,1,43.5,8,1.07,2019
220524.51,2.13,29,6.8,1.0,2996,2.95,39.58,-114.2,3575.0,2,0,0,19.6,3,0.98,1995
184334.26,1.12,30,5.8,1.3,4022,1.81,37.35,-119.73,3491.0,3,0,0,32.4,7,1.21,1994
302199.34,3.89,29,5.4,1.8,1231,3.0,41.49,-114.7,3796.0,2,0,1,33.4,4,1.48,1995
341006.25,4.53,26,4.0,0.9,5562,1.83,33.83,-114.24,1765.0,3,0,1,1.3,9,1.3,1998
279675.64,3.53,19,6.4,1.5,2353,2.3,34.47,-120.43,2121.0,0,0,1,34.1,6,1.25,2005
282160.18,1.72,26,7.6,1.0,304,2.28,35.16,-114.37,3588.0,2,0,0,10.1,7,1.17,1998
247178.32,2.51,37,5.2,0.0,1555,2.84,32.62,-123.05,2077.0,3,0,0,15.2,7,0.89,1987
264690.1,2.71,27,4.2,1.1,1573,4.64,41.46,-122.82,2500.0,2,1,0,5.4,4,1.33,1997
314748.7,3.45,30,5.8,1.1,4290,3.13,36.73,-121.6,3419.0,2,1,1,15.6,4,1.02,1994
312915.83,3.55,51,5.5,1.3,1135,3.2,37.08,-119.59,5177.0,3,0,0,0.4,7,1.26,1973
185226.27,2.03,30,3.7,0.8,2037,2.43,34.0,-122.6,4570.0,1,0,1,7.0,6,1.57,1994
206762.51,2.81,3,4.7,0.8,580,3.34,40.79,-120.93,6630.0,2,0,1,14.9,4,1.13,2021
330805.89,3.26,43,8.2,1.7,930,2.96,39.08,-123.41,3208.0,3,0,1,3.3,6,0.91,1981
347756.71,4.87,7,3.5,0.9,3420,2.9,36.6,-119.98,3162.0,4,0,0,16.7,5,1.39,2017
266976.62,3.6,49,4.5,0.1,680,3.85,40.84,-115.81,2141.0,3,0,1,26.5,2,1.37,1975
289677.92,3.73,9,4.1,1.3,3915,1.87,41.1,-118.25,3934.0,1,0,1,0.6,6,0.93,2015
265921.48,2.81,41,4.2,1.5,4500,4.52,32.97,-115.99,5582.0,3,0,0,13.9,8,0.94,1983
322917.13,4.78,42,4.8,1.5,4880,-0.23,33.63,-123.08,2250.0,2,1,0,13.0,4,1.32,1982
329933.92,3.2,13,6.2,0.8,6224,2.89,32.76,-120.31,3726.0,3,1,0,22.9,7,1.53,2011
242138.46,1.93,15,7.5,1.1,3361,4.63,38.03,-124.09,5216.0,2,0,1,17.9,4,1.4,2009
315044.5,4.77,5,5.8,1.4,2541,4.45,34.57,-120.62,1964.0,2,0,0,9.1,3,1.05,2019
268225.55,3.59,29,4.5,1.6,2968,3.19,40.53,-118.05,3923.0,4,0,1,6.6,3,1.63,1995
255527.51,2.28,35,7.8,1.4,1914,2.03,36.93,-118.53,4036.0,4,1,1,63.7,5,1.07,1989
220818.31,2.24,27,2.4,1.5,1340,2.84,40.46,-123.87,979.0,2,1,1,10.5,7,1.56,1997
324992.85,3.06,27,6.5,0.7,3347,6.11,37.78,-123.85,2281.0,1,0,1,7.9,6,1.58,1997
224809.07,3.27,8,4.0,-0.0,2589,3.85,40.06,-121.3,1707.0,4,0,0,74.4,7,1.41,2016
301597.51,2.94,32,5.4,1.6,3656,0.96,36.03,-116.4,2308.0,2,1,1,3.0,6,0.98,1992
371465.26,3.08,20,6.3,0.6,1530,3.1,41.48,-124.28,2420.0,1,1,1,3.1,9,1.57,2004
293220.25,5.37,10,3.1,1.0,1641,2.28,38.84,-118.03,2926.0,2,0,1,56.2,9,1.78,2014
320688.48,4.17,13,5.7,1.5,2141,1.48,38.16,-122.57,4691.0,2,0,1,16.1,8,1.56,2011
253854.77,2.93,29,5.8,1.1,1633,3.58,35.85,-114.58,5485.0,1,0,0,11.0,6,0.89,1995
361316.42,3.96,35,7.7,1.5,17561,1.84,41.4,-119.98,3253.0,4,0,0,1.1,5,0.84,1989
348695.46,1.8,8,9.6,2.3,8497,4.86,35.71,-124.0,5704.0,2,0,0,6.6,8,1.33,2016
307987.85,3.19,29,3.2,1.4,1814,4.61,40.44,-117.01,4515.0,2,0,0,8.5,10,0.85,1995
407905.08,5.61,31,7.6,0.7,1628,2.12,36.34,-119.41,2856.0,2,0,0,10.7,8,1.26,1993
242752.41,2.49,41,5.4,0.4,2583,2.05,39.79,-115.25,6204.0,2,0,1,8.6,6,1.2,1983
190397.99,1.94,30,4.3,1.4,1282,3.81,41.16,-117.66,3082.0,2,0,0,8.6,5,0.96,1994
202599.83,2.09,22,6.1,1.1,1265,4.22,36.92,-117.23,3374.0,4,0,0,79.0,8,1.47,2002
156592.37,1.76,21,3.5,0.4,1871,2.7,37.5,-116.44,1837.0,1,0,0,54.7,6,0.92,2003
271207.11,1.99,12,3.6,1.7,1343,4.17,35.64,-120.09,3569.0,4,1,0,1.4,7,1.43,2012
205354.53,2.34,11,2.9,1.5,2094,5.0,33.02,-116.18,3681.0,3,0,0,2.8,2,1.16,2013
207670.1,1.55,2,6.3,1.1,2431,3.4,38.7,-123.97,4597.0,3,0,1,42.6,8,1.21,2022
262293.28,2.74,50,6.0,2.2,141,1.77,33.64,-116.46,2664.0,1,0,0,5.8,5,1.17,1974
256895.34,3.9,41,4.3,1.6,387,3.94,35.86,-117.82,2072.0,2,1,0,14.2,8,1.18,1983
248374.39,1.89,2,7.8,0.6,917,3.17,35.82,-118.55,3658.0,1,0,1,24.0,8,1.67,2022
341851.97,4.99,34,4.5,1.7,2261,2.61,33.93,-121.16,4314.0,3,0,1,9.5,6,0.57,1990
347977.42,3.33,3,7.4,1.2,975,3.9,38.83,-123.3,2518.0,2,0,0,0.3,7,1.62,2021
344186.58,4.11,16,5.7,2.0,11476,4.45,34.16,-117.7,1958.0,2,0,1,26.4,7,0.59,2008
214854.11,2.09,51,4.5,1.6,3698,3.22,39.89,-119.55,2426.0,3,0,1,21.2,5,1.53,1973
288549.14,3.83,4,5.3,1.3,8661,0.27,34.87,-122.21,6593.0,2,0,0,0.6,4,1.17,2020
172815.51,1.76,23,3.6,1.3,3715,3.14,35.23,-124.04,1832.0,1,0,0,34.1,8,1.36,2001
273842.46,3.88,50,5.8,0.5,509,3.27,35.77,-118.84,1807.0,1,0,0,29.2,8,1.15,1974
304169.41,2.91,20,5.5,0.8,711,6.1,33.95,-123.17,7587.0,3,0,1,4.8,7,1.18,2004
326476.36,3.39,25,6.3,1.2,1200,3.16,36.63,-114.74,2756.0,2,1,1,1.3,5,1.23,1999
281626.21,1.7,30,6.8,0.4,694,2.79,33.26,-122.92,1617.0,2,1,1,7.7,6,1.26,1994
196197.26,1.9,18,5.7,1.3,4294,3.83,36.56,-124.16,1470.0,2,0,1,31.2,4,0.98,2006
258640.33,3.45,42,3.3,0.7,1592,2.64,35.73,-121.75,3972.0,3,0,0,9.9,8,0.82,1982
200386.77,1.86,11,6.9,0.9,2130,2.18,35.71,-122.66,3525.0,2,0,0,5.0,1,0.41,2013
258813.58,3.27,29,5.5,1.5,5438,1.09,38.78,-116.19,3988.0,2,0,1,4.0,1,1.19,1995
189808.57,1.57,17,2.7,0.8,8445,2.29,39.81,-121.46,1938.0,3,0,0,6.6,7,1.92,2007
248765.63,3.82,26,6.0,1.3,1455,0.71,35.88,-121.92,1646.0,2,0,0,76.6,6,0.7,1998
175504.87,1.66,23,6.1,1.2,606,3.34,34.99,-114.05,3903.0,3,1,0,31.6,4,1.71,2001
320854.91,3.39,48,5.0,0.6,698,3.26,37.2,-122.92,1767.0,3,1,1,11.9,8,1.27,1976
323156.3,3.49,20,5.2,1.5,4534,3.84,39.98,-123.61,2745.0,2,1,1,24.8,9,1.19,2004
246342.21,2.06,45,4.6,1.6,2236,1.76,38.62,-121.29,1915.0,1,1,0,5.7,5,1.41,1979
312579.95,3.43,2,6.1,1.6,887,1.27,32.86,-120.25,6796.0,2,0,0,14.3,7,1.12,2022
317685.61,3.02,24,5.7,2.1,3185,5.47,37.06,-116.52,4728.0,3,0,0,30.9,8,1.0,2000
298987.44,2.19,31,4.1,0.9,764,2.91,41.91,-114.47,11131.0,2,1,1,6.9,7,0.74,1993
237895.98,1.82,27,7.9,0.1,437,3.84,35.85,-116.48,4103.0,2,0,1,24.2,6,1.2,1997
213146.94,1.24,2,4.5,0.8,362,3.16,36.69,-116.87,3486.0,1,0,0,14.3,7,1.14,2022
207104.95,3.13,14,1.4,1.6,568,3.89,35.23,-114.09,4188.0,1,0,0,14.3,8,1.1,2010
224390.93,1.45,4,4.8,1.1,4563,3.27,37.23,-116.46,1358.0,2,0,1,0.6,9,1.48,2020
231154.45,2.82,49,7.0,0.4,1537,2.04,34.03,-123.03,1222.0,1,0,0,34.4,8,1.1,1975
215887.86,2.45,13,5.2,0.3,1759,3.65,34.85,-119.65,4254.0,2,0,0,22.5,6,1.45,2011
222360.31,3.57,36,3.0,1.8,2099,3.36,39.26,-119.21,2230.0,2,0,1,0.6,8,0.81,1988
251467.64,2.41,35,4.0,1.4,805,0.98,33.81,-121.3,2980.0,3,0,0,14.2,9,1.5,1989
206843.78,2.38,44,3.9,0.9,1231,3.35,41.3,-122.78,1320.0,0,0,0,20.6,7,1.59,1980
263018.26,3.64,8,4.6,2.0,1330,2.54,35.43,-117.03,2300.0,2,0,0,23.8,3,1.22,2016
304072.77,3.11,2,5.1,2.4,858,2.2,37.96,-121.59,2488.0,2,1,0,1.4,7,1.21,2022
273700.7,3.08,6,6.2,1.6,1225,4.17,35.56,-117.94,4734.0,2,0,0,15.3,7,1.43,2018
260082.27,3.28,31,5.7,1.5,1640,2.91,37.04,-121.11,3186.0,0,0,0,4.0,4,1.37,1993
204813.05,1.47,10,5.8,1.4,1482,2.95,41.09,-119.18,1495.0,2,0,0,9.0,5,1.05,2014
390116.78,3.68,44,8.2,1.5,2556,3.11,33.15,-120.96,2298.0,3,0,1,11.2,8,1.24,1980
366041.8,3.47,21,6.8,2.1,1225,2.96,40.64,-120.18,5191.0,2,1,0,0.4,10,1.88,2003
218221.55,1.81,42,6.7,0.6,6222,2.88,37.8,-116.81,2379.0,3,0,0,5.3,4,1.04,1982
226885.41,2.47,10,2.8,0.9,791,4.75,38.82,-115.22,4676.0,2,0,1,24.0,7,1.37,2014
240780.21,2.68,23,4.4,1.1,1182,2.18,33.03,-119.16,2268.0,3,0,1,27.7,7,1.35,2001
229326.7,2.58,3,3.1,1.4,2477,0.92,39.73,-118.09,3524.0,1,0,0,6.0,6,1.23,2021
276979.03,3.11,32,4.3,1.9,2963,3.05,33.71,-115.42,3070.0,3,0,0,8.7,9,1.57,1992
425365.55,4.82,20,6.7,1.3,688,1.87,41.67,-123.0,2824.0,2,0,1,26.7,9,1.71,2004
313617.43,4.19,10,4.9,1.4,1665,1.68,40.09,-122.8,1547.0,3,0,0,3.4,4,1.66,2014
265450.52,1.61,29,7.1,1.4,3427,2.98,37.18,-120.73,1330.0,2,0,0,19.7,8,1.45,1995
310856.91,3.49,41,6.5,1.1,501,3.33,41.28,-121.25,3367.0,2,0,0,7.8,8,1.62,1983
352752.65,4.63,51,5.6,0.9,1685,2.79,34.11,-114.14,3037.0,3,1,0,65.3,9,0.89,1973
286873.16,3.17,46,7.1,1.1,550,2.45,41.92,-118.58,2284.0,2,0,1,13.8,3,0.69,1978
379551.7,4.21,34,7.5,0.8,943,2.76,39.31,-119.0,1925.0,2,1,1,2.4,9,0.41,1990
378750.38,6.08,37,6.2,0.8,1936,2.94,33.43,-118.42,5821.0,3,0,0,2.8,5,1.04,1987
370054.58,4.09,20,5.8,1.3,1519,3.0,37.6,-115.31,4891.0,1,1,0,0.4,9,1.69,2004
304027.52,3.0,8,6.5,0.9,725,0.85,39.25,-121.94,4329.0,2,0,0,18.8,8,1.28,2016
289561.22,4.13,7,3.4,2.0,4803,4.05,38.32,-119.13,6675.0,3,0,0,8.8,8,0.95,2017
254075.46,2.88,6,5.3,1.2,1384,1.25,36.53,-121.65,1721.0,3,0,0,0.2,5,1.93,2018
298628.22,2.74,11,5.5,1.8,2807,2.19,34.86,-116.3,3421.0,1,0,0,1.6,8,0.95,2013
274090.94,2.36,44,4.9,0.5,6011,1.13,34.76,-116.34,1488.0,3,0,1,5.1,5,0.94,1980
334575.55,5.08,18,4.3,0.5,1052,3.2,41.31,-114.45,2438.0,0,0,0,8.3,6,1.01,2006
245356.5,1.96,51,7.0,1.0,2958,2.15,34.73,-119.81,2553.0,3,0,0,41.8,8,1.45,1973
396238.32,5.02,42,5.8,1.6,2520,2.78,41.64,-122.83,2122.0,2,0,1,11.7,7,0.82,1982
312930.01,3.32,29,5.9,0.9,594,2.11,34.5,-115.09,2922.0,2,0,1,33.7,6,1.35,1995
278276.24,1.55,25,7.6,1.0,4749,1.74,36.15,-115.15,8738.0,0,0,1,4.3,8,0.85,1999
322947.63,3.15,21,5.2,1.6,1960,-0.01,32.62,-122.04,3397.0,3,0,0,6.1,9,1.35,2003
161012.97,1.17,46,4.9,0.9,1180,2.29,41.08,-121.6,4866.0,2,0,0,31.9,7,1.39,1978
318867.42,3.49,3,7.5,0.7,494,1.55,33.49,-121.21,3139.0,3,0,1,10.1,5,1.04,2021
314876.21,3.87,18,3.3,1.5,652,3.62,35.89,-119.76,1290.0,2,1,0,13.4,7,1.12,2006
224202.9,2.14,24,5.6,0.4,1657,5.5,40.5,-115.8,2175.0,3,0,0,12.8,7,0.58,2000
289663.47,2.86,47,4.4,0.9,619,5.2,40.02,-122.98,2281.0,2,1,0,15.6,7,1.3,1977
375761.91,5.94,38,5.9,1.2,2999,2.9,40.49,-117.15,2918.0,3,0,0,13.3,8,1.16,1986
288986.35,2.22,10,6.4,1.4,1335,2.05,41.18,-120.8,4033.0,3,0,0,17.8,10,0.88,2014
248131.23,1.78,27,6.4,1.5,518,0.66,41.16,-122.45,4586.0,2,0,1,2.4,4,1.66,1997
336109.91,4.92,12,7.0,1.6,1063,2.5,39.82,-120.95,3549.0,2,0,0,18.6,5,1.24,2012
436272.35,5.96,7,5.1,0.9,772,1.91,38.03,-118.9,5066.0,3,1,0,2.4,8,1.16,2017
306435.2,2.72,17,5.2,1.6,679,2.12,37.83,-114.83,2151.0,3,1,1,6.2,7,1.61,2007
349020.79,4.07,1,6.3,1.4,307,1.04,32.62,-117.9,3947.0,2,0,1,26.7,8,0.62,2023
328659.13,4.65,50,6.8,1.5,1957,3.84,39.36,-118.13,3829.0,2,0,1,14.0,6,0.94,1974
196514.65,2.02,26,3.5,0.8,842,3.61,34.65,-123.36,4677.0,3,0,0,51.2,9,1.08,1998
269410.83,2.24,15,6.0,1.4,8113,1.9,40.37,-123.66,2066.0,3,0,0,4.4,6,0.61,2009
343410.56,4.45,51,4.9,1.0,4000,4.03,37.76,-123.14,7485.0,0,0,1,38.0,9,1.09,1973
321099.75,5.33,33,5.6,1.1,6668,3.07,41.88,-123.5,2010.0,1,0,1,15.4,6,0.59,1991
290275.06,3.4,37,5.0,1.2,3204,3.64,34.5,-118.45,2364.0,3,0,0,6.9,5,0.84,1987
215195.08,1.91,47,4.4,2.2,1132,3.93,39.37,-119.75,4329.0,2,1,1,23.2,4,1.28,1977
390994.01,6.02,31,4.0,0.6,2343,3.44,37.7,-124.45,1360.0,3,0,0,46.5,9,1.13,1993
256670.13,2.2,35,5.3,1.7,1419,2.02,41.35,-120.81,1869.0,3,1,0,22.7,9,1.26,1989
283569.65,2.38,1,6.0,1.8,2374,4.26,35.03,-123.16,3113.0,3,0,0,0.1,9,0.85,2023
323762.74,3.12,8,4.6,1.5,3688,3.93,33.06,-114.12,1198.0,3,0,1,0.2,8,1.1,2016
389120.0,5.06,12,7.3,0.8,2916,3.94,37.67,-119.67,2001.0,2,1,0,2.0,6,1.08,2012
298559.37,3.83,19,9.2,1.9,1820,1.4,37.46,-120.03,3115.0,1,0,0,28.5,6,0.64,2005
212808.04,3.21,25,6.1,0.9,1905,1.24,35.46,-117.74,1976.0,2,0,1,20.8,5,1.41,1999
303677.75,3.27,32,5.4,1.4,2155,4.82,41.87,-120.75,7266.0,4,0,0,15.3,8,1.61,1992
213384.95,2.77,12,4.1,1.2,4379,2.23,33.16,-116.99,4284.0,2,1,0,17.8,6,1.54,2012
277260.55,3.4,13,6.1,0.9,1222,3.3,37.91,-115.0,3735.0,2,0,1,14.5,8,0.67,2011
282254.87,0.99,28,7.7,1.4,1470,4.45,34.97,-119.26,3198.0,3,1,1,6.4,10,1.45,1996
327888.12,2.41,1,8.4,2.0,1204,4.96,32.52,-120.48,4374.0,1,1,1,19.1,5,1.05,2023
272813.26,2.99,51,7.6,1.2,2017,3.69,41.88,-119.02,3068.0,3,0,1,41.0,4,1.75,1973
194549.09,1.72,6,6.8,2.1,3008,2.37,37.08,-118.16,1816.0,2,0,0,20.8,4,1.16,2018
246397.83,3.17,8,6.1,1.0,2297,2.66,40.64,-115.6,3537.0,2,0,0,30.3,3,1.53,2016
196590.88,2.5,4,3.9,1.1,1726,3.44,40.48,-120.36,2084.0,2,0,0,4.1,8,0.85,2020
423988.21,5.49,5,5.4,0.5,4265,3.21,40.22,-123.96,3693.0,2,1,1,6.4,7,1.21,2019
406095.78,5.1,25,5.2,0.8,957,2.14,36.86,-117.88,3455.0,2,0,0,10.6,7,1.98,1999
298913.32,2.26,22,5.4,1.0,544,-0.18,41.01,-114.14,2174.0,4,0,1,9.6,7,0.79,2002
243262.12,2.56,28,4.4,0.9,2338,2.12,35.99,-115.53,8343.0,2,1,1,9.4,3,1.26,1996
251215.05,2.64,39,6.6,0.6,1750,2.74,36.38,-116.54,5638.0,4,0,0,15.3,5,1.42,1985
216174.17,2.27,23,5.1,0.7,1581,2.99,34.93,-122.65,2900.0,4,0,1,29.0,5,1.07,2001
236904.94,2.94,4,5.0,1.0,629,5.05,36.76,-116.64,3842.0,2,0,1,32.7,7,0.96,2020
217084.42,2.01,4,4.4,1.7,2119,4.28,41.87,-123.64,3523.0,2,0,0,2.4,9,1.59,2020
239046.91,1.73,47,5.8,0.4,7601,2.45,37.95,-119.31,2275.0,4,0,0,1.4,10,1.3,1977
378153.56,3.49,21,7.7,0.1,623,3.6,40.4,-120.61,3966.0,1,1,1,5.6,7,1.76,2003
307304.91,3.5,37,5.5,0.2,1594,-0.2,35.0,-114.99,2702.0,2,0,1,20.0,5,1.11,1987
196174.39,1.97,41,5.9,0.7,1920,4.47,41.58,-122.82,1478.0,2,0,0,23.7,6,1.31,1983
313520.84,3.89,2,8.4,1.4,1267,2.4,32.63,-116.22,2308.0,3,0,0,7.3,6,0.9,2022
283097.05,2.11,7,7.3,0.9,2062,3.22,41.34,-123.99,2315.0,1,0,1,5.6,5,1.49,2017
322061.55,3.01,49,6.4,0.9,1264,3.04,41.03,-117.13,1133.0,2,0,0,2.1,10,0.95,1975
353184.59,3.77,16,6.3,0.9,2044,4.23,33.14,-121.42,5811.0,1,0,1,4.1,4,1.38,2008
244392.78,2.68,17,4.6,0.2,1474,2.58,38.25,-114.25,2292.0,1,0,1,1.6,7,1.12,2007
271965.7,3.26,20,4.4,1.5,1175,3.99,39.96,-117.45,2468.0,2,1,0,5.4,8,1.19,2004
293753.9,2.21,23,5.7,1.8,1699,3.44,36.34,-121.26,9186.0,2,0,1,16.9,9,1.23,2001
289124.89,2.51,34,5.8,0.9,2657,3.15,33.37,-122.03,1831.0,3,0,0,2.1,5,1.22,1990
229160.25,2.5,11,4.2,1.1,520,2.87,40.38,-117.79,2843.0,2,0,0,5.8,5,1.23,2013
269735.48,2.02,34,6.6,1.2,3149,2.39,36.93,-121.64,1347.0,2,0,0,11.3,7,0.81,1990
256061.18,2.53,33,5.1,0.6,1011,2.8,35.0,-122.54,2164.0,3,0,1,5.9,6,1.32,1991
232827.07,1.46,26,7.2,0.9,2965,2.54,33.17,-117.7,2297.0,2,0,1,8.7,5,1.04,1998
281257.46,2.23,2,5.4,2.0,1058,3.5,38.58,-116.89,5219.0,2,1,0,10.3,3,1.36,2022
246129.83,2.43,23,5.3,1.1,3199,1.64,32.9,-122.0,1965.0,2,0,1,22.4,6,1.38,2001
224411.86,2.45,41,4.1,1.2,1738,3.09,40.02,-118.87,4561.0,3,0,0,27.8,5,0.96,1983
237190.21,2.47,22,4.3,0.8,859,4.82,39.82,-117.53,11499.0,1,1,0,3.2,4,0.84,2002
297139.1,2.65,34,7.5,0.9,1272,2.47,35.57,-114.61,7152.0,4,0,0,6.9,6,1.33,1990
251292.72,3.29,15,5.9,1.4,4698,3.53,36.99,-116.06,716.0,3,0,1,12.8,3,1.19,2009
329352.58,3.86,10,6.1,0.7,1884,0.21,38.86,-120.08,3816.0,2,0,0,10.4,9,1.25,2014
270925.38,2.1,15,7.9,1.9,1253,1.1,41.61,-115.63,6540.0,2,0,0,1.3,7,1.08,2009
240012.06,1.68,42,3.5,0.3,4502,2.84,37.44,-119.86,1970.0,3,1,1,6.3,7,1.11,1982
236127.64,1.79,29,6.5,0.8,3583,2.91,41.97,-123.13,2857.0,2,0,1,3.9,4,0.97,1995
259645.6,2.24,23,3.1,0.4,923,3.05,35.59,-120.92,2549.0,2,0,1,8.1,8,1.24,2001
252706.44,2.36,17,4.8,1.8,1535,5.63,37.5,-116.05,4805.0,3,0,1,6.2,3,1.04,2007
233311.24,2.0,9,3.8,1.1,441,2.3,33.6,-114.46,2349.0,2,0,1,17.8,10,0.63,2015
275257.43,1.62,50,6.8,1.0,3632,3.1,37.79,-114.17,7751.0,2,1,1,7.7,9,1.21,1974
192122.58,2.26,36,2.7,1.3,1813,2.14,37.59,-117.79,5512.0,0,0,0,4.1,7,1.23,1988
288002.63,2.92,9,5.2,1.8,3090,3.88,40.56,-119.48,1361.0,1,0,1,14.5,8,1.76,2015
219503.88,3.45,16,3.8,1.2,385,1.62,41.97,-122.8,1369.0,2,0,1,19.5,3,0.92,2008
242340.32,2.18,36,4.2,1.7,1444,2.16,41.87,-123.42,3311.0,0,0,1,1.7,7,1.19,1988
274392.05,2.3,48,4.4,1.0,2067,1.92,34.74,-119.06,2678.0,2,1,0,4.3,8,1.52,1976
266913.79,1.88,51,7.5,0.6,332,3.99,35.72,-116.86,2871.0,2,1,0,3.5,3,1.26,1973
272935.03,2.68,33,5.0,1.2,3056,3.15,35.11,-121.1,2242.0,1,0,1,3.4,5,1.41,1991
251497.34,1.94,31,8.1,0.8,1395,3.34,34.4,-117.42,1752.0,1,1,0,34.8,8,1.27,1993
297782.0,3.42,6,8.4,1.4,444,2.77,33.93,-118.51,3022.0,0,0,1,2.0,7,1.21,2018
270313.74,1.33,10,8.7,0.9,1197,4.45,37.36,-114.62,3773.0,2,0,1,30.7,8,1.2,2014
251607.19,2.35,16,5.4,1.1,2605,2.81,40.79,-122.3,5016.0,1,1,1,7.5,8,1.31,2008
249311.24,3.07,4,5.8,-0.0,870,5.36,38.1,-118.29,5442.0,3,0,0,15.4,4,1.5,2020
257044.81,2.93,22,6.1,1.0,1743,4.52,40.79,-120.16,3043.0,2,0,0,8.7,7,1.67,2002
443354.12,7.98,13,4.9,1.0,1278,1.23,41.62,-121.75,3564.0,0,0,0,13.7,7,0.76,2011
266540.84,3.13,16,6.1,1.7,366,3.77,36.14,-120.75,1288.0,1,0,0,12.0,7,0.94,2008
235875.88,1.82,29,4.1,1.5,2978,4.52,40.44,-121.41,4267.0,4,1,0,8.5,9,1.58,1995
284799.47,2.62,6,2.7,1.1,3450,2.51,33.0,-118.96,5822.0,1,1,0,4.8,7,1.49,2018
247064.82,1.34,26,6.6,0.3,4532,3.49,37.07,-118.64,4136.0,3,1,0,40.1,6,1.23,1998
252980.19,2.63,11,5.0,0.9,1821,1.23,36.0,-115.41,2910.0,2,0,1,37.1,8,1.24,2013
263713.07,1.95,24,4.0,1.7,2664,1.8,34.45,-116.3,1846.0,2,1,0,1.1,9,1.35,2000
281480.16,3.92,29,4.2,1.0,497,2.7,36.66,-121.32,1849.0,0,0,1,3.8,6,1.33,1995
336144.47,2.18,3,7.8,0.6,2190,1.37,36.72,-114.72,2707.0,2,0,1,12.8,8,1.03,2021
265276.04,2.59,10,6.2,1.7,1401,3.07,40.18,-115.38,3749.0,2,0,0,59.0,5,0.78,2014
192254.9,2.11,1,3.2,0.3,1700,3.78,40.75,-117.93,1059.0,3,0,0,19.5,3,0.97,2023
316243.27,5.45,43,3.7,1.0,739,1.9,38.74,-124.3,1538.0,4,1,1,25.6,6,1.16,1981
247264.41,2.39,26,5.1,1.4,4438,1.39,38.52,-122.3,4768.0,2,0,0,5.7,6,1.2,1998
407186.31,5.66,12,6.2,1.2,482,1.11,33.55,-116.21,7071.0,4,0,0,3.7,4,1.02,2012
272841.89,3.76,14,4.3,0.5,2247,4.45,37.96,-119.74,2731.0,1,0,0,3.8,4,1.76,2010
312039.13,3.3,25,5.2,0.6,867,0.91,35.11,-123.18,4137.0,2,0,0,9.9,8,0.94,1999
268097.14,3.15,8,5.7,0.8,9846,3.35,35.3,-120.21,2814.0,3,0,0,29.3,8,0.92,2016
260192.03,3.18,43,5.7,1.5,3153,4.57,33.4,-122.28,3171.0,2,0,0,3.7,3,1.15,1981
148706.4,1.26,4,1.9,1.2,1767,1.83,38.54,-115.13,1723.0,2,0,0,12.7,7,0.9,2020
233638.59,2.43,28,5.8,0.9,794,1.99,38.05,-115.16,3937.0,2,0,0,24.8,7,1.6,1996
279481.92,3.81,7,2.9,1.3,3684,3.21,34.59,-120.44,2057.0,0,0,1,10.4,7,1.19,2017
242320.19,2.67,10,5.1,0.7,132,3.29,35.0,-123.06,3367.0,1,0,0,8.1,10,1.79,2014
200572.11,1.55,51,4.7,1.5,2458,2.4,39.84,-120.73,4343.0,1,0,0,6.4,7,1.64,1973
240430.03,2.66,36,3.9,1.3,2719,2.64,40.03,-123.15,4081.0,1,0,0,13.8,7,1.12,1988
429059.83,5.37,2,6.8,1.0,2595,3.11,37.18,-121.31,1992.0,1,1,1,25.5,6,0.98,2022
228430.13,4.48,26,3.8,1.0,3534,2.52,33.92,-116.4,3412.0,1,0,0,83.3,5,1.31,1998
249148.71,2.65,50,4.7,0.9,1150,2.56,33.03,-121.43,2236.0,2,0,0,30.5,8,1.6,1974
298615.7,3.98,14,6.8,1.6,2805,5.33,35.08,-118.79,4315.0,1,0,0,9.0,9,0.87,2010
245630.39,2.35,16,4.7,1.2,1057,4.22,39.45,-123.25,4528.0,2,0,0,1.2,6,0.61,2008
262081.48,1.37,43,4.4,1.0,930,4.31,38.21,-120.85,4404.0,1,0,1,1.9,9,1.07,1981
269399.75,1.88,42,5.1,0.6,791,2.59,39.32,-124.08,6304.0,2,0,1,0.4,6,0.97,1982
407513.47,5.08,17,6.3,1.4,1477,0.94,36.98,-118.74,3898.0,4,0,0,6.8,7,1.5,2007
271992.34,2.44,46,7.7,1.4,4398,5.97,39.67,-120.85,6487.0,0,0,0,9.9,4,0.88,1978
257036.12,2.47,22,4.1,0.8,7129,2.26,37.07,-115.34,4338.0,3,1,0,25.8,7,1.34,2002
301282.77,2.41,4,4.2,0.9,1456,3.37,33.3,-120.38,2132.0,3,1,1,1.3,10,1.01,2020
401667.49,5.82,19,5.1,1.0,1079,3.94,33.26,-118.64,3416.0,4,0,0,3.9,3,0.97,2005
401396.46,5.21,2,5.8,0.5,5237,2.3,40.4,-114.25,5181.0,3,0,1,10.7,5,1.34,2022
466002.43,6.6,39,4.3,1.1,2557,4.08,38.48,-117.75,5379.0,3,1,0,28.4,8,0.82,1985
258988.28,2.55,9,6.5,0.3,1850,3.01,35.15,-119.25,2461.0,1,0,0,1.4,5,1.56,2015
263275.2,3.06,19,4.1,0.5,746,2.68,39.69,-123.47,2447.0,3,0,0,4.2,6,1.28,2005
177020.9,1.48,16,2.6,0.8,5683,2.3,33.79,-115.88,4174.0,2,0,0,11.8,5,0.95,2008
357679.28,4.91,25,6.3,0.8,1948,1.8,38.63,-117.75,2085.0,2,0,0,5.9,10,1.84,1999
172202.5,1.7,48,6.5,1.3,1808,0.76,41.9,-123.36,2784.0,1,0,0,73.2,7,1.68,1976
287977.84,2.96,18,7.1,1.2,2788,6.38,33.93,-121.92,3256.0,0,0,0,9.0,4,0.63,2006
154225.28,1.75,23,2.5,1.8,1839,4.75,33.85,-118.85,2863.0,2,1,0,36.3,4,1.09,2001
229658.59,2.15,21,4.5,1.1,5882,3.12,36.94,-124.03,4652.0,3,1,0,42.4,6,1.07,2003
227096.57,1.94,11,5.1,1.2,4062,4.87,38.61,-116.96,4486.0,2,1,1,4.5,6,0.97,2013
248977.19,2.13,39,8.1,0.5,1153,4.72,32.75,-122.11,3339.0,1,0,0,5.9,5,1.56,1985
211406.23,2.19,41,5.3,0.5,1938,3.72,37.25,-119.36,1760.0,1,0,0,5.9,7,0.94,1983
212607.35,2.18,4,3.5,1.1,1131,2.59,33.29,-121.96,6199.0,1,0,0,8.6,9,1.13,2020
367800.32,3.79,25,5.9,1.1,8196,4.29,34.79,-119.36,2106.0,1,0,1,1.0,8,1.12,1999
199601.12,1.75,32,7.5,1.2,1014,4.09,39.27,-122.51,2335.0,2,0,0,24.7,7,0.5,1992
323779.89,2.97,30,7.1,1.7,1643,3.95,39.52,-118.26,2030.0,2,0,0,2.1,8,1.45,1994
308511.37,4.42,45,6.3,0.5,2419,2.6,39.43,-114.94,1449.0,2,0,0,33.6,8,1.68,1979
226101.58,2.21,26,5.9,1.9,2709,3.45,33.12,-116.02,4999.0,1,0,0,12.9,3,0.96,1998
184275.99,2.04,36,2.1,0.4,3101,3.33,39.97,-121.96,7533.0,3,0,0,9.9,7,1.34,1988
293065.29,2.48,51,5.5,1.3,3431,2.54,36.61,-119.27,1612.0,2,1,0,16.2,9,1.25,1973
322984.13,4.36,34,5.8,0.5,3147,3.44,37.02,-120.06,1213.0,2,1,0,40.6,9,1.42,1990
257817.9,2.94,9,5.3,1.5,1278,4.5,36.49,-114.36,3241.0,2,0,1,5.3,7,1.66,2015
271772.25,2.2,12,6.6,0.4,1167,4.83,40.64,-116.11,3580.0,2,0,1,4.7,6,1.17,2012
263982.26,3.3,2,5.2,-0.3,1864,3.6,38.96,-123.37,1034.0,1,0,0,6.9,6,0.81,2022
202774.58,1.75,38,4.9,1.2,1162,2.8,37.25,-122.73,1785.0,3,0,0,10.0,7,1.88,1986
329776.79,3.57,5,7.1,1.0,1068,4.03,40.43,-117.13,5808.0,2,0,0,1.2,6,1.19,2019
246286.58,3.2,5,4.9,1.7,1290,1.95,40.15,-122.82,4065.0,2,0,0,17.1,6,0.9,2019
245578.69,2.4,22,5.6,1.1,9717,2.55,32.55,-114.52,5785.0,2,0,1,11.0,4,1.09,2002
274261.18,1.94,5,6.8,0.7,6217,4.53,37.05,-114.07,1777.0,2,1,0,11.6,4,1.16,2019
208507.33,1.91,4,4.0,0.8,1493,5.25,32.9,-116.33,2989.0,3,0,0,4.3,2,0.87,2020
272569.31,3.37,9,3.8,2.7,346,4.37,35.42,-124.22,2899.0,1,0,1,27.5,10,0.93,2015
362519.25,4.44,29,7.5,0.7,1127,2.9,40.14,-119.43,5122.0,3,0,0,7.6,6,1.5,1995
210371.33,2.11,22,4.6,1.4,3655,0.37,41.47,-120.24,2176.0,1,0,0,15.8,3,1.29,2002
330588.51,3.27,27,6.5,1.3,516,3.94,34.8,-116.1,2317.0,2,0,0,4.1,7,1.43,1997
163687.87,1.18,10,2.8,1.4,2930,3.63,32.7,-121.49,3854.0,3,0,0,25.4,8,1.38,2014
189089.16,2.15,16,1.7,1.3,2784,3.66,36.32,-120.45,4421.0,2,1,1,5.3,8,0.88,2008
278423.22,2.68,42,6.0,1.0,1833,1.28,35.68,-123.52,2378.0,3,0,0,38.2,10,1.19,1982
224493.25,1.89,42,5.3,0.2,1754,2.6,38.93,-120.9,3357.0,4,0,0,9.1,5,1.61,1982
256245.07,1.87,51,6.1,1.2,876,5.24,37.2,-114.27,4782.0,4,0,0,2.4,9,1.22,1973
294116.63,2.08,10,8.3,1.1,3157,1.77,36.29,-114.61,3496.0,4,0,0,14.2,9,1.47,2014
318394.17,3.06,6,3.6,1.2,2316,3.69,34.68,-116.62,2392.0,2,1,1,12.2,7,1.38,2018
276602.29,2.52,49,5.6,1.4,1230,2.21,40.37,-114.97,3475.0,2,0,0,8.2,10,0.94,1975
232513.72,1.11,5,7.7,0.9,964,3.61,34.86,-122.28,4132.0,2,0,1,25.7,5,1.53,2019
207652.92,1.16,6,3.9,0.8,695,2.76,33.02,-117.97,3108.0,2,1,1,8.2,6,1.62,2018
299830.05,2.13,47,4.6,1.6,2433,4.45,37.86,-119.25,3901.0,2,1,1,2.2,8,1.22,1977
275627.56,3.26,25,2.8,0.9,1537,3.05,35.51,-120.06,4815.0,4,0,0,0.4,9,1.51,1999
224169.95,0.91,51,8.9,0.9,1553,4.19,39.27,-121.09,3681.0,2,0,0,33.4,3,1.23,1973
222022.28,2.23,50,2.2,0.8,518,5.53,33.27,-115.4,4600.0,2,1,0,9.4,8,1.21,1974
312579.06,2.2,4,6.7,1.4,752,4.18,41.68,-119.41,2752.0,2,0,1,12.4,9,1.11,2020
300125.71,4.74,40,3.5,1.0,690,3.69,34.28,-116.9,2349.0,0,1,1,1.8,4,0.9,1984
214620.15,2.33,48,3.9,2.2,3344,4.39,35.89,-117.09,6072.0,1,0,1,10.1,5,1.0,1976
388488.03,3.17,32,7.1,1.1,2074,3.68,37.07,-123.07,975.0,3,1,0,11.4,8,0.87,1992
314316.06,2.88,51,4.4,0.5,1441,2.27,40.96,-123.99,3685.0,1,1,1,9.4,7,1.56,1973
216538.15,1.16,35,6.5,0.9,4378,1.98,39.36,-115.68,2565.0,3,0,1,46.2,5,1.21,1989
356475.67,3.7,10,7.6,1.4,3910,3.83,33.88,-119.35,4200.0,1,0,1,12.7,9,1.56,2014
249671.46,2.96,34,5.8,0.8,4378,2.25,36.67,-115.99,1652.0,2,0,0,55.0,6,0.57,1990
408519.97,3.33,36,6.8,1.1,1489,2.13,37.66,-121.38,3581.0,3,1,1,2.5,6,0.88,1988
757666.01,13.07,6,5.6,1.6,583,2.77,39.17,-115.45,4010.0,3,0,0,36.8,9,1.05,2018
229782.9,1.18,43,5.7,1.7,7081,0.93,37.93,-115.78,3645.0,3,1,0,12.1,7,1.47,1981
388696.66,5.42,46,4.5,0.8,2750,2.22,36.84,-120.49,1930.0,2,0,0,5.3,6,1.26,1978
306622.89,2.42,16,8.4,1.0,2796,2.12,39.77,-120.18,2209.0,3,1,0,20.5,7,1.2,2008
279216.26,3.05,19,6.6,1.1,3104,5.95,36.09,-120.82,4237.0,1,1,0,12.2,8,0.7,2005
266206.33,2.67,34,6.3,1.8,16494,3.9,41.88,-124.13,2829.0,3,1,0,12.9,3,1.44,1990
277465.71,2.29,25,6.7,0.6,1668,2.49,41.5,-117.28,1099.0,3,0,1,2.8,6,1.19,1999
283236.68,2.16,31,4.5,1.3,5705,2.08,39.22,-121.64,2352.0,3,1,1,17.1,9,1.77,1993
331334.21,3.1,49,6.9,1.1,914,0.07,40.88,-115.22,5393.0,2,0,1,5.2,8,0.52,1975
200950.41,1.48,41,7.8,0.7,3470,1.24,36.24,-115.08,2773.0,1,0,0,6.6,3,1.16,1983
244717.47,3.67,17,3.4,1.7,7530,1.01,38.02,-116.91,1542.0,2,1,0,35.6,7,0.86,2007
269815.31,2.3,47,6.3,1.6,1741,1.83,35.09,-122.59,2495.0,2,0,1,3.0,6,0.85,1977
174464.28,1.73,30,5.6,1.9,389,2.99,40.91,-123.56,2955.0,2,0,0,32.7,8,1.0,1994
243370.59,2.27,39,4.7,1.7,2845,2.77,36.97,-115.93,2050.0,2,0,1,10.4,4,1.67,1985
307292.26,4.49,31,3.9,1.1,1520,1.93,37.59,-115.12,5849.0,1,0,1,2.9,4,1.22,1993
272145.53,2.19,19,7.1,1.4,3552,2.94,40.71,-120.8,2567.0,3,1,1,25.0,8,1.12,2005
296583.55,3.14,35,5.8,1.3,1244,1.28,40.07,-120.79,2666.0,3,0,0,15.9,10,1.12,1989
259178.64,2.03,29,5.2,0.6,12210,3.53,35.56,-120.4,2762.0,3,0,1,6.4,6,1.3,1995
361415.44,3.68,1,6.3,0.4,1968,3.92,33.33,-115.81,1209.0,2,1,0,5.4,9,1.06,2023
342597.66,3.58,4,5.3,1.3,3404,3.59,34.04,-117.08,3600.0,2,0,1,8.2,6,1.29,2020
395972.01,5.69,28,4.4,1.1,812,4.31,35.72,-123.22,2218.0,1,0,1,2.2,8,1.26,1996
280124.25,2.53,18,5.7,0.9,706,1.18,35.4,-117.84,880.0,3,1,0,24.9,7,1.17,2006
317185.27,3.55,26,5.5,1.1,640,3.05,32.86,-124.4,1409.0,3,0,1,4.9,8,1.32,1998
177064.04,2.83,40,2.8,2.0,644,1.86,36.6,-117.04,2905.0,2,0,0,26.3,3,0.97,1984
351958.22,4.56,19,4.6,0.0,3111,1.62,33.51,-116.47,5513.0,2,1,1,19.7,7,1.14,2005
256757.53,2.04,6,3.6,1.4,1116,1.3,34.6,-115.94,4269.0,3,1,0,42.7,10,0.8,2018
281658.45,3.66,1,3.0,1.5,654,5.97,39.98,-117.93,3935.0,1,1,0,1.6,8,0.67,2023
330820.18,2.51,8,6.2,1.6,1035,4.09,37.2,-122.6,3137.0,2,0,1,6.4,5,1.6,2016
233030.59,2.65,33,4.5,0.4,3174,4.95,36.04,-116.17,3609.0,2,0,1,14.7,6,1.43,1991
300130.39,2.82,51,7.1,1.0,3111,3.42,34.26,-115.05,3131.0,2,0,0,29.3,8,1.6,1973
263777.71,3.01,43,2.8,0.9,4013,2.01,40.73,-117.85,2063.0,4,0,0,2.5,4,1.49,1981
184866.36,2.59,21,5.1,1.2,1443,3.81,41.09,-121.61,2102.0,3,0,0,29.6,1,0.99,2003
339004.88,2.96,24,4.6,0.5,8934,5.81,37.43,-122.62,3003.0,2,1,1,1.0,8,0.55,2000
310447.38,5.11,25,3.1,1.3,4296,3.63,41.25,-122.07,2035.0,2,0,0,9.6,7,0.98,1999
290243.57,4.03,47,5.5,0.7,706,2.86,36.92,-124.32,1284.0,2,0,1,1.3,8,1.34,1977
269774.0,3.85,43,3.3,1.0,3462,3.33,33.52,-124.39,4024.0,4,1,1,2.4,2,1.23,1981
259992.52,2.27,19,5.8,1.8,1835,4.34,32.66,-121.38,3712.0,1,0,1,22.4,6,1.21,2005
308799.43,1.9,29,6.6,1.5,1584,2.98,33.72,-114.81,1270.0,4,0,1,0.3,7,1.09,1995
312123.9,3.98,10,5.9,1.2,1822,2.86,38.42,-117.98,1610.0,1,0,0,12.2,8,0.85,2014
408954.07,3.86,12,6.1,0.4,1061,2.19,35.55,-120.45,3529.0,3,0,1,1.6,9,1.69,2012
316263.4,4.9,33,7.0,1.3,4052,3.43,38.66,-124.39,1681.0,3,0,1,25.0,5,1.38,1991
265576.47,2.13,7,5.5,1.3,1138,1.48,37.33,-114.11,3022.0,3,0,1,24.8,9,1.36,2017
272724.42,2.48,17,4.3,0.1,1155,2.54,35.66,-119.71,4541.0,3,0,1,18.2,8,0.74,2007
218101.34,1.41,10,4.6,1.3,3321,2.85,34.58,-114.09,2367.0,2,1,0,21.2,6,1.14,2014
207540.63,2.32,31,4.6,0.6,10263,1.73,33.27,-116.94,4150.0,3,0,0,13.4,8,1.37,1993
320350.25,4.05,6,3.9,0.4,1214,2.97,39.93,-123.96,2315.0,3,0,0,10.0,8,1.79,2018
299096.48,2.26,17,6.7,0.5,666,4.14,40.28,-115.48,2528.0,3,1,1,7.9,5,1.53,2007
277523.32,3.51,50,6.3,0.0,4500,4.74,37.64,-118.93,3670.0,2,0,0,16.2,1,1.1,1974
182842.82,2.52,37,3.0,0.9,2113,2.72,33.99,-119.75,4172.0,2,0,0,7.2,4,1.41,1987
319873.22,3.09,18,4.3,0.6,2702,2.45,35.0,-116.54,1592.0,3,0,0,0.0,10,1.31,2006
234335.65,1.72,26,3.9,1.7,1858,2.69,41.57,-116.36,1542.0,2,0,1,1.6,9,1.44,1998
258615.37,2.81,49,6.0,0.9,2906,3.75,34.65,-116.14,1391.0,3,0,0,15.8,4,1.11,1975
242742.39,0.82,16,7.1,0.7,2419,2.25,33.04,-116.51,6893.0,2,0,0,6.8,8,1.25,2008
228121.71,2.52,8,6.2,0.3,1189,2.25,37.73,-117.77,2398.0,0,0,0,68.4,9,0.95,2016
233295.32,1.42,24,4.4,0.9,3175,3.33,34.99,-117.41,2102.0,2,0,1,6.6,9,1.1,2000
363331.04,4.4,13,5.0,1.8,2697,3.62,41.6,-115.48,3450.0,3,0,1,1.7,7,1.56,2011
325402.12,3.71,29,3.4,1.9,1343,3.24,37.96,-117.25,1303.0,3,1,1,6.0,8,1.27,1995
247710.9,3.28,32,3.5,0.9,1574,3.15,41.68,-123.44,2472.0,4,0,0,17.4,6,0.78,1992
324015.02,4.99,24,6.8,1.1,964,2.42,39.96,-117.72,2992.0,1,0,0,11.3,3,1.06,2000
277888.03,1.86,16,7.7,1.5,2616,3.02,39.37,-122.72,1834.0,2,1,0,14.1,7,1.4,2008
381366.05,5.47,11,4.4,0.6,2639,0.14,40.39,-124.35,1672.0,2,0,0,1.8,6,0.67,2013
320554.75,3.95,32,5.6,1.3,1752,4.86,38.25,-122.25,2469.0,1,0,1,26.3,6,1.43,1992
189876.7,2.47,6,6.6,2.3,727,3.19,32.61,-122.88,2332.0,0,0,1,34.9,4,1.52,2018
338341.25,4.28,35,3.0,1.5,358,5.52,36.23,-123.43,2299.0,0,1,1,2.4,8,1.29,1989
185801.6,1.75,33,3.9,1.5,1502,4.55,34.58,-122.24,1413.0,2,0,1,14.8,9,1.02,1991
284563.41,1.95,18,8.5,1.8,2184,2.02,36.63,-118.58,1408.0,3,0,0,3.9,8,0.71,2006
276504.81,2.13,37,4.1,1.6,3028,2.56,36.97,-122.91,5593.0,3,1,0,3.0,7,0.88,1987
237135.96,2.2,13,5.0,1.0,4474,1.68,33.71,-121.57,1548.0,2,0,1,3.4,6,1.67,2011
218202.99,1.78,10,4.6,0.5,1358,2.2,32.72,-115.58,2688.0,2,0,1,11.1,7,1.16,2014
281187.65,4.43,37,2.5,1.0,509,1.12,33.81,-115.18,2746.0,0,1,1,32.6,8,1.57,1987
217590.02,2.45,26,5.6,0.6,1198,1.89,40.65,-121.0,2345.0,1,0,0,25.6,4,1.1,1998
273344.33,3.13,46,5.5,1.0,10369,1.76,39.68,-115.06,2748.0,2,0,1,2.3,8,0.99,1978
221931.92,2.16,17,5.8,0.7,6737,4.06,40.09,-118.35,2495.0,2,0,0,10.7,1,1.19,2007
241747.24,1.31,1,5.4,0.9,2546,1.06,35.12,-122.12,2422.0,2,0,0,2.5,9,1.58,2023
354426.63,3.03,25,4.8,0.4,1280,5.67,34.74,-116.58,5048.0,4,1,0,8.6,7,1.37,1999
173689.39,1.27,34,4.7,0.8,1680,2.61,32.86,-114.82,1851.0,2,0,0,12.4,6,0.88,1990
238017.57,2.64,39,4.7,1.3,7127,4.62,36.99,-117.58,2169.0,2,0,0,25.0,4,0.99,1985
181944.4,1.57,10,4.0,1.4,2138,1.84,36.13,-122.39,4705.0,2,0,0,29.6,7,0.79,2014
350594.45,6.02,20,4.2,1.3,1333,3.93,40.44,-123.6,2219.0,2,0,0,0.4,3,1.59,2004
295775.96,3.91,7,4.0,0.9,5223,1.24,38.98,-122.09,2382.0,2,0,0,17.5,9,1.26,2017
269028.36,2.84,16,6.4,1.2,380,1.23,33.87,-120.95,2205.0,1,0,0,7.9,6,1.29,2008
343211.59,4.51,37,6.0,2.1,809,4.31,41.88,-121.0,5035.0,0,1,0,10.2,4,1.33,1987
210896.28,1.94,29,5.5,0.7,949,2.85,39.82,-119.27,4647.0,2,0,1,3.8,5,1.19,1995
341189.86,3.38,12,8.4,1.9,4029,2.76,39.34,-119.2,1648.0,2,0,0,0.5,7,0.99,2012
237116.72,2.94,17,4.1,0.4,1154,1.8,34.56,-119.55,6044.0,1,0,1,27.1,7,0.6,2007
341038.95,3.02,48,7.2,0.2,437,1.95,41.1,-120.89,1010.0,3,0,0,3.9,6,1.25,1976
308017.52,4.52,20,5.1,1.0,1039,1.08,37.0,-123.38,1290.0,1,1,0,31.8,8,1.86,2004
329385.22,3.64,26,5.7,1.1,1240,2.37,35.33,-120.11,1350.0,3,1,1,1.1,6,0.91,1998
296169.12,3.05,48,6.5,0.5,1713,3.31,38.72,-114.15,1718.0,1,1,1,7.9,6,0.66,1976
209597.28,1.4,19,4.8,0.9,2003,3.1,34.51,-117.63,2402.0,2,1,1,20.3,4,1.11,2005
193506.75,1.85,47,3.9,1.3,3921,3.11,41.12,-119.88,1744.0,2,0,0,4.5,4,1.31,1977
190126.23,2.59,12,4.2,0.6,1408,0.54,40.62,-123.62,1628.0,2,0,1,51.4,4,0.9,2012
242256.46,2.82,21,2.3,1.6,1134,3.24,36.92,-122.26,3755.0,4,0,1,15.2,4,1.02,2003
248536.21,1.73,42,6.4,1.7,1876,2.62,34.31,-118.47,2484.0,2,1,0,3.7,9,0.83,1982
519764.71,7.13,34,6.4,1.7,2195,2.06,37.22,-119.27,4301.0,2,1,1,23.7,8,1.21,1990
398817.85,4.99,7,7.9,0.6,1117,1.52,33.92,-124.3,4587.0,3,0,0,62.6,8,1.31,2017
266407.55,3.46,45,6.1,0.7,462,3.8,35.06,-123.59,3127.0,2,0,1,4.3,4,1.09,1979
265483.0,2.8,35,6.5,1.0,1221,0.45,37.09,-120.76,4091.0,0,1,0,25.9,7,0.93,1989
252284.74,2.5,15,5.4,1.0,3449,1.52,32.7,-123.02,2627.0,3,0,1,56.8,7,1.38,2009
242310.4,1.86,1,6.2,0.9,1697,3.18,39.77,-114.44,1549.0,2,1,0,3.7,5,1.42,2023
298656.79,2.8,26,7.1,1.5,4890,2.38,34.37,-124.14,1425.0,3,0,0,4.0,5,1.14,1998
252678.71,3.01,35,5.8,1.4,2702,3.45,40.73,-114.27,1093.0,2,0,0,18.9,8,1.31,1989
194857.37,1.65,25,4.7,0.7,1185,3.12,32.71,-117.61,4220.0,2,0,1,45.1,5,1.46,1999
285214.49,3.11,42,5.2,0.5,5856,2.18,37.56,-120.22,3103.0,4,0,0,17.8,7,0.95,1982
306803.85,2.55,15,6.6,0.5,902,0.97,39.88,-118.84,654.0,3,0,0,10.5,9,0.77,2009
229291.04,1.27,22,4.8,0.7,473,3.9,34.76,-120.19,3961.0,3,0,1,1.7,7,1.43,2002
245186.49,1.93,6,6.8,1.5,2380,2.79,39.22,-118.48,2965.0,2,0,0,38.7,7,1.79,2018
303046.4,2.3,15,8.4,1.2,965,1.42,39.35,-122.9,1824.0,1,0,0,1.1,9,0.6,2009
428203.7,5.78,24,6.9,1.6,1727,0.48,38.56,-123.24,1812.0,3,0,0,3.6,8,1.68,2000
309466.41,3.4,21,6.6,0.2,766,3.4,35.96,-118.95,2494.0,1,0,0,9.0,1,1.18,2003
216857.47,1.59,7,6.0,1.2,1814,2.24,39.96,-123.75,5208.0,3,0,0,10.4,4,1.49,2017
269762.51,3.3,29,4.3,1.2,2664,1.63,38.47,-121.43,2930.0,3,0,0,0.9,5,0.8,1995
189607.35,1.46,32,4.2,1.7,2999,4.41,38.11,-114.77,2006.0,3,0,0,1.3,6,1.03,1992
298297.05,4.19,32,4.2,0.9,727,0.75,40.28,-115.3,8723.0,2,0,0,2.0,5,1.48,1992
255530.06,2.25,5,6.3,0.9,611,2.7,34.82,-115.77,4714.0,1,0,0,0.6,7,1.48,2019
234510.95,2.62,4,4.9,1.9,2484,3.87,34.71,-119.17,4671.0,3,0,0,56.9,8,1.11,2020
386147.33,4.62,22,5.5,1.0,1334,3.59,36.17,-124.21,4834.0,4,0,1,4.1,10,1.17,2002
233849.38,1.62,18,6.1,1.2,1158,1.44,33.19,-123.23,5382.0,3,0,0,31.7,7,1.06,2006
198309.05,1.55,35,4.2,1.3,1645,4.58,35.71,-114.85,3679.0,3,0,0,23.0,9,0.8,1989
243532.73,2.15,17,4.7,0.3,1577,4.7,36.36,-115.72,3011.0,2,0,1,18.4,6,1.24,2007
311119.24,4.12,50,6.0,1.1,2438,4.23,37.2,-120.55,3144.0,1,0,0,16.1,4,1.16,1974
213296.85,1.48,50,5.1,0.5,2670,1.96,34.91,-116.85,1495.0,3,0,0,10.4,9,1.08,1974
157438.6,0.88,24,5.2,1.1,3972,2.73,41.12,-115.53,972.0,2,0,0,12.4,8,0.8,2000
206197.61,2.27,2,4.0,1.0,1470,4.51,35.21,-117.99,4250.0,2,0,0,33.2,5,1.13,2022
342729.17,3.39,13,5.2,0.8,4010,3.53,40.59,-115.54,7405.0,3,1,1,22.5,7,1.26,2011
388259.44,4.39,15,8.0,1.4,2892,2.23,36.73,-121.93,2467.0,3,0,1,3.9,10,1.37,2009
248646.63,2.26,5,4.8,1.1,3635,2.74,39.32,-119.65,5967.0,1,0,1,1.7,10,1.25,2019
228841.12,2.31,3,3.8,0.6,745,1.17,33.55,-118.42,6423.0,2,0,0,5.2,7,0.73,2021
338776.21,4.31,37,6.9,0.6,1664,4.38,37.67,-117.87,2303.0,3,0,0,2.1,5,1.12,1987
195186.61,1.29,37,6.3,1.5,8235,2.88,41.63,-114.14,5457.0,4,0,0,46.3,5,1.48,1987
275611.01,2.33,37,5.8,1.1,603,5.09,38.83,-115.62,4090.0,2,0,1,7.2,9,1.03,1987
274977.11,2.93,3,3.5,0.4,7579,0.81,40.29,-123.92,2534.0,3,0,1,2.9,8,0.6,2021
225499.19,3.25,35,3.7,0.9,7316,1.83,34.98,-122.72,3889.0,2,1,0,14.6,7,1.05,1989
215120.36,2.22,23,3.2,1.0,3247,2.94,40.1,-117.6,3439.0,2,0,0,7.6,5,1.02,2001
251543.93,2.76,28,6.1,0.5,615,5.71,35.84,-121.97,1117.0,3,0,0,3.7,6,1.53,1996
225655.3,1.0,30,7.0,0.8,1520,3.09,37.11,-122.83,10347.0,2,0,0,0.9,7,1.4,1994
256672.1,2.09,18,6.2,1.6,3408,2.09,34.29,-117.5,1742.0,3,1,0,1.5,7,1.77,2006
374768.26,3.26,36,8.4,2.3,626,3.02,37.11,-118.87,3288.0,2,0,1,12.4,3,1.29,1988
233878.34,1.84,33,4.8,1.3,3105,2.19,37.4,-116.05,7459.0,2,0,1,20.8,7,1.96,1991
226493.53,2.78,26,5.0,0.4,1971,4.14,38.41,-121.15,2602.0,2,0,0,39.0,7,1.82,1998
266885.25,3.25,48,5.7,1.0,1146,4.03,40.75,-121.04,2057.0,2,0,1,13.2,8,1.38,1976
251510.67,2.37,40,5.2,1.2,738,4.93,35.4,-122.92,3181.0,3,0,1,15.9,4,1.48,1984
323820.69,2.91,17,6.2,1.5,5809,1.03,41.85,-117.65,2508.0,2,1,1,4.2,8,1.49,2007
245902.43,1.85,40,4.5,1.5,3365,0.83,40.55,-117.06,5497.0,3,1,1,4.8,3,1.42,1984
257571.57,2.5,7,3.4,1.8,1584,2.72,36.33,-123.05,1962.0,2,0,1,8.1,7,0.93,2017
203402.17,3.47,8,2.8,1.1,1859,3.98,34.65,-121.83,2239.0,1,1,0,30.5,3,1.14,2016
343039.69,2.89,31,6.2,1.1,1459,4.23,33.18,-122.88,2852.0,4,1,0,8.6,8,1.13,1993
231499.31,2.15,12,4.7,0.2,425,3.29,34.73,-116.65,1565.0,2,1,0,4.1,7,1.52,2012
236238.99,2.97,48,3.7,0.6,5068,3.98,40.9,-122.3,2263.0,3,0,0,37.8,7,1.37,1976
315707.02,3.62,31,4.6,0.4,2153,4.82,35.27,-122.9,2272.0,3,0,1,8.0,7,1.26,1993
216474.2,1.2,44,8.4,0.7,3879,2.05,33.81,-123.77,1582.0,3,0,1,1.2,7,0.83,1980
288402.95,4.32,19,3.8,0.5,1257,4.76,32.72,-115.77,2186.0,2,0,0,11.8,5,1.04,2005
275625.79,2.38,10,6.6,0.6,1946,4.8,35.33,-123.2,4315.0,3,0,1,14.8,9,1.03,2014
289757.97,3.22,39,6.1,1.6,2335,2.34,34.55,-124.19,1096.0,3,0,0,46.6,8,1.81,1985
350506.58,4.39,12,7.5,0.1,4125,1.86,33.47,-123.82,4951.0,1,0,0,24.6,7,1.14,2012
181193.77,1.57,20,5.3,1.0,7588,3.91,41.54,-120.65,2293.0,1,0,0,1.6,5,0.94,2004
184160.96,2.05,37,3.2,1.5,1367,5.39,35.04,-118.24,3510.0,2,0,0,10.8,6,1.25,1987
293888.33,2.42,48,7.0,0.9,1369,1.99,32.56,-120.32,4921.0,2,0,0,8.5,6,1.28,1976
267410.2,1.99,41,5.1,1.8,1485,5.3,41.47,-119.72,1864.0,3,1,1,7.5,8,1.16,1983
371961.12,5.44,7,7.4,0.8,1122,1.85,38.0,-114.85,3733.0,2,0,0,2.3,5,1.64,2017
300728.08,1.93,14,6.7,2.0,15020,2.74,33.29,-116.53,1549.0,2,0,1,7.1,8,1.56,2010
284161.22,2.18,11,7.0,0.3,470,1.64,32.8,-120.92,1482.0,1,0,1,9.5,9,1.0,2013
331041.76,2.95,7,9.1,1.8,15508,3.52,33.52,-122.88,2636.0,1,0,0,3.7,9,0.97,2017
214692.43,1.68,29,5.9,0.7,3013,3.16,38.12,-116.63,2752.0,2,0,1,12.9,6,0.77,1995
257254.76,2.32,10,7.7,1.8,1692,3.06,33.09,-118.48,4829.0,3,0,0,3.8,4,2.29,2014
297044.74,3.09,29,4.9,0.9,925,2.25,37.9,-114.4,1426.0,3,0,0,1.9,6,1.01,1995
228177.09,2.38,9,6.3,1.7,1750,2.49,38.7,-114.96,4005.0,3,0,1,62.0,6,1.2,2015
241796.74,2.62,36,4.7,1.7,1151,2.92,33.9,-118.58,2420.0,2,0,1,17.5,7,1.06,1988
241432.43,2.2,48,6.2,0.8,5454,2.69,37.14,-123.77,2777.0,2,0,1,13.6,2,0.82,1976
249976.91,1.48,10,6.1,1.6,2995,2.95,41.66,-124.17,1020.0,0,1,0,6.0,7,1.6,2014
245077.68,3.09,19,2.4,1.1,6882,1.2,40.45,-115.71,2654.0,4,0,0,3.5,7,1.35,2005
386567.26,5.48,31,4.6,0.4,1433,0.42,39.37,-117.17,4306.0,2,1,1,2.1,9,1.12,1993
261523.39,2.74,17,5.8,1.4,2024,3.42,37.42,-118.62,2538.0,3,0,1,1.0,8,0.65,2007
230411.34,2.97,9,2.1,0.6,1672,3.46,36.25,-117.27,2461.0,3,0,0,18.0,2,1.16,2015
340556.45,3.59,45,5.4,0.8,1340,3.28,36.79,-118.83,7449.0,3,1,0,4.8,4,1.35,1979
254130.43,1.64,33,7.0,0.7,793,3.63,39.76,-118.43,2878.0,2,0,0,5.7,7,0.89,1991
374478.47,5.37,34,7.5,1.3,3214,2.46,37.77,-122.13,1209.0,3,0,1,2.6,10,1.48,1990
249226.47,2.95,45,4.3,0.6,2375,2.58,39.76,-119.72,1342.0,3,0,0,1.9,7,1.56,1979
414770.94,5.22,24,7.5,0.5,1740,2.43,41.71,-124.38,6154.0,2,0,0,10.2,9,1.35,2000
252575.76,2.03,9,7.3,0.6,2703,0.83,38.58,-117.48,2291.0,3,0,1,19.5,4,0.91,2015
289777.79,5.63,7,2.3,0.7,1300,3.69,38.23,-121.01,4415.0,4,0,1,70.5,6,1.01,2017
252926.42,3.71,16,5.7,1.3,1830,3.94,36.36,-117.61,2440.0,0,0,1,6.2,2,1.34,2008
304051.39,3.39,19,5.8,1.6,3603,4.12,34.37,-114.77,3599.0,2,1,0,16.4,5,1.54,2005
336610.83,2.99,39,7.8,1.5,4019,2.63,36.05,-118.29,2354.0,3,1,0,1.9,8,1.06,1985
270891.93,2.46,6,5.9,1.1,6139,2.14,37.44,-121.06,2748.0,3,0,1,12.2,7,1.17,2018
330059.7,4.39,50,7.6,1.1,744,2.44,32.83,-122.32,3708.0,2,0,0,10.9,5,1.0,1974
273958.73,2.88,51,4.3,1.0,837,2.38,37.02,-121.86,1576.0,3,0,0,0.5,9,1.1,1973
160898.49,1.24,11,3.1,1.3,719,0.6,40.69,-114.13,3412.0,3,0,0,9.9,8,1.59,2013
223712.46,1.74,12,4.5,1.7,1076,3.36,41.78,-118.04,3249.0,2,0,0,10.3,7,1.19,2012
257926.26,2.52,42,7.9,1.0,1382,4.01,40.63,-119.87,1366.0,2,1,0,7.0,2,0.88,1982
352920.42,3.08,13,6.9,1.4,2564,3.26,34.13,-122.07,11300.0,2,0,1,12.8,9,0.79,2011
285859.0,2.66,12,9.0,0.5,4590,3.03,33.97,-116.38,2469.0,4,0,1,0.7,8,1.13,2012
303936.92,4.43,21,3.3,1.5,1319,2.25,36.24,-120.43,1748.0,4,0,0,27.9,8,1.64,2003
259564.37,1.25,10,7.1,1.2,2861,3.91,34.64,-121.34,6217.0,3,0,1,11.0,9,0.89,2014
347042.48,2.88,20,6.6,0.6,5026,2.89,38.92,-122.17,1586.0,3,1,1,0.5,4,1.37,2004
140848.29,1.31,50,5.1,1.6,1256,1.54,33.3,-122.55,2181.0,1,0,0,61.8,8,1.42,1974
314445.62,3.68,36,6.7,0.5,1443,4.59,36.72,-121.63,3198.0,2,0,0,7.2,4,0.8,1988
222161.19,2.62,28,5.7,-0.0,1906,3.78,35.16,-117.91,2207.0,3,0,0,64.8,7,0.91,1996
283928.78,3.22,24,6.2,1.5,473,4.99,38.16,-121.98,3873.0,2,0,0,3.0,8,1.04,2000
242906.07,1.92,5,6.5,1.3,2721,4.4,40.07,-123.86,3908.0,2,0,0,0.5,7,1.37,2019
347133.82,4.53,37,7.0,0.5,689,2.25,41.27,-120.73,2013.0,3,0,0,18.7,7,0.61,1987
316072.16,4.12,12,5.6,1.3,3400,2.66,41.66,-118.36,6207.0,2,0,0,43.6,5,1.58,2012
366348.79,3.43,35,8.2,1.7,1280,4.21,35.84,-123.87,2552.0,2,0,1,1.2,8,0.9,1989
214653.16,2.58,40,5.2,1.2,1201,1.59,40.63,-119.75,3293.0,1,0,1,20.0,3,1.04,1984
363511.1,3.43,2,8.3,2.3,826,4.99,38.12,-123.95,2452.0,4,0,1,1.1,5,0.55,2022
161793.34,2.05,50,3.8,0.7,2787,3.39,39.08,-116.43,2385.0,4,0,0,23.7,2,1.01,1974
247121.97,3.83,41,4.0,-0.0,2772,3.99,40.59,-115.35,2875.0,2,0,0,13.1,4,1.69,1983
378590.07,5.26,45,4.1,0.4,1256,3.39,33.74,-114.38,7504.0,3,1,1,22.8,6,0.9,1979
292541.64,4.17,39,6.9,-0.0,7616,3.06,41.5,-117.24,3675.0,3,0,0,7.0,2,1.64,1985
179880.88,2.03,42,4.3,2.2,1858,2.65,37.7,-117.86,1760.0,1,0,1,35.4,5,0.71,1982
308126.78,3.14,9,7.7,1.1,1787,2.82,35.69,-117.21,3101.0,0,0,0,5.4,2,0.92,2015
188079.15,1.62,22,4.7,2.1,1895,-0.2,35.72,-115.53,2251.0,0,0,0,5.0,9,1.2,2002
320113.32,3.42,47,6.1,0.9,1049,3.68,39.63,-116.03,4843.0,1,1,0,48.5,9,1.29,1977
312494.72,3.26,5,6.5,0.6,816,5.61,38.95,-119.9,2818.0,2,1,0,2.0,8,1.31,2019
163194.14,1.29,12,4.0,0.2,1341,2.0,39.43,-117.66,1464.0,2,0,1,13.5,7,0.76,2012
238257.28,1.71,1,3.4,0.9,3002,1.24,34.9,-122.8,3653.0,4,0,1,12.8,8,1.65,2023
208258.46,2.43,44,5.9,1.5,411,4.88,34.12,-117.2,1969.0,2,0,0,4.1,5,1.15,1980
277494.04,2.41,22,5.1,1.0,544,3.45,39.36,-116.83,3647.0,3,0,1,5.7,8,1.47,2002
215129.67,1.68,38,6.2,0.3,1112,4.09,35.34,-116.09,4809.0,2,0,0,5.1,6,0.98,1986
266906.07,3.18,51,3.5,1.4,430,3.6,34.61,-115.91,2584.0,1,1,0,28.1,6,1.3,1973
327517.1,3.01,19,5.0,1.5,582,1.89,34.54,-119.88,2750.0,3,0,1,7.4,10,1.09,2005
290139.68,2.52,16,5.2,0.8,3454,4.09,33.91,-115.01,3246.0,2,0,1,6.7,9,1.51,2008
182020.63,2.01,31,1.8,0.8,1273,2.41,36.55,-114.2,2140.0,4,0,0,15.2,6,1.38,1993
398806.66,4.13,51,7.0,0.2,918,2.01,34.98,-114.23,3118.0,4,1,0,10.3,9,1.29,1973
373004.2,5.27,3,4.4,1.4,2022,3.77,40.99,-118.35,3308.0,3,0,0,8.3,3,1.21,2021
247480.31,2.24,23,7.7,0.9,1982,3.21,39.05,-118.63,1913.0,0,0,1,18.5,9,0.69,2001
227208.54,2.13,42,4.5,-0.2,4590,3.5,39.57,-119.7,5426.0,4,0,0,8.0,9,1.65,1982
284335.69,3.31,18,4.7,0.4,435,3.45,36.33,-121.35,1261.0,1,0,1,3.8,7,1.89,2006
239161.99,2.36,26,3.6,1.4,861,4.0,38.2,-121.0,4464.0,4,0,1,20.3,6,1.28,1998
356570.51,2.57,13,7.2,0.9,1121,4.56,37.26,-122.23,5942.0,2,0,1,1.1,8,0.99,2011
253029.47,3.65,18,6.2,0.5,2472,3.25,34.09,-114.46,4423.0,2,1,0,120.6,5,1.12,2006
209204.04,1.27,3,7.6,1.1,18279,4.73,32.95,-117.99,1757.0,3,0,0,13.6,4,1.58,2021
334456.09,4.61,23,5.2,0.7,2890,4.36,38.99,-114.69,4594.0,2,0,0,3.7,7,1.09,2001
293923.48,2.8,3,5.4,0.8,1461,3.89,33.65,-120.44,8537.0,3,0,1,3.3,4,1.66,2021
209046.24,2.31,25,3.0,1.0,684,2.31,33.04,-121.37,2724.0,2,1,1,4.8,6,1.33,1999
257695.34,2.62,27,4.6,1.9,619,4.18,36.7,-123.11,2980.0,2,1,1,31.7,7,0.9,1997
225557.29,2.68,44,5.8,1.9,3723,3.51,39.51,-121.35,4383.0,2,0,0,26.3,5,1.5,1980
200223.23,1.36,27,6.1,0.1,957,1.39,39.8,-115.15,1927.0,2,0,0,2.3,6,1.44,1997
350149.64,4.94,39,8.2,1.1,1362,1.58,40.8,-118.39,1384.0,2,0,1,13.7,6,1.0,1985
173680.49,2.76,25,2.7,0.4,6807,1.54,34.39,-119.75,3680.0,1,0,0,36.3,4,1.27,1999
377618.23,3.25,24,5.8,0.6,458,1.57,41.86,-118.53,3036.0,3,1,1,19.8,7,0.83,2000
278979.69,3.98,8,4.9,0.2,2244,1.69,39.75,-115.13,1775.0,2,0,1,13.3,7,1.21,2016
234305.99,1.81,9,5.6,0.7,877,4.0,33.99,-122.48,3614.0,2,0,1,3.5,7,1.38,2015
331409.28,3.29,46,5.7,0.5,6694,3.1,40.49,-114.36,2504.0,2,1,1,43.1,9,1.02,1978
282373.95,2.44,37,5.2,1.6,853,4.06,37.24,-117.5,3597.0,3,0,1,33.4,9,1.43,1987
249397.4,3.81,30,3.8,0.7,3087,1.66,33.13,-115.52,3276.0,3,0,0,5.8,7,1.15,1994
208051.95,1.16,19,3.5,0.1,425,1.15,33.75,-118.98,3188.0,4,1,0,10.3,8,1.05,2005
287136.86,2.61,16,5.1,1.1,6264,1.96,36.62,-122.02,2960.0,2,0,1,1.3,8,1.77,2008
171787.69,2.14,24,3.4,1.0,3773,3.83,37.54,-118.54,1240.0,0,0,0,15.0,4,1.5,2000
294925.19,3.23,44,5.3,1.0,1158,3.9,41.5,-123.79,1406.0,2,0,1,0.8,9,0.48,1980
264875.18,3.28,21,5.1,1.4,2475,2.73,34.55,-115.55,7322.0,3,0,0,35.5,1,1.59,2003
141275.38,2.05,36,1.8,1.7,3888,3.39,37.0,-117.68,5956.0,2,0,0,31.9,1,1.22,1988
261597.8,2.04,40,8.4,1.0,2043,2.39,34.65,-121.53,2595.0,2,0,0,5.0,6,1.31,1984
244045.05,2.6,39,5.6,1.2,1324,2.13,37.8,-121.62,3694.0,3,0,1,20.3,8,1.07,1985
199911.06,1.9,47,1.8,1.0,1671,3.48,41.14,-115.02,1293.0,3,0,0,8.7,9,0.91,1977
382398.83,3.81,6,5.9,1.4,1974,3.8,37.89,-115.67,1417.0,3,0,1,28.0,6,1.64,2018
251373.2,2.35,5,5.2,0.4,1891,5.15,37.35,-116.49,683.0,2,0,1,1.0,7,1.12,2019
174234.24,0.85,14,3.5,1.4,2559,1.8,39.63,-120.14,1738.0,2,0,0,10.6,7,1.07,2010
243286.22,2.34,45,6.0,1.2,798,1.65,33.9,-115.34,2154.0,2,0,0,7.6,5,0.77,1979
219925.59,1.79,42,4.1,0.6,1076,2.41,41.1,-121.91,4245.0,2,0,0,4.5,9,1.39,1982
245914.93,1.42,50,5.8,2.2,1323,3.74,37.99,-124.25,2653.0,2,0,0,3.5,7,0.9,1974
250026.84,1.66,4,4.4,0.4,2635,5.41,39.02,-119.96,3405.0,2,0,1,16.9,8,0.89,2020
267212.48,2.84,8,4.1,1.3,532,3.17,40.28,-114.84,2478.0,2,1,1,3.4,7,1.5,2016
326673.16,4.62,24,5.5,0.6,2044,1.97,38.53,-118.5,2787.0,3,0,0,15.0,3,0.39,2000
265365.61,3.08,11,3.1,1.4,3376,1.63,38.59,-122.09,2484.0,2,0,0,7.4,8,0.82,2013
237043.66,2.13,17,5.4,2.1,1879,2.3,39.43,-117.67,3393.0,4,0,1,4.2,2,1.41,2007
310473.09,3.26,50,6.5,1.5,1920,3.28,33.0,-116.68,758.0,3,0,0,23.0,8,1.53,1974
253339.69,2.26,21,7.4,1.0,1419,3.86,36.13,-118.72,2975.0,3,0,1,6.8,4,0.79,2003
266811.92,2.06,26,7.1,1.6,1900,3.26,41.65,-115.65,2758.0,1,0,1,0.2,7,1.62,1998
271862.26,1.71,43,7.5,0.8,1270,2.14,34.95,-118.28,6860.0,1,1,0,28.6,4,1.42,1981
233188.27,1.35,48,4.8,1.3,1582,1.43,37.65,-123.49,3340.0,2,0,1,5.7,10,0.95,1976
230081.54,2.33,44,4.0,1.1,1269,3.79,34.17,-116.0,6600.0,3,0,0,25.9,6,1.42,1980
311902.61,2.9,45,6.7,0.5,1566,2.34,35.57,-122.96,2011.0,2,1,0,11.9,8,1.27,1979
256606.16,2.62,27,4.7,2.0,1402,2.44,39.31,-115.23,2045.0,1,1,1,32.0,8,1.11,1997
269157.14,2.3,16,5.5,1.7,702,1.78,38.61,-119.02,6900.0,3,0,0,8.1,4,1.38,2008
313551.73,1.86,26,6.6,0.7,542,1.14,36.44,-116.82,2647.0,2,1,0,2.8,7,1.01,1998
389458.66,3.47,33,8.5,1.6,1926,4.97,41.41,-114.29,1990.0,3,0,0,0.3,10,1.43,1991
246965.74,1.61,31,6.3,0.5,2931,2.21,39.86,-119.96,3013.0,4,1,0,22.6,6,1.03,1993
326925.29,3.71,48,5.8,1.3,6269,0.64,35.05,-119.67,3279.0,4,0,0,22.7,3,1.34,1976
222981.15,1.82,47,3.8,1.1,4350,3.2,36.92,-115.83,5525.0,2,0,0,3.3,8,1.0,1977
205532.76,2.01,6,7.3,1.9,3727,2.82,40.84,-123.34,1995.0,1,0,0,46.7,7,1.13,2018
199027.97,1.51,44,6.1,1.3,2171,0.75,32.71,-124.21,4318.0,2,0,0,44.7,8,0.89,1980
241884.22,2.22,8,5.0,0.3,1989,4.37,38.02,-118.15,7159.0,1,0,0,6.8,7,0.85,2016
315290.4,4.02,7,4.8,1.6,961,3.79,34.7,-122.74,5212.0,0,0,1,2.4,5,1.57,2017
272695.14,3.34,34,4.9,0.9,878,4.01,33.11,-121.81,7362.0,4,0,0,5.0,7,1.49,1990
306761.28,4.02,44,5.6,0.9,2105,3.32,41.17,-114.25,2999.0,4,0,1,39.7,7,1.63,1980
271714.95,3.35,14,3.3,1.1,927,1.44,40.25,-117.64,4032.0,2,1,0,14.1,5,1.34,2010
231022.02,1.75,16,7.3,0.8,1681,2.93,34.26,-115.51,2024.0,3,0,0,36.9,9,1.84,2008
277323.93,2.38,43,7.1,2.0,245,2.42,40.45,-115.07,10211.0,2,0,0,0.3,6,0.96,1981
214022.61,1.99,9,5.2,1.5,2627,2.22,33.89,-123.23,4669.0,2,0,0,70.5,8,1.3,2015
329362.47,4.63,10,4.9,0.5,790,4.96,37.02,-114.76,3344.0,3,0,0,14.8,9,0.54,2014
231321.54,1.68,17,5.5,0.7,576,1.81,39.39,-115.4,2901.0,2,0,0,3.1,6,1.29,2007
376308.63,3.89,12,5.7,0.4,3222,2.44,37.57,-124.02,1026.0,3,1,1,10.6,7,0.89,2012
276336.64,3.89,6,5.0,1.6,3906,3.05,40.58,-114.24,1007.0,4,0,0,25.7,5,1.14,2018
369742.66,5.65,19,7.0,1.1,1689,3.47,38.36,-119.69,1726.0,0,0,0,2.3,6,0.77,2005
226658.58,2.31,43,3.4,0.6,1018,5.03,36.6,-114.27,2274.0,4,0,0,14.1,7,0.96,1981
316191.09,3.61,41,4.4,1.9,3211,2.8,41.29,-115.85,4123.0,2,1,1,17.7,5,1.76,1983
405556.95,6.77,29,6.7,1.4,977,3.35,32.84,-119.88,4466.0,2,0,1,8.0,2,1.4,1995
236295.32,2.12,6,6.0,1.2,1593,1.55,37.14,-119.13,2981.0,0,0,0,11.7,5,0.86,2018
236542.95,1.47,25,4.5,1.2,5316,3.69,38.78,-121.61,3504.0,3,1,0,27.2,8,1.2,1999
203592.41,1.28,24,6.1,0.4,2441,5.32,40.44,-119.39,2725.0,3,0,0,45.5,9,1.55,2000
262201.26,3.61,25,4.3,1.4,1742,2.49,37.64,-123.37,5157.0,3,0,0,12.1,4,0.57,1999
212515.95,1.28,16,5.0,0.9,1449,3.96,40.91,-114.96,2069.0,1,0,1,18.2,8,1.53,2008
280272.05,2.34,16,7.1,1.5,1872,1.31,36.55,-117.01,2548.0,2,0,1,5.8,6,1.15,2008
316901.34,3.24,6,6.9,1.4,2236,2.59,35.51,-116.05,3280.0,2,0,0,6.1,6,2.0,2018
279110.16,2.93,37,5.9,1.1,734,2.65,41.75,-118.92,2026.0,2,0,0,32.9,6,0.95,1987
307711.61,3.22,21,3.9,1.0,4753,3.42,38.84,-123.18,1414.0,2,1,0,1.6,9,1.44,2003
258439.74,2.97,4,4.9,1.9,1253,2.83,36.54,-118.86,3563.0,2,0,0,3.5,7,0.6,2020
315031.64,4.53,34,5.6,0.4,1535,4.36,40.84,-121.04,9195.0,1,0,1,4.7,7,1.16,1990
272715.25,1.86,28,7.7,0.8,3466,2.38,38.99,-124.39,3154.0,1,1,0,1.5,4,1.13,1996
193340.62,2.07,38,2.8,1.7,1614,3.88,38.56,-118.04,4332.0,2,0,1,16.5,4,0.96,1986
184332.84,2.0,41,4.2,1.8,3658,3.19,39.42,-115.54,2517.0,2,0,1,35.5,7,1.18,1983
320929.15,3.79,28,7.2,1.0,1741,1.71,39.51,-117.04,3638.0,3,0,1,0.4,8,1.38,1996
362015.77,3.9,17,7.5,0.8,1957,0.33,37.18,-122.15,1470.0,3,1,0,4.4,5,1.7,2007
250488.88,3.26,14,5.4,0.8,2148,3.18,36.48,-115.9,1738.0,3,0,0,38.0,7,1.29,2010
430868.58,4.36,7,7.8,0.4,2438,2.18,41.14,-121.25,4045.0,3,0,0,9.4,9,1.19,2017
167967.05,1.7,22,4.4,2.1,2828,3.33,37.22,-122.21,2648.0,1,0,0,32.5,7,1.27,2002
311758.27,5.3,51,3.2,1.0,4194,1.49,34.55,-114.41,1297.0,2,1,1,43.2,7,1.35,1973
349292.76,5.0,1,6.7,1.3,4000,3.64,37.46,-124.33,2417.0,2,1,0,70.6,7,1.21,2023
321789.27,3.65,29,7.4,1.3,958,4.88,32.83,-122.74,4729.0,2,0,0,7.6,8,1.62,1995
375986.28,5.54,31,7.4,1.8,5786,2.71,39.37,-119.6,2180.0,3,0,0,6.3,6,1.1,1993
186771.65,1.4,30,4.2,0.9,463,0.6,33.71,-122.75,959.0,3,0,0,20.7,6,0.75,1994
241282.39,2.2,15,5.8,0.9,1091,2.93,33.56,-122.75,7175.0,1,0,0,13.5,4,1.11,2009
265483.81,2.03,18,6.8,1.5,1619,2.14,41.49,-117.84,3157.0,1,0,0,16.1,9,1.25,2006
315397.61,3.63,35,6.0,0.2,711,1.86,39.84,-115.9,6730.0,2,0,1,11.4,2,1.29,1989
296098.69,1.79,50,7.7,1.8,2261,2.75,36.44,-117.55,3555.0,1,0,1,10.8,7,1.48,1974
271378.32,3.68,30,4.9,2.0,3267,4.2,34.78,-123.43,2154.0,3,0,0,5.7,8,1.61,1994
336327.25,4.7,34,5.4,1.2,1022,2.31,40.51,-115.1,3559.0,3,0,0,13.6,8,0.85,1990
314413.46,3.59,42,5.9,0.6,2619,3.84,41.7,-114.81,3494.0,2,1,0,4.7,7,1.18,1982
320425.95,3.04,11,6.7,1.5,3531,2.74,37.33,-121.55,7459.0,4,0,0,6.6,6,1.74,2013
155097.55,1.83,27,5.2,1.0,384,2.89,38.01,-118.69,5668.0,0,0,0,14.9,3,0.81,1997
278277.58,1.94,24,6.9,1.2,2078,4.31,34.81,-119.41,4200.0,2,0,1,15.2,9,0.98,2000
371095.03,4.48,35,7.9,1.2,2437,2.66,38.1,-117.48,3611.0,3,0,1,12.9,5,1.3,1989
364778.94,3.71,39,4.7,0.8,868,3.92,36.31,-114.23,3104.0,4,1,1,16.8,9,0.58,1985
312688.71,2.68,8,5.3,1.3,695,2.73,40.53,-114.14,2231.0,4,0,0,8.0,5,0.73,2016
267060.96,2.3,51,7.0,0.4,1042,3.67,36.08,-119.15,5105.0,0,1,1,13.5,3,1.4,1973
239338.9,1.21,18,8.4,0.0,1556,2.68,38.66,-123.53,2413.0,2,0,1,1.5,3,1.4,2006
242150.66,1.77,13,6.5,1.3,991,3.21,34.43,-120.99,2640.0,0,1,0,9.9,6,1.38,2011
380843.75,5.84,45,4.3,1.6,2819,3.31,33.36,-120.16,3085.0,3,1,0,13.2,4,1.29,1979
229536.32,1.63,24,5.8,0.8,2542,3.81,32.88,-118.89,2180.0,3,0,0,8.2,7,0.93,2000
323705.76,2.93,51,6.9,0.8,2442,3.58,36.45,-114.42,2383.0,3,1,0,0.3,7,1.18,1973
327877.52,4.07,23,4.3,1.4,4947,1.99,34.05,-121.74,2984.0,2,0,1,18.1,9,1.51,2001
241209.56,1.65,12,3.9,1.1,3030,5.18,41.94,-118.86,2865.0,3,0,1,9.1,8,0.72,2012
312461.98,2.93,49,5.0,0.8,2268,3.03,40.08,-121.44,6173.0,4,1,0,2.5,8,1.53,1975
301712.0,3.96,30,6.5,1.3,678,4.1,39.09,-114.85,1389.0,2,0,1,53.9,7,0.77,1994
205900.18,2.73,31,3.4,1.1,4564,0.13,40.13,-114.11,3949.0,2,0,1,42.8,2,1.45,1993
520858.53,8.56,28,4.5,0.5,4980,3.96,35.0,-115.36,2343.0,2,0,0,2.6,8,1.0,1996
216588.25,1.39,22,5.9,1.0,1389,3.92,40.85,-120.94,2505.0,2,0,0,18.4,6,1.06,2002
433381.14,4.15,44,7.1,1.2,946,3.28,41.96,-121.58,908.0,3,1,0,10.9,9,0.83,1980
308043.64,2.54,28,5.9,0.8,3306,0.29,35.25,-119.97,2054.0,1,0,1,5.1,5,2.17,1996
395480.7,3.7,13,6.1,1.6,421,2.13,41.85,-116.65,3864.0,2,0,1,17.3,8,1.31,2011
301549.49,3.24,25,7.0,1.3,2486,1.77,35.54,-124.4,2109.0,2,0,0,8.9,7,1.6,1999
281323.66,2.03,44,7.9,1.0,5987,4.4,32.61,-114.05,2349.0,2,1,1,34.3,4,0.66,1980
288412.39,2.98,51,7.7,1.2,1332,1.56,35.99,-115.22,2560.0,2,0,1,18.2,4,1.47,1973
178029.14,1.29,46,2.4,0.9,2194,3.66,41.98,-124.25,3299.0,2,0,1,10.6,10,1.52,1978
329352.92,3.46,7,5.6,1.0,1960,2.65,38.53,-120.49,6846.0,3,0,0,9.0,6,1.22,2017
310129.45,3.06,45,6.9,1.0,4165,4.3,39.11,-117.28,2874.0,2,1,0,0.5,6,1.08,1979
425580.04,3.51,6,8.0,0.2,1968,3.27,34.76,-121.97,12648.0,4,0,1,2.6,9,0.93,2018
346167.21,4.15,24,6.5,1.1,1374,2.23,33.89,-123.0,10860.0,2,0,0,0.7,7,1.39,2000
287461.03,3.15,19,4.2,1.3,536,2.07,40.91,-117.89,6765.0,2,1,1,1.0,8,0.93,2005
272792.53,2.88,19,4.4,2.3,1949,2.47,36.43,-115.01,4958.0,2,0,1,1.0,7,1.27,2005
278721.29,1.91,36,4.5,1.3,1709,-0.71,32.54,-114.47,3545.0,3,1,1,0.2,6,1.53,1988
227426.05,2.04,51,6.0,0.8,355,5.12,35.3,-124.39,6370.0,2,0,0,23.5,8,1.66,1973
355518.22,4.37,9,4.8,0.3,808,4.58,34.36,-115.32,8571.0,2,1,1,9.8,2,1.35,2015
258136.22,4.83,48,0.9,0.6,1120,3.08,38.24,-118.61,3152.0,2,1,0,20.7,6,1.1,1976
224536.11,2.47,36,3.7,0.9,1121,4.13,39.68,-122.0,3407.0,2,0,0,2.8,10,1.39,1988
270129.87,2.77,38,4.8,0.9,1767,2.96,37.23,-118.02,4383.0,2,0,1,27.6,6,1.44,1986
162249.22,1.89,40,3.5,1.0,1656,3.52,34.27,-114.04,2834.0,2,0,0,1.5,1,0.74,1984
321101.3,4.35,29,3.7,0.9,1719,4.18,33.05,-121.6,6240.0,2,0,0,5.8,5,1.13,1995
370669.96,3.55,24,8.6,1.0,11022,2.71,35.48,-121.59,1610.0,4,0,1,6.9,9,1.0,2000
432856.31,5.91,48,5.5,0.9,1270,3.93,40.16,-117.16,3542.0,2,1,1,4.0,9,1.4,1976
248565.46,1.91,5,4.9,1.1,901,0.84,36.49,-124.05,1646.0,2,0,1,2.2,5,0.49,2019
367698.97,2.34,42,6.5,0.6,6333,3.26,34.9,-115.88,2924.0,2,1,1,14.8,10,1.12,1982
281780.9,2.98,45,7.2,0.5,5832,2.98,32.7,-117.65,2063.0,3,0,0,0.1,4,1.34,1979
413698.08,3.52,26,8.9,1.0,760,2.59,37.21,-115.67,2899.0,3,0,0,23.5,10,0.82,1998
316762.67,2.49,14,8.1,1.3,4773,2.75,39.01,-122.08,1289.0,2,0,1,0.6,9,1.19,2010
261295.53,1.92,39,6.2,0.5,412,2.71,34.31,-115.6,4022.0,3,1,1,49.9,9,1.31,1985
329025.24,3.87,29,3.2,0.8,17967,4.33,37.6,-119.79,2459.0,3,0,1,30.4,4,0.5,1995
269324.06,3.63,6,4.0,1.0,7527,2.93,36.5,-123.11,5071.0,1,0,0,8.0,6,1.2,2018
247074.41,1.88,7,4.9,1.0,2767,6.39,39.19,-115.04,2901.0,2,0,1,2.3,8,0.97,2017
379231.12,4.67,37,6.3,1.5,3593,1.87,40.68,-117.1,4539.0,3,0,1,30.7,7,0.92,1987
324095.01,4.34,18,5.6,1.6,2578,3.67,35.42,-122.73,2362.0,1,0,1,15.5,5,1.5,2006
252720.22,2.87,23,3.3,1.2,1067,4.07,41.1,-121.91,4449.0,2,0,0,10.5,8,1.85,2001
259038.65,2.81,44,3.0,1.7,4705,2.53,39.22,-121.68,8557.0,3,0,1,5.8,8,1.41,1980
315279.49,3.39,38,5.9,0.9,5350,1.54,32.85,-114.38,2035.0,4,1,0,12.4,5,1.41,1986
247744.0,1.93,1,5.7,1.5,1010,2.46,40.02,-115.2,4471.0,3,0,1,8.0,3,0.68,2023
247575.17,2.75,4,5.2,0.8,1762,1.41,37.2,-120.86,1600.0,2,0,0,9.4,7,1.05,2020
237226.0,1.15,51,6.2,1.2,674,2.01,41.48,-119.6,2783.0,2,1,0,28.0,6,1.27,1973
306537.85,3.86,44,7.4,1.4,1740,3.46,35.57,-121.5,1183.0,0,0,1,45.7,9,0.95,1980
167711.0,1.46,47,6.0,1.1,1459,6.11,38.12,-116.7,4154.0,2,0,0,49.3,2,1.95,1977
339880.3,4.96,35,4.1,0.6,4924,5.08,41.58,-122.81,2218.0,3,0,0,35.8,7,1.17,1989
266427.6,2.38,23,8.4,0.3,6507,2.27,35.08,-120.94,4331.0,0,0,1,24.3,2,1.65,2001
225027.02,2.5,27,5.2,1.4,772,4.13,36.98,-118.14,3471.0,2,0,1,9.1,4,1.35,1997
285307.07,2.11,26,5.6,1.0,3345,2.56,39.65,-115.29,2643.0,2,1,0,1.4,6,1.34,1998
264795.38,2.42,8,4.5,1.0,3654,1.96,39.07,-117.83,4397.0,1,1,1,14.9,5,1.32,2016
312493.13,4.79,43,3.9,1.9,446,2.9,40.47,-114.63,5070.0,2,0,0,7.7,4,1.78,1981
170256.75,1.0,16,4.0,0.6,3912,0.37,37.44,-114.73,2417.0,2,0,1,17.4,8,1.16,2008
332379.6,4.53,41,3.7,1.5,554,0.98,35.53,-116.96,5168.0,2,0,1,3.7,5,0.88,1983
194044.84,3.11,3,1.0,0.7,1201,4.1,37.58,-121.57,2662.0,2,0,1,21.7,6,1.16,2021
221178.81,1.68,32,5.3,1.0,879,4.64,35.82,-117.33,757.0,3,0,1,2.8,9,0.88,1992
262296.45,1.77,5,7.2,0.6,514,0.01,34.18,-122.48,3321.0,2,0,1,24.8,8,0.91,2019
337788.49,5.32,20,4.0,0.7,4372,4.75,37.77,-121.0,2156.0,3,0,0,36.4,7,1.05,2004
222945.66,1.86,14,9.3,1.3,850,4.39,32.96,-116.54,2461.0,1,0,0,34.6,3,1.01,2010
263887.68,1.71,32,7.6,1.7,1316,2.58,32.85,-115.57,1087.0,2,0,1,6.4,9,0.38,1992
360499.21,4.28,26,5.5,1.3,1798,3.55,33.11,-120.12,3462.0,2,0,0,7.4,8,1.18,1998
225105.77,3.11,47,3.8,1.3,3276,5.18,38.89,-119.0,2112.0,2,0,0,27.3,2,1.4,1977
219639.13,1.87,6,3.1,2.4,833,4.47,36.37,-120.45,2295.0,2,0,1,17.7,9,1.12,2018
275415.01,2.96,36,5.3,1.4,2670,3.59,37.19,-119.47,5057.0,3,0,0,11.2,3,1.72,1988
217349.28,1.8,40,5.6,0.6,1502,2.24,35.76,-119.12,1039.0,2,0,1,48.5,7,1.38,1984
292944.78,4.22,51,5.2,0.3,807,2.51,34.91,-117.24,3590.0,2,0,1,10.9,6,1.43,1973
420566.91,4.16,5,7.1,1.3,4090,3.84,35.9,-116.62,3625.0,3,1,1,4.2,10,0.75,2019
354597.87,3.36,13,7.7,0.4,9535,3.65,34.34,-114.26,3357.0,1,1,1,17.1,9,1.19,2011
305114.3,3.14,32,6.2,0.6,2128,4.39,38.95,-119.9,5182.0,3,0,0,10.8,7,1.44,1992
364428.86,5.5,16,6.3,1.3,1110,1.27,33.47,-123.63,4638.0,3,1,0,3.4,8,1.0,2008
279681.76,2.72,1,5.0,1.6,1003,3.53,37.41,-117.27,3181.0,1,0,1,2.5,8,1.84,2023
240438.16,1.69,13,5.5,1.0,3446,3.86,37.03,-119.27,2047.0,2,0,0,6.6,8,1.51,2011
244428.86,3.25,11,6.1,0.5,1827,2.71,35.37,-115.67,2382.0,2,0,0,52.9,7,1.39,2013
418432.61,6.26,8,5.0,1.0,772,5.86,33.47,-122.96,2947.0,4,0,0,2.4,5,1.15,2016
271086.4,1.81,25,6.5,1.0,466,1.96,39.18,-117.73,928.0,2,0,1,9.6,6,0.46,1999
198830.47,2.35,40,3.9,1.2,2452,2.93,37.91,-119.68,2321.0,2,0,0,5.9,8,1.46,1984
238878.9,3.21,32,4.4,0.5,657,3.88,40.19,-120.1,5420.0,2,0,0,43.0,8,1.01,1992
253014.88,2.66,24,3.9,0.7,1310,4.04,34.74,-118.57,2451.0,3,0,1,7.1,6,0.98,2000
197963.17,1.84,28,4.5,1.6,6653,2.71,40.02,-117.32,4463.0,2,0,0,3.8,9,1.1,1996
327159.49,4.26,14,5.1,1.5,929,2.7,35.27,-115.57,4611.0,2,0,0,9.8,6,0.79,2010
437109.99,6.88,45,7.0,1.7,4200,3.84,33.57,-122.03,5463.0,3,0,0,2.5,8,0.9,1979
264552.69,2.94,3,5.6,0.2,798,3.56,33.78,-121.42,2543.0,4,1,0,7.2,5,1.42,2021
215107.0,1.89,36,3.6,0.7,3640,3.11,34.6,-118.74,2627.0,4,0,1,19.8,6,1.36,1988
241852.16,1.46,27,3.4,1.6,2864,0.77,38.98,-120.86,3479.0,3,0,1,13.7,7,1.28,1997
231484.15,3.01,20,4.9,1.4,2671,3.18,34.82,-118.53,2003.0,3,0,0,0.2,2,0.7,2004
343720.86,4.23,47,6.8,1.3,1111,4.94,38.24,-122.4,2100.0,4,0,0,10.3,2,1.59,1977
274069.46,3.29,15,7.6,0.9,3009,3.71,34.94,-121.27,4917.0,0,0,0,25.2,5,1.36,2009
265658.39,2.72,27,3.1,0.8,2439,2.07,35.97,-121.09,2106.0,2,0,1,12.4,8,0.7,1997
274247.75,2.15,45,6.1,1.1,8187,1.25,40.95,-114.08,3848.0,2,1,1,9.5,5,1.44,1979
215322.68,1.76,41,4.9,0.9,1104,4.15,37.25,-115.53,3636.0,2,1,0,8.0,9,1.04,1983
374158.03,3.8,28,5.0,1.4,5058,2.45,38.2,-115.7,2967.0,4,0,1,11.5,8,1.36,1996
332978.6,3.92,25,3.9,1.1,879,4.6,34.3,-119.11,3407.0,4,0,1,1.2,8,0.7,1999
203668.77,1.46,42,5.2,0.6,1493,4.57,33.75,-119.6,4192.0,4,0,0,24.1,8,1.04,1982
351168.03,5.13,44,3.8,1.4,1084,2.82,36.43,-123.76,6118.0,1,0,0,29.1,10,0.47,1980
328247.06,3.42,46,5.1,1.7,1216,3.39,40.63,-122.43,1863.0,3,1,1,13.5,7,1.17,1978
337573.1,4.76,33,7.2,1.8,1594,3.54,34.79,-115.1,1830.0,3,0,0,57.9,7,1.37,1991
187155.92,1.59,46,6.4,1.4,5729,1.56,38.41,-118.98,2837.0,2,0,0,12.2,7,0.98,1978
268149.81,1.57,14,8.4,1.4,2605,5.05,40.78,-114.13,3558.0,3,0,1,0.4,9,1.25,2010
288901.4,2.56,8,6.3,0.5,4852,3.6,41.38,-118.29,3432.0,4,0,1,9.4,3,0.81,2016
306678.12,3.32,48,5.8,0.8,1829,3.18,41.94,-120.54,7043.0,4,0,1,7.7,6,1.18,1976
402166.32,5.58,14,6.3,1.0,5045,4.18,39.75,-121.62,1846.0,0,0,0,3.2,5,1.62,2010
275200.25,3.61,1,4.3,1.4,2168,3.37,33.21,-114.86,1305.0,2,1,1,11.5,6,1.15,2023
214866.62,2.47,16,2.4,0.8,961,1.69,40.78,-120.61,3854.0,4,0,0,9.1,7,1.49,2008
280212.52,1.8,18,6.7,0.9,4208,2.03,40.91,-122.97,3333.0,2,0,1,2.8,10,1.4,2006
295438.44,4.45,7,2.8,1.4,5926,0.43,37.79,-121.58,2784.0,1,0,0,10.6,9,1.48,2017
259198.81,1.85,15,7.2,1.2,3012,3.08,33.14,-117.72,4464.0,2,0,0,27.0,7,0.74,2009
373959.97,5.21,24,6.6,1.3,3514,3.66,37.03,-123.1,1317.0,2,0,0,10.7,1,1.45,2000
224026.54,2.43,49,4.2,0.7,5030,2.78,34.5,-123.54,1254.0,2,0,0,3.7,7,1.63,1975
323205.15,5.14,51,4.8,0.9,1456,1.61,36.7,-119.69,1096.0,3,0,1,17.4,3,1.71,1973
260091.61,3.57,13,5.5,0.9,1018,2.41,39.38,-123.62,2091.0,2,0,0,30.6,6,0.94,2011
260706.79,2.57,9,4.1,1.1,2416,2.56,38.84,-120.37,5491.0,2,0,0,6.3,6,1.22,2015
291343.31,2.21,15,6.3,0.9,7195,4.04,39.91,-121.11,1420.0,4,0,0,1.1,7,0.8,2009
211254.4,2.37,35,6.4,0.8,2300,4.72,37.03,-120.39,3039.0,3,0,1,36.9,1,1.05,1989
278982.8,3.23,24,3.3,1.2,2992,-0.28,37.35,-119.38,3472.0,3,1,0,17.2,8,0.84,2000
207200.2,2.8,33,4.3,2.1,1919,2.91,41.39,-122.55,6461.0,2,0,0,71.4,8,1.52,1991
211518.89,2.14,16,5.4,1.4,2288,2.28,38.5,-119.85,1937.0,3,0,0,17.8,2,1.51,2008
285611.81,2.54,8,7.2,0.2,1185,2.69,39.6,-120.7,1899.0,2,0,0,2.0,3,1.38,2016
300523.96,2.81,29,6.5,1.3,2803,4.01,38.81,-116.15,5002.0,2,0,1,8.5,9,1.27,1995
171828.08,1.16,23,2.0,0.8,3649,2.4,38.58,-117.21,1744.0,3,0,0,0.7,7,1.29,2001
273740.44,3.27,45,5.1,0.6,543,3.82,41.18,-115.34,5457.0,2,0,0,6.3,10,1.16,1979
219656.6,1.84,31,6.2,1.5,544,5.39,35.89,-117.48,3563.0,2,0,0,23.1,7,1.39,1993
209762.36,1.71,40,4.3,1.1,444,2.46,36.56,-123.23,1233.0,3,1,0,12.2,5,1.53,1984
216877.08,1.38,49,4.2,2.3,5886,2.74,36.11,-119.18,4132.0,2,1,1,9.2,6,1.43,1975
218676.92,1.33,14,4.4,1.0,862,2.71,39.77,-116.7,3736.0,2,0,1,28.2,9,1.58,2010
194421.54,1.58,30,5.0,1.0,2395,5.86,40.75,-115.66,2641.0,0,0,0,2.9,4,2.01,1994
243583.42,2.05,39,4.0,1.7,7540,2.4,35.9,-122.6,2180.0,3,0,0,11.6,9,1.41,1985
386241.2,5.94,27,6.5,1.1,2359,4.76,33.85,-122.15,6686.0,2,0,1,15.6,7,0.87,1997
180573.38,2.2,47,4.2,0.6,2728,2.96,37.19,-115.45,876.0,2,1,0,39.0,3,0.89,1977
228655.19,2.92,16,3.9,0.7,921,3.2,41.85,-119.4,1399.0,1,0,1,2.7,6,0.87,2008
292472.83,3.19,51,4.9,0.9,2360,3.99,34.43,-119.75,2289.0,1,1,1,18.4,5,1.14,1973
347368.71,2.86,6,7.7,1.4,815,2.55,36.79,-119.31,3796.0,2,0,1,0.7,7,1.17,2018
265176.54,2.64,33,6.3,1.7,394,4.18,35.08,-122.68,2977.0,3,0,1,12.6,4,1.21,1991
237521.15,1.69,44,6.4,1.5,1885,2.67,41.27,-117.91,2094.0,2,0,0,15.5,9,1.21,1980
328135.14,4.86,18,5.9,1.4,2337,1.72,37.73,-116.02,3885.0,3,0,0,27.5,5,1.3,2006
334641.61,5.6,16,4.1,1.6,1184,4.22,38.0,-115.71,1250.0,2,0,0,5.9,7,1.25,2008
215412.89,1.39,12,4.5,1.4,994,3.73,32.58,-124.18,3575.0,2,0,1,17.9,9,1.63,2012
203528.89,1.8,20,4.3,0.6,1524,2.3,38.7,-116.99,2566.0,3,0,0,1.5,7,1.6,2004
252488.01,2.43,45,7.1,1.0,1010,4.38,35.41,-123.54,4169.0,3,0,1,3.8,8,1.14,1979
222700.99,1.85,40,5.9,0.8,3273,1.82,37.38,-114.35,3815.0,2,0,0,22.3,6,1.28,1984
214229.93,3.33,29,3.0,1.7,2584,3.51,37.55,-119.44,4363.0,2,0,1,33.5,4,1.73,1995
260005.25,2.03,30,7.7,0.6,6650,0.97,38.13,-116.36,2197.0,3,0,0,0.2,4,1.03,1994
395873.08,6.46,26,5.0,0.6,1360,2.53,40.32,-117.97,2062.0,2,1,0,2.7,8,0.93,1998
369317.82,4.38,22,6.5,1.2,1911,1.99,35.34,-114.5,3285.0,1,0,0,3.5,8,0.97,2002
331057.71,2.96,33,7.1,2.1,2077,1.49,34.93,-114.28,1438.0,2,0,1,11.0,9,0.79,1991
300125.73,4.1,39,1.7,1.5,1341,3.03,40.06,-121.57,9024.0,2,0,1,2.5,6,1.02,1985
307480.64,4.23,47,6.2,1.6,369,3.4,39.33,-119.43,6660.0,3,1,0,56.0,10,0.71,1977
294799.64,2.17,29,5.1,0.5,2578,3.74,34.64,-119.21,1369.0,3,0,1,7.4,7,0.96,1995
187286.31,1.96,22,1.9,1.4,11706,3.0,32.51,-122.63,3341.0,2,0,1,2.3,4,1.65,2002
231496.15,2.8,45,3.8,0.5,4021,3.52,38.83,-115.01,5384.0,2,0,1,22.3,3,0.71,1979
259484.28,3.84,13,4.8,1.5,8660,1.65,33.99,-120.83,2450.0,2,0,0,12.4,7,1.18,2011
273085.36,2.87,9,6.8,0.3,3704,1.94,41.59,-123.58,2049.0,2,0,0,36.8,8,0.96,2015
154906.29,1.45,24,5.2,0.9,1601,2.98,38.24,-122.88,5379.0,2,0,0,41.1,1,1.23,2000
212869.46,1.97,15,5.7,0.1,2925,1.95,40.57,-119.11,5863.0,2,1,1,29.1,2,1.17,2009
251045.74,2.64,36,5.0,0.7,4255,3.01,40.15,-115.24,1331.0,3,0,1,12.5,7,1.39,1988
387747.38,2.64,13,7.1,0.4,502,2.22,37.8,-117.9,3161.0,4,1,0,3.8,10,1.26,2011
377432.17,5.98,27,6.3,1.4,2580,2.81,36.66,-122.24,2806.0,1,0,0,8.4,8,0.78,1997
176365.39,1.56,44,5.7,1.1,1671,1.0,37.22,-121.38,1237.0,0,0,0,9.9,4,1.22,1980
201928.56,3.33,37,3.8,0.9,5895,0.95,40.13,-114.25,1335.0,2,0,1,55.7,3,0.58,1987
403041.64,4.93,7,5.7,1.2,2435,2.14,38.58,-123.95,1881.0,2,1,0,4.4,8,0.62,2017
543924.25,6.74,8,9.7,0.7,252,1.41,34.45,-114.06,3005.0,2,0,1,8.6,8,1.54,2016
280947.18,2.31,37,6.7,1.3,2570,-0.15,38.29,-114.99,5686.0,2,0,0,12.4,7,1.34,1987
246069.56,3.31,41,4.4,1.1,347,3.58,36.34,-117.38,742.0,3,0,0,7.4,2,0.99,1983
418707.76,3.41,14,8.3,2.2,5010,4.17,33.08,-114.6,3163.0,2,1,1,1.9,8,1.15,2010
212500.16,2.94,12,4.3,1.9,978,4.05,36.12,-122.9,1852.0,2,0,0,33.2,6,1.48,2012
276049.88,2.61,36,6.6,1.6,731,2.83,34.66,-114.6,3888.0,2,0,1,24.2,8,1.21,1988
310544.99,3.24,40,5.4,1.2,975,2.8,40.47,-122.27,4960.0,3,1,1,4.4,4,0.96,1984
221280.23,0.99,17,5.8,1.3,884,3.12,33.5,-118.76,5034.0,2,0,0,8.9,7,0.94,2007
248791.11,3.57,40,5.8,1.7,1596,2.21,35.93,-119.37,2839.0,0,1,0,19.9,7,0.7,1984
204774.32,2.86,29,5.1,1.2,908,0.79,39.11,-119.12,2520.0,2,0,1,54.5,6,0.99,1995
249390.29,2.49,27,4.9,1.3,1421,4.42,41.03,-121.69,5805.0,4,0,0,2.8,10,0.82,1997
376855.11,6.16,1,3.5,0.8,526,3.02,35.69,-116.3,2526.0,3,0,0,15.2,8,1.41,2023
214791.37,2.08,34,3.8,0.8,1478,2.94,38.26,-116.7,3066.0,2,0,1,25.5,9,1.31,1990
210088.73,2.31,4,6.0,1.0,5642,2.62,36.05,-114.48,2366.0,1,0,0,0.4,5,0.86,2020
383713.23,6.03,24,4.5,-0.2,1262,3.71,34.43,-119.18,3525.0,2,0,0,25.0,6,0.93,2000
201157.1,1.95,21,4.1,1.1,2978,2.86,35.59,-118.75,1505.0,3,0,0,23.4,4,1.1,2003
343002.26,2.18,33,9.7,1.0,661,2.41,38.54,-115.01,2574.0,3,1,1,38.6,10,1.03,1991
299185.85,2.56,7,9.2,1.5,2874,2.6,39.31,-114.85,3122.0,2,1,0,1.3,5,1.54,2017
393738.08,3.8,1,6.4,1.7,4492,3.08,36.02,-117.68,4999.0,3,0,0,2.0,4,1.84,2023
306555.74,2.95,41,6.6,2.4,5654,1.62,33.95,-115.89,2736.0,4,0,0,11.0,5,0.89,1983
214727.94,1.62,3,4.3,1.4,2123,4.7,33.83,-119.2,874.0,2,0,1,30.8,7,1.5,2021
184767.07,2.2,44,3.7,1.2,3093,2.27,40.22,-120.42,2219.0,2,0,1,31.1,6,1.12,1980
216286.53,2.13,51,5.0,0.8,649,2.05,38.71,-115.43,6183.0,2,1,0,18.1,4,1.19,1973
235278.55,2.64,15,5.5,0.6,1330,2.55,39.42,-116.34,3225.0,2,0,0,8.9,7,1.25,2009
293051.74,3.22,31,6.6,1.6,953,4.09,37.14,-121.95,2075.0,2,0,0,3.9,8,1.03,1993
236317.73,3.21,16,2.8,1.1,2351,2.68,36.84,-124.0,1800.0,2,0,0,9.7,8,0.95,2008
242199.75,1.34,10,8.7,1.3,1184,4.4,34.51,-118.56,3593.0,2,0,1,3.7,1,1.02,2014
322972.87,4.16,29,5.9,1.1,3132,2.6,34.1,-115.66,2114.0,0,0,0,22.2,8,1.27,1995
280628.58,3.01,6,3.2,1.1,13028,1.3,33.96,-121.9,3022.0,4,0,1,8.2,5,1.3,2018
354875.69,4.73,29,5.7,1.2,2972,2.0,41.92,-116.44,2032.0,0,0,0,11.6,9,1.8,1995
280630.0,3.25,17,4.1,1.3,5593,2.18,40.3,-120.15,1908.0,4,0,0,17.1,4,1.17,2007
314002.6,4.22,22,4.0,1.6,700,3.78,38.45,-120.98,2458.0,4,0,0,11.2,6,1.04,2002
282691.41,3.28,24,3.9,0.5,1689,2.45,34.54,-122.69,2803.0,2,0,0,21.1,6,1.06,2000
350894.71,4.66,17,5.1,1.4,2150,1.58,35.71,-114.69,2899.0,2,1,0,23.1,7,1.09,2007
352589.31,3.35,21,8.7,0.5,1904,1.26,35.83,-122.13,2594.0,1,0,1,4.2,6,1.16,2003
252270.79,2.61,51,5.6,1.5,7900,0.8,37.04,-121.57,5160.0,1,0,1,5.3,8,1.28,1973
419324.02,6.75,50,6.5,1.3,997,6.18,36.51,-121.02,2430.0,2,0,1,0.9,6,1.93,1974
346821.06,3.88,11,6.9,1.1,2341,2.1,41.37,-121.51,6123.0,2,0,0,1.4,6,1.16,2013
311502.9,3.42,7,5.3,1.1,259,3.53,39.35,-122.79,2749.0,3,0,1,26.5,10,0.78,2017
253122.5,1.63,42,3.8,1.2,2539,1.55,33.27,-120.78,2141.0,2,1,1,3.6,6,1.65,1982
158804.59,1.62,39,3.1,1.6,2710,4.47,35.92,-119.55,3458.0,3,0,1,27.0,4,1.34,1985
218684.84,3.06,5,4.9,1.6,1734,1.97,33.76,-118.71,4333.0,2,1,0,63.9,5,0.7,2019
302045.85,2.88,44,7.2,1.5,2480,5.24,35.15,-122.86,1981.0,0,0,1,4.2,8,1.26,1980
222783.65,2.13,48,6.9,0.4,1151,5.37,41.61,-116.32,1455.0,1,0,0,9.3,5,1.24,1976
280144.27,2.88,21,5.9,1.4,680,1.66,39.2,-121.23,4906.0,2,0,0,11.6,8,1.43,2003
359616.4,5.13,18,6.1,-0.1,819,4.49,32.57,-114.86,5825.0,1,0,0,42.9,9,1.94,2006
327326.5,3.59,35,5.3,0.0,914,5.25,35.62,-121.04,3900.0,2,1,0,3.0,6,1.2,1989
192033.45,1.72,20,4.8,1.7,642,1.08,36.67,-115.44,2054.0,2,0,1,27.1,5,1.09,2004
214783.8,2.6,15,4.4,0.4,622,1.22,38.22,-120.8,2763.0,3,0,0,47.5,8,1.23,2009
207164.27,1.97,5,3.3,1.0,930,0.49,37.25,-119.19,1637.0,2,0,0,12.1,6,1.09,2019
281468.92,2.33,13,8.2,1.8,1359,1.87,33.16,-120.59,4989.0,3,0,0,2.5,2,0.79,2011
256627.71,2.3,51,5.8,1.4,2009,1.79,37.4,-120.44,3326.0,2,0,0,6.1,7,1.41,1973
211466.66,2.25,12,4.8,1.3,679,2.6,33.74,-118.0,3731.0,3,0,0,47.9,7,0.54,2012
264065.93,1.65,21,8.2,1.1,856,1.47,37.43,-117.22,3181.0,0,0,1,2.8,8,0.79,2003
299480.25,2.58,37,8.5,1.2,1106,3.83,34.84,-115.36,2987.0,2,0,1,10.0,8,0.77,1987
340733.34,2.17,6,9.6,0.8,2564,3.04,33.87,-118.52,3309.0,2,0,1,3.2,7,1.19,2018
176655.62,0.84,7,5.1,0.9,694,3.51,35.24,-122.22,2980.0,2,0,1,35.2,6,1.02,2017
409823.13,6.18,26,5.7,1.1,1195,4.24,33.45,-114.11,5344.0,4,0,1,13.4,9,1.46,1998
328508.4,4.2,42,6.5,1.2,3936,3.32,35.2,-117.32,1478.0,1,0,0,38.5,9,1.55,1982
228892.3,2.34,48,8.0,1.0,957,2.73,40.74,-120.57,1933.0,1,1,0,43.8,6,0.8,1976
295239.45,2.74,8,5.6,-0.0,666,2.01,35.42,-114.33,2487.0,1,1,0,10.1,5,0.81,2016
156710.97,1.7,9,4.0,1.9,1686,4.08,36.97,-114.44,2717.0,1,0,0,41.5,7,0.76,2015
400482.48,5.36,27,4.4,1.6,929,3.32,37.44,-123.66,4919.0,1,1,0,0.0,10,1.58,1997
434189.26,5.81,4,7.3,1.0,198,3.26,34.19,-124.29,1508.0,3,1,0,3.2,4,1.23,2020
245678.52,2.89,21,6.4,1.6,2120,2.27,36.7,-124.03,3910.0,1,0,0,19.9,7,0.94,2003
296259.77,4.09,31,5.2,0.9,3627,3.36,40.6,-117.3,2781.0,1,0,1,11.2,5,1.4,1993
263802.92,2.92,21,5.1,1.3,1775,2.06,33.27,-117.04,4567.0,2,1,0,70.6,6,1.0,2003
221958.02,1.59,40,5.2,0.1,4165,3.37,41.27,-116.9,3630.0,2,0,1,23.0,6,1.32,1984
301131.48,2.31,25,7.4,1.2,3026,2.68,40.78,-117.88,2797.0,1,0,1,16.4,7,1.07,1999
199529.56,2.87,39,4.3,1.0,912,3.86,40.63,-121.5,1814.0,4,0,0,36.5,2,0.83,1985
227772.77,2.27,15,3.7,1.2,9317,1.41,34.39,-122.75,3538.0,2,0,1,6.2,8,1.46,2009
307263.75,2.49,35,8.2,2.0,2337,3.06,37.1,-114.76,2446.0,2,0,1,2.8,8,1.09,1989
286532.7,2.62,49,5.5,1.1,2545,3.84,38.35,-114.91,2825.0,3,0,1,11.9,10,1.48,1975
261129.39,2.63,43,5.4,0.9,816,3.09,33.45,-121.95,4409.0,4,0,1,4.1,5,1.74,1981
328377.46,2.78,41,6.5,0.9,524,1.29,37.79,-122.74,6234.0,1,1,1,4.0,9,1.43,1983
195393.2,1.78,37,4.0,0.4,759,2.11,40.48,-120.56,1319.0,1,0,0,5.5,7,1.5,1987
263177.49,2.04,42,6.6,1.3,3774,4.52,41.4,-123.99,4418.0,3,0,0,16.9,5,1.43,1982
216097.22,1.63,47,4.9,1.4,7103,2.92,35.14,-122.8,5706.0,3,0,0,0.4,5,1.05,1977
306250.11,4.02,28,7.2,1.1,2277,2.02,35.24,-120.51,2746.0,2,0,0,28.5,2,1.43,1996
145138.53,1.17,14,3.2,1.6,1946,4.51,35.07,-121.99,1675.0,2,0,0,14.2,6,1.19,2010
330248.88,4.31,4,6.2,1.6,3919,4.86,33.96,-116.76,3568.0,2,1,0,5.4,9,0.67,2020
405427.36,4.73,20,5.2,1.1,5458,1.59,36.59,-115.0,2721.0,3,1,1,1.8,3,1.35,2004
284713.29,2.41,34,4.4,1.4,565,2.4,39.95,-114.95,17259.0,2,1,0,23.4,9,1.41,1990
275111.75,0.96,12,6.7,2.2,6649,2.59,39.26,-118.16,3523.0,3,1,1,8.6,6,1.03,2012
262246.87,2.35,33,5.3,0.7,1333,3.64,41.05,-117.11,2340.0,2,1,0,8.6,8,0.71,1991
245489.73,2.65,24,6.2,1.5,4303,2.78,35.88,-119.31,1430.0,2,0,0,9.5,8,1.68,2000
221683.47,1.81,20,7.4,1.1,769,3.15,37.94,-122.96,1833.0,1,0,0,8.0,8,1.29,2004
284278.7,2.21,5,6.7,1.6,4133,2.82,39.78,-117.83,4642.0,4,1,0,10.8,7,1.52,2019
338011.03,5.01,38,3.9,0.7,574,5.64,41.03,-120.83,1253.0,3,1,1,14.9,7,1.09,1986
323968.05,3.55,30,4.7,1.2,4433,3.69,40.78,-124.44,1274.0,3,0,1,8.5,9,1.15,1994
201198.31,1.88,24,6.2,0.8,3025,2.65,36.92,-118.46,4906.0,1,0,0,54.1,8,0.89,2000
249646.07,1.43,43,6.7,0.2,514,2.67,41.12,-122.42,2471.0,3,0,0,7.6,7,1.71,1981
251385.37,2.38,40,4.9,1.8,5015,3.57,36.72,-115.19,2610.0,3,0,1,3.6,6,2.06,1984
244722.34,2.5,7,5.8,0.9,828,1.85,41.08,-114.69,3981.0,3,0,0,58.8,5,1.16,2017
281186.0,3.32,36,5.8,0.7,4511,3.32,39.88,-122.8,2645.0,3,0,0,5.3,1,1.26,1988
275915.59,2.19,38,6.0,0.8,2029,3.19,34.61,-124.19,1343.0,2,1,0,14.5,10,1.67,1986
244180.47,3.34,16,3.7,2.0,667,1.96,41.33,-124.46,2143.0,3,0,0,26.5,8,0.62,2008
445758.05,5.89,15,3.4,1.8,803,0.22,34.8,-114.91,3769.0,2,0,1,0.1,10,2.01,2009
262170.57,3.77,46,2.1,1.0,41037,0.92,41.13,-122.9,3082.0,2,0,1,5.0,8,1.78,1978
287745.38,2.67,23,5.7,1.5,11451,2.72,38.34,-119.93,6308.0,4,0,1,11.4,2,0.86,2001
271123.14,2.53,12,3.5,0.6,1527,4.09,38.84,-123.9,3662.0,1,1,1,9.1,6,0.9,2012
338037.06,2.36,29,8.7,1.4,2539,2.46,33.54,-120.58,1938.0,3,0,1,1.1,4,0.76,1995
323834.14,4.36,44,6.5,0.9,4733,4.04,33.12,-116.25,6022.0,2,0,0,8.9,8,0.78,1980
266302.76,2.12,48,3.7,1.3,643,2.56,41.7,-120.23,6227.0,2,0,1,1.7,5,1.39,1976
341108.07,2.77,15,7.2,0.4,3139,1.74,35.7,-116.36,2096.0,2,0,0,4.3,8,0.95,2009
297827.95,2.77,29,7.2,0.8,3982,1.47,40.52,-117.27,3950.0,2,0,0,20.7,8,1.31,1995
248220.62,2.22,45,7.3,1.2,2415,1.89,39.19,-119.07,4160.0,3,0,0,3.0,7,1.6,1979
229937.85,1.57,43,4.3,1.2,5501,3.17,38.24,-116.75,3533.0,1,1,0,16.4,9,1.47,1981
306033.18,3.09,49,6.6,0.4,2042,2.95,39.01,-115.27,1497.0,3,1,0,54.1,8,1.5,1975
297303.69,2.65,21,7.4,0.6,4377,2.7,33.35,-116.17,13282.0,2,1,0,4.3,6,1.42,2003
356875.01,3.32,15,7.9,1.3,2184,2.75,36.42,-117.24,2407.0,4,1,0,4.5,6,1.54,2009
196629.53,2.2,14,3.2,1.3,530,4.33,38.27,-117.13,3569.0,2,1,0,45.9,2,1.22,2010
258616.03,4.43,42,5.2,1.4,3832,5.26,40.74,-122.81,4719.0,0,0,0,16.4,9,1.02,1982
226329.9,1.91,44,4.2,1.2,5123,2.11,39.29,-114.52,2424.0,4,1,0,22.1,4,0.8,1980
431036.47,5.39,16,8.3,0.6,1602,2.77,34.9,-122.34,5541.0,4,0,0,23.5,7,1.46,2008
197962.57,1.35,15,6.2,0.9,619,1.53,41.86,-120.84,2980.0,1,0,1,19.6,7,1.5,2009
281068.1,3.23,42,6.8,1.4,3620,2.98,38.61,-119.06,2170.0,4,0,0,56.5,6,0.97,1982
299937.74,3.29,4,6.2,0.6,2328,2.62,37.26,-123.18,1460.0,2,0,0,4.8,7,1.07,2020
273195.24,1.98,27,6.1,0.5,2292,3.26,39.92,-118.27,2468.0,4,0,1,11.0,8,1.19,1997
270139.68,3.22,23,4.2,0.9,2103,4.05,38.23,-122.58,3574.0,2,0,1,16.4,5,1.14,2001
275455.48,4.53,29,4.8,1.2,4048,1.55,39.24,-114.8,2546.0,0,0,0,18.4,3,0.9,1995
231958.7,1.12,41,5.6,0.2,2276,2.74,38.36,-115.17,4135.0,3,0,1,3.2,9,1.68,1983
276950.75,3.32,9,4.5,1.0,1236,2.67,34.2,-118.78,6821.0,3,0,1,31.3,7,1.05,2015
176413.9,1.0,43,4.3,1.4,496,3.19,37.66,-119.78,2561.0,1,1,1,25.3,4,1.34,1981
240899.45,1.85,43,5.2,1.5,1249,4.68,35.19,-123.42,5282.0,2,1,0,4.6,8,1.04,1981
422945.42,5.22,7,4.6,0.6,3743,2.22,37.92,-115.86,3260.0,3,0,1,11.8,5,0.97,2017
217561.41,2.15,42,5.6,1.3,1383,3.73,33.69,-120.52,3476.0,2,0,1,5.2,3,1.1,1982
238544.2,1.7,4,4.8,1.6,3737,5.01,34.7,-121.91,2998.0,3,0,1,6.8,5,0.91,2020
212109.58,2.51,5,4.5,1.4,583,1.98,40.18,-114.05,3630.0,2,0,0,11.4,5,0.73,2019
523228.94,6.22,5,4.1,0.9,804,3.18,36.35,-117.48,1980.0,3,0,1,11.6,9,1.13,2019
216302.87,1.31,11,5.5,-0.1,768,3.17,38.9,-123.72,2070.0,4,0,1,11.4,6,1.3,2013
294232.35,1.79,41,6.8,1.2,2014,1.44,37.23,-116.09,2208.0,2,0,1,11.8,8,1.36,1983
371200.6,4.95,28,6.5,1.9,7582,3.69,35.74,-116.62,1243.0,3,1,0,15.2,7,1.18,1996
362761.1,5.71,16,3.2,1.5,10888,4.35,37.2,-120.29,1627.0,3,0,0,0.2,3,1.07,2008
263414.66,2.61,41,6.8,1.5,4213,2.2,40.23,-123.2,2848.0,2,0,0,2.3,4,1.31,1983
257634.51,1.66,30,6.5,1.2,377,2.65,35.18,-119.28,2236.0,2,1,1,9.5,3,0.92,1994
462627.61,6.29,4,6.8,1.5,990,0.9,36.5,-116.49,2913.0,3,1,0,18.5,6,1.62,2020
441748.83,5.14,2,7.1,1.3,159,4.26,34.42,-123.7,4076.0,2,0,1,10.7,10,1.19,2022
272962.89,3.57,46,4.4,0.2,2063,4.04,35.84,-122.78,3375.0,2,0,0,14.9,5,1.49,1978
202408.8,1.96,3,5.1,1.5,6633,1.85,40.91,-118.0,2822.0,4,0,0,52.9,6,1.37,2021
305100.84,2.67,50,8.2,0.7,3471,1.99,39.96,-118.62,1184.0,2,0,1,19.6,8,1.16,1974
288542.17,2.55,21,8.1,1.1,440,2.52,36.05,-115.0,3056.0,3,0,0,42.2,9,1.25,2003
289284.05,3.1,6,5.4,1.5,5491,4.55,33.76,-115.94,2126.0,2,0,0,0.3,8,0.85,2018
355340.27,4.86,43,6.4,0.7,4738,2.91,36.49,-114.85,4214.0,2,0,0,8.9,7,1.29,1981
361600.91,3.86,18,6.5,0.6,6213,3.18,39.83,-119.61,2001.0,2,1,0,6.6,7,0.97,2006
241708.6,1.77,44,8.1,1.3,4390,3.18,32.92,-116.23,1682.0,2,0,0,18.3,7,0.98,1980
406441.73,4.71,5,6.0,0.5,1186,4.65,39.58,-123.99,6064.0,3,1,0,39.8,9,1.55,2019
310903.57,3.08,9,3.7,1.0,409,2.55,38.96,-121.41,1210.0,4,0,1,0.6,6,1.02,2015
320931.35,3.58,20,4.8,1.7,4613,2.84,33.11,-117.74,6939.0,3,0,1,0.9,8,1.54,2004
462675.18,4.89,28,10.2,1.9,3365,4.41,38.54,-116.48,3143.0,4,0,1,16.8,7,0.95,1996
197071.4,1.74,26,3.6,0.2,373,4.4,35.34,-118.51,2519.0,3,0,0,6.4,7,1.49,1998
255591.83,2.68,18,5.6,1.0,835,1.75,34.18,-119.45,2401.0,0,0,1,3.4,8,0.94,2006
245474.73,2.2,19,9.0,1.7,854,0.66,36.16,-122.05,4629.0,2,0,0,46.4,5,1.2,2005
211150.47,1.45,3,4.3,0.9,3235,2.99,34.45,-122.67,3323.0,2,1,0,0.2,6,1.28,2021
215052.03,3.12,9,1.4,1.5,1785,3.78,40.33,-115.31,3252.0,1,1,0,4.8,8,1.33,2015
495560.8,7.42,36,1.7,1.5,1464,3.38,39.55,-123.01,2885.0,3,1,0,6.0,6,1.21,1988
184934.99,1.3,31,4.3,0.8,1292,2.27,41.82,-119.93,2367.0,3,0,0,22.9,8,0.84,1993
244011.0,2.68,49,2.9,1.3,734,5.24,37.57,-115.17,5569.0,2,0,1,12.4,8,0.7,1975
329101.03,3.51,17,7.1,1.3,3913,1.72,33.35,-122.95,2351.0,2,0,1,6.0,9,1.18,2007
302338.65,2.86,23,5.9,1.6,1010,1.36,35.99,-123.16,1569.0,2,1,1,2.8,6,1.78,2001
214236.44,2.6,34,2.3,0.3,4582,4.39,40.47,-117.23,3473.0,4,0,0,3.7,9,1.06,1990
233653.34,1.62,41,3.1,1.7,593,2.5,36.27,-121.02,1457.0,3,0,1,0.6,10,1.63,1983
270607.1,2.98,41,7.4,1.4,1219,5.04,36.83,-119.93,6229.0,3,0,0,27.2,4,1.52,1983
356571.35,2.01,5,5.8,0.5,8706,2.7,36.41,-117.93,3661.0,4,1,1,1.9,8,1.42,2019
226237.3,1.13,15,7.7,1.0,2181,2.53,34.74,-120.52,1035.0,2,0,1,26.0,8,0.85,2009
401337.94,4.38,47,7.2,1.5,1221,3.6,33.2,-116.1,3606.0,3,1,0,2.2,7,1.37,1977
264850.47,3.99,3,3.8,0.6,1093,4.03,34.22,-114.33,2474.0,2,1,0,35.5,6,1.36,2021
274701.59,2.78,19,6.8,0.6,901,5.59,35.96,-114.7,5637.0,4,0,0,17.0,2,1.21,2005
285637.58,2.98,28,6.3,1.1,2599,4.03,34.83,-118.77,2779.0,3,1,1,6.5,7,1.29,1996
259058.68,4.18,3,2.6,0.9,3710,4.29,37.94,-120.77,2810.0,3,0,0,7.5,6,1.02,2021
282718.57,2.97,38,3.5,1.2,2210,2.31,38.33,-119.95,2440.0,2,0,1,5.0,7,1.4,1986
415628.92,3.9,4,9.2,1.5,1724,4.15,37.92,-121.03,2571.0,2,0,1,3.6,4,1.52,2020
179102.55,2.41,24,4.1,1.2,2925,3.75,33.31,-119.86,1052.0,2,0,0,36.3,2,0.59,2000
361922.83,4.59,31,6.1,1.1,587,2.3,38.84,-124.36,2243.0,3,0,0,3.1,8,1.22,1993
316513.64,3.09,45,5.2,1.5,2446,1.35,36.15,-123.92,1804.0,2,1,1,2.9,4,0.75,1979
295653.98,2.94,45,5.8,1.0,2559,1.92,40.84,-116.4,2417.0,3,1,0,6.7,4,0.98,1979
206411.26,1.64,11,5.3,0.7,2239,2.38,37.49,-120.98,5147.0,2,1,1,62.3,7,1.3,2013
359289.91,3.05,37,6.9,1.7,1159,2.77,33.3,-116.16,6697.0,3,1,0,9.4,8,1.29,1987
248466.73,1.95,1,6.9,-0.1,972,3.9,32.59,-119.46,3310.0,3,0,0,6.6,1,1.05,2023
200664.73,2.11,9,5.7,1.1,638,4.14,39.17,-116.04,2205.0,2,0,1,98.0,6,1.79,2015
225404.5,1.96,17,4.1,0.9,5863,5.1,36.3,-117.53,1469.0,1,0,1,20.2,7,1.27,2007
175890.79,1.77,1,4.6,0.6,1729,3.51,35.24,-122.39,2332.0,2,0,1,43.4,8,1.02,2023
357702.61,6.36,3,3.1,1.2,1288,1.26,36.75,-119.8,1597.0,2,0,0,4.3,9,1.31,2021
348491.25,4.63,47,5.0,1.3,1191,1.92,33.19,-117.1,2665.0,2,0,0,21.0,1,0.7,1977
335947.29,5.86,26,2.9,0.7,841,2.72,36.22,-121.03,2894.0,3,0,0,33.2,9,1.32,1998
235807.29,1.67,31,5.8,0.4,1177,4.28,35.49,-122.47,3273.0,2,0,0,11.3,10,1.11,1993
303444.28,2.8,26,5.9,0.4,4764,3.75,40.1,-118.83,3135.0,0,1,1,8.3,9,1.6,1998
275102.37,1.62,23,7.0,2.0,2879,2.09,34.16,-121.63,1138.0,3,1,0,5.3,9,0.88,2001
234314.98,2.06,30,3.7,2.1,3507,1.66,39.69,-118.26,1845.0,2,0,1,12.6,4,1.46,1994
266056.13,1.88,10,3.8,1.1,3894,2.24,37.25,-121.65,1862.0,2,1,1,3.2,10,1.2,2014
388307.88,4.46,8,7.8,0.4,10507,1.52,33.28,-114.98,2384.0,3,1,1,8.5,8,1.45,2016
201895.64,2.32,44,3.4,1.0,1848,2.86,41.71,-120.89,3137.0,3,0,1,17.2,3,1.51,1980
417826.11,4.17,25,8.6,-0.0,1283,3.53,39.47,-114.97,2029.0,3,0,1,15.8,8,1.33,1999
273195.57,3.46,22,4.1,1.3,2565,3.36,34.97,-121.57,14478.0,2,0,0,18.1,8,1.5,2002
446929.84,6.83,15,4.1,0.6,3037,2.43,38.03,-118.15,5509.0,2,0,1,13.2,7,1.3,2009
263825.0,1.5,41,6.8,0.5,1759,3.03,41.05,-123.13,1775.0,3,1,0,0.0,9,1.0,1983
367610.25,4.5,10,6.3,1.6,884,1.43,41.34,-116.33,5790.0,1,0,1,0.4,8,1.73,2014
408062.02,4.3,20,8.0,1.0,2098,2.18,39.45,-122.4,6853.0,2,0,1,13.0,4,0.59,2004
152068.4,1.84,41,2.7,1.5,2795,3.37,39.41,-115.43,1595.0,3,0,0,50.7,5,0.84,1983
356999.52,4.07,47,6.3,1.7,2387,5.7,35.13,-119.75,1649.0,2,0,1,3.2,7,1.1,1977
273930.32,3.11,23,5.4,1.1,415,4.62,41.9,-123.51,3173.0,3,1,0,19.0,6,0.98,2001
279920.3,2.48,1,3.9,1.1,506,1.43,34.81,-120.68,5065.0,2,0,1,8.5,8,1.19,2023
286032.0,1.96,2,8.3,1.6,3208,4.01,33.35,-116.31,3510.0,2,1,1,2.2,4,1.21,2022
236804.12,2.04,19,5.9,0.8,1342,3.21,41.79,-123.7,1260.0,2,0,0,0.5,6,1.0,2005
395931.29,6.17,14,5.4,1.7,10717,3.24,33.95,-117.93,2004.0,3,0,0,18.7,5,1.33,2010
315788.72,2.72,8,6.2,0.1,5286,6.06,37.46,-119.17,2221.0,2,0,1,2.3,5,0.86,2016
336857.25,3.72,38,2.9,0.9,655,2.42,36.95,-121.25,4538.0,4,1,1,5.3,8,1.36,1986
229997.76,1.98,12,3.6,1.2,4110,3.63,40.56,-116.57,1465.0,2,1,1,7.7,3,1.04,2012
196807.03,1.99,26,5.0,0.5,6505,3.92,36.27,-123.95,1588.0,0,0,0,18.4,9,1.15,1998
369076.01,4.19,27,6.0,1.3,1266,2.17,37.27,-119.27,3071.0,3,0,0,7.4,7,0.86,1997
259028.01,1.58,29,7.4,1.2,1687,0.49,32.92,-119.18,2975.0,4,0,0,7.3,6,1.88,1995
189018.79,2.3,15,4.2,0.7,1166,1.4,34.47,-123.59,4680.0,2,0,0,23.7,7,1.01,2009
283024.02,2.76,46,3.8,0.7,736,3.31,40.41,-123.07,2184.0,1,0,0,0.1,8,1.71,1978
288234.13,2.84,1,6.3,0.7,6384,4.08,37.04,-120.2,5115.0,2,1,0,21.0,8,0.88,2023
261396.24,2.53,43,5.3,0.3,227,3.65,34.69,-118.87,4706.0,2,1,1,11.1,8,1.06,1981
254718.77,3.18,28,2.6,1.9,1053,3.63,36.0,-123.94,2831.0,2,1,1,11.7,5,1.3,1996
319607.27,3.59,3,4.1,1.0,1289,3.4,35.21,-124.38,2277.0,2,0,0,6.4,9,1.26,2021
382919.45,3.65,51,5.2,0.4,2050,2.01,37.78,-122.48,6929.0,0,1,0,1.5,9,1.04,1973
238065.32,1.83,18,5.3,1.0,670,2.97,32.99,-119.38,3766.0,1,0,0,1.4,9,1.18,2006
259981.92,2.43,34,5.6,1.2,5345,3.75,34.64,-124.08,2581.0,2,0,1,6.3,3,1.55,1990
284329.45,4.38,32,3.5,0.7,416,3.57,35.87,-116.8,1835.0,3,0,1,19.1,4,0.77,1992
324301.7,3.89,29,5.3,0.9,421,4.97,41.32,-122.9,5717.0,2,0,0,33.3,7,1.48,1995
226189.6,1.57,25,6.9,1.8,1893,2.3,38.42,-116.39,2158.0,2,0,0,25.1,10,1.3,1999
198017.05,3.13,26,1.2,0.5,645,2.32,37.29,-122.35,2278.0,2,0,0,24.0,4,1.34,1998
250997.2,1.23,39,5.1,0.8,2134,2.16,34.31,-120.86,2043.0,3,0,0,0.1,8,0.69,1985
254675.41,2.77,8,3.0,0.1,1000,-0.28,37.8,-119.47,2469.0,4,0,0,3.2,4,1.43,2016
409450.48,5.81,19,5.5,2.0,3449,3.74,41.33,-120.85,3641.0,3,0,1,43.5,10,0.69,2005
174220.43,1.86,47,3.2,1.4,860,3.01,37.88,-124.25,2306.0,3,0,0,30.6,8,1.06,1977
220232.8,1.95,42,5.7,1.1,5742,2.71,34.07,-114.96,2838.0,2,0,0,2.0,5,1.02,1982
270333.32,3.69,22,7.9,0.7,2991,2.02,41.97,-121.49,2095.0,3,0,0,15.2,2,1.17,2002
207623.99,1.47,29,4.0,0.7,985,3.66,37.24,-123.07,3805.0,4,0,0,8.5,6,1.14,1995
228422.66,2.11,33,4.2,1.0,2979,3.02,35.54,-123.11,2834.0,2,0,0,0.1,7,1.12,1991
253223.3,3.45,38,4.8,1.3,2032,4.85,37.28,-114.27,1610.0,1,1,0,24.2,7,1.18,1986
262989.37,2.11,45,6.0,0.6,3389,3.03,35.01,-123.21,2800.0,3,1,0,43.0,9,1.47,1979
222395.81,2.47,46,4.0,0.9,2920,3.5,32.79,-120.86,3349.0,3,0,0,38.0,10,2.01,1978
283524.68,3.66,35,4.9,1.5,2410,4.89,40.95,-123.79,2425.0,4,0,1,7.3,6,0.65,1989
236272.72,3.22,43,4.5,1.9,1904,2.6,36.57,-116.78,1054.0,2,0,1,23.3,4,0.94,1981
257262.29,3.02,3,4.8,1.4,3727,2.48,39.65,-118.23,5575.0,4,0,0,10.3,6,1.2,2021
239672.43,2.37,19,6.0,0.8,4612,4.71,41.73,-118.9,1802.0,2,1,0,58.7,8,1.06,2005
282326.34,3.15,10,6.3,1.0,2016,1.13,38.51,-115.51,4056.0,4,0,0,49.6,7,1.14,2014
222744.41,2.59,27,3.3,1.3,2936,2.69,39.07,-118.48,2466.0,3,1,1,22.3,3,1.14,1997
265559.9,3.26,15,6.0,1.0,3826,2.66,41.46,-114.47,2842.0,3,0,1,9.6,5,1.28,2009
316365.69,2.23,11,10.2,1.5,6539,1.99,37.41,-117.96,2699.0,2,0,0,34.8,8,1.66,2013
296519.12,2.53,47,7.8,0.7,5685,3.63,35.54,-120.78,4922.0,2,1,0,3.8,8,1.64,1977
253068.43,1.83,26,4.5,1.9,4121,2.32,41.25,-124.11,3350.0,2,1,0,3.6,7,0.93,1998
264486.25,2.68,24,5.7,1.1,1298,3.13,33.16,-116.88,3205.0,2,0,1,12.3,5,0.91,2000
242671.33,1.97,13,5.4,0.8,632,1.88,34.54,-120.58,1621.0,4,0,1,25.6,4,0.83,2011
244681.41,1.74,32,6.2,1.4,2828,3.34,35.74,-118.21,6304.0,2,0,1,1.0,5,0.79,1992
270093.86,3.01,37,4.9,0.6,2811,5.5,39.93,-115.3,1394.0,1,0,0,23.0,8,0.67,1987
292300.27,2.96,4,5.1,1.2,1316,2.94,41.09,-124.42,5712.0,2,0,0,44.7,7,1.63,2020
287027.87,3.72,13,4.4,1.8,621,2.99,36.79,-116.52,1196.0,2,0,0,11.8,6,1.46,2011
214321.32,2.29,9,7.1,0.5,6799,1.58,35.22,-119.93,7377.0,0,0,0,3.6,4,1.04,2015
322793.46,3.2,49,6.0,1.7,2541,4.01,35.86,-123.2,3664.0,2,1,0,15.0,6,1.16,1975
276615.24,3.39,34,6.0,0.5,687,2.9,38.74,-118.38,2304.0,0,0,1,3.3,6,0.94,1990
258438.6,3.25,37,7.3,1.5,1633,3.47,34.0,-118.91,1493.0,2,0,1,7.4,9,0.84,1987
250306.62,1.95,48,7.3,0.6,617,4.14,37.7,-115.66,2957.0,2,0,0,18.0,9,1.44,1976
331246.53,2.89,7,7.1,1.7,3119,2.78,38.09,-119.02,3749.0,1,0,0,7.2,9,1.31,2017
353398.3,3.14,1,7.3,0.8,7943,4.23,39.22,-115.81,3068.0,3,0,1,9.9,6,0.93,2023
271192.27,2.73,12,7.8,0.9,1558,4.3,38.24,-118.78,2432.0,0,0,0,11.8,7,1.7,2012
243919.93,1.18,21,4.1,0.6,1679,3.41,33.42,-119.81,2072.0,3,0,1,6.2,9,1.62,2003
262963.65,2.9,11,5.1,-0.1,1449,3.24,39.04,-120.6,5381.0,2,1,0,1.2,3,0.87,2013
502825.02,6.59,44,6.6,0.5,1510,3.03,32.71,-122.68,2541.0,3,0,0,10.7,7,0.79,1980
214723.24,2.35,51,4.2,0.3,971,3.67,36.21,-118.37,3587.0,1,0,1,10.0,6,1.32,1973
220675.51,2.03,44,5.0,0.1,5462,3.62,36.46,-118.79,3918.0,3,0,0,8.3,6,1.88,1980
247305.73,3.16,44,5.8,1.2,2113,1.28,33.61,-114.25,1602.0,2,0,1,3.1,6,0.93,1980
255751.84,3.08,14,5.2,1.9,1902,2.19,32.59,-120.17,2834.0,0,0,0,0.8,7,1.43,2010
333456.44,4.38,34,5.6,2.0,1508,4.15,33.18,-120.07,5748.0,3,0,0,26.3,6,1.06,1990
214175.39,1.64,34,3.8,0.5,653,3.3,36.74,-122.78,3447.0,3,1,0,11.4,6,1.41,1990
225057.86,3.64,25,5.4,1.0,3830,2.74,34.78,-118.23,3725.0,2,0,0,58.9,7,0.57,1999
257220.74,3.44,4,5.7,1.7,5644,5.11,33.16,-115.6,2411.0,2,0,0,57.1,6,0.95,2020
267492.09,2.57,26,7.9,0.4,407,3.97,34.94,-121.9,5135.0,2,0,0,13.0,2,1.28,1998
262044.85,3.11,16,5.1,1.7,3189,4.3,37.52,-124.4,7911.0,0,0,0,10.1,6,1.29,2008
323494.7,4.1,10,4.5,1.7,3604,2.74,39.55,-117.24,2022.0,3,0,0,3.1,5,0.6,2014
334399.98,3.85,45,6.6,0.1,5051,3.46,36.41,-124.17,4415.0,4,0,1,7.2,3,0.95,1979
151483.18,1.72,2,0.7,-0.1,4742,2.9,38.32,-120.2,1498.0,2,0,0,23.1,9,1.0,2022
291502.84,3.77,35,5.0,0.9,14892,1.76,38.17,-118.07,4041.0,1,0,0,49.5,8,1.4,1989
265754.11,2.65,19,4.7,1.6,2490,3.24,41.01,-120.45,3715.0,2,1,1,13.7,6,1.15,2005
319516.31,2.8,6,5.9,0.3,4000,2.93,34.2,-121.76,1682.0,4,0,0,14.4,10,1.32,2018
308822.24,2.8,19,7.4,0.1,1826,2.91,37.03,-116.11,4735.0,2,1,1,42.8,6,1.61,2005
278853.58,2.56,51,7.8,1.1,951,4.19,38.5,-121.34,1812.0,2,0,1,2.0,5,1.15,1973
408895.7,4.38,8,5.9,1.4,3186,2.87,37.44,-122.61,7835.0,2,1,0,14.2,7,1.39,2016
257681.79,2.63,14,3.2,0.8,4003,3.08,36.78,-120.42,3203.0,2,1,1,13.2,9,1.5,2010
258094.49,1.74,10,4.7,0.8,2376,3.14,41.75,-123.12,2760.0,0,1,1,3.4,8,1.11,2014
227951.89,2.32,3,4.9,1.4,479,3.6,41.45,-117.25,2135.0,4,0,0,22.3,8,1.06,2021
272173.12,2.92,38,6.1,0.7,567,3.36,38.31,-117.04,4040.0,3,1,0,1.9,4,1.42,1986
380987.06,4.44,29,5.6,0.7,3340,3.82,36.68,-124.34,3535.0,4,1,0,1.0,2,1.33,1995
236675.01,3.46,15,4.5,1.2,1349,1.46,39.68,-117.2,3201.0,3,0,0,10.0,7,1.54,2009
189353.96,1.93,23,3.6,1.3,2403,3.17,37.37,-121.36,2048.0,2,0,1,5.3,6,1.33,2001
464523.48,7.35,23,4.2,1.0,2660,2.87,41.96,-117.61,2607.0,2,0,1,8.6,2,1.12,2001
333548.36,3.02,18,4.1,1.8,1649,1.42,39.02,-117.08,2061.0,2,0,1,1.8,9,1.26,2006
370913.35,4.53,46,7.9,1.5,1473,1.27,33.15,-121.58,1265.0,2,0,0,9.0,2,1.04,1978
194910.63,2.56,19,4.3,0.9,1629,2.25,36.32,-122.55,2780.0,1,0,1,8.7,1,0.59,2005
267158.67,3.36,28,5.6,0.5,2902,2.22,39.44,-115.82,1708.0,2,0,1,51.0,5,1.46,1996
312595.87,3.8,26,7.0,1.6,2654,2.71,40.5,-116.74,8178.0,2,1,0,19.2,7,0.86,1998
356090.64,4.43,10,5.8,1.6,954,3.15,40.23,-115.71,7620.0,2,1,1,38.0,7,1.3,2014
299456.41,4.15,47,3.9,1.1,1786,3.59,41.78,-119.92,3556.0,4,1,0,22.8,6,1.21,1977
392366.23,3.85,4,7.0,1.2,773,1.51,37.15,-119.71,1194.0,2,1,0,23.3,9,1.28,2020
233257.42,2.4,2,6.0,1.5,2728,1.92,33.83,-120.89,3748.0,2,0,0,30.1,5,0.81,2022
178165.31,2.16,3,2.2,1.9,1245,1.96,38.7,-119.26,2673.0,1,1,0,4.4,8,0.75,2021
313117.1,3.11,7,7.4,1.5,3215,2.86,33.17,-117.71,5205.0,1,0,0,8.3,6,1.2,2017
319145.1,3.95,16,6.8,1.3,1491,3.03,41.75,-115.95,4961.0,4,0,0,31.2,6,1.23,2008
277712.38,2.49,31,6.0,1.6,4515,4.2,39.71,-122.58,2042.0,2,0,1,1.0,9,1.29,1993
402229.03,4.16,10,8.0,1.7,5252,1.9,41.83,-120.24,2483.0,1,0,0,0.9,8,1.0,2014
355183.57,4.86,19,6.8,1.2,2579,3.93,36.08,-119.66,2394.0,1,0,0,15.7,7,0.87,2005
190897.18,1.88,28,7.2,1.6,1347,1.22,32.65,-119.38,2420.0,2,0,0,36.0,4,1.41,1996
230578.18,1.94,17,7.1,0.8,854,3.02,37.45,-118.81,1350.0,2,0,1,23.7,4,1.75,2007
255365.8,2.57,28,6.6,1.6,3902,3.66,33.65,-116.08,3609.0,1,1,0,24.1,5,1.36,1996
241913.69,3.07,19,2.8,0.8,1714,3.76,38.96,-115.19,3105.0,1,0,1,6.7,7,1.5,2005
203174.45,2.2,37,3.0,0.6,1879,5.03,37.23,-122.83,2532.0,4,1,0,13.4,3,0.66,1987
391148.9,4.67,23,6.8,1.0,1325,5.85,39.66,-117.02,3420.0,2,1,1,22.1,7,1.46,2001
300529.02,3.22,20,7.3,0.4,598,3.49,35.27,-119.47,3509.0,1,0,0,23.7,7,1.03,2004
272188.18,2.76,13,4.4,0.8,4270,1.42,40.38,-120.11,5339.0,2,0,0,13.0,9,1.11,2011
205880.18,1.53,13,3.8,1.3,1689,7.57,38.68,-123.31,4665.0,2,1,0,24.2,6,1.6,2011
273615.04,1.61,43,5.9,1.2,407,4.37,41.88,-123.83,4994.0,4,0,1,0.4,9,1.07,1981
247593.91,3.04,11,3.3,1.4,1619,4.24,34.2,-114.23,1903.0,2,1,0,42.9,7,1.39,2013
190910.26,1.16,48,5.2,1.4,611,2.49,32.99,-117.76,1702.0,1,0,1,30.7,6,1.09,1976
288958.44,4.08,15,5.0,1.3,2899,2.85,40.58,-119.75,4797.0,2,0,1,0.8,7,0.71,2009
222355.3,2.55,17,5.2,0.7,2597,2.01,35.72,-116.5,7003.0,1,0,0,8.2,3,1.43,2007
603747.76,9.95,50,8.3,1.6,6042,3.81,36.6,-123.54,4556.0,2,0,1,37.8,9,1.22,1974
426283.63,6.84,28,4.5,1.0,554,2.44,41.29,-118.12,3515.0,3,0,1,10.8,7,1.25,1996
241116.92,2.53,19,5.6,1.2,5708,3.86,36.69,-117.56,2991.0,2,0,0,1.4,6,1.29,2005
184534.15,2.61,4,3.5,1.2,2739,2.11,35.33,-119.75,12461.0,2,0,0,51.0,8,1.63,2020
368361.66,4.05,22,6.9,1.9,605,4.14,33.07,-121.85,4521.0,1,0,1,6.7,6,1.2,2002
381153.99,5.37,22,5.2,0.5,7797,3.34,36.71,-114.48,2697.0,2,0,0,10.9,7,0.46,2002
240321.25,1.41,37,7.3,0.9,1636,4.53,38.72,-121.34,8038.0,1,1,1,15.0,6,1.65,1987
196411.98,1.33,39,1.8,1.4,697,5.53,35.06,-123.19,7052.0,2,0,1,26.8,10,1.29,1985
254349.17,2.12,34,5.4,1.1,4153,3.34,39.32,-117.88,1456.0,3,1,0,31.0,8,0.91,1990
270288.69,3.43,33,5.7,0.9,756,4.64,37.04,-118.47,1614.0,1,0,0,15.9,9,1.47,1991
261728.77,3.32,44,6.9,0.1,4559,4.64,40.65,-116.57,2689.0,3,0,1,44.5,6,0.81,1980
306029.3,4.17,42,4.5,1.0,1550,2.97,34.04,-116.59,5641.0,2,0,1,3.7,7,0.54,1982
189713.14,1.68,40,6.7,1.3,1367,3.31,39.69,-117.99,2231.0,1,0,0,35.3,5,1.53,1984
161408.21,1.08,33,4.7,1.4,638,3.33,41.36,-122.32,1790.0,1,0,1,3.2,1,1.55,1991
296337.38,3.83,12,5.6,1.0,784,2.48,39.54,-115.18,4478.0,3,0,0,33.7,5,1.55,2012
281352.79,1.95,2,6.9,1.2,2055,2.49,36.36,-121.89,1136.0,3,0,0,3.6,9,1.06,2022
187210.8,1.21,28,4.1,0.5,487,4.47,34.69,-123.51,2501.0,3,0,0,19.1,7,1.1,1996
269491.04,2.88,10,6.6,1.3,3138,2.15,33.43,-121.33,1743.0,3,0,1,25.5,4,1.06,2014
321870.77,3.73,22,6.0,1.1,1188,2.82,38.6,-119.43,2969.0,2,0,0,7.4,7,0.77,2002
226904.22,2.59,17,5.0,1.2,1316,2.61,33.86,-122.32,1856.0,0,0,0,1.8,8,1.09,2007
257570.08,2.26,26,4.5,1.0,2882,3.55,40.46,-121.0,2763.0,2,1,0,6.8,7,1.11,1998
236203.19,2.55,3,2.3,1.2,1535,5.76,41.63,-119.11,3680.0,2,0,1,1.0,9,0.84,2021
296266.72,2.34,7,5.4,1.4,4838,2.77,33.79,-121.11,3181.0,3,1,0,16.2,9,1.63,2017
199360.73,1.59,44,5.0,1.2,350,1.27,36.07,-123.56,2279.0,2,0,1,17.9,7,0.98,1980
229986.99,2.04,8,6.5,0.2,3430,3.13,41.4,-122.43,2513.0,1,1,0,4.7,3,1.65,2016
339353.58,3.35,20,6.3,1.2,1843,1.83,36.97,-116.16,9203.0,3,1,0,15.8,8,1.48,2004
319861.42,3.09,12,7.1,0.9,1068,3.31,37.59,-114.48,4635.0,3,0,1,0.9,6,1.26,2012
335888.59,2.91,35,7.2,0.7,3862,2.09,39.6,-122.94,2655.0,4,0,1,0.5,8,0.78,1989
298966.84,1.83,17,10.2,1.8,2891,3.2,34.5,-117.35,3259.0,2,1,0,7.9,6,1.42,2007
232582.46,2.53,28,6.3,0.6,2170,1.57,41.8,-114.99,3736.0,1,0,0,9.9,6,1.81,1996
179236.34,1.14,41,4.2,0.7,1476,2.68,39.92,-121.36,2037.0,2,0,1,0.3,7,1.0,1983
231719.79,2.92,10,6.7,-0.0,1028,1.81,34.03,-115.79,2984.0,2,0,0,13.4,2,1.33,2014
371411.81,4.81,22,7.9,1.8,762,4.5,33.56,-115.0,1743.0,0,0,0,26.8,4,1.1,2002
238190.67,1.51,38,6.2,1.5,5392,2.13,41.38,-121.36,1814.0,2,0,1,7.9,9,0.68,1986
204730.24,2.15,33,2.3,0.9,3503,3.67,39.01,-123.9,4618.0,2,0,0,20.6,10,1.22,1991
323411.72,3.1,22,6.3,1.4,2849,3.21,32.87,-114.87,4929.0,1,0,0,2.5,5,1.13,2002
293613.73,4.49,44,4.6,-0.0,1284,3.24,33.85,-121.03,5306.0,2,0,1,11.3,8,0.81,1980
178866.6,2.27,37,3.5,1.3,9201,3.45,32.95,-124.36,2876.0,2,0,0,23.3,4,1.49,1987
289752.34,2.06,13,5.8,0.7,1037,3.72,41.75,-119.51,2329.0,2,1,0,17.2,7,0.96,2011
137205.71,1.24,27,3.2,1.9,1336,4.57,37.23,-123.28,2997.0,0,0,0,22.7,7,1.02,1997
321955.93,2.83,15,7.0,1.3,7710,4.12,36.89,-115.03,1218.0,2,0,1,19.2,7,1.39,2009
369422.93,6.15,22,6.6,1.2,1733,4.83,41.58,-122.87,5967.0,3,1,1,1.9,6,0.85,2002
311058.03,3.04,30,5.4,0.7,7262,1.72,37.29,-121.3,769.0,3,1,0,1.6,9,1.43,1994
177503.63,2.69,43,4.7,0.7,2447,1.39,37.42,-116.2,4849.0,3,0,0,55.7,6,1.26,1981
276773.51,3.09,40,5.2,1.4,1197,4.99,41.85,-116.03,1818.0,3,0,0,9.9,7,1.29,1984
226851.49,2.71,37,4.0,0.7,1545,3.67,33.56,-115.04,2969.0,3,0,0,19.8,5,1.57,1987
241448.84,1.96,34,5.4,0.7,1018,1.72,41.86,-119.28,1948.0,3,1,1,17.2,7,1.05,1990
238499.29,3.78,44,1.2,1.8,3148,2.66,34.07,-114.14,1963.0,0,1,0,0.7,5,0.92,1980
297304.4,2.98,34,5.6,1.2,4809,3.64,36.99,-119.08,880.0,2,1,0,10.3,5,0.43,1990
283269.24,2.74,48,5.7,0.6,2627,2.94,35.71,-116.2,1580.0,4,0,0,11.1,6,0.97,1976
246536.29,1.84,35,6.8,1.4,2268,3.73,41.58,-120.7,4699.0,1,0,1,24.8,5,1.15,1989
343575.11,4.58,42,5.9,1.0,787,1.59,37.11,-114.62,1616.0,3,0,1,49.1,2,1.03,1982
361352.24,3.55,19,7.0,0.2,4336,2.96,32.72,-117.31,1582.0,3,0,0,5.1,8,1.29,2005
263508.92,2.18,8,6.3,0.9,3540,3.14,34.61,-123.69,2824.0,4,0,0,0.9,8,0.81,2016
348584.17,4.06,39,7.1,0.6,2258,2.15,36.59,-123.36,931.0,3,0,0,9.7,9,1.07,1985
351726.88,2.23,33,9.4,1.2,1420,2.66,38.93,-115.15,2501.0,3,0,1,0.5,10,1.39,1991
223489.56,1.99,44,6.1,0.8,1872,2.44,37.84,-116.0,3392.0,3,0,0,7.3,4,1.47,1980
234762.88,2.01,28,5.8,1.1,873,1.67,40.57,-121.03,3589.0,2,0,1,4.8,5,1.68,1996
261670.84,1.34,37,7.3,1.4,555,2.26,40.37,-119.02,1775.0,2,0,1,4.2,7,1.03,1987
273764.12,3.28,48,4.8,2.3,1422,3.23,38.11,-115.55,5453.0,4,0,0,0.0,9,0.82,1976
198818.37,1.31,25,5.3,2.1,908,1.83,37.93,-123.41,4967.0,4,0,0,4.3,4,1.46,1999
262927.74,1.66,36,6.1,1.2,1204,2.19,35.14,-123.05,1257.0,2,0,1,5.8,7,1.23,1988
216289.48,1.19,17,5.6,1.1,1223,0.96,41.6,-116.99,4261.0,2,1,0,36.3,10,1.04,2007
280836.85,2.63,24,5.6,0.8,1698,4.73,33.23,-123.64,3216.0,2,0,1,1.4,6,0.88,2000
295587.2,2.56,21,6.8,0.3,1611,4.11,36.27,-120.8,3847.0,2,0,1,21.9,7,0.9,2003
233899.32,2.39,2,3.0,-0.0,157,4.45,38.78,-121.86,2190.0,3,0,0,19.4,8,1.1,2022
276576.49,1.79,31,8.6,0.7,2388,3.43,41.48,-116.52,1562.0,2,1,0,5.9,6,2.0,1993
221312.41,1.7,44,6.2,1.9,2008,3.35,37.26,-124.47,2767.0,3,0,0,35.6,8,1.21,1980
239019.45,3.27,33,4.9,1.9,3900,2.75,41.01,-123.29,3602.0,3,0,0,16.0,4,1.46,1991
329189.24,2.18,30,7.9,1.1,1523,4.56,33.5,-123.46,3635.0,4,1,1,1.5,5,0.9,1994
296928.49,3.08,12,5.7,1.3,4305,3.03,37.55,-121.16,3538.0,3,1,1,3.4,6,0.55,2012
251753.43,1.91,44,5.7,0.8,1599,0.65,35.5,-122.06,1741.0,2,0,1,7.7,10,1.4,1980
255029.97,2.92,12,5.2,1.1,2373,0.68,40.06,-122.1,5915.0,4,0,0,51.3,6,0.89,2012
359971.44,4.58,51,7.7,0.7,868,3.44,36.73,-120.61,5412.0,2,0,1,4.6,9,0.9,1973
362867.5,3.44,49,5.5,0.7,4486,1.85,37.01,-122.25,3372.0,4,1,0,8.4,9,1.2,1975
226956.59,2.3,24,4.7,1.4,5115,3.12,33.12,-123.38,1851.0,0,1,0,12.3,8,1.64,2000
274379.72,3.01,24,7.0,0.8,8157,3.91,36.66,-118.38,3399.0,2,0,0,6.6,6,1.47,2000
240788.08,2.47,11,7.3,1.3,1171,2.0,33.27,-114.51,2407.0,0,0,1,18.1,6,0.99,2013
305728.28,2.73,13,7.9,1.0,2762,2.64,35.35,-118.12,2500.0,2,0,0,16.2,7,1.29,2011
302274.92,2.39,27,6.5,1.8,571,2.68,33.71,-116.55,4168.0,2,0,1,0.9,5,1.35,1997
288020.91,2.55,8,7.2,1.4,399,1.96,35.68,-114.29,2417.0,1,1,0,8.4,6,1.36,2016
249766.51,2.96,10,5.1,1.2,2837,1.29,34.66,-122.89,6045.0,4,0,0,22.8,8,1.1,2014
223434.62,1.83,8,7.0,0.4,1651,1.69,35.21,-119.67,4086.0,3,0,0,15.3,5,1.35,2016
251949.71,1.81,20,6.6,0.9,646,1.21,33.91,-118.39,4934.0,3,0,0,9.2,8,1.36,2004
224148.8,1.56,8,6.3,1.1,2086,2.79,36.68,-121.12,1904.0,4,0,0,19.6,7,1.32,2016
156364.38,1.43,9,3.2,1.1,3815,2.77,37.23,-118.06,2189.0,3,0,0,16.7,7,0.86,2015
215495.0,1.67,7,4.9,1.4,1901,2.37,40.45,-117.95,1601.0,2,0,1,27.3,7,1.2,2017
294641.11,2.9,14,5.4,1.2,4830,1.3,37.62,-115.66,5768.0,3,0,1,0.8,7,1.48,2010
271512.87,1.9,28,6.3,0.6,1065,4.33,34.67,-115.76,12578.0,2,0,0,11.5,7,0.55,1996
365769.81,3.34,2,9.1,1.4,4299,2.25,39.49,-123.0,3867.0,2,0,1,16.2,8,1.57,2022
284785.17,2.76,43,6.8,0.9,1330,6.08,35.32,-122.73,3393.0,2,0,1,16.9,6,1.46,1981
188834.04,1.24,8,4.3,0.8,4837,4.04,39.69,-122.17,2348.0,2,1,0,38.4,8,1.32,2016
284822.22,3.53,13,4.8,0.5,653,0.53,36.18,-121.76,6690.0,2,0,0,8.0,5,1.35,2011
367258.96,3.76,21,7.6,0.9,2174,4.48,37.38,-118.57,2915.0,2,0,0,23.8,8,1.2,2003
161192.59,1.83,47,4.7,0.8,2170,2.16,37.29,-121.06,2156.0,2,0,0,23.1,6,0.91,1977
355380.61,3.22,28,7.0,1.7,2648,1.89,41.58,-114.49,1425.0,2,1,1,4.7,8,1.13,1996
210730.52,1.93,35,5.7,1.0,1364,2.67,33.96,-123.26,1768.0,3,0,0,4.7,2,1.21,1989
223211.9,2.83,23,5.3,1.4,2553,4.36,41.42,-121.91,3088.0,3,0,0,42.9,6,1.12,2001
225603.47,1.64,46,4.7,0.2,1542,3.63,37.84,-115.38,1192.0,2,0,0,5.9,10,1.31,1978
146515.59,1.33,15,0.9,1.5,1186,3.22,41.94,-118.36,1615.0,4,0,0,8.0,7,1.3,2009
236683.59,2.33,2,6.3,1.4,5604,2.01,37.94,-118.75,6847.0,2,0,0,13.9,7,1.21,2022
204713.76,2.59,51,3.9,0.4,1924,4.13,38.74,-118.26,4513.0,2,0,0,5.7,5,1.36,1973
217695.65,2.32,12,3.4,0.7,538,1.82,39.62,-121.85,2534.0,2,0,0,16.3,7,1.4,2012
231044.82,1.69,36,5.9,0.8,1055,4.25,40.31,-116.5,4777.0,1,0,0,5.1,8,0.88,1988
253374.14,2.32,3,7.0,1.0,5774,3.4,37.04,-119.29,2033.0,2,1,0,11.2,6,1.55,2021
198885.06,3.03,5,3.0,0.7,874,2.29,38.95,-124.05,4402.0,1,0,0,12.3,7,1.01,2019
261097.52,2.67,3,7.0,1.0,2786,5.55,38.34,-122.64,2486.0,1,0,0,24.2,8,1.3,2021
178248.5,2.92,47,4.1,1.4,1037,4.09,36.37,-115.93,7980.0,3,1,0,29.5,6,1.13,1977
260195.67,2.08,19,6.5,0.8,572,3.67,40.3,-120.88,1688.0,2,0,0,17.2,5,1.21,2005
326260.97,4.34,2,6.4,1.2,2655,3.12,34.33,-116.38,6407.0,1,0,0,4.7,4,1.57,2022
216897.37,1.7,44,5.2,1.2,1390,1.63,34.09,-117.53,2796.0,3,0,0,9.4,4,1.15,1980
317997.35,3.3,37,5.5,-0.4,6443,3.05,39.5,-121.33,1165.0,3,1,0,12.4,5,1.31,1987
283683.22,4.36,17,4.9,0.7,4449,4.93,38.56,-123.17,3480.0,2,0,1,5.3,1,1.52,2007
293488.75,3.29,14,5.9,1.6,4975,1.35,35.52,-116.03,4228.0,4,0,0,42.2,8,1.44,2010
282015.81,2.51,28,5.9,0.7,4242,3.68,38.53,-117.75,6308.0,3,0,1,1.7,4,1.35,1996
214716.34,2.2,27,4.1,0.6,3138,4.67,39.82,-121.34,4362.0,2,0,0,26.9,9,1.83,1997
303844.73,4.11,10,3.5,1.6,606,4.73,34.56,-119.01,1872.0,3,1,1,8.3,7,1.23,2014
230473.85,1.54,3,7.0,1.2,1499,1.92,38.02,-118.08,5010.0,2,0,0,43.6,7,1.51,2021
196669.65,1.84,36,5.8,1.8,3092,2.35,40.33,-124.48,3063.0,2,0,0,11.4,3,2.0,1988
270509.7,2.32,38,6.8,0.9,1433,3.12,36.41,-117.46,1352.0,4,1,1,19.6,4,1.03,1986
375852.84,4.46,25,4.5,1.7,1765,3.54,37.93,-117.61,2858.0,3,1,0,19.9,9,1.69,1999
268675.99,3.16,22,4.3,0.7,3228,4.54,33.25,-123.63,1655.0,2,1,0,18.0,8,1.35,2002
236091.14,1.85,48,4.0,-0.2,4208,2.76,40.39,-116.23,2780.0,4,1,1,0.8,3,1.72,1976
302224.6,2.4,39,5.2,1.4,864,4.13,40.06,-115.84,4291.0,3,1,1,14.6,8,1.25,1985
187576.71,2.13,47,5.8,1.4,3090,-0.08,36.83,-121.45,1697.0,0,0,0,33.8,4,1.46,1977
209750.22,2.05,30,4.7,1.4,2841,2.68,33.63,-122.8,3453.0,3,0,1,27.8,8,0.79,1994
327519.65,4.02,21,7.8,1.0,819,4.13,38.77,-117.29,5124.0,4,0,1,37.0,9,0.85,2003
223957.27,1.57,30,4.5,1.8,1306,4.0,37.94,-123.2,2181.0,2,0,1,8.8,8,1.39,1994
387567.6,5.17,28,5.9,1.5,2038,1.85,41.24,-115.49,2586.0,2,0,1,9.1,8,1.4,1996
270137.37,3.79,31,4.2,1.5,5497,4.23,35.16,-119.46,5086.0,2,0,0,24.8,7,0.97,1993
279303.79,4.21,26,4.5,1.2,1297,1.3,32.81,-114.95,5203.0,1,1,1,5.4,1,1.42,1998
237912.46,2.26,43,5.4,0.4,2525,4.44,34.92,-117.76,1670.0,3,0,0,21.7,8,1.33,1981
258558.48,2.56,22,4.3,1.1,4605,2.75,36.57,-121.51,1772.0,2,1,0,10.5,6,1.37,2002
180472.03,1.53,21,5.6,1.3,7972,2.46,33.98,-119.59,4426.0,2,0,0,4.6,9,1.52,2003
286906.98,2.2,1,6.2,2.1,2167,2.64,41.81,-118.94,2656.0,3,1,1,15.5,7,0.8,2023
333995.15,3.31,37,7.1,1.2,331,3.45,34.61,-115.94,2758.0,3,1,0,5.3,5,1.45,1987
317960.53,4.57,13,3.9,0.6,3784,5.5,38.94,-115.45,1238.0,1,1,1,16.7,3,1.35,2011
284496.6,1.75,21,5.8,1.3,2140,4.46,36.81,-117.33,2367.0,3,0,1,12.6,7,0.99,2003
277240.17,2.35,46,5.4,1.7,919,1.62,37.77,-121.41,2747.0,2,1,0,19.2,7,0.84,1978
289563.39,2.56,9,2.7,2.0,3193,1.75,41.36,-118.95,4279.0,4,1,1,13.7,9,1.06,2015
193253.44,1.56,17,3.8,1.0,8040,0.71,37.55,-123.13,2474.0,2,1,0,21.3,2,1.1,2007
262074.26,3.44,47,6.2,1.0,2137,3.37,35.4,-122.08,4286.0,2,0,1,83.6,8,1.07,1977
248663.21,2.03,21,3.5,0.4,494,2.8,34.6,-121.32,2735.0,2,1,1,9.5,6,1.25,2003
292407.34,2.51,31,5.4,0.8,5740,3.75,40.97,-123.74,5585.0,2,0,1,13.7,7,1.55,1993
172872.83,2.27,39,2.3,1.3,1841,2.4,41.87,-115.21,2960.0,2,0,0,1.6,7,1.31,1985
259257.3,1.98,22,5.3,0.3,3197,2.52,34.89,-123.21,2304.0,4,0,1,45.1,6,0.89,2002
197679.41,2.71,12,2.4,2.1,1900,1.26,39.36,-117.18,2068.0,2,0,0,13.6,5,1.31,2012
260517.42,2.49,6,4.6,0.9,2604,4.32,37.3,-119.19,1775.0,4,0,0,1.6,3,1.1,2018
262069.05,2.34,16,4.8,1.2,3079,2.28,39.14,-115.77,3487.0,3,0,1,7.7,5,1.08,2008
283135.36,2.03,26,5.7,1.3,3448,2.0,41.66,-116.72,7943.0,1,1,0,1.3,8,1.04,1998
306770.96,3.09,5,5.1,1.7,2033,4.16,35.12,-116.52,4415.0,0,0,1,10.3,8,1.28,2019
377847.74,5.27,9,3.6,1.2,983,1.23,39.53,-120.11,3664.0,2,1,0,4.9,8,1.22,2015
283866.64,2.87,46,3.7,0.6,2111,3.66,36.66,-115.74,1610.0,4,0,0,6.2,9,1.02,1978
293730.36,4.05,40,3.1,1.3,3397,2.08,38.7,-123.51,1652.0,3,0,0,1.1,7,1.31,1984
224849.89,1.56,14,5.8,1.7,989,2.86,36.36,-119.83,4794.0,3,0,1,21.6,8,1.15,2010
258751.07,2.9,44,5.7,0.7,745,0.68,39.23,-114.06,3754.0,2,1,0,27.6,8,1.09,1980
264305.36,1.75,42,6.5,1.5,5252,3.69,35.71,-114.54,2170.0,1,0,1,2.3,9,1.24,1982
179157.67,1.51,30,4.7,1.2,6997,5.46,37.14,-123.64,1264.0,0,0,1,20.8,8,1.15,1994
231251.84,2.02,26,2.9,1.1,1864,1.48,39.23,-118.48,2699.0,3,1,0,2.1,5,1.06,1998
307792.48,4.38,45,5.0,0.8,2924,4.39,32.91,-121.19,1902.0,1,0,1,1.3,8,1.5,1979
330480.17,3.97,29,5.5,1.0,2442,2.94,35.62,-116.85,2289.0,1,0,0,1.8,6,1.51,1995
297133.18,3.0,19,3.8,1.3,316,3.64,37.69,-116.77,1569.0,3,0,1,0.5,5,1.04,2005
212091.97,1.47,47,3.9,0.9,2133,1.58,33.2,-124.5,4461.0,0,1,1,7.1,5,1.3,1977
245828.73,2.51,8,6.2,0.6,5841,1.76,39.18,-115.62,2197.0,3,0,0,45.8,8,1.09,2016
264598.01,3.07,23,5.7,0.6,706,3.1,40.23,-122.15,3849.0,1,0,1,34.4,7,1.11,2001
319236.07,2.92,42,7.2,1.2,656,2.74,34.05,-114.36,3617.0,2,0,1,6.0,7,1.03,1982
236439.96,1.3,35,8.1,1.3,1007,3.18,39.47,-114.99,2229.0,1,0,1,23.7,1,0.88,1989
205524.21,1.9,31,3.2,1.1,1237,1.24,38.64,-122.5,2717.0,3,1,0,26.1,5,1.2,1993
306295.28,2.65,35,4.9,2.0,3083,3.73,36.4,-117.82,7186.0,2,0,1,2.5,9,1.15,1989
278593.5,3.37,32,5.7,0.2,5200,3.47,34.07,-121.39,1782.0,1,0,1,3.9,7,1.1,1992
219127.52,1.13,5,6.0,1.3,5103,4.33,41.57,-123.42,1959.0,0,1,1,17.6,6,1.58,2019
325581.86,2.55,16,7.0,0.2,3050,3.38,36.91,-115.32,1043.0,4,0,1,4.6,3,1.3,2008
294209.31,2.88,17,6.6,1.0,506,5.71,34.24,-122.6,2770.0,3,0,0,41.7,5,1.3,2007
317252.94,3.82,32,7.2,1.2,504,5.41,39.32,-120.08,1045.0,3,1,0,3.9,4,1.71,1992
306783.81,3.59,38,5.6,1.0,3253,3.02,38.28,-114.8,2336.0,2,1,1,24.1,4,1.34,1986
322799.77,3.43,32,4.6,0.1,507,2.97,40.25,-123.71,1207.0,2,1,1,21.3,6,1.81,1992
318156.54,1.97,20,8.4,1.1,2819,2.0,41.96,-118.72,4286.0,3,1,0,10.5,3,1.1,2004
229522.21,1.27,48,5.7,1.1,2257,1.37,32.93,-118.49,2740.0,3,0,1,4.6,8,1.21,1976
252807.9,2.32,2,5.1,1.5,1247,2.73,39.52,-116.49,563.0,1,0,1,0.5,7,1.51,2022
300106.74,4.06,20,3.9,0.4,235,2.23,41.9,-115.82,1837.0,3,1,0,26.4,8,0.58,2004
302786.31,4.75,47,5.7,1.8,2124,2.06,37.61,-120.05,2349.0,3,0,0,7.1,6,1.26,1977
323841.63,3.61,18,7.0,-0.2,2722,3.42,39.3,-116.69,3879.0,2,0,1,6.2,5,1.97,2006
336425.6,3.23,1,4.7,0.5,1158,1.11,36.69,-114.94,4603.0,2,1,1,0.7,7,0.91,2023
232604.73,3.16,29,5.3,1.2,754,1.58,35.89,-115.19,3631.0,3,0,0,2.5,2,1.63,1995
287341.76,2.18,29,5.9,1.3,2286,0.63,39.12,-119.23,3468.0,3,0,0,6.9,3,1.17,1995
258759.88,2.58,19,6.2,1.9,565,1.38,41.89,-118.13,3667.0,1,0,0,17.6,8,2.04,2005
439453.47,5.3,44,5.1,1.2,2961,2.28,33.37,-117.44,4122.0,2,0,1,3.5,9,0.98,1980
237204.15,1.86,40,4.9,1.0,4207,3.97,36.51,-115.9,2998.0,4,0,0,2.7,5,0.99,1984
432124.94,5.19,6,4.7,1.3,376,5.32,41.44,-119.17,2675.0,3,1,0,4.6,8,0.92,2018
225218.54,2.39,44,3.8,-0.1,1184,0.93,33.57,-123.33,3269.0,4,0,1,5.0,6,1.26,1980
344976.15,4.62,39,4.3,0.6,1738,4.05,38.68,-120.45,5338.0,3,0,0,7.9,6,1.08,1985
188986.77,1.55,50,4.3,0.5,1780,1.84,36.59,-116.94,920.0,2,0,0,6.7,9,1.03,1974
255239.37,3.44,46,3.2,1.6,894,3.2,36.08,-117.95,947.0,2,0,0,1.2,7,1.3,1978
310575.57,2.02,8,7.0,1.8,620,3.69,34.49,-116.59,3945.0,3,1,0,14.4,8,1.4,2016
241501.64,1.54,24,6.0,2.0,1251,4.69,34.18,-119.25,1903.0,3,0,0,2.1,8,0.59,2000
272605.67,2.97,20,5.7,1.4,3026,5.88,37.4,-122.67,3087.0,3,0,1,30.4,7,1.47,2004
355538.89,4.07,14,7.5,1.5,2853,4.25,36.09,-123.29,2934.0,4,0,0,29.4,8,0.84,2010
307897.38,1.94,5,6.6,1.1,2881,2.43,37.17,-119.45,8790.0,2,0,1,1.1,8,1.11,2019
223133.9,1.49,41,4.3,0.9,4918,1.15,34.36,-122.34,4179.0,3,1,0,8.0,7,1.09,1983
277362.48,2.62,40,7.3,0.6,782,3.28,35.83,-114.19,4926.0,2,0,0,9.7,4,1.32,1984
229855.3,2.62,34,7.0,0.5,1336,3.78,41.97,-122.41,2552.0,3,0,1,82.3,5,0.97,1990
250002.91,3.38,16,3.8,0.4,1559,1.61,36.0,-118.55,1993.0,2,0,1,4.3,6,1.43,2008
396767.04,3.97,45,6.9,1.5,180,3.93,36.42,-124.48,1952.0,4,0,1,15.2,7,0.96,1979
288368.0,2.65,7,4.8,0.9,2163,2.49,32.69,-121.84,5503.0,2,1,0,9.2,5,1.52,2017
366507.48,5.71,16,7.0,0.7,1765,1.64,36.12,-121.78,3875.0,1,0,0,22.0,5,1.15,2008
228608.53,2.97,7,5.0,0.1,728,3.16,39.75,-116.75,3097.0,2,0,0,4.3,2,1.25,2017
238387.24,2.37,27,4.7,0.6,3630,1.92,37.4,-119.3,7015.0,3,0,1,17.1,5,1.51,1997
225461.36,1.43,14,4.9,1.0,3451,1.61,38.74,-124.37,2781.0,3,0,0,2.1,7,1.15,2010
230849.13,2.45,14,4.0,0.3,2489,3.34,37.79,-120.52,2028.0,3,0,0,0.2,4,1.86,2010
205283.64,2.38,44,3.3,2.4,460,3.5,33.5,-117.73,2512.0,0,0,1,0.3,2,1.14,1980
231745.38,3.99,33,1.8,0.4,830,2.56,35.66,-117.81,5103.0,4,0,0,10.2,3,1.27,1991
306024.69,3.27,33,3.9,1.7,2305,3.33,39.1,-123.93,1502.0,2,1,1,22.1,10,1.68,1991
243266.83,1.7,44,9.4,1.0,1176,4.37,37.71,-114.75,2911.0,2,0,0,12.9,2,1.35,1980
295500.04,2.91,20,6.2,0.8,1503,4.0,38.91,-121.91,6666.0,2,0,1,0.6,7,1.47,2004
396143.67,3.56,47,8.3,1.0,749,2.01,35.92,-115.14,3652.0,4,0,0,12.0,8,1.09,1977
360204.29,5.01,36,5.0,1.1,2108,3.03,34.34,-122.26,2701.0,3,1,0,1.8,5,0.59,1988
291583.17,3.88,7,4.8,1.2,6025,2.16,40.38,-118.54,7809.0,2,0,0,50.5,10,1.02,2017
275235.49,3.69,32,8.1,0.6,2342,1.32,36.07,-120.24,3549.0,1,0,1,6.5,2,1.19,1992
303357.23,2.78,48,6.1,1.4,3932,3.77,38.72,-118.4,1332.0,2,0,0,10.5,9,0.98,1976
254843.44,3.18,3,4.1,1.0,3648,4.2,36.12,-119.27,2735.0,2,0,1,6.2,6,1.22,2021
291913.21,4.48,39,6.4,0.4,1357,2.43,41.31,-124.48,5474.0,1,0,0,9.4,6,0.75,1985
255729.93,1.6,29,7.4,0.9,1558,3.28,41.92,-120.81,3242.0,2,1,0,47.7,7,1.23,1995
262235.35,2.36,24,3.4,1.8,5863,4.86,38.66,-124.38,6479.0,2,0,0,4.5,10,0.98,2000
253798.25,2.0,22,6.2,1.2,3248,4.23,38.22,-117.32,1743.0,3,0,0,19.0,7,0.71,2002
223994.23,3.16,6,3.5,1.1,3899,2.3,40.49,-115.54,2855.0,3,0,0,21.1,9,1.24,2018
344180.54,4.45,48,7.3,0.9,2065,2.9,37.4,-120.46,3562.0,2,0,0,3.2,2,1.21,1976
186653.31,2.14,24,5.8,0.9,1321,2.15,40.76,-118.99,1600.0,2,0,0,19.6,9,1.1,2000
155841.79,1.04,40,6.4,1.2,1456,3.28,36.42,-123.81,2972.0,0,0,0,15.7,5,0.92,1984
233134.25,2.31,23,5.2,1.0,5441,3.05,32.8,-120.46,3686.0,2,0,0,5.2,6,0.89,2001
270615.78,3.92,38,2.8,1.3,1806,1.62,41.3,-123.04,1584.0,3,0,0,11.1,3,1.65,1986
313146.95,3.37,10,4.8,1.3,4905,2.45,39.35,-123.82,1421.0,3,0,1,13.4,9,1.41,2014
353696.92,3.23,16,6.9,0.5,5564,0.52,37.35,-122.69,5399.0,2,1,0,27.2,7,1.03,2008
300062.13,2.43,11,8.5,1.4,3776,1.75,41.48,-115.36,3159.0,1,1,1,2.0,3,1.04,2013
176165.88,1.63,32,5.9,0.6,3438,3.5,40.92,-114.19,923.0,1,1,0,53.6,6,0.89,1992
240786.63,3.34,45,4.5,0.6,7027,3.17,33.53,-115.27,2122.0,1,0,0,22.0,6,1.16,1979
217248.44,1.95,6,6.3,1.1,919,4.14,38.43,-114.32,3101.0,2,0,0,11.5,3,1.57,2018
425395.11,6.51,24,6.8,1.2,1300,3.06,37.61,-116.83,956.0,1,0,1,22.5,6,1.34,2000
315616.46,3.42,33,5.7,1.4,660,2.76,39.88,-122.82,1880.0,1,1,1,19.8,5,1.47,1991
272367.47,2.15,51,5.6,0.0,545,5.23,35.36,-118.59,2540.0,3,0,0,9.2,9,0.85,1973
247245.46,2.13,12,5.8,1.5,1745,2.59,32.58,-116.82,2540.0,1,0,0,6.1,8,1.03,2012
247046.84,2.62,27,5.6,1.3,2241,2.54,34.26,-119.11,1759.0,3,1,1,67.1,4,1.29,1997
253748.84,2.47,38,5.9,0.7,2708,3.06,34.5,-118.68,2778.0,2,0,1,32.4,9,0.53,1986
370294.01,4.25,18,8.2,1.0,1035,2.07,35.27,-118.35,2434.0,3,0,1,45.2,8,1.01,2006
268951.86,2.93,45,2.5,1.2,1299,3.31,36.02,-119.6,2705.0,1,0,1,0.7,7,0.94,1979
199894.4,2.03,39,5.1,-0.6,3559,2.13,39.21,-121.45,3479.0,0,0,1,25.3,6,1.6,1985
356321.77,5.79,13,4.1,0.5,562,2.48,33.21,-117.81,1176.0,1,0,1,33.3,9,1.46,2011
355037.45,2.77,40,7.3,1.7,1826,2.11,37.12,-123.94,4260.0,4,1,0,9.7,6,1.34,1984
345609.07,3.7,30,5.3,0.8,5139,0.87,37.24,-122.71,3880.0,2,1,0,33.2,6,1.19,1994
236754.47,2.13,49,6.3,1.1,1461,0.1,38.35,-114.78,3797.0,2,0,0,1.6,8,1.37,1975
307828.99,3.14,41,7.6,1.0,1290,1.29,35.45,-119.37,2726.0,4,0,0,0.9,8,1.12,1983
263597.48,3.08,13,3.9,1.5,4886,4.37,34.97,-115.87,2697.0,3,1,0,5.2,6,1.48,2011
167287.58,1.28,34,4.7,0.9,583,3.09,37.1,-116.87,2802.0,1,0,0,0.4,9,0.93,1990
410145.41,6.09,36,7.5,0.9,950,2.42,38.77,-121.13,3094.0,2,0,0,17.3,5,0.88,1988
375170.33,4.56,30,3.8,1.2,979,1.75,32.92,-116.06,4429.0,3,1,1,39.3,6,1.18,1994
256548.29,2.32,25,4.8,1.5,3150,4.51,35.29,-123.54,4350.0,3,0,0,5.2,5,1.28,1999
223421.5,1.75,2,3.1,1.7,501,2.23,39.98,-115.31,2589.0,2,1,1,16.2,7,1.56,2022
361222.57,3.12,36,7.5,0.9,4850,1.99,37.1,-117.35,4002.0,3,0,0,9.5,10,0.95,1988
321594.99,2.81,18,4.6,0.9,1769,0.73,41.54,-114.77,3806.0,2,0,1,4.4,8,1.19,2006
302889.03,3.13,5,6.0,1.0,4174,0.32,40.74,-115.1,4215.0,3,1,0,37.6,7,1.24,2019
268398.04,2.93,19,6.5,1.8,4878,3.55,35.77,-120.51,2459.0,2,0,0,47.5,10,1.0,2005
250392.13,3.33,42,4.3,1.5,964,5.02,39.4,-115.5,5665.0,2,0,1,2.2,2,1.37,1982
315176.72,4.85,18,2.6,0.9,1834,3.36,35.11,-118.59,4465.0,3,0,0,21.8,5,0.9,2006
369186.29,3.41,32,5.2,0.3,1506,3.34,34.17,-122.85,1729.0,3,1,0,3.1,9,1.16,1992
233959.39,1.79,21,5.1,1.7,1715,5.16,40.87,-115.79,1997.0,2,0,0,10.0,7,1.32,2003
279383.64,4.69,10,5.4,1.7,1146,3.6,35.83,-114.97,6374.0,0,0,0,6.7,1,1.32,2014
397638.07,5.24,37,5.4,0.5,4408,2.99,34.43,-123.61,1179.0,2,0,1,4.2,7,1.27,1987
465348.33,9.59,49,4.8,0.9,1557,3.67,41.67,-114.73,2943.0,1,0,1,16.9,2,0.84,1975
182652.5,1.73,22,4.7,1.5,1383,4.08,32.79,-118.19,8518.0,2,0,1,29.0,7,1.52,2002
300047.58,3.0,13,5.9,1.3,4441,3.61,35.99,-124.23,5101.0,2,1,0,22.8,7,1.19,2011
212459.73,1.18,17,4.3,0.1,3529,2.42,32.86,-118.81,4978.0,2,1,0,19.2,5,0.74,2007
292940.86,3.39,9,5.4,0.5,2275,3.49,37.29,-116.13,1642.0,2,0,0,1.0,10,0.85,2015
243634.18,2.18,24,4.7,1.4,1320,2.17,36.31,-118.9,4437.0,0,1,0,1.5,9,0.78,2000
435208.09,5.87,44,5.9,1.2,5835,2.96,39.35,-117.07,6418.0,2,0,1,9.4,7,0.87,1980
267943.64,1.99,14,7.2,1.4,776,3.48,41.56,-115.26,2553.0,2,0,1,12.2,6,1.13,2010
203382.38,1.38,46,7.2,1.5,4263,5.21,37.44,-115.37,2986.0,2,0,1,19.3,1,0.49,1978
282733.19,2.25,8,7.4,1.2,2984,3.53,35.21,-122.62,4946.0,2,0,1,6.6,8,1.45,2016
209585.39,1.23,37,5.0,1.3,656,3.02,40.79,-120.02,2676.0,3,0,0,0.3,5,1.58,1987
294582.91,3.67,19,5.1,0.8,1918,2.52,38.24,-123.33,1397.0,3,0,0,0.6,6,1.52,2005
146986.04,1.19,28,3.6,1.2,628,2.3,37.76,-118.25,763.0,1,0,1,28.9,6,0.82,1996
289743.41,2.75,46,5.0,1.3,1368,2.54,34.29,-114.48,3490.0,2,0,1,2.1,9,1.38,1978
154312.16,1.18,41,5.0,2.0,2262,3.05,32.89,-122.59,2317.0,2,0,0,41.4,9,1.51,1983
247398.0,2.39,30,4.6,0.7,803,4.1,36.88,-120.26,753.0,2,0,1,6.1,8,1.81,1994
360447.26,5.25,7,4.6,1.5,276,1.47,37.52,-114.48,2000.0,2,0,0,13.1,8,0.81,2017
270149.52,3.14,26,3.0,1.0,1632,3.92,33.71,-116.62,2454.0,2,0,1,2.8,7,1.42,1998
246537.59,1.92,40,3.5,1.5,2146,2.32,33.06,-123.75,2340.0,2,1,1,9.1,8,1.1,1984
244234.4,2.68,46,5.6,1.0,1337,2.16,34.55,-120.0,5245.0,2,0,1,31.3,9,1.34,1978
202622.55,2.74,46,5.6,1.7,1785,3.61,33.1,-114.13,4143.0,2,0,1,62.2,7,1.04,1978
306840.98,3.28,11,6.2,0.7,1566,2.55,33.03,-119.74,2772.0,4,0,0,21.8,9,1.31,2013
219593.86,1.57,14,5.1,1.2,801,3.57,36.72,-117.89,1576.0,3,1,0,21.7,10,1.8,2010
302675.92,3.45,21,5.5,1.3,8584,3.47,40.2,-117.14,4243.0,2,0,0,32.5,4,0.95,2003
224563.0,0.92,8,7.4,0.8,2329,3.97,38.81,-117.53,6216.0,2,0,1,4.2,10,0.81,2016
238555.07,2.11,3,5.4,1.3,1286,4.58,38.95,-119.05,7086.0,2,0,0,20.0,5,1.0,2021
224320.61,2.24,28,4.6,1.6,934,0.94,34.99,-123.11,2600.0,2,0,0,12.3,9,1.37,1996
325911.89,3.5,29,3.7,1.1,1315,3.25,32.61,-117.06,4008.0,3,0,0,4.6,9,1.36,1995
296715.87,2.74,23,6.7,1.5,1350,2.11,36.78,-114.7,2159.0,1,0,0,0.9,9,0.63,2001
231614.87,1.55,18,2.9,0.8,1864,3.5,36.08,-114.61,1973.0,1,1,1,3.4,7,1.14,2006
159925.29,1.83,35,4.2,0.6,4523,1.31,41.5,-118.27,4279.0,0,0,0,15.8,4,1.37,1989
253442.47,2.94,13,6.1,1.4,949,3.06,33.18,-119.33,1595.0,2,0,1,12.7,5,1.29,2011
208392.45,2.63,12,2.6,0.8,2084,0.74,39.88,-120.99,2339.0,3,0,0,1.1,6,1.28,2012
202752.52,2.16,47,4.6,0.3,3427,3.05,36.16,-123.41,5292.0,2,0,1,12.4,5,1.61,1977
267754.42,2.24,50,5.7,0.7,1054,3.01,40.38,-115.23,2320.0,2,0,1,7.4,10,1.13,1974
265037.47,3.59,5,4.9,1.8,1049,2.19,37.2,-123.06,1778.0,2,0,1,0.2,4,1.31,2019
223383.05,2.21,39,4.0,1.6,540,2.53,40.29,-121.48,8077.0,1,1,0,36.0,8,0.9,1985
250170.01,2.62,11,4.6,0.5,6939,2.56,36.94,-116.73,3953.0,1,0,1,4.5,7,1.64,2013
467375.69,6.48,11,6.7,0.4,2714,1.14,36.32,-117.1,1313.0,4,0,0,12.1,2,0.84,2013
229744.26,1.54,47,8.2,0.9,1145,1.44,41.66,-117.35,3526.0,2,0,0,13.3,5,1.03,1977
218764.13,1.3,42,5.7,1.6,1106,3.23,36.0,-116.71,2806.0,2,0,0,10.4,9,1.21,1982
308379.08,3.72,47,2.5,1.0,792,4.28,40.15,-118.81,4472.0,3,1,0,4.1,8,1.07,1977
263967.64,2.07,31,6.4,1.0,2050,3.94,33.14,-122.87,3832.0,0,1,0,7.8,7,1.34,1993
231642.74,2.39,31,4.9,0.8,1375,0.57,33.1,-114.02,2916.0,3,0,1,5.1,3,0.77,1993
206079.14,1.99,13,3.9,1.0,867,4.49,36.66,-115.13,3402.0,3,0,0,8.5,4,0.66,2011
261057.22,2.45,14,4.3,1.5,975,4.56,38.06,-119.97,3495.0,1,0,0,1.3,8,0.92,2010
376809.71,5.15,49,4.4,1.1,3231,2.1,38.28,-118.93,3642.0,1,0,1,2.7,8,1.54,1975
320658.26,3.75,45,3.4,1.0,1332,2.13,32.85,-120.37,2470.0,0,1,0,2.2,10,0.63,1979
281909.29,3.84,42,5.4,1.4,676,2.38,39.12,-117.8,1451.0,2,0,1,13.6,5,1.35,1982
290229.71,1.54,25,8.2,1.1,1904,3.4,33.73,-116.82,2668.0,2,0,1,16.0,7,1.49,1999
170127.47,1.72,33,3.9,1.6,1044,2.64,41.58,-122.07,2373.0,1,0,1,36.8,6,1.25,1991
260208.99,0.87,33,8.2,0.8,3031,3.47,35.67,-119.96,2892.0,2,1,0,4.6,4,0.91,1991
279245.78,1.97,15,5.8,1.2,6036,1.44,34.98,-117.78,5175.0,2,0,1,7.5,6,0.98,2009
263178.26,3.99,16,5.4,1.5,383,1.71,35.27,-114.13,6171.0,1,0,0,14.6,6,1.52,2008
244193.35,3.34,44,5.0,1.9,1027,1.95,41.4,-121.09,4270.0,2,0,0,53.5,7,1.18,1980
205162.04,2.49,38,4.3,0.6,2019,2.02,37.09,-116.68,4475.0,2,0,0,7.5,5,1.24,1986
274559.5,2.69,6,5.9,1.0,1700,3.51,36.63,-120.86,2847.0,3,0,0,5.1,7,1.17,2018
300292.02,2.06,44,6.3,0.4,4922,3.29,37.88,-123.53,2458.0,4,0,1,7.4,7,1.25,1980
194812.47,2.95,25,1.9,0.6,1780,3.79,41.34,-116.41,4307.0,2,0,0,5.6,6,1.24,1999
357677.15,3.69,15,9.3,1.1,2129,4.3,35.43,-117.68,4848.0,1,0,0,1.3,6,1.48,2009
189786.42,1.42,4,2.8,0.1,2552,3.47,34.22,-119.1,4816.0,2,0,0,6.4,8,1.03,2020
292979.64,3.06,4,4.7,1.3,1048,0.86,38.16,-117.41,2777.0,4,0,0,13.2,3,0.91,2020
255480.35,3.95,30,1.7,1.4,2730,2.5,37.17,-115.27,3108.0,3,0,1,3.0,9,1.2,1994
276014.58,2.3,34,5.1,1.1,2501,2.66,33.09,-116.56,7855.0,3,0,1,26.9,10,1.17,1990
270214.66,3.6,27,4.8,0.7,1963,3.31,37.46,-115.49,886.0,3,0,1,19.9,3,1.2,1997
555340.42,8.38,31,4.7,1.0,389,1.87,37.84,-121.45,4867.0,3,1,1,12.3,8,1.78,1993
233014.78,2.61,32,6.0,2.2,983,4.78,39.09,-116.09,2514.0,1,0,0,20.1,5,1.0,1992
272756.03,3.18,44,5.1,0.8,2097,2.52,41.96,-120.72,2515.0,2,0,0,5.7,6,1.45,1980
287053.18,2.02,39,6.3,0.7,1675,2.6,36.51,-124.28,2584.0,3,1,1,3.3,5,1.09,1985
222298.53,2.92,9,3.6,-0.1,3291,2.77,37.35,-124.05,1181.0,1,0,0,27.7,5,1.4,2015
344712.46,3.27,41,5.6,1.6,3312,2.38,33.21,-116.83,2684.0,4,1,1,25.6,6,1.24,1983
246963.35,2.94,8,4.6,0.5,2381,0.92,40.4,-121.64,5652.0,1,0,1,20.0,6,1.34,2016
195148.82,1.81,14,4.9,1.1,3313,4.49,33.43,-121.27,2574.0,1,0,1,4.4,6,1.38,2010
307865.8,2.95,33,5.9,2.2,2697,2.24,41.37,-117.96,2757.0,1,1,0,6.3,8,1.0,1991
339035.96,4.88,23,4.7,1.3,1186,3.76,35.81,-116.71,1910.0,2,0,0,7.2,10,0.48,2001
258233.78,3.25,21,5.3,1.3,1799,2.49,35.71,-118.63,3014.0,2,0,0,3.1,4,1.47,2003
299313.58,3.99,12,3.8,0.9,750,2.25,35.62,-117.08,829.0,1,0,1,21.4,8,0.48,2012
410915.63,2.47,2,7.1,1.3,5971,1.51,41.53,-114.62,2005.0,3,1,1,3.1,7,1.0,2022
337561.19,3.67,13,6.6,1.1,662,0.86,41.81,-115.53,3617.0,2,1,1,3.8,6,0.89,2011
277067.28,3.04,4,5.6,1.4,341,2.47,41.75,-121.97,1536.0,2,0,0,0.7,8,1.46,2020
205314.73,1.86,20,5.1,-0.1,9862,2.41,39.2,-114.98,1605.0,2,0,0,16.3,9,1.69,2004
263542.66,3.09,50,5.3,1.3,1678,4.72,33.56,-121.38,2360.0,4,0,1,39.7,7,1.22,1974
199855.55,1.83,51,7.1,1.3,3698,3.09,36.17,-117.56,3823.0,3,0,0,9.9,8,1.07,1973
220363.52,2.11,48,6.5,2.4,3249,4.37,35.25,-115.32,4943.0,2,0,0,34.2,4,0.97,1976
282637.67,2.93,14,7.1,1.1,4172,1.2,39.23,-117.95,2983.0,2,1,1,27.6,8,1.31,2010
291034.69,3.06,30,5.0,1.2,2901,3.06,37.18,-116.03,2548.0,4,0,1,23.7,10,0.78,1994
254440.91,1.69,29,6.2,1.3,2915,3.66,38.36,-114.76,3651.0,2,0,0,2.8,10,0.68,1995
327533.54,4.14,8,7.3,1.3,278,3.13,32.58,-114.35,2666.0,1,0,1,7.1,6,0.94,2016
331073.71,3.42,12,4.1,0.5,836,3.18,39.94,-120.19,4305.0,3,0,1,16.4,9,1.06,2012
228998.86,2.05,41,4.0,1.5,220,2.7,41.54,-114.08,6264.0,2,0,1,6.3,7,0.55,1983
208085.29,1.47,38,5.9,0.6,938,1.57,38.86,-121.65,2755.0,4,0,1,18.6,4,1.7,1986
241191.81,2.57,26,3.6,1.3,1180,1.36,40.59,-119.65,1686.0,2,0,0,5.1,10,1.0,1998
276539.57,2.27,50,2.8,0.7,1647,3.85,37.04,-116.51,2895.0,2,1,1,7.5,7,0.91,1974
301304.38,2.84,2,7.3,1.0,847,2.21,32.69,-114.31,8162.0,4,0,1,19.7,4,1.42,2022
259461.05,2.35,40,7.5,0.9,1363,2.49,41.91,-123.94,3493.0,2,0,1,1.9,7,0.77,1984
193944.21,1.22,14,3.7,1.0,1194,2.21,33.06,-114.57,1824.0,2,1,0,23.2,8,1.08,2010
227082.07,2.33,6,3.4,1.1,2383,1.93,34.33,-114.01,3035.0,3,0,1,18.7,5,1.26,2018
245778.39,2.41,42,4.5,1.3,3318,1.24,33.0,-114.95,2874.0,2,0,0,9.0,8,0.91,1982
272125.23,3.5,40,7.4,1.1,2146,4.84,38.44,-123.36,1967.0,2,0,0,8.6,10,1.16,1984
253536.95,2.06,31,4.9,1.5,2993,0.55,38.04,-115.67,5601.0,2,0,1,35.6,5,1.35,1993
341480.53,5.32,17,5.6,0.8,2106,3.83,34.49,-117.78,4060.0,2,0,0,18.9,7,1.05,2007
280285.48,1.27,25,6.0,1.3,4673,4.31,41.59,-124.4,5323.0,4,0,1,14.5,6,1.78,1999
296363.05,4.59,32,5.8,0.7,8033,3.17,41.18,-114.16,635.0,1,0,1,29.9,6,1.14,1992
269886.65,2.48,12,7.7,2.0,255,2.79,35.16,-122.92,3429.0,3,0,0,6.0,9,1.19,2012
305491.36,3.83,49,4.4,1.3,4476,3.28,38.76,-120.33,3100.0,0,0,1,5.1,8,1.15,1975
222824.63,2.81,13,5.3,0.8,644,2.52,40.62,-124.18,1823.0,2,0,0,3.5,1,1.2,2011
356245.82,4.29,19,5.8,2.0,2097,4.18,35.92,-121.25,3710.0,2,1,0,11.0,4,1.04,2005
231984.08,2.33,44,5.4,1.4,2228,4.34,34.91,-118.53,1840.0,4,0,1,66.5,6,1.56,1980
161301.25,1.75,48,3.7,0.8,2941,3.65,34.93,-114.73,1335.0,2,1,0,39.6,6,1.61,1976
297196.44,4.8,25,3.3,1.0,1735,1.02,40.29,-114.1,4286.0,3,0,0,9.1,3,1.37,1999
277746.4,2.6,31,3.3,0.5,1800,3.81,36.9,-120.05,2759.0,3,1,0,1.8,8,1.21,1993
291440.72,2.97,37,6.6,0.5,2379,4.54,39.3,-120.0,1314.0,2,0,0,31.1,7,1.06,1987
289071.49,4.45,25,4.3,1.7,1370,3.73,38.68,-122.82,6114.0,2,1,0,38.4,5,1.06,1999
218090.3,1.8,16,6.2,0.7,395,4.18,35.41,-119.27,3072.0,1,0,0,2.8,6,1.86,2008
258174.61,3.45,38,5.6,0.4,1805,2.12,34.48,-114.63,1994.0,0,0,0,32.2,7,1.09,1986
156314.59,2.15,43,4.0,1.4,993,2.43,33.69,-122.76,1318.0,0,0,0,8.9,2,0.63,1981
235512.97,2.58,49,4.1,1.9,927,4.57,32.73,-121.7,1716.0,2,1,0,0.2,4,1.67,1975
215538.23,2.8,23,5.7,1.7,858,3.8,33.27,-115.14,1317.0,2,0,0,43.0,7,0.75,2001
235080.62,1.49,14,5.6,2.2,373,2.7,34.93,-117.92,7020.0,4,0,0,0.7,7,0.87,2010
289968.19,1.99,6,6.2,2.3,1313,2.67,39.28,-121.03,8102.0,3,0,0,0.5,7,1.17,2018
346649.64,4.67,25,4.8,0.6,1809,3.02,33.97,-115.97,5504.0,1,0,1,49.6,10,1.19,1999
270853.21,3.87,23,4.2,0.9,3342,2.64,37.47,-123.36,1300.0,2,0,0,3.6,8,1.18,2001
349027.8,2.65,43,5.7,0.3,1127,3.01,34.83,-115.49,3907.0,2,0,1,12.2,10,1.25,1981
329510.63,3.0,12,7.6,0.5,6386,6.77,37.36,-119.06,9574.0,2,0,1,42.9,7,1.0,2012
160717.73,2.42,13,2.7,1.6,2884,2.16,39.63,-116.55,1996.0,2,0,1,42.2,1,0.71,2011
303412.96,4.68,36,4.3,1.2,737,0.85,35.03,-119.06,2849.0,1,1,0,2.9,3,1.09,1988
298662.11,2.51,39,6.4,1.8,1223,2.2,35.81,-121.91,7315.0,4,0,0,10.8,8,0.84,1985
275546.51,2.98,34,5.8,0.7,9110,3.67,39.37,-117.77,3548.0,2,0,0,0.1,6,1.44,1990
349919.78,4.3,6,6.4,0.8,3320,3.72,37.69,-122.87,4163.0,3,0,1,1.4,6,1.03,2018
218383.17,1.99,38,4.9,1.4,1186,1.71,33.4,-122.09,2117.0,2,1,1,44.4,8,1.13,1986
287868.02,5.07,50,3.1,1.6,3692,2.55,39.7,-118.73,1435.0,1,0,0,8.0,6,1.61,1974
320480.99,1.47,40,8.0,0.3,659,4.04,35.14,-120.41,3793.0,3,1,0,2.4,9,1.27,1984
425561.74,5.22,8,7.1,1.0,1161,2.87,36.16,-116.68,2327.0,4,0,0,15.0,6,0.95,2016
260318.81,2.34,8,5.5,1.3,280,1.77,34.83,-118.37,2148.0,2,0,0,2.9,2,1.11,2016
224417.33,2.47,40,4.2,1.5,2930,2.02,37.66,-120.5,2002.0,1,0,1,58.8,10,1.2,1984
196385.56,1.28,33,4.8,1.6,711,4.69,39.22,-121.07,4507.0,2,0,0,16.7,7,1.39,1991
257997.92,2.27,34,5.8,1.1,1695,2.46,40.13,-114.91,3787.0,2,0,0,6.9,6,1.2,1990
227859.37,1.79,44,5.1,0.5,524,3.06,41.26,-124.08,7764.0,2,0,0,7.2,9,0.93,1980
279241.05,2.13,15,5.5,0.1,2122,1.08,35.91,-117.24,5316.0,4,1,0,37.3,9,1.55,2009
253353.13,2.57,36,7.9,1.0,1703,2.72,41.36,-120.39,3219.0,3,0,0,33.8,2,0.85,1988
302044.2,3.99,35,6.9,1.0,556,6.39,38.36,-120.54,3141.0,2,0,0,44.9,8,1.37,1989
227984.87,2.95,46,3.7,0.7,1234,5.15,36.2,-117.66,5064.0,2,0,0,9.1,7,1.29,1978
278045.56,3.07,22,5.6,1.5,2011,3.31,40.93,-115.57,3213.0,2,0,1,28.5,8,1.17,2002
198299.98,1.75,23,4.7,0.5,2581,4.94,38.01,-116.89,5551.0,2,0,0,9.9,4,0.91,2001
239907.86,1.91,40,5.9,0.8,6416,3.72,36.82,-117.46,3262.0,2,0,1,15.0,8,0.41,1984
396164.89,5.58,45,5.4,1.7,4790,5.79,32.61,-119.29,4166.0,0,1,0,10.6,5,0.72,1979
300444.64,2.03,51,10.0,0.7,1036,3.8,39.32,-119.57,6331.0,2,1,0,14.1,4,1.31,1973
324971.34,5.27,22,6.1,1.3,1026,4.61,33.23,-119.66,1368.0,2,0,0,10.7,4,1.32,2002
234392.77,2.47,5,5.3,1.1,575,0.46,35.25,-122.97,6031.0,2,0,0,2.5,5,1.66,2019
368120.32,2.72,31,8.3,1.2,806,3.46,41.64,-118.63,6230.0,3,1,1,1.7,10,1.21,1993
242653.42,4.17,13,5.8,1.5,3597,2.26,33.97,-121.19,2662.0,0,0,0,42.5,3,1.22,2011
308861.01,4.52,28,3.2,1.3,507,3.67,35.46,-118.01,3169.0,2,0,1,10.7,6,0.99,1996
254080.69,2.6,20,5.3,0.4,1597,3.63,41.36,-118.89,2564.0,2,0,1,42.7,7,1.09,2004
245801.96,2.33,33,6.4,0.5,1420,4.66,35.71,-114.63,2262.0,2,1,0,17.4,5,1.2,1991
337548.48,2.66,16,6.2,1.2,986,4.25,35.62,-119.93,5655.0,2,0,1,1.4,10,1.7,2008
260056.11,3.11,29,7.0,0.6,637,1.31,38.66,-117.52,1484.0,1,0,0,3.4,7,1.3,1995
332924.75,3.88,23,5.7,1.6,397,0.78,33.75,-118.28,3229.0,3,0,1,21.9,8,1.08,2001
249682.61,2.72,24,5.6,1.3,642,2.75,41.74,-117.31,1575.0,3,0,1,2.9,6,0.99,2000
293091.25,3.48,34,3.4,0.2,1691,3.9,35.11,-121.7,2315.0,3,0,0,0.1,5,0.55,1990
413459.51,5.23,7,7.8,2.0,2916,3.76,39.96,-121.8,1718.0,1,0,1,1.8,6,0.81,2017
306293.38,3.17,38,5.0,0.9,6565,3.08,35.23,-118.62,3151.0,2,1,0,9.7,5,1.09,1986
283346.34,3.08,37,4.0,1.0,2362,3.74,35.12,-115.58,3923.0,2,0,0,2.7,9,1.2,1987
276591.34,1.48,4,9.4,1.3,2905,3.99,33.05,-116.94,5431.0,0,0,0,0.7,1,0.94,2020
254762.78,0.95,34,8.0,1.1,6545,3.08,33.63,-119.37,2988.0,4,0,1,20.4,9,1.54,1990
285711.88,3.18,42,4.8,1.6,2370,3.75,37.46,-121.82,8014.0,3,1,0,53.7,6,1.43,1982
170603.91,2.62,22,2.7,0.6,3969,3.85,37.98,-116.53,2412.0,2,0,0,57.6,7,1.33,2002
214263.15,2.21,5,4.4,1.7,1334,2.96,40.25,-114.77,4423.0,2,0,1,34.5,8,1.53,2019
327735.02,3.0,50,7.9,1.4,3219,4.78,33.07,-122.26,6001.0,1,0,1,0.3,7,1.56,1974
276686.57,2.65,42,5.8,0.7,2138,1.56,35.88,-116.11,2535.0,3,0,0,4.1,3,1.05,1982
299365.49,4.27,23,3.5,1.2,1489,4.98,34.4,-122.69,4023.0,1,0,1,2.2,7,1.05,2001
260977.35,2.81,15,6.7,1.7,6233,4.25,35.9,-115.04,861.0,4,0,0,15.3,4,1.17,2009
233443.12,2.02,31,5.2,1.4,690,5.59,35.87,-117.76,5301.0,3,0,1,28.4,8,1.08,1993
293149.07,4.04,9,4.5,1.2,908,1.18,35.87,-122.6,1992.0,2,1,0,12.7,7,0.71,2015
281883.05,2.49,43,4.6,1.4,4638,2.58,35.44,-124.12,6535.0,3,1,1,6.4,7,1.34,1981
256072.95,3.36,25,7.5,1.5,3932,3.58,39.76,-117.21,2946.0,2,0,1,36.4,1,1.21,1999
293609.9,2.25,25,6.3,0.8,1826,3.31,39.05,-118.14,4869.0,2,0,1,10.6,10,1.54,1999
195743.02,2.1,49,3.3,1.2,2372,2.48,35.74,-118.08,2227.0,2,0,0,2.9,4,0.78,1975
339540.41,2.81,21,6.1,1.5,2735,3.37,33.89,-119.44,14623.0,2,0,1,11.4,5,1.46,2003
318144.44,2.73,9,5.7,1.2,2421,4.5,37.42,-118.05,3295.0,2,0,1,0.3,10,1.83,2015
286991.39,3.29,48,4.9,0.7,2192,3.17,41.23,-115.33,9699.0,2,1,0,0.6,3,0.95,1976
232242.27,2.44,38,4.9,1.2,922,1.36,33.67,-114.5,3003.0,2,0,1,14.8,8,1.03,1986
166438.82,1.3,22,4.2,0.9,4868,5.47,39.65,-120.88,2536.0,3,0,0,19.3,3,1.26,2002
219790.71,2.29,43,4.5,1.4,1535,1.85,38.19,-119.38,4211.0,2,0,0,2.2,8,1.34,1981
375326.61,3.73,23,5.9,1.8,818,1.54,38.09,-121.63,5524.0,3,0,1,11.4,9,0.56,2001
224583.33,2.41,49,5.1,1.4,2012,2.13,41.38,-120.18,4751.0,3,0,0,22.2,6,1.46,1975
272462.57,2.46,4,6.3,0.7,2379,2.26,41.58,-116.14,3969.0,2,0,0,32.1,6,0.65,2020
317416.04,4.03,29,4.3,1.3,2480,3.33,34.82,-120.04,3072.0,3,0,0,9.6,9,1.44,1995
266390.56,2.04,15,6.6,-0.2,3937,6.13,40.18,-120.39,4610.0,2,1,1,2.0,3,0.63,2009
255826.25,1.47,1,7.5,1.1,1334,1.93,38.4,-115.57,3695.0,2,0,0,1.1,6,0.99,2023
270398.64,2.55,30,5.5,1.6,1716,4.31,36.38,-124.49,2795.0,1,1,1,29.1,8,1.49,1994
292637.5,2.24,29,6.3,1.3,920,5.34,38.82,-115.55,2772.0,2,1,1,1.2,8,1.0,1995
243194.57,1.85,20,6.3,1.2,2179,2.49,41.58,-122.6,6171.0,1,0,0,25.5,7,1.52,2004
256050.03,2.53,33,4.7,2.2,909,2.88,37.41,-121.62,1553.0,3,0,0,8.6,9,1.21,1991
311580.23,3.31,41,6.3,0.2,1127,3.37,41.43,-120.7,4652.0,4,0,0,8.6,9,1.23,1983
235249.9,2.71,44,2.1,0.4,3970,2.45,38.61,-115.25,4409.0,2,0,0,11.0,8,1.06,1980
234422.19,3.07,36,1.5,1.3,2016,0.82,37.09,-114.96,9161.0,2,0,0,2.2,4,0.91,1988
343469.11,5.61,22,5.0,1.5,5651,4.62,38.62,-117.56,611.0,2,0,1,20.4,7,1.74,2002
296628.97,2.37,13,6.5,1.6,4634,3.19,38.22,-119.89,1384.0,1,1,1,5.4,9,1.23,2011
276163.8,3.04,7,5.4,0.8,2148,2.32,36.51,-119.08,1918.0,2,1,1,13.7,3,0.74,2017
352822.31,2.22,8,6.6,0.7,2399,2.95,37.84,-118.41,2177.0,4,0,1,0.1,5,1.37,2016
249239.35,1.94,28,3.7,0.6,1493,2.62,39.18,-114.48,4800.0,2,1,0,5.0,10,0.75,1996
283640.27,2.15,45,6.8,1.3,4167,3.71,40.47,-114.32,1537.0,2,1,0,0.6,7,1.16,1979
279963.52,2.24,43,7.9,0.6,2417,1.92,35.39,-115.6,2585.0,2,0,1,5.6,7,0.8,1981
248744.9,3.14,9,4.5,1.7,3743,2.55,32.64,-118.37,2116.0,3,0,0,2.0,6,0.92,2015
510278.04,6.96,25,6.7,1.1,1077,3.17,37.74,-120.4,2583.0,2,0,1,1.1,6,1.25,1999
246511.71,2.04,16,5.5,0.7,608,0.64,37.15,-122.08,6003.0,3,0,0,28.3,9,1.26,2008
296820.42,2.3,10,6.2,0.8,2702,2.7,33.01,-118.89,3975.0,2,0,1,6.8,5,0.81,2014
300548.8,2.65,11,7.9,0.3,3172,2.17,38.51,-120.87,2196.0,4,0,1,26.2,5,1.24,2013
255495.36,3.18,31,6.0,0.7,1920,3.73,41.44,-123.74,1495.0,2,0,0,33.5,7,0.68,1993
269581.29,3.02,12,6.6,0.8,2872,3.3,36.32,-119.5,3901.0,1,0,1,10.6,6,1.53,2012
291096.06,4.54,31,3.6,1.3,914,4.52,41.0,-118.5,2151.0,1,0,0,12.6,9,1.2,1993
222446.71,1.03,14,6.6,1.1,3833,0.58,40.22,-118.08,2608.0,4,0,0,15.6,7,1.19,2010
222187.89,1.05,51,7.9,0.7,4616,2.26,34.04,-123.72,2637.0,1,0,0,15.5,7,0.95,1973
269803.19,2.23,44,4.1,0.5,4091,3.23,39.98,-119.43,5196.0,2,1,1,11.3,7,0.97,1980
283281.08,4.22,32,5.0,1.0,1996,4.55,37.41,-117.61,2505.0,2,0,0,13.5,1,1.45,1992
222636.3,1.45,50,6.5,0.1,4671,1.67,41.23,-114.41,2428.0,2,0,0,8.7,8,1.31,1974
177654.59,0.82,17,6.2,0.9,724,2.04,34.3,-124.24,1889.0,2,0,0,37.2,6,1.48,2007
273237.87,3.42,35,3.5,1.7,2860,4.58,33.69,-117.4,2041.0,2,0,1,19.2,7,0.98,1989
312462.36,3.0,1,5.7,1.0,3207,5.76,34.79,-123.85,4715.0,1,0,0,5.7,9,1.13,2023
228685.25,1.76,29,5.0,1.2,2699,5.05,33.07,-122.83,2992.0,3,0,0,6.1,6,1.29,1995
220411.41,1.83,51,4.0,1.1,852,5.06,35.54,-122.68,2704.0,2,0,1,9.1,2,1.13,1973
240411.54,1.84,4,7.5,0.4,2172,3.52,35.19,-121.05,1538.0,2,0,1,0.5,1,1.33,2020
229104.6,2.84,23,5.5,2.0,1473,3.16,36.45,-115.77,1777.0,2,0,0,71.3,9,1.02,2001
316460.08,2.12,28,7.0,0.9,377,5.28,36.9,-115.51,3897.0,2,0,0,9.5,7,0.83,1996
254010.29,3.31,16,3.7,1.1,704,2.61,33.87,-120.56,2675.0,3,0,0,22.4,8,1.32,2008
223632.71,0.87,12,6.4,0.8,4577,1.79,38.38,-119.97,2674.0,1,0,0,2.6,7,0.76,2012
247917.23,1.93,21,7.1,1.7,1315,3.34,34.62,-122.22,3563.0,2,0,1,14.1,4,1.81,2003
189091.6,1.73,45,5.1,0.4,4208,2.57,33.66,-119.96,4115.0,2,0,0,7.2,2,1.1,1979
221083.81,2.45,17,4.8,1.8,4513,2.08,39.23,-121.61,4218.0,3,0,0,33.1,5,1.08,2007
209882.84,2.19,40,3.5,0.9,2798,4.02,32.72,-122.66,2589.0,4,0,0,40.4,10,1.26,1984
306505.92,3.74,13,4.2,0.8,1105,2.7,36.0,-122.84,2810.0,3,0,0,14.7,6,1.32,2011
223476.58,1.29,32,4.8,0.8,3848,3.22,33.87,-116.36,3880.0,2,0,0,0.9,9,1.05,1992
215647.13,2.77,37,4.0,2.0,2144,3.65,40.89,-123.27,975.0,3,0,0,9.4,5,1.26,1987
322613.2,3.4,50,4.3,0.3,1873,0.88,40.33,-118.03,3237.0,2,1,1,0.3,8,1.04,1974
385314.23,5.71,15,5.7,0.8,871,4.49,33.08,-122.74,4256.0,1,0,0,10.9,2,1.57,2009
226700.51,2.24,12,5.9,0.5,1211,5.76,37.73,-115.7,2108.0,3,1,1,10.4,1,1.45,2012
295341.44,3.09,49,7.1,0.2,882,4.54,35.31,-121.62,1575.0,2,0,0,8.1,7,1.05,1975
194873.64,1.32,15,4.4,1.8,3894,-1.31,34.33,-124.03,6089.0,1,0,0,6.2,7,1.08,2009
216441.41,1.04,34,5.5,1.1,6170,3.27,35.46,-119.75,2008.0,2,0,0,13.0,10,1.03,1990
329058.28,3.81,6,4.9,0.5,3785,0.77,40.25,-114.0,2919.0,2,1,1,2.9,2,1.18,2018
329386.37,2.71,17,4.8,1.5,2119,4.43,33.05,-115.96,3483.0,3,1,1,0.4,10,1.35,2007
317855.92,4.36,48,5.0,0.9,1414,4.44,38.66,-118.51,1892.0,2,1,0,23.2,7,1.4,1976
183691.43,1.57,49,5.2,0.8,2646,3.45,41.18,-122.51,1356.0,0,0,0,23.1,8,1.24,1975
306098.88,3.35,20,5.9,1.4,1295,-0.17,36.76,-123.27,3431.0,3,0,0,13.0,7,1.26,2004
397654.47,5.74,9,5.0,0.9,1763,3.01,41.06,-115.7,1487.0,2,0,0,26.6,5,1.18,2015
333557.08,3.22,5,7.3,0.6,937,1.65,41.11,-116.23,4177.0,3,1,1,10.8,6,1.48,2019
235354.24,3.04,23,2.9,1.4,3042,3.17,38.29,-119.65,2766.0,4,0,0,0.1,7,1.1,2001
266688.62,2.73,33,7.1,1.0,3167,2.98,36.83,-120.08,8723.0,2,0,0,2.4,3,1.78,1991
212601.92,1.45,38,4.9,1.5,3740,4.25,39.51,-116.64,3202.0,2,0,1,9.2,8,1.61,1986
337935.66,4.68,14,5.2,0.9,2824,2.81,41.2,-118.87,2085.0,3,0,0,29.7,8,1.11,2010
289551.22,2.13,17,5.5,1.6,2671,5.01,38.96,-120.26,4424.0,2,0,1,3.8,8,1.17,2007
354563.15,3.33,19,6.6,1.1,784,3.48,34.49,-121.86,5103.0,2,1,0,0.5,9,0.3,2005
223024.47,1.45,33,4.2,1.6,758,2.37,40.29,-123.21,1522.0,4,1,0,8.0,8,0.83,1991
212584.58,1.7,1,4.5,1.6,2356,2.9,41.54,-118.25,3700.0,2,0,1,1.0,8,1.07,2023
366845.94,4.83,13,6.3,1.7,4362,4.55,36.4,-115.83,3542.0,3,0,0,12.0,7,1.07,2011
289094.93,2.37,46,3.0,1.1,1460,4.7,39.13,-116.67,4836.0,4,1,1,0.9,5,1.36,1978
333757.3,4.86,27,5.4,1.3,1816,-0.21,37.42,-117.19,1785.0,2,0,1,0.3,3,1.43,1997
219453.47,2.63,6,4.3,1.0,1831,1.57,33.56,-114.75,4275.0,2,0,1,43.0,4,0.71,2018
230864.18,1.3,6,4.0,0.7,413,2.25,35.82,-120.36,3664.0,4,1,0,16.4,5,0.86,2018
263947.86,3.88,33,3.0,2.1,2191,4.69,34.06,-123.06,2642.0,0,1,1,1.9,8,0.79,1991
277137.02,2.15,30,6.7,0.7,1164,4.51,38.9,-123.43,11343.0,2,0,0,12.2,9,0.78,1994
328822.93,3.59,46,5.7,1.6,2947,4.21,38.03,-114.47,1646.0,2,0,1,4.5,8,1.19,1978
265526.43,2.75,35,4.5,1.5,1763,4.36,32.82,-118.32,2641.0,3,0,1,21.5,10,1.48,1989
169903.67,1.47,23,5.3,1.2,1566,5.06,33.09,-115.99,1905.0,2,0,0,25.2,2,1.59,2001
243598.61,2.9,10,3.9,1.0,1594,3.67,34.98,-118.88,3530.0,2,0,1,10.6,2,1.56,2014
439236.99,6.54,51,4.7,1.0,1391,4.31,39.58,-120.32,6997.0,2,0,1,7.9,8,0.64,1973
326028.85,3.31,19,5.2,0.8,608,3.52,33.7,-122.4,6101.0,2,1,0,5.7,2,1.06,2005
262855.83,2.66,51,5.6,1.1,3876,4.27,34.45,-115.51,801.0,2,0,0,0.5,9,1.25,1973
367323.09,4.18,28,6.1,0.5,1088,2.42,41.12,-123.83,6566.0,2,1,0,12.3,7,1.43,1996
268850.44,2.96,23,2.8,1.5,1243,1.96,37.69,-115.05,2322.0,4,0,1,10.7,9,0.44,2001
345837.72,2.96,4,6.1,1.0,1926,2.21,38.4,-122.35,2101.0,2,1,0,3.6,5,0.97,2020
220225.97,1.76,20,2.9,0.6,740,2.67,36.83,-124.4,3212.0,3,1,0,11.4,7,1.64,2004
314661.99,2.98,19,6.1,0.5,1212,3.98,35.35,-123.41,2584.0,2,0,1,9.5,8,1.17,2005
324484.75,4.11,42,5.2,1.0,8376,4.98,34.87,-115.22,2518.0,3,0,0,4.5,5,1.61,1982
247709.9,1.95,27,7.1,1.1,2367,2.27,38.1,-123.73,2065.0,3,0,1,20.4,6,1.4,1997
350940.21,4.81,34,4.5,0.8,910,6.03,36.97,-120.77,3500.0,1,0,1,4.2,7,1.02,1990
319116.69,2.62,4,6.7,1.4,342,2.73,36.33,-121.87,5480.0,2,0,1,9.0,6,1.36,2020
148112.29,1.91,38,3.7,1.3,4028,3.02,39.1,-124.11,3206.0,0,0,0,11.4,7,1.53,1986
303532.99,4.05,7,5.7,1.1,804,3.34,36.34,-118.92,2837.0,4,0,0,25.0,7,1.09,2017
259634.41,2.42,48,2.4,0.6,1171,2.24,32.85,-114.02,4062.0,2,1,0,8.2,8,0.99,1976
247403.83,3.68,7,6.8,0.7,1295,2.4,40.48,-115.54,5619.0,0,0,0,3.5,3,0.89,2017
352248.34,2.42,50,8.1,0.4,870,2.63,35.52,-122.73,3178.0,3,0,0,0.2,10,1.46,1974
245549.01,2.65,26,4.5,1.0,1701,1.59,41.49,-115.21,2752.0,3,0,1,4.4,4,1.47,1998
288179.52,3.31,26,5.7,1.4,1163,2.02,40.86,-119.76,4091.0,3,0,0,20.8,6,0.94,1998
263552.46,3.05,19,6.2,0.5,2948,2.91,34.72,-121.63,2115.0,1,0,1,25.8,1,0.83,2005
189421.85,1.22,9,3.2,0.8,2023,2.51,41.67,-117.78,1068.0,2,0,1,13.8,8,1.02,2015
198515.31,1.74,20,4.4,1.1,5685,2.22,40.61,-122.22,4047.0,3,1,0,44.4,4,1.13,2004
276766.04,3.94,42,4.3,1.4,5778,4.23,41.86,-115.26,2418.0,3,0,0,11.1,5,1.41,1982
277670.52,2.58,45,9.1,0.4,842,0.9,38.94,-117.95,2288.0,0,0,0,9.8,7,1.68,1979
232941.47,2.2,50,7.1,2.2,1391,3.7,41.34,-123.07,1152.0,2,0,1,26.8,9,1.0,1974
286644.37,1.58,16,5.2,1.5,10131,3.18,39.06,-118.51,2051.0,3,1,1,2.7,8,1.7,2008
247033.14,1.76,17,6.7,0.8,715,3.34,40.62,-119.14,2498.0,2,0,0,0.2,4,0.87,2007
213812.79,1.21,22,5.8,0.6,3422,1.53,38.3,-119.55,6125.0,2,1,1,32.0,6,1.39,2002
277519.59,2.61,13,6.4,1.2,2802,2.33,41.33,-120.67,7163.0,3,0,0,11.5,6,1.58,2011
239867.38,2.14,12,3.9,1.3,916,3.47,37.42,-119.52,2723.0,4,1,1,20.5,9,0.9,2012
299826.66,1.85,10,7.6,0.6,952,2.35,39.5,-118.35,3921.0,2,0,1,14.9,9,0.87,2014
215379.39,2.65,1,4.3,0.5,7910,1.16,41.21,-116.8,1679.0,2,0,0,16.4,4,1.26,2023
251526.53,3.14,32,4.4,0.7,7785,2.68,36.51,-114.86,3173.0,2,0,1,13.3,6,1.53,1992
428517.09,6.28,30,6.4,1.1,2550,2.77,32.75,-124.03,2428.0,2,0,0,19.4,6,1.15,1994
258236.92,1.48,8,6.0,1.1,596,3.88,33.57,-118.52,1354.0,2,0,1,1.8,10,1.46,2016
384107.16,4.32,21,5.5,2.2,4941,4.36,41.73,-116.6,5249.0,2,1,0,4.3,8,1.4,2003
326271.47,4.01,22,6.8,0.0,594,3.17,40.8,-123.29,3293.0,0,1,0,9.8,8,0.76,2002
170696.33,1.99,18,3.8,0.8,3204,3.52,37.09,-114.93,4216.0,0,0,1,18.9,6,1.2,2006
342263.34,2.95,2,8.3,0.8,495,4.27,41.63,-121.93,2452.0,2,1,1,5.5,8,1.5,2022
201781.16,2.26,48,4.7,1.3,1819,2.77,34.26,-115.75,939.0,2,0,0,24.7,6,0.93,1976
289692.92,2.93,44,5.4,1.4,3670,3.65,33.55,-117.55,1461.0,4,0,0,1.0,8,0.98,1980
418533.89,4.97,9,8.3,1.0,188,1.3,38.21,-118.62,4706.0,4,1,0,23.5,10,1.54,2015
257569.28,3.46,3,4.4,1.9,1184,2.32,36.13,-115.37,2637.0,2,0,0,18.0,7,1.15,2021
349963.26,3.33,26,7.0,0.5,2043,5.06,35.73,-114.32,4043.0,3,0,0,1.0,7,1.33,1998
281152.91,2.29,21,5.2,0.8,1372,4.23,39.47,-114.03,2411.0,4,0,1,0.5,9,0.67,2003
227626.22,1.5,30,4.2,0.4,1056,4.0,33.93,-117.33,3123.0,3,0,0,27.5,9,1.36,1994
236387.49,2.5,28,4.9,1.0,1624,1.94,39.9,-120.94,2982.0,2,0,1,2.3,3,0.98,1996
381166.91,4.4,36,6.3,0.9,4146,1.17,35.91,-115.32,1879.0,3,1,0,4.4,8,0.73,1988
208833.9,1.48,26,7.0,1.5,5405,1.85,41.87,-117.63,3396.0,0,0,0,34.0,7,1.13,1998
241969.87,1.78,34,5.8,2.0,3178,3.12,40.18,-121.11,6449.0,2,1,0,6.3,5,1.45,1990
178255.52,2.86,8,3.1,1.8,6264,3.64,38.64,-114.71,2331.0,2,0,0,11.3,4,1.48,2016
263697.9,1.83,10,6.5,0.5,1178,4.9,34.68,-116.65,1299.0,2,0,0,0.5,5,1.18,2014
253539.48,1.98,48,5.3,1.1,2914,1.55,41.59,-119.75,4272.0,3,1,1,12.6,4,1.05,1976
181189.88,2.29,43,3.8,1.5,800,2.32,32.81,-119.73,1502.0,1,0,0,18.8,5,0.75,1981
228317.7,1.57,50,6.0,1.4,18861,4.96,34.62,-114.04,1822.0,3,0,0,12.5,9,1.37,1974
275112.25,1.84,14,7.2,2.3,1958,1.09,32.85,-120.58,2600.0,1,0,1,24.8,9,1.17,2010
282988.7,3.6,40,5.5,1.0,3440,3.26,41.68,-123.51,4087.0,0,0,1,22.5,5,1.14,1984
245841.25,1.61,15,6.9,1.1,441,0.69,40.78,-118.85,3799.0,2,1,1,9.8,5,1.09,2009
222550.74,1.43,17,6.2,2.2,3378,2.58,41.55,-115.21,2539.0,1,0,1,15.5,7,1.46,2007
270080.66,2.11,18,6.2,1.3,1980,5.36,39.29,-118.36,1542.0,4,0,0,4.9,8,1.41,2006
274015.7,3.64,32,5.0,0.8,2620,3.66,32.76,-116.17,11399.0,2,0,0,6.7,4,1.49,1992
256623.17,2.51,38,6.7,0.6,1827,4.59,41.35,-123.92,3267.0,2,0,1,14.6,8,1.41,1986
237618.18,2.26,23,6.9,1.2,1642,3.65,36.5,-117.43,4492.0,2,0,1,16.2,3,1.08,2001
272462.64,2.77,46,6.7,1.6,1413,3.63,36.0,-123.67,3797.0,2,0,1,1.3,4,1.04,1978
185503.5,1.35,23,5.0,1.6,1682,1.04,35.2,-118.66,6324.0,1,0,1,25.7,7,1.16,2001
320008.3,3.31,35,7.0,0.7,5852,5.48,35.22,-119.27,1753.0,2,0,1,15.2,5,1.17,1989
296072.43,3.17,39,6.1,1.2,1347,4.96,40.11,-114.57,3578.0,0,0,0,5.9,5,1.43,1985
273871.08,2.31,15,4.0,0.9,11015,2.1,34.94,-123.11,2540.0,3,1,0,3.8,9,1.18,2009
296137.31,4.06,24,4.9,1.0,1899,4.84,34.61,-124.4,1733.0,3,0,0,13.9,6,1.16,2000
196427.15,1.73,28,4.7,1.6,5541,4.28,39.13,-123.06,5718.0,2,0,0,17.9,9,1.31,1996
241625.02,4.27,16,2.5,1.1,4514,3.78,35.23,-122.71,1860.0,4,0,0,39.6,4,1.34,2008
328636.4,2.89,16,7.0,1.4,517,3.26,32.62,-121.87,3795.0,3,0,0,3.1,9,0.97,2008
352613.69,2.38,40,10.2,1.4,613,2.88,41.35,-115.94,6926.0,1,0,0,10.5,9,1.08,1984
270732.34,2.7,39,7.3,0.8,1050,5.09,35.48,-120.54,6852.0,4,0,1,46.6,7,0.92,1985
274314.06,2.6,6,5.7,1.7,525,3.16,39.76,-115.67,1879.0,3,0,0,36.0,8,1.01,2018
305998.97,4.43,2,4.7,0.6,1299,3.57,36.96,-121.64,4852.0,3,0,0,9.7,6,1.55,2022
233415.92,1.77,13,4.1,0.5,1849,4.99,33.77,-115.46,4005.0,3,0,0,12.0,8,1.42,2011
179468.6,2.0,44,5.7,0.9,3037,4.4,38.79,-124.42,1653.0,2,0,0,37.2,5,1.39,1980
383831.3,4.11,47,7.0,0.6,2089,1.52,34.7,-114.69,1179.0,4,0,0,0.5,9,1.42,1977
196796.55,2.14,9,4.5,1.4,1815,2.3,35.24,-116.67,2990.0,2,0,1,56.1,8,0.46,2015
400979.29,3.9,34,9.3,2.4,4101,2.01,32.81,-120.17,5456.0,1,0,1,56.6,8,1.13,1990
342099.21,5.36,17,3.4,1.7,3684,3.53,32.66,-118.44,12771.0,2,0,0,43.3,8,1.25,2007
190214.44,2.31,27,5.8,0.7,8318,2.42,37.38,-114.7,2202.0,2,0,0,50.5,6,0.93,1997
312877.1,3.57,29,5.6,0.6,2099,2.54,33.05,-118.38,3265.0,2,1,0,5.4,5,0.72,1995
233960.48,1.71,37,5.5,1.6,262,2.72,34.49,-122.1,1773.0,0,1,0,0.6,6,1.11,1987
294007.85,3.68,43,4.6,0.5,2544,3.45,41.28,-118.48,6591.0,1,1,1,5.0,2,1.39,1981
253493.47,2.94,22,5.6,0.6,11105,2.69,33.29,-115.35,3501.0,0,0,0,6.4,5,1.47,2002
252072.26,3.28,51,4.8,1.3,4108,4.16,35.26,-114.13,3714.0,3,0,0,6.5,7,0.79,1973
287123.44,2.1,24,7.4,0.8,4935,1.69,39.4,-118.37,3181.0,3,0,1,17.1,9,1.29,2000
202351.68,1.4,7,7.9,1.2,1950,1.22,40.9,-122.87,1963.0,1,0,0,29.9,9,0.79,2017
280674.18,3.32,34,4.9,0.9,3753,2.22,32.94,-116.4,4701.0,2,0,0,3.8,8,1.3,1990
199780.61,1.19,48,3.0,1.1,5147,1.78,34.26,-114.03,4985.0,2,0,0,8.9,9,0.97,1976
259623.08,2.39,12,6.0,1.5,1383,3.07,36.18,-119.53,5658.0,2,0,0,7.1,5,1.36,2012
323477.89,3.96,23,5.9,1.4,1211,2.52,35.93,-120.47,5063.0,2,1,1,21.7,8,1.29,2001
304576.25,2.94,15,5.7,1.6,2601,1.44,35.24,-118.7,1851.0,3,0,1,5.7,10,1.7,2009
398565.88,5.93,33,6.3,1.4,3926,1.42,34.8,-122.77,2703.0,3,0,0,0.9,7,1.19,1991
397628.16,4.1,13,7.6,1.5,199,3.22,35.05,-114.3,3700.0,2,0,0,6.1,6,1.33,2011
215900.74,2.09,23,6.7,1.1,1547,4.08,33.77,-115.7,2177.0,1,0,0,6.6,5,1.39,2001
250780.0,2.75,38,6.3,0.4,378,2.15,34.05,-123.31,1683.0,3,0,0,25.9,6,1.06,1986
252664.03,2.67,32,6.6,1.0,1639,2.9,38.26,-114.58,2590.0,2,0,1,11.9,5,1.53,1992
253989.72,1.44,45,5.9,1.3,6986,2.23,35.28,-114.6,3218.0,2,0,1,11.1,8,1.92,1979
188294.11,1.87,50,4.1,1.1,1097,2.82,36.3,-121.18,15860.0,1,0,0,13.7,8,1.12,1974
269265.08,2.17,35,7.7,1.3,1438,5.11,36.41,-118.0,5698.0,2,0,1,12.4,8,0.95,1989
203256.53,1.2,1,5.7,2.1,3070,6.0,33.54,-123.34,2084.0,2,0,0,17.2,7,0.49,2023
245281.44,2.77,47,4.1,0.8,4003,2.46,40.29,-123.62,2070.0,0,1,1,35.1,4,1.87,1977
238701.19,2.46,45,3.8,0.9,3885,2.39,41.59,-119.23,1747.0,2,1,0,31.4,6,1.52,1979
227492.87,1.39,5,4.1,1.7,1862,3.52,35.0,-123.98,4348.0,2,0,1,10.3,8,1.26,2019
261497.75,3.2,13,3.7,1.2,2853,3.14,35.3,-115.31,2463.0,1,0,1,28.1,9,1.46,2011
289723.44,3.62,5,6.5,1.3,2755,3.82,39.08,-114.75,2787.0,3,0,0,29.8,3,0.85,2019
259027.02,2.98,32,5.2,0.8,1029,2.85,33.27,-123.79,2346.0,1,0,0,23.4,5,1.59,1992
352933.6,2.39,51,6.7,0.7,445,2.78,41.12,-124.0,9389.0,0,1,1,0.6,10,1.26,1973
310067.28,3.44,21,7.3,0.5,882,3.53,33.65,-122.18,5718.0,1,0,1,16.3,6,1.11,2003
303372.62,3.57,24,6.9,1.2,5715,3.29,39.45,-114.74,1812.0,2,0,1,5.6,3,1.23,2000
232642.8,3.07,18,6.5,0.6,10620,2.42,35.27,-116.43,1684.0,2,0,0,31.0,5,0.94,2006
288573.91,1.95,21,5.9,0.5,1681,3.15,35.57,-117.4,5454.0,3,1,0,5.0,8,0.96,2003
249387.8,3.04,10,5.2,1.4,5542,3.15,33.84,-116.35,1851.0,1,0,0,37.6,8,0.82,2014
300274.98,4.39,24,5.3,0.8,1425,-0.31,38.64,-122.41,5752.0,4,0,0,14.3,5,1.26,2000
256189.41,2.14,40,6.4,0.5,2390,2.93,40.05,-121.81,4289.0,2,0,1,15.5,4,1.24,1984
309665.01,6.29,47,4.1,0.4,1106,4.08,41.53,-121.16,1882.0,2,0,0,32.8,3,0.65,1977
234560.91,2.2,21,5.4,1.6,4070,2.47,35.65,-118.15,4134.0,2,1,1,63.4,7,0.74,2003
312353.42,2.75,25,4.4,1.0,1084,2.11,38.4,-118.11,3655.0,1,1,1,5.5,8,1.49,1999
307369.79,2.08,23,7.3,0.9,885,2.11,36.44,-122.31,1352.0,1,1,0,1.4,6,1.4,2001
245254.74,2.97,22,6.6,1.2,1876,3.39,37.8,-119.91,2989.0,3,0,0,19.3,3,1.08,2002
243297.44,1.35,4,8.7,1.1,3475,1.82,34.05,-117.25,2496.0,1,0,0,1.1,7,1.46,2020
217801.38,2.18,34,4.4,0.8,2060,3.29,38.03,-121.25,3583.0,1,0,0,11.4,5,0.69,1990
212477.17,1.76,6,4.5,0.9,1242,3.19,40.57,-123.71,2744.0,2,0,0,6.4,5,1.48,2018
332545.76,2.87,28,5.6,1.5,880,1.4,40.7,-122.43,3597.0,2,1,1,7.4,8,0.44,1996
241901.27,4.05,31,4.4,1.5,468,4.13,37.09,-122.77,2189.0,2,0,1,4.0,7,1.16,1993
256089.21,3.52,35,6.3,0.7,1255,4.5,34.74,-117.86,2810.0,1,0,0,18.0,6,1.49,1989
201180.9,1.05,39,5.4,1.7,1599,3.3,40.45,-123.78,1541.0,0,1,0,12.7,7,1.31,1985
394723.89,6.15,42,4.8,2.1,2816,3.05,41.99,-115.21,2438.0,3,0,0,45.7,5,1.55,1982
299223.06,3.06,23,7.1,1.0,710,2.4,36.08,-123.61,2414.0,2,0,1,6.6,7,1.14,2001
188580.04,1.99,6,2.7,0.9,3085,2.45,41.28,-118.22,1452.0,1,0,0,7.5,8,1.18,2018
293155.28,2.89,16,6.3,0.7,1124,2.48,41.84,-114.74,3073.0,2,1,1,2.7,6,1.57,2008
283664.57,2.92,2,4.7,0.8,1198,3.89,36.26,-123.84,6701.0,1,0,0,14.2,6,1.52,2022
240768.17,2.08,24,6.7,1.3,4909,3.69,39.3,-120.48,2090.0,2,0,1,1.5,5,1.08,2000
303760.49,2.94,17,7.1,2.3,249,0.63,38.02,-121.06,5338.0,3,0,1,51.7,6,1.32,2007
158096.37,2.13,45,2.1,1.5,677,1.22,39.36,-120.89,3437.0,2,0,1,36.1,6,0.99,1979
185987.36,2.31,1,5.2,0.9,1875,2.01,33.96,-118.2,1118.0,2,0,0,18.0,6,1.57,2023
294004.23,2.07,6,5.6,0.9,1800,2.44,35.98,-121.75,10234.0,3,1,1,5.7,3,1.19,2018
181316.83,1.53,5,2.0,0.8,463,3.52,33.1,-124.21,1887.0,3,1,0,6.6,4,1.31,2019
318413.65,2.88,45,5.8,1.6,1217,2.35,38.33,-114.4,3015.0,2,0,1,1.4,10,1.13,1979
292546.92,3.44,50,4.7,1.0,3890,3.5,41.3,-116.64,3611.0,2,0,1,4.3,6,0.23,1974
279604.01,3.34,29,3.7,1.3,713,4.92,37.82,-123.08,2931.0,2,1,1,6.5,8,0.92,1995
307080.72,3.77,12,4.5,1.0,4292,2.3,33.17,-119.72,4488.0,2,0,1,8.9,8,0.75,2012
299955.91,3.09,39,4.3,2.2,1019,1.9,41.34,-123.84,5504.0,2,0,1,9.4,7,1.29,1985
234612.7,2.2,47,4.6,0.8,404,1.65,33.76,-124.21,1898.0,2,1,0,32.5,6,0.46,1977
357880.41,3.8,3,5.8,0.7,3481,1.76,40.89,-124.0,2667.0,2,1,0,9.0,8,1.29,2021
252158.47,1.58,48,7.0,0.9,2209,3.67,39.29,-116.56,2129.0,2,0,1,47.3,7,0.88,1976
267549.25,1.9,1,5.4,1.3,559,3.91,38.55,-119.83,2122.0,2,0,1,1.3,8,1.31,2023
334870.16,1.85,27,7.2,1.8,1171,3.75,38.08,-115.63,3152.0,2,1,1,3.6,10,1.21,1997
262763.77,4.19,48,3.9,1.3,7186,1.74,33.75,-121.3,4903.0,3,0,0,7.4,6,1.17,1976
325301.41,3.96,24,5.7,1.5,3061,2.54,37.26,-116.36,1328.0,2,0,1,32.9,6,1.52,2000
382619.47,3.3,44,8.7,1.4,4412,2.54,34.37,-123.68,2764.0,3,1,0,2.0,8,1.51,1980
346159.43,4.17,19,3.1,0.3,727,5.06,37.93,-117.83,1953.0,3,1,0,6.6,9,1.59,2005
222951.49,1.91,8,3.1,1.1,4818,3.36,36.75,-120.71,4083.0,2,1,0,1.8,5,0.98,2016
322749.3,3.13,44,7.4,0.9,578,3.13,38.96,-121.59,3896.0,0,0,1,22.3,9,0.85,1980
311044.98,2.59,47,5.8,1.0,593,3.33,41.83,-115.94,4868.0,1,1,1,5.0,9,1.51,1977
301015.28,3.81,2,4.6,0.7,3526,2.48,35.93,-123.95,1592.0,3,0,0,8.5,6,0.99,2022
246465.4,2.6,30,3.8,1.5,623,3.48,38.36,-114.53,3543.0,3,0,0,25.5,5,0.77,1994
264811.76,2.33,30,5.4,1.1,6087,2.43,40.71,-116.25,2866.0,2,0,1,2.8,6,0.83,1994
312201.52,3.37,49,5.7,1.1,663,4.71,33.38,-120.77,1299.0,1,1,1,44.1,5,1.25,1975
332431.79,3.86,39,5.7,1.0,830,1.95,40.1,-114.09,1396.0,3,1,0,7.5,3,1.13,1985
264102.09,2.08,45,3.8,0.8,4548,3.23,34.77,-122.37,2371.0,2,1,0,6.0,8,1.52,1979
287474.66,2.65,32,5.0,0.2,1100,3.8,37.63,-120.27,2983.0,4,0,1,3.2,7,0.79,1992
209249.01,1.78,1,4.6,1.2,3415,2.9,41.92,-115.21,5460.0,2,0,0,9.5,7,0.75,2023
154487.75,1.0,38,6.5,1.2,741,3.15,41.85,-114.03,2563.0,3,0,0,59.2,5,1.12,1986
282797.86,2.95,13,3.9,1.4,1449,2.76,35.5,-121.99,3579.0,2,1,1,10.1,7,0.61,2011
230500.67,3.47,11,5.6,1.1,3270,1.9,33.75,-116.7,3114.0,0,0,0,9.0,6,1.05,2013
346114.35,3.02,10,9.5,0.6,919,5.08,41.41,-121.29,1874.0,1,1,1,0.1,7,1.46,2014
200711.15,1.25,48,3.8,0.7,4097,2.57,40.99,-116.45,2347.0,4,0,1,5.1,3,1.83,1976
304848.12,2.36,26,4.4,1.8,1355,1.43,38.35,-123.18,3019.0,2,1,1,3.9,9,1.08,1998
203561.68,1.12,20,5.4,1.3,1990,2.13,32.81,-120.97,1604.0,1,0,0,0.6,8,1.05,2004
337315.89,4.7,17,1.1,1.5,810,4.59,39.64,-123.71,3975.0,3,0,0,8.9,8,1.23,2007
201216.72,1.76,17,3.4,1.6,976,5.73,34.03,-119.34,6142.0,3,0,0,2.2,7,1.4,2007
368067.02,4.49,4,6.0,0.6,920,3.45,41.46,-117.13,6641.0,2,0,1,10.5,5,1.52,2020
315318.94,3.97,5,5.2,0.9,1110,3.95,36.63,-120.52,4209.0,2,0,0,9.1,4,1.01,2019
248361.98,1.9,23,7.1,1.4,6228,5.22,38.34,-118.05,3531.0,2,0,0,3.8,6,1.52,2001
206262.66,1.73,46,5.1,0.7,4432,1.85,35.17,-118.52,1177.0,3,0,1,24.0,6,1.05,1978
242505.46,3.13,10,5.0,0.9,2595,3.47,37.01,-121.41,1795.0,1,0,0,39.2,8,1.68,2014
189732.96,1.94,46,4.4,0.8,1067,5.19,39.67,-119.39,1498.0,2,0,0,2.2,4,1.48,1978
332185.07,2.83,28,5.0,0.7,921,4.01,37.17,-123.78,2349.0,2,0,1,1.5,8,0.96,1996
236366.6,2.24,33,3.7,1.0,832,2.67,40.55,-119.67,4373.0,2,1,0,6.3,6,1.23,1991
216346.78,1.33,43,5.3,0.9,1417,3.43,39.27,-119.69,3401.0,1,0,1,14.1,8,1.07,1981
179864.95,1.11,26,4.0,0.9,2262,5.24,33.23,-124.2,3593.0,2,0,1,15.0,7,1.38,1998
250536.37,2.98,50,3.7,1.2,2955,3.18,38.26,-119.1,3775.0,2,0,0,14.7,3,1.11,1974
223262.1,2.17,48,4.5,1.6,1829,1.89,38.32,-116.75,2052.0,3,0,0,12.9,7,0.98,1976
219931.15,2.18,29,6.2,1.5,2842,3.73,36.12,-119.75,2663.0,2,0,0,7.3,6,1.36,1995
261240.76,3.59,27,5.7,1.2,3822,1.92,35.57,-117.72,3315.0,1,0,0,22.8,7,1.3,1997
364112.01,4.35,18,6.5,1.9,1342,2.12,33.1,-118.91,5202.0,1,1,0,45.9,8,0.81,2006
231464.45,2.44,40,4.1,1.4,4353,2.44,36.74,-116.26,2792.0,4,0,0,13.4,5,1.61,1984
263870.73,2.37,10,5.5,1.5,823,2.98,35.7,-119.1,2652.0,4,0,0,3.7,2,1.47,2014
322468.02,3.32,42,8.1,1.0,2890,1.99,41.54,-121.02,1492.0,1,0,0,12.4,5,1.43,1982
242628.62,1.58,5,7.6,0.9,1854,3.49,38.9,-115.81,1984.0,3,0,1,21.1,4,1.14,2019
227149.11,2.97,10,3.6,1.3,2080,2.58,36.87,-123.79,3341.0,2,0,0,26.6,6,0.87,2014
257855.28,3.39,50,4.0,1.6,1347,3.98,39.67,-121.46,2739.0,3,0,1,19.0,5,1.55,1974
309457.78,3.57,21,8.0,1.2,4904,3.05,39.9,-118.29,1432.0,1,0,1,33.2,3,0.99,2003
164978.27,1.25,24,6.2,0.8,1115,2.82,37.06,-115.51,1418.0,2,0,0,45.6,8,0.94,2000
249374.75,2.0,38,5.2,0.5,5486,2.86,33.22,-123.74,1745.0,2,1,1,10.2,5,1.26,1986
242527.5,1.91,3,5.0,0.3,5514,4.75,39.92,-123.49,2589.0,3,1,0,11.7,6,0.66,2021
253750.26,2.83,40,5.8,1.1,2593,4.06,33.36,-121.53,4852.0,3,0,0,6.2,1,1.29,1984
298422.17,3.29,31,5.9,1.5,1407,1.29,40.55,-120.88,3395.0,1,1,0,16.1,8,0.97,1993
384165.97,4.95,41,4.7,-0.1,924,2.4,35.67,-115.64,1844.0,4,1,0,13.6,7,1.15,1983
290636.71,2.23,37,5.3,0.8,366,3.12,38.56,-114.43,2090.0,2,0,1,3.0,9,1.44,1987
256044.96,2.23,2,4.6,0.7,2784,0.39,39.53,-124.32,3797.0,3,0,1,17.8,3,1.58,2022
346961.48,4.31,2,5.8,1.3,743,3.51,32.83,-124.34,3531.0,3,1,1,24.5,4,1.53,2022
269932.48,3.06,39,4.4,0.8,831,1.98,36.15,-115.42,2114.0,2,0,0,3.0,5,1.62,1985
264765.54,4.51,49,3.6,0.5,2809,2.12,38.24,-123.08,941.0,2,0,1,2.7,9,1.19,1975
325539.12,3.05,42,7.7,0.8,1281,2.16,40.56,-120.94,3474.0,4,0,0,15.3,6,0.48,1982
173832.04,1.71,44,5.4,0.7,2151,4.51,39.32,-121.61,2513.0,0,0,0,1.9,5,1.14,1980
325789.17,1.59,34,8.0,1.1,2613,3.73,41.01,-121.54,7089.0,3,1,1,24.9,8,1.4,1990
177333.61,1.46,42,2.6,1.0,6527,2.46,33.29,-121.05,2512.0,3,0,0,15.4,6,1.02,1982
294542.08,3.54,20,3.3,1.3,2119,2.33,33.18,-120.97,2944.0,2,0,1,0.5,6,1.08,2004
353893.6,4.37,33,6.2,1.1,1164,3.2,39.28,-117.99,2680.0,3,1,0,22.1,8,0.83,1991
349255.44,5.7,4,5.4,1.6,1702,4.91,36.29,-117.9,3710.0,2,0,0,10.7,6,1.41,2020
246761.29,3.81,45,3.8,0.9,1138,2.69,37.08,-119.01,3634.0,2,0,0,10.3,1,1.0,1979
397518.44,4.33,44,7.2,1.4,8133,0.76,38.24,-115.49,1704.0,2,1,1,5.6,10,1.12,1980
220231.01,2.16,11,4.2,1.3,2435,3.2,41.87,-115.62,1533.0,1,0,1,5.0,5,1.37,2013
275649.62,1.71,42,7.3,1.0,2886,3.33,33.14,-122.22,5174.0,3,1,0,10.4,5,1.18,1982
317183.99,3.82,47,5.4,1.4,5334,3.44,33.53,-118.79,2358.0,2,0,0,0.0,4,1.67,1977
260527.93,3.21,5,3.9,0.7,917,2.95,40.38,-116.27,3918.0,2,1,1,23.8,4,1.08,2019
224251.98,2.84,25,4.5,1.7,577,3.16,32.69,-115.4,2510.0,3,0,0,23.0,7,0.66,1999
303961.87,3.17,49,7.6,0.7,1775,1.82,36.78,-121.82,1172.0,2,0,0,20.0,9,1.41,1975
298466.81,3.09,37,5.1,0.4,578,4.31,39.85,-119.31,5992.0,2,1,0,13.8,8,1.21,1987
403811.3,4.54,34,7.0,0.4,1301,2.37,34.36,-118.99,4424.0,3,1,0,5.3,8,1.41,1990
385867.52,4.56,9,7.6,1.1,316,2.69,34.28,-117.15,3914.0,2,0,1,16.1,6,1.07,2015
347891.69,3.38,6,5.4,0.8,613,3.47,35.45,-121.03,1852.0,3,1,1,2.1,8,1.29,2018
302565.95,3.81,18,5.2,1.2,4809,3.25,33.93,-121.42,4258.0,2,0,1,4.6,7,1.12,2006
284907.55,3.34,14,4.9,0.5,2499,4.89,38.95,-117.09,3419.0,1,0,0,0.7,7,0.75,2010
288856.77,2.26,19,6.0,1.3,7616,4.57,34.4,-120.31,2086.0,0,1,0,29.4,10,1.4,2005
345322.45,3.68,14,7.8,1.2,1763,2.41,34.66,-124.46,2604.0,3,0,1,26.4,7,1.37,2010
213547.65,1.56,40,3.7,0.9,1710,5.37,37.96,-114.65,2876.0,2,0,1,9.0,9,1.51,1984
380537.37,4.14,17,5.8,1.4,2148,4.14,41.69,-122.93,2222.0,3,0,1,8.6,7,0.46,2007
163752.86,1.69,35,5.8,1.4,31918,3.16,41.18,-122.94,3488.0,1,0,0,39.1,4,1.2,1989
283125.38,3.05,29,2.8,1.1,4196,2.2,40.71,-115.91,4589.0,2,1,1,16.9,10,1.06,1995
212874.18,1.94,42,4.2,1.5,922,2.92,37.54,-120.98,2368.0,1,0,0,18.5,8,1.48,1982
286913.95,3.39,17,4.5,1.7,2504,0.7,35.33,-121.05,2825.0,3,0,0,6.7,4,1.24,2007
306346.37,2.68,43,6.6,0.7,2042,3.65,39.2,-117.96,2819.0,3,0,0,5.2,8,1.09,1981
228133.09,1.44,8,6.9,1.7,3218,1.42,36.2,-123.88,4516.0,4,1,0,1.8,6,1.68,2016
242488.45,3.22,1,2.7,0.7,8091,3.59,39.89,-122.01,3268.0,2,0,0,1.1,8,1.78,2023
190073.18,2.16,45,6.5,1.5,2893,2.43,32.65,-123.94,4990.0,1,0,0,35.4,5,1.66,1979
348214.85,3.87,36,6.3,1.6,1343,3.15,37.53,-121.44,2147.0,3,0,0,35.5,9,1.31,1988
299379.86,2.72,7,6.4,1.0,8034,2.26,35.7,-115.37,2965.0,2,0,1,3.9,5,1.07,2017
309722.11,3.18,46,5.7,1.1,636,2.13,34.87,-114.95,3976.0,3,0,0,0.6,10,1.81,1978
261057.3,1.85,5,6.9,1.0,1455,3.88,38.79,-121.25,4237.0,4,0,0,6.4,8,1.61,2019
236133.05,2.15,24,7.3,0.7,3718,2.25,38.75,-122.53,2469.0,1,0,0,45.5,10,1.46,2000
240538.09,2.26,28,3.0,0.8,960,1.92,32.85,-123.08,2931.0,1,0,0,5.5,8,1.09,1996
310365.22,3.83,43,5.4,1.3,1734,1.74,41.5,-120.36,1978.0,3,0,1,30.1,8,0.86,1981
321112.33,5.32,17,5.1,1.5,1031,4.03,35.94,-115.82,1135.0,3,0,0,25.4,4,0.84,2007
142540.21,1.97,37,4.6,1.1,1753,1.66,41.22,-115.55,2550.0,2,0,0,43.3,1,1.21,1987
340237.54,4.18,20,4.8,0.6,1033,3.01,38.05,-124.02,2555.0,3,0,0,10.3,3,1.37,2004
218415.51,1.14,3,5.8,0.5,1926,5.66,38.7,-122.3,2416.0,4,1,0,38.3,6,0.61,2021
207059.32,1.69,37,3.6,1.0,1388,2.17,41.62,-122.37,1737.0,2,1,1,20.3,6,1.5,1987
236363.09,1.85,26,6.5,0.8,5228,2.06,40.31,-115.8,3951.0,3,1,1,30.4,5,0.75,1998
164691.75,1.58,15,4.9,1.7,2461,4.3,33.83,-119.71,4209.0,2,0,0,19.8,2,1.13,2009
242356.46,1.44,51,6.8,0.7,3263,1.58,32.55,-120.63,2887.0,1,0,0,9.3,8,1.58,1973
221126.02,3.21,48,4.6,1.4,2029,4.3,35.43,-114.46,1986.0,2,1,0,37.7,5,1.87,1976
238922.79,2.5,8,4.5,0.8,1277,2.54,37.14,-114.78,2233.0,3,0,1,24.2,10,1.24,2016
247946.88,3.16,13,4.1,1.0,2363,4.08,39.46,-119.88,2938.0,2,0,1,15.4,4,1.16,2011
285983.51,3.58,48,4.6,1.2,2126,3.53,38.78,-123.15,4561.0,2,0,0,9.9,6,1.17,1976
322211.68,3.02,3,4.3,1.4,260,3.69,35.47,-122.7,1536.0,4,1,1,1.5,7,1.17,2021
281010.61,3.54,1,6.2,1.3,1857,2.47,37.65,-123.32,2259.0,3,0,0,25.3,5,1.44,2023
290311.2,2.64,9,7.1,0.8,3095,2.53,38.68,-117.35,3210.0,1,1,0,8.1,7,1.02,2015
221128.26,1.69,31,6.1,1.2,1019,2.37,37.38,-118.68,4350.0,2,0,1,6.7,4,1.01,1993
314151.62,4.15,41,5.4,0.9,3619,4.59,39.05,-118.66,1541.0,4,0,1,3.9,1,1.0,1983
233395.59,2.15,26,6.2,0.4,2403,3.01,37.11,-123.47,2062.0,2,0,0,11.7,8,1.51,1998
232391.89,1.87,17,5.4,1.2,1316,5.34,37.53,-116.17,932.0,3,0,0,26.6,9,1.34,2007
295019.21,2.53,34,5.5,1.7,2789,3.28,41.44,-118.88,5737.0,1,0,1,5.1,7,1.31,1990
204613.57,1.89,9,5.0,1.9,1346,2.78,36.2,-123.54,1713.0,2,0,0,38.0,5,1.76,2015
231227.52,2.3,51,6.8,1.3,2256,2.74,39.68,-116.66,3820.0,3,0,0,7.6,6,1.39,1973
178533.45,3.12,13,1.7,1.2,1468,2.16,35.68,-114.2,6091.0,2,0,0,52.3,7,1.82,2011
250885.36,3.12,5,2.3,-0.2,2805,3.27,35.65,-119.87,6016.0,3,1,0,16.9,2,1.61,2019
212840.14,1.9,41,7.0,2.5,5310,2.89,41.3,-123.29,1209.0,0,0,0,6.9,3,0.89,1983
229119.56,2.24,13,5.2,1.8,1275,2.26,39.14,-123.44,4951.0,3,0,0,61.7,10,1.51,2011
420669.83,4.18,1,6.9,1.5,3721,2.93,41.33,-124.23,4480.0,2,1,0,13.5,8,1.63,2023
328220.57,3.32,25,4.6,1.1,1423,2.4,41.95,-116.41,4819.0,3,0,0,22.0,8,0.81,1999
475493.9,6.23,47,8.0,-0.0,1432,3.34,32.5,-117.21,989.0,4,0,1,9.0,4,1.4,1977
291246.85,4.36,4,5.3,1.2,1317,3.86,41.84,-118.37,2216.0,3,0,0,1.9,5,0.75,2020
280120.54,4.3,36,6.2,1.1,468,2.25,33.46,-116.46,1275.0,1,0,0,49.9,6,1.29,1988
220847.25,1.56,10,4.8,0.4,2698,2.45,33.17,-114.01,2347.0,2,0,0,5.8,5,1.54,2014
302970.19,3.69,28,4.2,1.3,2269,1.92,39.79,-120.28,4465.0,2,0,0,37.5,8,0.94,1996
216677.18,2.66,6,2.9,1.7,2059,4.36,35.83,-117.09,7920.0,3,0,0,35.7,7,1.41,2018
282863.09,2.18,27,6.7,1.3,6270,0.87,41.22,-120.54,4566.0,2,0,1,1.5,5,0.75,1997
335888.4,2.91,12,6.1,1.3,6847,2.21,37.67,-120.8,3645.0,2,1,0,1.8,8,1.3,2012
324257.85,3.97,48,5.6,1.3,5147,3.85,36.17,-115.57,2307.0,2,0,0,14.2,7,1.31,1976
310713.43,3.32,3,3.8,0.9,1497,2.24,33.2,-118.46,2260.0,2,1,0,0.5,5,1.24,2021
218674.78,1.91,46,7.6,1.5,1438,2.2,36.91,-123.23,3678.0,3,0,0,8.2,9,0.99,1978
337560.89,3.66,33,5.7,1.9,800,3.81,35.14,-120.26,2816.0,4,0,1,11.3,5,1.43,1991
299148.53,2.11,10,6.6,1.1,1899,0.28,33.23,-116.14,3972.0,3,1,0,3.3,8,1.44,2014
298744.27,2.96,31,5.5,0.7,1820,3.03,38.87,-114.63,2788.0,2,1,1,22.1,6,1.77,1993
234671.3,2.41,15,3.9,0.4,2781,2.34,41.78,-118.05,6185.0,2,0,1,8.5,8,1.99,2009
281278.09,2.49,7,7.0,1.4,768,2.36,36.1,-120.36,4914.0,3,0,1,8.3,6,0.89,2017
309339.02,3.69,36,6.2,1.4,1340,4.28,35.32,-121.85,1950.0,2,0,1,4.0,5,1.0,1988
255325.62,1.79,14,5.2,1.3,465,2.98,33.35,-120.07,4368.0,3,0,1,32.8,10,1.1,2010
384611.77,5.92,48,6.2,1.0,1019,1.62,34.62,-118.56,3389.0,2,1,0,0.2,8,1.22,1976
228570.49,1.31,14,6.7,1.2,3692,1.22,35.21,-124.45,2076.0,1,0,0,0.1,8,1.17,2010
270422.98,2.14,3,6.5,0.8,749,2.93,35.77,-121.68,8392.0,3,1,0,80.9,6,1.32,2021
297314.66,3.15,49,2.9,0.7,7296,1.35,38.52,-117.45,3471.0,2,0,1,0.3,6,0.96,1975
263105.24,3.43,46,3.3,0.6,4052,4.45,33.59,-117.43,3556.0,1,1,0,2.5,4,1.06,1978
256177.01,2.61,50,6.6,0.6,2699,1.68,33.06,-117.64,4425.0,2,0,1,32.2,6,0.47,1974
253914.65,2.66,3,4.5,1.4,5254,2.99,41.34,-114.53,3961.0,2,0,0,14.3,10,1.26,2021
278484.1,3.2,22,3.9,1.0,1641,0.67,40.09,-118.53,4869.0,3,0,0,14.7,7,0.97,2002
311736.57,2.48,19,6.1,0.8,1002,0.73,35.14,-121.67,1616.0,3,1,0,9.7,8,1.08,2005
333068.28,4.75,35,3.9,0.4,1674,2.75,38.57,-115.98,6016.0,1,0,1,2.4,8,1.5,1989
270861.45,3.8,12,4.8,1.4,457,6.84,38.13,-120.41,3629.0,0,0,1,6.9,5,1.04,2012
318603.69,3.85,5,6.8,1.6,4687,2.33,39.56,-121.99,3371.0,3,1,1,19.0,3,1.3,2019
190854.87,1.85,10,3.2,0.6,1367,3.83,40.66,-118.65,2053.0,4,0,0,10.0,4,1.61,2014
255578.03,2.63,41,3.4,1.0,988,2.41,35.9,-121.47,1899.0,4,0,0,19.6,8,1.39,1983
203053.17,2.41,33,3.1,0.6,1083,4.22,38.78,-120.34,1876.0,2,0,0,0.1,7,1.62,1991
202801.77,1.82,13,4.2,1.0,1832,2.89,40.12,-117.22,2342.0,2,0,0,16.0,9,1.71,2011
281917.47,3.14,35,5.6,1.4,1989,1.5,39.14,-114.04,3071.0,4,0,0,13.5,6,1.2,1989
155908.76,2.19,51,4.6,1.9,1608,2.7,41.26,-117.73,1517.0,2,0,0,55.0,4,1.26,1973
382465.29,3.53,32,7.8,0.9,1602,0.86,37.2,-121.6,7207.0,2,0,0,35.6,10,1.37,1992
247715.34,1.77,11,6.2,1.4,2806,1.93,40.13,-123.55,3832.0,3,0,0,13.8,6,0.81,2013
392602.01,5.41,48,5.5,1.5,750,3.46,41.14,-120.7,1762.0,2,0,0,12.9,9,1.4,1976
238316.96,1.9,38,7.4,1.0,2164,2.21,37.79,-124.3,4860.0,3,0,1,1.5,2,1.47,1986
212095.44,2.97,24,3.5,1.7,1402,2.48,32.66,-119.62,2312.0,3,0,0,42.5,6,0.72,2000
387912.74,3.73,35,6.8,0.9,365,4.13,40.27,-117.57,2026.0,4,1,1,18.4,7,0.98,1989
277043.61,2.16,19,5.1,1.3,760,2.4,40.54,-119.13,5700.0,1,1,1,10.5,7,0.81,2005
367836.79,3.82,6,4.8,0.8,959,3.61,36.3,-115.41,2147.0,2,0,1,29.2,8,1.35,2018
295633.87,1.66,40,6.4,1.4,6879,2.29,34.68,-119.31,3058.0,3,1,1,19.7,9,1.0,1984
337346.05,4.86,45,4.9,1.3,2596,4.1,41.79,-119.65,4697.0,2,0,1,12.4,8,1.62,1979
261040.67,2.73,44,5.8,1.7,2245,4.57,37.74,-121.25,5380.0,2,0,0,11.6,6,1.45,1980
240726.29,2.14,42,5.4,2.0,1224,0.64,37.4,-115.71,3388.0,3,0,0,39.1,10,1.7,1982
313252.97,2.41,35,6.0,1.6,1200,1.82,41.49,-115.01,1256.0,2,1,1,24.1,9,1.08,1989
236204.78,3.76,4,4.7,1.4,701,2.72,36.38,-114.23,1749.0,2,0,0,7.7,7,1.84,2020
257476.88,2.15,33,6.9,0.9,1392,2.18,40.56,-114.2,6149.0,1,1,0,14.9,7,0.53,1991
225412.69,2.01,13,2.4,-0.0,5434,4.03,39.16,-114.21,4589.0,3,0,1,3.3,7,1.34,2011
207614.76,2.49,36,6.5,1.7,629,3.26,41.69,-117.02,4138.0,3,0,0,40.6,8,1.29,1988
190922.98,1.7,43,2.7,2.0,1131,1.87,36.57,-118.59,2076.0,3,0,0,17.8,7,1.5,1981
362328.88,5.63,19,4.4,1.3,3793,4.7,41.12,-122.69,1802.0,2,0,1,48.3,10,1.08,2005
274899.43,2.17,43,6.3,0.6,3784,4.68,37.9,-116.45,1467.0,2,1,0,5.2,8,1.49,1981
239376.79,3.79,12,2.5,1.8,1015,1.4,37.02,-116.78,2289.0,1,1,0,5.7,5,0.92,2012
332572.01,2.96,11,5.7,1.7,4586,2.27,35.4,-115.65,3602.0,2,1,0,26.8,8,1.06,2013
186467.35,1.83,6,3.4,0.1,1276,4.0,37.75,-119.64,6161.0,2,0,0,4.6,7,1.22,2018
247421.78,2.71,12,4.0,1.2,720,4.11,37.94,-115.13,2830.0,0,0,1,6.6,4,1.4,2012
296914.91,3.72,27,4.0,1.2,5994,4.68,41.03,-116.95,2943.0,1,0,0,32.4,7,0.8,1997
319877.8,2.52,41,3.5,0.3,1946,5.97,39.19,-122.7,4759.0,3,1,1,10.9,9,1.32,1983
302764.06,4.38,25,2.9,0.6,1580,3.5,40.35,-122.33,2340.0,4,0,1,5.4,2,0.8,1999
387358.86,4.09,42,8.6,1.6,2079,4.53,39.81,-115.95,2769.0,2,1,0,7.9,9,0.91,1982
337957.79,3.93,3,5.2,1.1,832,6.21,35.13,-120.03,3107.0,1,0,1,18.7,8,1.59,2021
256873.56,2.26,3,3.6,0.6,1153,2.98,34.46,-121.89,2299.0,4,0,1,2.6,8,1.51,2021
212903.57,1.76,20,4.7,0.8,5707,2.06,34.96,-120.06,3805.0,4,0,0,49.1,9,1.61,2004
231848.34,2.13,28,5.6,0.5,8000,3.31,33.89,-122.81,3176.0,3,0,0,10.2,9,0.92,1996
259123.29,2.94,23,4.9,1.1,742,4.91,36.17,-115.14,3285.0,2,0,0,21.7,5,0.95,2001
233993.55,3.38,48,3.6,1.5,1324,5.18,38.71,-123.75,1817.0,1,0,0,18.2,9,0.98,1976
206399.34,1.14,3,4.2,1.7,1814,3.18,37.6,-120.79,4484.0,4,0,0,17.1,5,1.29,2021
264653.8,2.71,42,7.3,0.8,2122,2.8,38.95,-118.65,6918.0,4,0,0,8.2,4,1.65,1982
258803.84,2.9,24,3.4,0.9,845,1.47,35.88,-115.33,4317.0,3,0,1,0.6,7,1.22,2000
237075.09,2.43,43,2.5,1.4,3042,3.1,34.45,-116.29,2047.0,4,1,0,20.3,9,0.65,1981
273585.03,4.56,40,4.9,1.6,3231,1.59,34.43,-124.26,1362.0,1,1,0,46.1,3,1.23,1984
260354.71,3.22,6,2.6,1.3,3569,1.83,38.21,-115.83,2805.0,1,1,1,10.5,7,1.18,2018
303015.87,4.59,20,4.1,1.7,3300,3.28,34.06,-117.8,4007.0,1,0,1,46.1,8,1.57,2004
240367.09,2.49,11,3.6,2.0,1929,1.47,36.27,-123.1,2121.0,2,1,0,11.5,8,1.31,2013
275918.54,3.96,32,3.6,0.3,3993,3.43,34.52,-118.02,2540.0,3,0,0,2.7,7,1.3,1992
404371.24,5.23,27,5.6,1.9,2794,4.14,38.8,-115.91,5225.0,4,1,0,4.1,7,1.23,1997
345883.56,4.59,21,5.9,1.7,551,1.74,38.35,-118.18,1348.0,2,0,0,30.0,7,0.89,2003
239409.62,1.76,44,4.3,0.5,554,2.29,36.12,-114.01,3494.0,2,0,1,14.6,8,1.18,1980
226557.84,2.46,48,5.4,1.3,2314,1.26,33.72,-119.18,1752.0,2,0,0,8.0,6,1.31,1976
214825.26,2.37,50,4.2,1.4,5057,3.71,34.51,-117.43,4559.0,1,0,1,24.1,5,1.24,1974
316449.22,3.31,13,6.1,0.6,2583,1.21,36.99,-123.76,4368.0,3,0,1,15.4,5,0.65,2011
296403.86,3.58,22,3.3,1.1,2894,3.84,41.73,-115.96,2923.0,2,0,1,30.9,8,1.48,2002
240906.46,1.94,35,5.7,1.2,774,3.35,35.07,-117.95,3451.0,2,0,0,53.1,9,1.28,1989
214731.28,2.79,47,5.9,0.6,1908,5.59,34.32,-118.61,1891.0,2,0,1,15.8,5,1.54,1977
201915.26,1.21,22,9.0,0.9,4508,5.01,34.6,-117.06,4541.0,2,1,0,53.0,5,1.14,2002
317632.54,4.84,28,2.9,1.8,2582,1.58,39.23,-118.61,3639.0,3,0,0,9.5,8,1.3,1996
246450.89,2.21,21,9.5,1.9,1965,5.19,41.19,-116.45,2908.0,2,0,1,27.5,1,0.7,2003
237380.26,2.78,46,6.6,0.5,2908,2.36,33.21,-118.37,2018.0,1,0,0,35.5,9,1.11,1978
257760.66,2.4,18,8.2,-0.2,2167,2.03,39.62,-119.04,3126.0,2,0,0,0.7,6,1.64,2006
344214.98,4.3,31,6.9,1.7,4626,2.39,37.2,-123.08,2472.0,2,0,0,30.0,9,1.45,1993
180508.19,0.87,46,4.1,2.0,2165,2.65,40.34,-119.55,4430.0,2,0,1,7.9,8,1.02,1978
312610.19,2.7,37,6.5,1.5,1764,5.59,36.5,-118.85,6776.0,2,0,0,7.6,8,1.02,1987
207637.56,2.61,21,4.5,1.0,782,-0.38,32.55,-117.94,4150.0,1,0,0,22.8,4,1.46,2003
260017.24,2.27,14,5.4,0.6,4776,5.22,38.99,-119.71,2498.0,4,0,0,4.2,6,0.77,2010
406672.73,5.42,25,3.7,1.4,852,4.0,40.18,-122.96,6168.0,2,0,1,0.5,5,1.38,1999
224245.49,1.91,27,4.5,1.6,2186,3.2,41.07,-122.92,2438.0,0,0,1,4.7,8,1.66,1997
298447.93,3.7,40,6.8,0.8,3431,2.28,37.91,-116.93,3440.0,3,0,0,15.7,2,0.84,1984
254313.09,3.13,23,6.2,1.2,7566,2.89,33.66,-117.55,2422.0,3,0,1,46.0,7,1.3,2001
368489.36,4.5,31,7.0,0.9,2167,4.02,36.01,-121.78,3014.0,2,0,0,7.6,9,1.32,1993
159293.13,2.08,47,3.4,1.5,5502,4.15,39.95,-119.82,1253.0,3,0,0,24.0,2,1.35,1977
183735.52,2.03,29,2.7,0.1,1848,2.0,37.2,-121.28,1635.0,2,0,0,3.4,5,1.26,1995
291227.35,4.21,47,7.2,1.3,1154,3.93,39.14,-122.6,2889.0,2,0,1,28.6,5,1.57,1977
316793.55,3.22,30,7.0,0.9,16533,2.29,32.54,-121.08,3451.0,2,0,1,21.8,10,0.97,1994
226840.69,1.47,51,5.8,2.0,682,2.79,33.19,-121.74,2782.0,2,1,0,8.9,10,1.01,1973
228023.92,2.19,26,6.1,1.3,18714,4.58,38.97,-123.63,4601.0,0,0,0,33.8,4,0.72,1998
322992.91,3.17,20,6.8,1.5,6652,3.95,35.26,-119.2,1031.0,1,0,1,0.6,5,1.16,2004
295349.84,3.8,38,5.8,0.6,1141,1.06,36.19,-119.77,3780.0,3,0,1,23.1,2,1.51,1986
262543.4,2.07,19,6.3,1.0,3040,3.16,38.6,-117.0,5785.0,2,0,0,0.5,7,1.24,2005
194775.72,0.85,27,6.7,1.3,590,3.5,33.56,-117.99,4395.0,2,0,0,30.0,8,1.5,1997
361393.32,3.35,25,5.4,0.9,2905,3.18,40.41,-120.89,4153.0,3,1,0,2.9,8,1.17,1999
216168.4,1.67,40,5.0,1.0,2339,-0.02,33.87,-119.29,4902.0,1,1,0,0.6,5,0.68,1984
271575.45,1.21,38,6.1,1.2,3616,1.37,39.47,-118.87,1629.0,2,0,1,5.5,5,1.19,1986
225511.77,0.88,23,8.9,0.2,1308,0.87,35.28,-114.87,1625.0,3,0,0,3.0,3,0.94,2001
253748.38,3.76,29,4.2,0.8,2053,2.24,34.97,-114.19,2548.0,2,0,1,15.8,7,1.07,1995
268197.04,2.86,15,4.9,1.5,2646,3.17,40.3,-115.94,2831.0,2,0,1,9.6,5,0.76,2009
228767.01,2.48,3,2.9,0.9,1223,2.37,37.75,-118.6,3270.0,3,0,1,2.1,3,1.44,2021
327796.72,4.74,10,6.2,2.3,5568,2.25,34.45,-114.75,1632.0,2,0,1,37.2,6,1.45,2014
261833.11,3.51,15,4.7,1.1,2006,0.91,32.52,-122.63,2616.0,2,0,1,6.9,4,1.34,2009
293144.72,5.19,16,3.4,0.2,2381,1.5,41.74,-117.19,4824.0,2,0,0,5.0,7,0.92,2008
189627.48,1.56,17,5.4,1.3,928,1.85,36.6,-119.67,2494.0,3,0,0,18.0,4,1.1,2007
317665.16,2.68,19,7.7,0.6,482,4.06,36.28,-122.98,1341.0,2,0,0,7.5,10,0.83,2005
207580.22,1.42,11,5.0,1.3,615,3.52,32.98,-123.71,1355.0,1,0,0,2.4,6,0.7,2013
306652.79,2.48,48,5.1,0.8,2913,3.94,41.0,-119.45,4900.0,2,1,0,13.1,7,1.28,1976
390852.93,2.46,5,7.7,0.9,960,3.55,33.84,-121.99,6241.0,2,1,1,0.5,7,1.44,2019
300193.83,3.49,5,5.5,1.6,3239,3.99,35.69,-121.87,2023.0,3,1,0,14.8,9,1.33,2019
231729.01,2.77,14,3.7,0.3,6793,1.36,36.5,-121.14,4577.0,2,1,0,30.3,9,0.9,2010
321822.39,3.49,50,6.5,0.9,3350,4.6,40.2,-116.96,4085.0,4,1,0,4.6,6,1.49,1974
317248.27,3.6,26,7.2,0.8,2542,4.26,35.91,-122.78,1461.0,2,0,1,28.7,6,1.69,1998
403261.74,6.44,8,5.2,1.8,3055,2.55,37.55,-116.97,3830.0,1,1,1,4.2,4,1.24,2016
249573.24,2.4,5,5.7,0.9,4373,4.16,36.57,-116.28,4218.0,2,0,0,3.4,5,1.54,2019
194033.36,1.87,7,3.5,0.6,2320,4.46,35.46,-118.26,2580.0,2,0,0,18.8,8,1.01,2017
263411.6,3.0,16,4.2,1.2,3074,2.94,41.49,-121.9,2435.0,2,0,0,1.0,6,0.92,2008
260364.53,1.97,14,5.0,0.7,1150,3.64,40.07,-123.96,3344.0,4,0,0,0.6,9,0.41,2010
400676.94,4.92,37,5.6,0.7,828,2.38,34.16,-120.22,2017.0,4,0,1,9.1,7,1.33,1987
228808.77,2.43,41,4.6,1.4,1206,4.58,37.77,-115.6,5350.0,2,0,0,0.5,5,1.3,1983
247636.82,2.17,4,4.9,-0.3,1392,2.46,40.07,-123.43,2959.0,1,0,0,10.3,8,1.07,2020
210310.36,2.25,36,5.3,0.6,1347,3.38,38.01,-116.68,2400.0,4,0,0,15.7,7,1.2,1988
296826.89,3.62,48,4.0,0.8,4524,2.95,37.19,-119.59,2772.0,3,0,1,3.9,9,0.75,1976
236168.55,2.55,17,5.1,1.9,205,2.3,33.18,-115.06,4914.0,2,0,0,34.4,6,1.13,2007
256271.13,2.1,47,7.2,1.3,1523,0.95,33.51,-120.76,2771.0,3,0,0,3.4,5,1.12,1977
305476.28,5.29,36,4.6,1.1,3276,4.06,34.83,-117.1,2379.0,3,0,0,4.1,6,0.99,1988
178128.42,1.93,6,4.1,1.0,3182,2.96,37.38,-116.73,1348.0,2,0,0,36.6,9,1.27,2018
317749.79,2.76,16,8.6,1.2,939,5.2,41.88,-122.41,3248.0,4,0,1,17.4,8,1.19,2008
279498.75,3.53,29,5.8,1.2,7266,4.46,40.12,-122.84,2586.0,2,0,0,11.3,9,1.35,1995
223824.16,1.42,36,4.3,1.2,597,4.44,33.55,-123.53,1640.0,2,1,0,6.0,9,1.19,1988
270103.09,3.29,38,6.5,2.1,1366,3.88,39.31,-117.13,3702.0,2,0,1,22.0,6,0.93,1986
246870.88,1.78,37,5.9,0.9,1411,3.91,40.2,-118.74,1728.0,1,0,1,13.3,7,1.46,1987
273514.61,3.78,48,4.6,1.2,1399,3.19,36.44,-123.59,2161.0,2,0,0,6.3,8,0.97,1976
207325.96,1.85,48,5.4,1.1,5365,3.99,35.64,-121.26,3768.0,3,0,0,26.2,9,1.68,1976
307262.92,3.59,10,5.1,1.6,1831,2.46,38.05,-123.01,3757.0,1,0,1,23.7,6,1.39,2014
311663.87,4.23,41,7.0,0.8,2335,0.07,37.43,-123.53,3101.0,2,0,0,42.4,7,1.99,1983
246851.34,3.84,36,6.5,0.9,3653,3.85,35.02,-121.36,2603.0,2,0,1,79.1,5,0.96,1988
261534.33,3.01,29,2.3,0.3,1083,3.88,36.28,-123.49,2348.0,4,0,0,0.2,8,1.17,1995
288143.4,2.48,14,8.4,1.6,1597,1.41,37.67,-121.77,1925.0,3,0,0,5.8,8,1.12,2010
256624.25,2.16,4,5.1,0.3,6910,3.62,38.01,-118.7,2583.0,1,0,1,3.2,7,1.16,2020
379497.64,4.9,44,8.1,1.4,2446,3.6,37.55,-118.61,5064.0,2,0,0,3.6,7,1.15,1980
215164.76,2.05,42,6.6,1.9,752,4.29,40.54,-122.74,1714.0,1,1,0,30.0,9,1.32,1982
198676.05,1.8,36,5.9,2.1,911,2.87,32.8,-122.49,819.0,2,0,1,55.3,8,1.41,1988
287501.94,3.55,50,5.4,0.9,3690,1.17,35.66,-115.52,2054.0,2,0,0,42.2,4,1.44,1974
336744.78,1.98,45,9.6,0.9,732,2.42,39.62,-122.75,6393.0,1,0,1,17.9,7,1.53,1979
225996.96,1.86,13,5.1,1.1,1238,2.41,38.69,-124.02,2441.0,3,0,0,12.1,4,0.61,2011
207125.7,1.53,46,4.5,1.6,2127,2.86,41.22,-121.93,3002.0,3,0,0,15.2,4,1.64,1978
234857.68,2.24,18,4.6,1.0,1827,3.15,38.09,-118.45,3100.0,2,1,0,29.0,6,1.08,2006
271554.53,2.63,33,5.5,1.0,5922,2.72,38.56,-124.42,2117.0,2,0,0,0.1,7,1.51,1991
285800.96,3.0,21,5.5,1.6,254,3.48,39.2,-114.16,5855.0,3,0,1,8.4,4,1.23,2003
316856.43,3.98,16,7.0,1.1,2658,1.68,34.27,-122.08,2647.0,1,0,1,10.6,7,1.69,2008
265400.8,3.36,15,6.6,1.0,1442,3.43,39.66,-122.0,5102.0,1,1,0,38.5,4,1.69,2009
294377.02,2.52,5,6.6,0.7,5185,2.09,35.35,-116.74,3058.0,2,0,0,2.8,7,1.52,2019
235509.55,2.51,6,5.2,1.6,1497,2.76,36.53,-121.89,3121.0,2,0,1,20.5,9,1.7,2018
256550.26,3.33,38,6.5,1.2,1532,0.81,32.63,-120.34,1779.0,4,0,0,38.7,3,0.91,1986
402313.18,4.52,3,6.7,1.1,1802,4.13,40.51,-118.79,4967.0,1,1,1,21.7,6,1.85,2021
310203.59,2.86,48,5.4,0.2,1065,2.63,41.56,-124.27,2719.0,2,0,1,0.2,5,1.13,1976
273514.26,2.25,12,5.9,1.6,1126,3.41,33.07,-115.71,3194.0,3,0,0,16.2,7,0.98,2012
252547.57,1.83,36,6.7,0.5,1604,2.01,38.53,-119.12,6971.0,3,0,0,3.5,9,0.77,1988
228341.07,1.52,33,5.8,1.3,6741,2.33,41.63,-121.21,3419.0,3,0,1,13.9,5,1.11,1991
322166.87,3.55,36,6.0,0.7,1220,1.84,38.27,-120.3,3259.0,2,1,1,12.7,8,0.49,1988
288957.65,3.43,33,7.6,0.6,1043,3.19,40.08,-123.91,4870.0,1,1,0,47.2,3,1.11,1991
341756.51,3.42,31,5.8,1.6,1312,3.69,33.62,-116.96,4158.0,4,0,0,3.2,7,1.19,1993
266449.7,2.58,21,4.6,1.2,1812,1.8,34.83,-118.84,2367.0,2,1,1,0.8,8,1.37,2003
338902.31,4.77,27,3.5,1.1,7585,3.17,35.78,-114.9,2235.0,3,1,0,14.2,8,1.04,1997
210849.57,2.24,27,5.7,2.1,981,2.71,41.82,-119.63,3724.0,3,0,0,6.3,8,0.88,1997
281390.68,3.98,8,5.0,2.1,13350,3.23,39.93,-115.8,2263.0,2,0,0,20.8,6,1.23,2016
237200.41,2.68,37,6.7,1.0,2596,1.92,40.91,-122.52,3049.0,3,0,0,74.9,8,1.44,1987
250790.26,2.13,32,7.9,0.4,812,3.56,37.13,-123.91,1592.0,2,0,0,7.7,7,1.27,1992
241022.57,3.45,26,4.0,1.8,1167,2.67,39.31,-114.54,6922.0,3,0,0,2.5,6,0.6,1998
255467.42,3.2,2,4.2,0.4,384,2.83,39.45,-121.8,2174.0,2,0,1,12.1,6,1.42,2022
254567.72,3.14,12,5.5,1.3,1969,5.81,37.9,-115.75,4018.0,1,1,0,6.4,4,1.63,2012
351707.92,2.81,22,4.3,1.0,4193,0.89,40.84,-121.8,4087.0,3,1,1,23.7,8,1.49,2002
298939.78,2.68,17,5.2,1.1,1853,3.65,34.0,-122.86,7124.0,4,1,1,11.5,4,1.58,2007
439388.4,7.07,7,4.7,1.7,3436,3.52,33.05,-116.81,3496.0,2,0,0,35.8,7,1.52,2017
272505.98,4.37,43,4.0,0.7,2547,3.76,35.39,-116.33,2447.0,3,0,0,27.3,8,1.2,1981
295815.49,3.63,4,6.7,0.8,4760,3.7,33.34,-115.64,2924.0,3,1,0,36.8,5,1.15,2020
245256.38,2.84,37,5.6,1.5,825,3.23,33.07,-115.42,1931.0,3,0,0,5.3,7,1.38,1987
364669.55,4.07,38,8.2,2.0,3663,3.49,36.48,-119.43,5775.0,2,0,1,35.0,8,1.28,1986
258126.99,3.34,32,6.0,2.3,8179,6.22,34.4,-120.3,2544.0,3,1,0,30.2,1,1.41,1992
288707.0,2.75,11,7.4,0.4,14076,2.79,40.01,-116.61,7180.0,2,0,0,14.8,5,1.02,2013
207820.33,2.41,1,4.4,0.9,5632,2.78,38.01,-118.52,2148.0,2,0,0,36.2,6,1.17,2023
299939.32,2.63,25,4.4,0.6,2073,1.72,35.93,-114.36,10801.0,1,1,0,0.8,9,1.34,1999
219281.97,0.76,42,8.8,1.5,835,2.01,35.22,-120.55,2119.0,4,0,0,23.1,7,1.29,1982
252093.3,2.96,24,4.6,1.1,940,3.27,37.85,-124.05,2065.0,2,0,0,2.4,7,0.66,2000
260052.31,2.24,43,4.1,1.5,1574,3.44,36.62,-118.31,2165.0,2,0,0,6.3,8,1.65,1981
290401.72,5.14,17,3.7,0.9,8005,2.86,33.03,-120.79,2135.0,2,0,0,19.6,7,1.74,2007
310853.29,2.74,8,8.4,1.4,1182,3.78,38.82,-120.9,3589.0,2,0,0,3.5,6,1.07,2016
227372.32,1.69,45,5.1,1.0,2087,2.52,37.25,-118.57,1975.0,0,0,1,3.9,10,1.03,1979
263274.86,2.66,27,6.1,1.2,3837,5.98,35.13,-114.82,1678.0,2,0,0,3.6,8,1.02,1997
223166.05,1.79,18,5.7,0.8,130,3.18,35.26,-121.7,1894.0,3,0,1,9.1,8,1.14,2006
247619.77,3.28,27,4.4,1.8,772,3.81,36.8,-120.51,8207.0,0,0,0,1.3,7,1.18,1997
262023.41,3.05,22,5.1,0.5,8626,3.19,40.36,-115.14,1695.0,4,0,1,32.6,6,1.02,2002
305756.11,3.99,16,6.8,1.0,4164,2.28,36.52,-115.1,3274.0,1,0,0,19.6,7,1.79,2008
205447.85,1.98,2,3.7,2.0,4186,2.39,40.48,-122.04,1885.0,3,0,1,10.8,6,1.29,2022
327978.05,2.76,5,6.5,1.7,852,1.62,36.54,-117.08,3753.0,3,1,1,1.3,7,1.43,2019
273114.88,1.57,18,7.7,0.7,5774,0.93,40.38,-120.14,3227.0,3,0,1,2.0,5,1.51,2006
302912.26,3.6,3,5.9,0.7,940,4.14,41.35,-114.67,6847.0,2,0,1,1.6,8,1.56,2021
345740.75,3.35,27,7.5,1.4,1945,2.27,32.7,-116.81,2391.0,3,0,1,0.2,8,1.41,1997
258354.15,3.31,17,3.4,1.4,3151,2.92,33.09,-119.31,3689.0,2,0,1,16.5,6,1.16,2007
218606.16,2.72,16,2.8,1.7,3520,4.84,33.77,-115.92,5027.0,1,0,1,10.7,5,1.19,2008
321347.68,3.21,6,5.9,0.4,2683,4.4,33.66,-114.02,2479.0,2,0,1,7.2,5,1.46,2018
339428.39,5.16,51,4.6,1.8,1539,3.18,36.82,-119.81,3313.0,0,0,0,6.4,4,1.53,1973
289846.16,2.43,7,6.8,0.6,412,2.75,39.76,-120.58,1405.0,2,0,0,9.3,9,0.75,2017
286559.62,2.87,50,5.0,1.8,1931,2.82,41.63,-118.13,3725.0,3,0,1,9.7,5,1.61,1974
290649.02,1.76,14,5.7,0.3,319,5.64,36.47,-117.33,3265.0,4,1,0,2.2,8,1.9,2010
202587.19,1.92,38,5.6,0.5,2847,3.21,39.04,-117.1,2039.0,1,0,0,11.4,3,1.06,1986
274512.14,2.83,40,5.7,2.0,826,6.59,38.54,-119.53,1607.0,2,1,0,0.7,8,1.2,1984
274416.85,4.23,15,4.7,2.0,1591,1.44,36.24,-121.01,2598.0,1,0,1,41.9,4,1.53,2009
220054.54,2.45,47,3.5,1.2,1200,3.06,39.35,-115.87,1645.0,3,0,0,18.8,4,0.84,1977
281839.93,2.47,47,5.2,0.9,2843,4.4,38.12,-114.44,3132.0,4,0,1,0.1,9,1.35,1977
257140.08,2.31,48,7.7,1.1,960,4.3,39.72,-115.43,4064.0,1,0,0,5.1,5,1.32,1976
196304.52,2.19,33,4.6,1.3,2219,3.76,34.34,-117.34,1240.0,4,0,0,60.9,4,0.7,1991
260887.61,3.06,43,4.6,1.4,2095,2.27,35.92,-120.72,1958.0,2,0,0,0.7,7,0.78,1981
205429.61,1.49,27,5.7,1.0,1905,1.42,38.88,-117.96,6659.0,2,0,0,2.4,3,1.82,1997
329528.96,4.54,29,3.7,0.1,2475,2.79,33.69,-123.44,4045.0,1,1,0,9.7,8,1.33,1995
249148.08,2.08,37,7.0,0.8,690,4.25,39.82,-118.89,1467.0,1,0,0,6.5,9,1.29,1987
235072.48,3.63,5,3.9,0.3,711,5.04,33.77,-116.3,2332.0,1,0,1,63.2,5,1.69,2019
202195.28,1.64,29,5.1,1.5,5691,3.13,35.58,-121.86,1206.0,2,0,0,11.6,8,1.68,1995
323860.16,3.55,32,9.3,1.3,527,2.88,34.76,-119.23,5281.0,3,1,0,42.5,3,0.84,1992
321664.84,3.56,6,3.8,1.0,10229,3.25,33.08,-123.73,2958.0,1,1,1,7.1,7,1.06,2018
311906.24,3.17,2,7.7,1.0,1619,3.26,35.07,-115.7,3183.0,2,0,0,4.8,10,1.14,2022
259913.07,1.83,6,5.7,2.1,915,4.42,41.16,-120.82,5412.0,1,0,0,5.1,7,1.35,2018
258151.63,3.0,46,5.9,1.7,3600,2.56,32.76,-118.39,2657.0,3,1,0,15.2,6,0.97,1978
130309.19,1.69,43,4.3,1.2,1153,2.86,32.66,-120.53,3419.0,1,0,0,13.9,1,1.86,1981
248726.74,2.46,4,6.7,0.8,2369,3.55,39.19,-118.23,5138.0,1,0,0,12.1,5,0.6,2020
296280.53,4.1,29,5.0,1.7,4887,2.24,35.99,-116.69,1981.0,0,0,0,3.1,6,0.72,1995
225603.79,3.74,25,3.8,1.2,3199,1.9,34.68,-121.07,1598.0,0,0,0,4.6,6,1.07,1999
310817.59,2.73,9,7.7,0.8,2543,4.68,37.33,-119.05,7309.0,2,0,0,5.1,6,1.27,2015
169519.78,1.84,3,4.9,0.8,3052,2.97,35.03,-116.15,2060.0,1,0,0,30.2,2,1.91,2021
268646.03,3.52,26,2.7,1.4,1866,4.07,36.22,-117.28,915.0,2,0,1,25.5,7,1.3,1998
264900.31,2.74,48,5.1,1.6,3459,3.83,39.3,-123.9,2079.0,3,0,1,3.4,5,1.3,1976
221183.44,1.07,43,6.7,1.4,766,1.35,33.61,-118.53,2126.0,4,0,0,2.4,6,1.47,1981
387325.55,3.72,27,6.5,1.4,5809,2.22,41.62,-120.55,8183.0,3,1,0,1.6,9,1.22,1997
278626.85,2.69,36,4.5,0.9,1595,3.08,32.9,-117.06,3925.0,4,0,0,1.1,8,1.15,1988
260898.77,4.4,32,4.0,0.8,2083,2.71,40.16,-124.32,2680.0,3,0,0,62.6,6,1.05,1992
159873.83,1.75,1,3.5,1.2,1406,3.29,39.38,-121.03,2111.0,4,0,0,25.0,3,1.21,2023
209226.77,0.76,16,5.5,1.1,2936,3.22,35.18,-123.59,4194.0,2,0,0,0.3,9,1.62,2008
325766.91,3.04,51,5.7,0.6,4201,3.94,33.62,-114.83,5044.0,3,0,1,0.1,6,1.12,1973
274069.14,3.05,48,6.6,1.1,817,2.95,40.6,-115.3,3822.0,4,0,1,17.6,7,1.16,1976
198146.59,1.38,11,5.3,1.4,1710,3.08,38.96,-114.34,4724.0,3,0,1,5.6,3,1.07,2013
254211.69,1.84,26,5.2,0.9,2071,1.28,35.26,-117.74,6471.0,4,0,1,1.6,8,1.17,1998
518122.41,8.18,40,5.1,1.9,2563,2.28,32.66,-116.03,3124.0,2,0,1,9.4,8,1.34,1984
277625.46,2.41,1,5.7,0.5,1431,2.34,41.42,-118.08,2313.0,2,0,1,0.3,6,0.88,2023
299654.74,3.64,26,5.3,0.7,1279,2.47,36.34,-119.33,2405.0,2,1,0,8.3,9,1.43,1998
242154.11,2.1,28,6.9,0.8,3673,2.55,34.17,-115.74,5577.0,2,0,0,4.1,2,1.25,1996
246417.58,1.18,9,6.0,1.5,2715,3.72,41.16,-116.35,4293.0,3,1,1,4.6,6,1.41,2015
260277.57,2.54,44,5.7,1.2,2148,5.13,35.91,-116.8,3211.0,3,0,1,5.1,5,1.41,1980
261780.14,2.44,22,5.4,0.7,4912,1.38,36.9,-115.11,2274.0,3,0,1,5.5,8,0.96,2002
207173.95,2.32,8,4.1,0.2,620,2.76,39.14,-114.75,1990.0,2,0,0,0.3,5,1.09,2016
243748.5,2.6,49,5.5,0.5,3424,1.96,40.28,-119.82,2982.0,2,1,0,12.7,8,0.83,1975
266091.34,3.02,42,4.5,0.2,2437,1.39,33.45,-121.53,1809.0,2,0,0,11.9,8,1.04,1982
354506.62,2.56,27,6.0,1.5,564,2.37,41.04,-119.13,2660.0,2,1,1,15.8,8,1.11,1997
208273.25,1.64,39,5.2,0.6,4596,1.74,41.36,-123.52,5413.0,2,0,1,2.6,2,1.72,1985
276778.21,3.3,19,8.0,1.4,2898,3.28,34.96,-114.65,2792.0,1,0,0,78.9,9,1.41,2005
211070.32,1.25,25,3.6,1.4,3224,2.8,37.23,-114.17,2647.0,3,0,1,2.2,8,0.84,1999
132164.0,1.2,38,0.8,1.7,1418,2.64,40.65,-117.65,3201.0,3,0,0,25.0,8,0.85,1986
287731.06,3.65,21,5.9,0.7,3327,3.37,37.13,-116.67,4832.0,2,0,0,3.7,7,1.91,2003
273249.0,3.33,24,4.5,1.3,1007,1.28,37.08,-121.1,7344.0,2,0,0,8.7,7,1.29,2000
260749.59,2.66,24,5.7,1.2,616,1.78,38.38,-115.4,1671.0,3,0,0,5.9,7,0.72,2000
215290.44,1.56,19,3.6,1.2,1789,3.43,39.79,-115.05,5440.0,2,0,1,5.5,6,0.97,2005
308284.56,2.05,50,8.4,1.1,3102,1.77,38.82,-123.69,4450.0,4,0,1,10.0,7,0.74,1974
269065.61,2.45,47,4.9,1.5,4072,0.55,38.45,-123.12,1608.0,1,0,1,4.1,8,1.16,1977
210877.52,1.44,2,4.4,1.5,2039,4.92,36.03,-121.76,1829.0,3,0,0,11.9,8,1.25,2022
338580.34,2.02,14,8.3,1.1,1917,3.41,38.49,-117.11,4810.0,2,1,0,4.3,7,1.59,2010
277127.2,3.53,32,6.8,0.9,4070,4.22,33.48,-122.57,3932.0,3,0,0,54.1,2,0.82,1992
385875.91,4.81,42,7.6,0.8,1384,2.13,36.39,-122.19,1253.0,2,1,0,4.1,5,1.02,1982
234550.25,2.3,32,5.2,1.1,1153,1.34,34.29,-120.49,1967.0,4,1,0,21.7,7,1.3,1992
349009.38,3.68,28,5.6,1.2,6598,3.35,37.61,-118.08,3892.0,1,1,1,9.5,7,1.41,1996
222520.08,1.26,48,4.6,1.1,1447,1.68,34.99,-114.25,4742.0,2,0,1,0.6,6,1.54,1976
318137.66,3.54,39,4.4,0.5,3764,4.22,37.31,-116.27,3638.0,4,0,1,2.5,8,0.65,1985
201801.63,1.97,40,6.1,0.9,5365,3.29,39.88,-118.64,1042.0,2,0,0,39.6,6,1.26,1984
300521.72,3.07,42,4.9,0.8,2138,3.23,36.62,-123.98,2079.0,3,1,1,25.7,9,1.35,1982
350252.13,2.46,47,8.8,1.1,2232,3.25,34.58,-119.07,1828.0,4,1,1,2.3,7,1.45,1977
352941.22,4.61,40,6.8,2.4,7617,5.44,34.62,-122.36,4214.0,1,0,0,0.8,7,1.19,1984
293991.79,1.92,13,8.3,1.3,634,3.79,41.11,-121.35,2361.0,2,0,0,2.5,6,1.35,2011
228977.12,3.49,12,2.2,1.7,626,2.76,39.92,-121.87,3893.0,3,0,0,13.2,4,1.64,2012
295466.66,2.43,8,8.3,0.8,3471,3.16,32.85,-120.85,3248.0,3,0,1,15.1,1,1.16,2016
221557.99,2.55,15,1.9,1.1,1303,1.96,41.46,-123.85,1662.0,1,0,1,7.1,8,1.24,2009
239727.42,2.53,26,3.6,1.7,3601,2.37,33.57,-118.44,4635.0,2,1,0,4.9,3,1.18,1998
208195.74,1.94,12,2.9,0.3,1728,4.5,38.7,-124.02,5337.0,1,0,0,3.5,6,1.1,2012
255559.11,2.7,43,5.9,1.0,3520,3.05,37.74,-117.56,4755.0,3,0,0,8.7,9,0.8,1981
245681.37,2.65,51,5.5,1.4,893,3.92,32.94,-116.83,3322.0,2,0,1,0.3,7,1.1,1973
283816.97,2.99,46,6.7,1.1,2952,1.93,35.3,-119.4,2845.0,2,0,0,0.1,9,1.41,1978
242243.3,2.81,27,5.4,0.8,1211,4.02,39.87,-116.3,2196.0,3,0,1,24.0,3,1.39,1997
407315.35,3.74,18,7.3,0.8,3216,2.76,35.42,-114.34,5614.0,3,1,1,11.3,9,1.18,2006
298070.91,3.93,45,4.1,1.3,11988,3.27,37.06,-120.93,6695.0,2,0,1,22.8,9,1.2,1979
252573.89,1.79,36,7.4,0.3,949,3.07,39.13,-118.0,2144.0,2,0,0,1.8,9,0.67,1988
320990.51,3.85,49,5.5,1.2,1362,3.22,33.18,-121.1,1730.0,3,0,0,25.3,6,1.53,1975
224737.74,1.69,51,9.0,1.5,1632,2.87,40.41,-119.84,1770.0,3,0,0,38.4,3,0.6,1973
329834.21,3.44,27,6.8,0.9,2340,4.54,32.9,-124.28,1842.0,3,0,0,11.4,9,0.81,1997
289847.6,3.48,9,5.0,0.3,289,1.19,34.99,-123.72,3514.0,2,0,1,1.7,4,1.2,2015
247126.98,1.27,39,5.4,0.8,1856,3.64,39.75,-116.13,1543.0,2,0,1,2.0,7,1.37,1985
245402.63,2.82,1,4.0,1.0,1518,2.2,41.16,-123.03,2253.0,1,0,0,3.2,6,1.65,2023
318634.95,2.25,7,6.0,0.6,1526,1.85,39.72,-117.16,2285.0,4,0,1,3.1,10,1.49,2017
193223.26,2.01,26,5.0,1.1,2288,5.57,34.66,-117.06,3251.0,3,0,0,43.5,6,1.42,1998
384409.65,4.67,7,6.6,1.2,2400,1.86,41.86,-114.04,2690.0,2,0,0,24.2,6,1.33,2017
224822.39,2.09,7,3.5,1.7,2370,0.82,36.43,-117.2,3729.0,2,0,0,5.7,7,0.38,2017
190680.93,1.97,8,5.0,1.0,763,4.15,36.08,-123.15,2814.0,1,0,0,25.4,7,1.34,2016
233674.02,2.8,16,3.8,1.2,1479,2.41,40.72,-117.92,3295.0,2,0,0,22.2,7,1.53,2008
334509.0,3.58,3,3.9,0.8,1430,4.53,33.13,-119.0,7834.0,3,0,0,6.6,7,0.75,2021
326969.31,2.57,45,6.4,0.9,2756,0.3,37.78,-114.87,3192.0,4,1,0,0.5,3,1.26,1979
304499.09,4.33,10,7.2,1.5,834,5.22,41.67,-117.25,3409.0,2,0,0,0.1,9,0.73,2014
253571.78,3.36,50,2.0,1.0,2110,4.13,33.45,-119.06,10006.0,3,0,1,5.9,5,1.43,1974
278749.54,1.14,7,8.3,1.5,6549,2.75,37.64,-117.95,2765.0,3,1,0,0.7,7,0.91,2017
297183.66,2.2,21,7.6,1.1,215,0.92,33.76,-119.84,6211.0,2,1,1,1.9,2,1.91,2003
207821.7,2.17,37,3.5,0.5,1578,1.4,40.95,-119.16,5512.0,0,1,1,4.4,5,1.46,1987
333487.85,3.29,31,6.7,0.8,369,2.17,38.08,-116.92,1865.0,3,0,1,3.0,8,1.25,1993
176326.74,0.95,23,4.8,2.3,1808,3.86,34.73,-123.68,3211.0,2,0,0,2.3,7,1.21,2001
528183.55,7.54,27,5.4,1.0,3527,1.97,35.42,-118.04,4105.0,4,0,0,4.6,8,1.44,1997
312051.65,3.36,22,6.4,0.3,1201,0.54,37.41,-123.57,4772.0,2,1,1,20.0,4,1.41,2002
253973.1,2.89,39,6.2,0.5,3792,3.27,39.39,-115.52,2009.0,3,0,0,8.8,10,1.29,1985
370474.34,4.36,27,4.6,0.7,5370,4.2,37.13,-114.6,2006.0,2,1,1,16.3,6,0.86,1997
370523.49,6.94,49,4.6,0.7,2493,5.64,34.3,-116.31,4651.0,2,0,1,39.6,7,1.44,1975
331277.46,3.85,4,4.7,0.6,1197,1.77,39.23,-116.96,1798.0,4,0,0,0.0,5,1.04,2020
265863.98,3.97,24,7.2,1.8,2776,1.9,33.62,-114.59,2534.0,2,0,0,45.3,6,0.73,2000
220432.51,2.86,23,2.7,1.4,6937,-0.59,40.19,-122.21,1461.0,2,0,1,4.9,8,1.17,2001
223995.01,2.57,48,5.3,1.0,623,1.14,36.26,-122.1,1968.0,1,1,0,5.1,6,1.08,1976
297390.15,2.25,19,7.9,0.8,4387,1.72,38.7,-119.45,2638.0,4,0,0,14.9,8,1.27,2005
299987.74,1.95,42,6.6,1.0,644,1.93,35.77,-124.42,2779.0,3,1,0,6.7,5,1.12,1982
259368.84,2.07,3,7.1,2.0,536,2.36,38.86,-114.37,3202.0,2,1,0,1.3,8,1.02,2021
186028.32,1.58,27,5.3,0.7,673,3.71,40.95,-124.16,2791.0,1,0,0,18.6,8,1.35,1997
240127.87,2.64,3,3.8,0.3,1751,3.61,39.16,-118.24,4693.0,0,0,0,3.0,5,1.36,2021
225135.64,1.39,28,5.6,1.4,4966,2.38,38.88,-120.78,5557.0,1,1,1,39.8,3,0.69,1996
222849.64,2.93,17,4.5,1.6,361,3.02,39.7,-123.42,2103.0,2,0,0,66.2,9,1.12,2007
307046.58,2.68,31,8.8,1.8,3990,1.37,37.25,-124.24,1291.0,3,0,1,3.0,5,1.25,1993
309729.38,2.88,10,5.3,0.9,1599,2.32,34.59,-121.74,3676.0,2,1,1,21.0,7,0.94,2014
208615.32,2.21,49,6.5,0.9,748,1.45,40.25,-123.38,4968.0,2,0,1,72.1,5,1.33,1975
582505.1,9.31,22,8.1,2.1,2902,2.11,38.66,-114.63,2022.0,2,0,1,46.6,8,1.21,2002
298645.08,4.68,30,3.9,1.4,1236,5.23,35.48,-121.93,2557.0,0,0,0,12.5,8,1.15,1994
157691.91,1.65,49,2.1,1.1,11016,3.17,35.12,-123.51,4841.0,1,1,0,5.6,3,1.0,1975
264114.6,2.98,21,6.2,1.4,2693,2.29,37.25,-116.42,5189.0,2,0,1,0.2,3,1.08,2003
243637.03,2.13,36,6.5,0.9,1890,3.57,34.47,-120.15,3770.0,2,0,1,34.3,10,1.52,1988
231409.11,1.81,23,4.9,1.3,3036,2.53,40.84,-115.64,3037.0,2,0,0,0.5,8,1.61,2001
152005.93,1.59,38,3.8,1.2,5296,5.02,39.99,-115.7,2339.0,1,0,0,12.9,5,0.96,1986
370492.39,3.23,12,6.0,1.5,5725,3.42,35.43,-114.08,3332.0,3,1,1,3.1,7,1.15,2012
240975.28,2.07,25,5.5,0.6,3798,1.61,32.97,-116.06,3113.0,3,0,0,4.2,10,0.91,1999
356299.4,4.0,20,6.0,1.3,5439,4.58,32.99,-122.25,4154.0,3,1,0,0.4,7,1.18,2004
227069.7,4.05,49,3.8,0.5,4734,3.74,35.32,-118.34,3648.0,2,0,0,0.6,6,1.28,1975
341627.41,4.71,49,6.0,2.0,3742,3.56,33.9,-118.97,1494.0,2,1,0,6.5,2,1.22,1975
267572.6,1.93,42,6.7,0.9,1318,3.99,40.8,-119.16,2776.0,3,1,0,31.5,7,0.41,1982
289448.22,3.29,7,3.2,0.3,4943,3.87,36.5,-121.38,5728.0,3,0,0,12.5,9,1.57,2017
329959.55,3.5,29,7.7,2.5,1283,3.61,35.81,-122.29,898.0,3,0,0,11.6,7,1.06,1995
267281.02,2.25,48,5.9,0.8,2232,2.81,34.57,-116.97,1521.0,2,1,0,14.5,8,0.83,1976
248339.38,2.0,29,6.8,1.1,1338,4.09,40.49,-123.43,1804.0,1,0,0,11.5,9,0.95,1995
316051.71,5.17,13,3.6,0.3,3100,2.79,40.03,-123.98,4153.0,2,0,0,5.4,6,1.52,2011
255520.0,2.98,3,6.5,1.1,5032,4.59,36.15,-120.5,2323.0,0,0,0,31.8,6,1.41,2021
306951.41,3.51,2,3.0,1.9,1305,3.6,34.11,-116.69,3160.0,2,0,0,9.7,9,1.19,2022
239488.1,1.96,16,4.1,1.5,584,3.22,41.54,-115.38,3817.0,2,1,0,21.0,6,1.18,2008
223143.86,1.67,30,5.9,0.2,4057,3.76,35.5,-118.83,3804.0,3,0,0,36.5,8,0.82,1994
242097.82,2.16,38,5.1,0.7,4140,3.19,39.83,-115.68,2141.0,3,0,0,0.1,7,1.5,1986
242831.16,2.59,6,5.5,1.6,6320,4.53,36.9,-124.23,2546.0,0,0,0,9.8,7,1.47,2018
298650.07,1.78,45,8.4,1.4,3696,4.14,39.93,-119.72,2699.0,1,1,0,13.9,7,1.59,1979
338218.12,2.71,7,5.5,0.9,3765,3.09,37.08,-123.1,6821.0,2,1,1,10.5,8,1.26,2017
249271.74,1.38,5,6.6,1.3,1018,-0.91,41.29,-118.38,2680.0,2,0,1,34.9,9,1.56,2019
270747.71,1.74,7,5.4,0.5,3260,4.04,40.1,-114.83,4058.0,3,1,0,42.2,8,0.93,2017
342263.88,3.56,34,5.4,0.4,10071,3.5,34.97,-124.42,4264.0,4,0,1,2.2,6,1.22,1990
360532.0,3.46,32,4.0,-0.1,1161,5.91,36.59,-117.48,5155.0,3,1,1,5.4,6,1.48,1992
324204.36,2.32,49,6.1,1.6,682,1.44,33.46,-116.18,4634.0,2,0,0,4.6,9,1.42,1975
238919.41,1.81,13,9.3,1.0,2023,2.74,41.08,-116.68,3066.0,2,0,0,10.3,5,1.68,2011
231735.45,1.8,30,5.6,1.1,3827,1.14,33.16,-124.29,3816.0,3,0,0,7.2,6,1.02,1994
260073.03,2.34,25,5.1,-0.4,2149,2.13,32.67,-122.67,10358.0,4,0,0,6.7,8,1.46,1999
299116.91,3.52,21,7.2,1.1,7532,4.87,37.22,-123.51,2061.0,2,0,0,11.5,4,0.84,2003
386863.01,3.94,21,7.0,1.4,908,1.0,38.23,-123.6,2316.0,2,0,0,10.1,8,0.65,2003
306992.18,2.23,28,6.2,0.1,537,1.33,34.62,-116.83,1677.0,2,0,1,9.4,9,1.31,1996
254471.61,1.71,48,5.0,1.1,5671,3.7,37.92,-120.04,3273.0,3,1,0,1.8,7,1.73,1976
335536.95,3.03,20,7.2,1.1,586,3.23,41.01,-116.89,2365.0,3,1,1,11.6,3,1.64,2004
215016.88,1.96,34,5.7,0.9,2330,2.6,38.45,-120.71,1755.0,2,0,0,0.9,5,0.94,1990
274392.39,2.21,5,6.9,1.8,5549,-0.08,36.83,-123.27,2992.0,3,0,0,14.4,3,1.2,2019
309552.68,4.62,18,4.3,1.6,2149,4.52,33.87,-116.96,1504.0,4,0,0,14.7,6,0.87,2006
348441.81,3.78,39,4.6,2.8,1034,2.72,34.1,-117.93,5590.0,2,1,0,4.5,9,1.24,1985
263707.31,2.9,43,5.6,0.5,5003,1.78,37.1,-123.31,5015.0,1,0,1,2.2,6,1.39,1981
214551.08,1.63,11,3.6,1.3,2072,3.39,36.9,-114.79,7207.0,3,1,1,24.0,5,1.09,2013
297370.66,2.96,17,4.9,1.8,1515,4.51,37.46,-121.26,11243.0,2,0,0,22.1,8,1.27,2007
265242.32,4.16,48,3.6,0.8,6733,2.68,37.32,-117.63,1320.0,3,0,0,43.8,9,0.99,1976
201053.82,2.34,45,3.2,1.9,1338,2.22,35.74,-124.16,2750.0,2,0,1,8.9,2,1.02,1979
395957.63,4.67,22,9.2,1.3,1119,3.04,39.11,-119.85,5689.0,2,0,0,5.7,8,0.92,2002
325259.64,4.56,37,4.6,0.2,878,3.46,34.52,-114.37,5624.0,2,0,0,5.4,5,0.94,1987
364051.82,5.29,20,4.7,0.5,4783,3.57,40.6,-115.19,4582.0,1,0,1,3.0,6,1.73,2004
297855.35,3.07,48,5.6,0.8,2545,2.7,34.35,-122.18,1766.0,4,0,1,6.5,5,1.36,1976
293116.79,3.44,48,3.9,1.1,1224,4.48,36.45,-115.27,3429.0,3,0,0,2.1,9,0.65,1976
387119.54,4.79,48,4.7,1.7,571,1.95,34.5,-121.42,5063.0,3,0,1,30.8,9,1.33,1976
320758.11,3.25,46,8.3,1.1,5580,2.79,38.38,-115.55,2509.0,2,0,1,6.4,7,1.35,1978
273911.71,2.22,6,6.0,1.7,1238,2.79,37.04,-116.84,2036.0,3,0,0,11.9,1,1.75,2018
316346.52,2.27,34,7.0,1.2,421,1.15,36.06,-120.8,2597.0,3,1,1,1.0,9,0.84,1990
302751.66,2.99,14,7.9,1.1,1938,3.44,37.01,-114.94,2246.0,3,0,0,4.9,7,1.37,2010
274119.64,1.62,48,5.8,1.0,4130,3.11,36.5,-119.4,3416.0,4,1,1,3.8,7,1.17,1976
252434.08,2.57,23,5.2,1.6,3216,2.77,40.62,-121.16,1454.0,1,0,1,32.7,8,1.28,2001
269665.5,4.21,20,3.3,1.2,1929,3.61,33.68,-121.56,6774.0,1,0,0,3.0,7,1.4,2004
185637.13,1.13,13,4.9,0.7,1269,2.77,40.04,-114.64,2249.0,3,0,0,23.8,4,0.55,2011
335208.59,5.02,47,5.3,1.3,1154,4.69,38.73,-116.53,1796.0,3,0,0,5.0,4,1.36,1977
258204.44,4.26,44,4.3,0.9,5017,3.56,35.81,-120.83,2438.0,3,0,1,3.6,5,1.37,1980
301281.78,2.26,41,7.8,0.8,379,3.45,41.23,-121.83,3412.0,1,1,0,0.1,3,1.28,1983
351509.51,3.38,32,7.2,1.7,846,2.19,34.18,-122.28,1369.0,2,1,1,5.2,9,0.88,1992
283444.6,2.72,26,7.0,1.0,1674,0.73,35.45,-121.93,2238.0,3,1,0,1.1,2,1.16,1998
345535.95,4.45,50,5.3,2.2,366,3.96,36.06,-123.33,2889.0,1,0,0,6.7,9,1.63,1974
287694.7,4.03,14,4.0,1.5,1518,0.73,38.65,-119.41,2128.0,1,0,1,0.8,4,1.19,2010
239670.79,1.55,36,7.5,0.7,677,2.68,41.49,-124.07,1843.0,2,0,0,1.0,9,1.44,1988
299430.65,3.44,8,6.0,0.7,2643,4.06,38.14,-124.38,4787.0,1,1,0,6.6,5,1.36,2016
253716.19,2.5,40,6.7,0.5,1143,1.96,40.63,-118.01,4738.0,1,0,1,8.9,8,1.54,1984
283048.88,2.81,22,6.4,1.4,1313,2.45,41.1,-123.57,4701.0,2,0,0,6.1,6,1.69,2002
287198.74,2.03,22,6.0,0.7,1080,1.33,36.93,-115.63,3957.0,2,1,1,0.4,3,0.58,2002
495333.21,5.47,16,8.5,-0.0,3105,1.89,36.99,-123.38,1645.0,1,0,1,2.9,8,1.0,2008
268113.7,4.12,27,4.5,0.3,1711,2.05,34.87,-118.8,2946.0,2,1,0,42.0,8,1.21,1997
225921.11,2.02,10,5.0,0.5,3853,2.45,38.22,-117.41,5869.0,2,0,0,12.7,5,1.84,2014
256481.71,1.59,25,8.0,1.3,4752,3.16,33.64,-122.09,1627.0,2,1,0,28.9,8,1.53,1999
275617.23,2.33,31,5.6,1.1,1437,3.28,38.53,-115.17,1821.0,4,0,0,0.8,7,1.36,1993
301772.44,3.23,21,5.3,1.6,1035,4.73,40.98,-119.45,3411.0,3,0,0,0.1,8,1.37,2003
232084.49,2.99,27,5.1,0.6,1293,2.42,39.73,-121.19,4360.0,2,0,0,22.8,7,0.91,1997
350302.52,4.49,17,6.5,0.9,15206,3.67,38.67,-115.04,4190.0,2,0,0,7.3,9,1.37,2007
291927.77,3.73,33,5.2,2.0,1103,2.24,40.46,-115.49,3501.0,1,0,0,6.9,6,0.73,1991
306776.39,4.01,31,5.0,0.9,1572,5.01,39.43,-117.05,1805.0,3,0,1,4.1,4,1.25,1993
275118.02,3.1,50,6.5,1.2,2146,3.15,37.53,-121.45,3809.0,0,1,1,2.6,8,1.35,1974
188924.63,1.56,42,5.6,0.8,2799,2.75,37.45,-120.4,2187.0,1,0,0,26.4,8,1.48,1982
239952.88,2.51,26,4.0,1.0,1963,2.05,33.52,-117.26,3535.0,2,0,1,1.0,2,0.76,1998
341012.61,4.15,21,5.5,1.3,7473,4.09,36.63,-122.55,2805.0,1,1,0,10.3,4,1.1,2003
348745.3,2.66,36,7.6,1.4,2183,3.16,37.46,-119.3,2547.0,2,1,0,6.7,9,0.83,1988
304535.11,3.32,1,6.6,1.2,1604,3.25,36.96,-116.75,9558.0,0,0,0,4.8,7,1.6,2023
277577.67,2.39,4,7.8,1.0,3884,1.73,39.87,-117.59,1648.0,1,1,0,21.5,7,1.72,2020
211212.89,1.8,4,4.4,1.2,889,2.06,34.03,-116.94,2062.0,3,0,0,31.7,8,1.48,2020
289733.86,2.59,26,7.1,0.7,2783,0.89,40.05,-115.13,5086.0,2,0,1,3.3,5,0.83,1998
252313.22,3.08,4,4.5,1.0,1343,2.39,39.55,-114.33,7122.0,0,1,0,1.2,6,1.19,2020
233069.43,2.09,49,3.7,1.3,5056,2.42,41.06,-119.69,4166.0,2,1,1,7.1,8,1.37,1975
263055.68,2.47,9,4.3,1.6,5378,1.39,36.05,-123.87,2660.0,2,0,1,8.7,7,1.28,2015
241783.75,1.87,30,5.7,0.6,1572,2.91,34.18,-115.74,2008.0,3,0,1,0.8,5,1.36,1994
337494.04,4.25,51,7.0,1.0,901,2.58,39.71,-123.26,4588.0,2,0,1,9.5,9,1.27,1973
246411.11,2.42,45,6.0,0.6,407,2.13,38.09,-122.2,2969.0,2,1,0,45.3,10,1.28,1979
376470.89,4.86,4,5.3,0.9,2164,1.97,39.27,-117.64,2296.0,1,1,1,7.3,4,0.9,2020
282063.63,5.01,5,4.0,1.6,328,3.2,41.97,-116.67,5090.0,3,0,1,34.5,5,1.46,2019
289394.37,2.63,45,6.6,0.8,1689,2.07,34.35,-117.21,2766.0,1,1,1,28.3,8,0.67,1979
252995.8,1.82,23,6.9,1.1,1154,4.97,36.4,-119.9,1546.0,2,0,1,8.6,4,1.48,2001
215469.95,1.18,16,5.9,0.5,2825,2.78,34.33,-114.86,3164.0,2,0,0,18.4,7,0.5,2008
191174.35,1.51,22,3.9,0.8,1788,4.1,40.68,-115.76,2507.0,3,0,0,3.5,5,1.56,2002
222022.22,1.57,37,6.7,0.3,1149,1.63,32.66,-117.53,1811.0,3,0,1,2.2,8,1.2,1987
424350.88,4.72,8,7.3,1.2,3566,2.81,33.78,-119.87,3475.0,1,1,1,0.0,6,1.09,2016
355498.39,2.85,48,7.8,1.3,755,1.86,34.85,-119.63,3737.0,4,0,1,1.1,9,1.55,1976
287406.82,3.18,33,4.8,1.3,2836,3.51,39.83,-122.65,846.0,0,0,1,14.8,7,1.42,1991
213621.61,1.12,38,6.2,1.3,9411,2.93,38.47,-116.31,5144.0,2,0,0,32.5,7,1.06,1986
212140.66,1.68,43,4.7,1.3,3914,5.37,36.19,-115.41,4927.0,1,1,1,57.1,9,1.67,1981
277247.77,3.88,16,4.1,0.3,1307,2.55,34.01,-115.81,2814.0,3,0,0,9.9,8,1.2,2008
352906.89,3.05,5,7.9,0.7,800,0.89,35.56,-118.76,2008.0,2,0,1,2.3,8,1.21,2019
258182.32,2.56,16,6.3,-0.0,3818,2.93,39.56,-115.7,3907.0,1,0,0,0.0,1,1.3,2008
291616.73,3.41,7,7.4,0.9,678,3.24,36.13,-116.2,2985.0,1,0,1,62.9,8,1.29,2017
324595.23,5.23,51,3.7,0.7,1816,2.25,36.89,-115.76,2285.0,2,0,1,25.5,7,1.25,1973
323454.87,2.49,1,5.9,1.1,3227,2.1,38.28,-114.19,2310.0,4,0,0,11.1,9,1.46,2023
247786.45,2.79,9,6.3,2.3,806,1.56,41.17,-115.99,3258.0,3,0,0,4.2,2,1.11,2015
257364.36,2.94,18,4.3,1.5,771,3.58,34.88,-121.66,5790.0,2,0,0,10.9,9,1.47,2006
455589.59,7.08,45,7.7,1.9,629,3.71,36.76,-115.88,1544.0,3,0,0,27.4,4,0.92,1979
175445.64,1.17,47,5.1,1.5,6474,5.92,35.45,-120.56,3482.0,1,0,0,12.2,7,1.24,1977
269668.69,3.57,3,6.2,1.0,7036,2.8,36.93,-119.08,1913.0,3,0,0,81.1,8,1.32,2021
260410.1,2.6,24,4.7,1.1,6952,3.18,39.12,-116.14,3495.0,2,0,0,1.7,5,0.99,2000
210102.83,3.41,28,3.7,1.5,7738,2.71,37.08,-121.17,3976.0,2,1,0,60.7,4,1.14,1996
247722.82,2.09,10,6.9,1.2,1089,6.25,40.43,-124.23,1608.0,2,0,0,13.2,8,1.39,2014
305674.6,2.67,9,6.1,1.0,424,3.74,37.76,-116.96,3968.0,2,0,1,12.6,4,0.95,2015
330071.66,3.61,13,5.9,1.8,7062,3.0,36.16,-115.03,3392.0,4,0,0,6.7,7,1.43,2011
550896.48,9.44,48,5.1,1.3,3802,5.52,39.93,-114.76,5722.0,3,1,0,0.6,5,1.36,1976
294915.84,3.76,35,6.0,0.4,3565,2.93,36.6,-116.11,3014.0,3,1,0,21.4,2,1.17,1989
266973.8,1.94,23,7.4,1.0,786,7.25,37.4,-114.68,3439.0,3,0,0,4.8,3,1.07,2001
