applicant_id,gender,married,dependents,education,self_employed,applicant_income,coapplicant_income,loan_amount,loan_term_months,credit_history,property_area,credit_score,age,loan_approved,approval_probability
APP-000001,Male,Yes,1,Not Graduate,No,22785.76,40080.78,335446.12,360,1,Semiurban,706,30,1,0.9623
APP-000002,Male,Yes,1,Graduate,No,70399.19,20573.11,464895.61,300,0,Urban,592,56,0,0.1308
APP-000003,Male,Yes,2,Graduate,No,38844.85,0.0,103099.1,240,1,Semiurban,744,66,1,0.9968
APP-000004,Female,Yes,0,Graduate,No,15199.56,0.0,28856.87,300,1,Semiurban,760,41,1,0.9997
APP-000005,Male,No,0,Graduate,No,24536.09,0.0,83841.21,120,0,Semiurban,514,23,0,0.0002
APP-000006,Male,No,0,Graduate,No,23716.9,0.0,74674.8,360,0,Urban,569,50,0,0.3341
APP-000007,Female,No,1,Graduate,No,33722.13,51988.53,479241.79,240,0,Urban,691,39,1,0.4673
APP-000008,Male,Yes,1,Graduate,No,50550.74,0.0,142193.15,300,1,Semiurban,653,51,1,0.9656
APP-000009,Female,Yes,2,Graduate,No,110958.06,0.0,436690.72,180,1,Semiurban,679,68,0,0.654
APP-000010,Female,No,1,Not Graduate,No,18267.34,20097.27,75870.32,360,1,Semiurban,607,64,1,0.9183
APP-000011,Female,No,0,Graduate,Yes,30741.61,0.0,65199.2,360,1,Semiurban,755,69,1,0.9992
APP-000012,Female,No,2,Not Graduate,No,24519.17,0.0,73935.01,360,1,Semiurban,746,22,1,0.9957
APP-000013,Female,Yes,0,Graduate,No,19982.48,0.0,76105.22,240,1,Urban,686,58,1,0.9602
APP-000014,Male,No,2,Not Graduate,Yes,42298.05,0.0,124689.11,300,1,Urban,776,50,1,0.9985
APP-000015,Female,No,1,Not Graduate,No,40167.52,0.0,182598.45,300,0,Semiurban,720,26,1,0.8291
APP-000016,Female,No,1,Graduate,No,14800.39,0.0,29343.9,180,1,Semiurban,607,24,1,0.6466
APP-000017,Male,No,2,Graduate,No,40537.5,10401.93,197132.02,120,0,Urban,711,45,0,0.1428
APP-000018,Female,Yes,0,Not Graduate,No,20682.27,0.0,80456.74,240,0,Urban,598,28,1,0.0739
APP-000019,Male,Yes,1,Graduate,No,40396.78,0.0,89767.11,360,1,Semiurban,755,40,1,0.9995
APP-000020,Male,Yes,3+,Graduate,Yes,80678.15,42371.75,500000.0,240,1,Urban,676,43,1,0.8437
APP-000021,Male,Yes,0,Not Graduate,No,51776.28,0.0,83168.64,360,1,Urban,664,35,1,0.9906
APP-000022,Male,Yes,2,Graduate,Yes,44251.05,0.0,138592.38,300,0,Urban,622,58,1,0.4387
APP-000023,Male,Yes,1,Graduate,No,30006.79,0.0,182325.49,240,1,Rural,784,39,1,0.973
APP-000024,Male,Yes,3+,Graduate,No,41638.36,0.0,65218.67,120,1,Urban,667,27,1,0.8986
APP-000025,Female,No,0,Not Graduate,No,54709.35,0.0,315446.87,240,0,Rural,644,38,0,0.0512
APP-000026,Female,Yes,2,Graduate,No,51807.57,1892.77,135469.23,240,1,Urban,650,22,1,0.9218
APP-000027,Male,Yes,1,Not Graduate,Yes,38003.35,0.0,124209.93,180,1,Semiurban,725,62,1,0.923
APP-000028,Male,No,0,Graduate,Yes,45231.86,0.0,363127.37,360,1,Semiurban,711,44,1,0.8323
APP-000029,Female,Yes,1,Graduate,No,19455.62,0.0,62553.11,360,0,Urban,715,56,1,0.9855
APP-000030,Male,Yes,3+,Graduate,No,26798.86,0.0,236170.68,180,1,Rural,717,27,0,0.0037
APP-000031,Male,Yes,1,Not Graduate,Yes,59228.48,47272.77,395751.61,180,1,Rural,850,35,1,0.9981
APP-000032,Male,No,0,Graduate,No,63775.1,19964.03,343652.18,300,0,Semiurban,645,45,1,0.6883
APP-000033,Male,Yes,0,Not Graduate,No,42255.05,18819.16,380355.59,360,1,Semiurban,636,36,0,0.6264
APP-000034,Male,Yes,0,Graduate,No,90529.51,0.0,492998.54,360,0,Semiurban,611,24,0,0.1509
APP-000035,Female,Yes,0,Not Graduate,No,53072.31,0.0,242498.93,360,1,Urban,732,28,1,0.991
APP-000036,Male,Yes,1,Graduate,No,35305.0,10894.81,159889.02,240,1,Semiurban,776,62,1,0.9986
APP-000037,Male,Yes,0,Graduate,No,20519.6,0.0,43531.77,360,1,Semiurban,670,30,1,0.9899
APP-000038,Male,Yes,2,Graduate,Yes,88548.29,0.0,192013.43,240,0,Semiurban,609,31,1,0.2903
APP-000039,Male,No,2,Graduate,No,61308.55,0.0,471935.7,180,0,Rural,610,56,0,0.0002
APP-000040,Male,Yes,1,Not Graduate,No,107911.99,0.0,500000.0,360,1,Semiurban,735,41,1,0.9917
APP-000041,Male,Yes,0,Graduate,No,132159.67,15254.22,500000.0,300,1,Urban,743,21,1,0.9971
APP-000042,Female,Yes,1,Not Graduate,Yes,19775.18,42364.95,119251.04,360,0,Urban,726,33,1,0.9888
APP-000043,Male,Yes,1,Graduate,No,19803.55,25745.32,137175.56,300,1,Urban,623,36,1,0.9158
APP-000044,Male,Yes,0,Not Graduate,No,12000.0,0.0,35341.38,360,1,Semiurban,700,52,1,0.9935
APP-000045,Female,Yes,3+,Graduate,No,66509.44,6528.73,242470.89,240,1,Rural,690,59,1,0.9624
APP-000046,Female,No,1,Not Graduate,No,57587.77,33511.37,260820.86,240,1,Rural,699,27,1,0.9695
APP-000047,Female,Yes,3+,Not Graduate,No,42352.32,18209.97,326340.08,360,0,Rural,754,51,0,0.9612
APP-000048,Male,No,1,Not Graduate,No,20447.72,0.0,97436.27,240,0,Urban,699,36,1,0.5514
APP-000049,Female,No,0,Graduate,No,38216.84,54813.72,500000.0,180,1,Rural,738,37,1,0.7736
APP-000050,Male,Yes,1,Graduate,No,44426.35,0.0,158969.71,240,0,Rural,686,35,0,0.7473
APP-000051,Male,No,0,Not Graduate,No,61728.38,32700.25,440507.0,360,1,Semiurban,705,38,1,0.984
APP-000052,Female,Yes,0,Graduate,No,46636.69,13216.65,356168.85,360,1,Urban,734,69,1,0.9916
APP-000053,Female,Yes,0,Graduate,No,57820.04,24876.18,500000.0,360,0,Urban,556,51,0,0.0518
APP-000054,Male,Yes,0,Graduate,No,37486.2,9369.85,114591.39,360,1,Semiurban,653,61,1,0.9879
APP-000055,Female,Yes,0,Graduate,No,76865.7,0.0,393169.0,360,1,Urban,640,49,1,0.8822
APP-000056,Female,Yes,1,Graduate,No,56809.09,30676.28,398404.5,180,1,Semiurban,626,33,0,0.1536
APP-000057,Male,No,1,Graduate,No,20893.36,0.0,102073.17,300,1,Semiurban,657,64,1,0.828
APP-000058,Female,No,0,Graduate,No,86169.47,14902.19,442599.92,300,1,Rural,807,53,1,0.9996
APP-000059,Male,Yes,1,Graduate,No,78752.42,0.0,500000.0,360,0,Semiurban,606,55,1,0.1143
APP-000060,Female,Yes,3+,Graduate,Yes,51844.86,0.0,148024.6,120,1,Urban,762,62,1,0.9332
APP-000061,Male,No,1,Graduate,No,46835.41,20901.87,188318.57,360,0,Urban,537,41,0,0.177
APP-000062,Male,No,2,Graduate,No,99931.11,13652.2,334654.56,360,0,Urban,652,56,1,0.9096
APP-000063,Male,No,2,Graduate,Yes,16345.01,0.0,61150.21,120,1,Urban,694,22,0,0.1025
APP-000064,Female,Yes,1,Not Graduate,No,79433.34,0.0,386414.59,300,1,Semiurban,730,57,1,0.9787
APP-000065,Male,No,0,Graduate,No,30886.87,0.0,107239.75,120,1,Semiurban,740,55,1,0.8278
APP-000066,Male,Yes,0,Not Graduate,No,73302.32,0.0,491485.65,300,1,Rural,747,69,1,0.9335
APP-000067,Male,Yes,0,Graduate,No,42881.97,0.0,182522.89,240,1,Urban,650,44,0,0.805
APP-000068,Male,Yes,0,Not Graduate,No,20259.73,40348.78,247414.76,360,0,Semiurban,641,59,0,0.6882
APP-000069,Male,Yes,2,Graduate,No,30543.71,0.0,71560.98,300,1,Semiurban,753,38,1,0.999
APP-000070,Female,No,0,Graduate,No,70400.17,0.0,500000.0,360,1,Urban,664,22,1,0.6597
APP-000071,Female,No,2,Graduate,No,35752.86,31005.86,278587.4,240,0,Semiurban,572,22,0,0.0209
APP-000072,Male,Yes,1,Not Graduate,No,28514.93,0.0,253946.84,360,0,Urban,584,42,0,0.0069
APP-000073,Female,No,1,Graduate,Yes,28410.25,0.0,91535.89,360,1,Urban,602,54,0,0.7756
APP-000074,Male,No,0,Graduate,No,57138.65,0.0,353987.38,300,1,Semiurban,722,51,1,0.9554
APP-000075,Male,Yes,2,Not Graduate,No,105119.1,0.0,347899.51,240,1,Semiurban,692,51,1,0.9504
APP-000076,Female,No,0,Graduate,Yes,12363.63,0.0,119501.37,360,1,Semiurban,739,69,0,0.77
APP-000077,Female,Yes,1,Not Graduate,No,187283.06,26858.31,500000.0,360,1,Rural,644,64,1,0.9652
APP-000078,Female,Yes,0,Graduate,Yes,44894.04,0.0,280506.6,360,0,Urban,693,45,1,0.6995
APP-000079,Male,Yes,2,Graduate,Yes,55222.36,16095.07,219426.82,120,1,Urban,733,40,1,0.8311
APP-000080,Male,Yes,1,Graduate,No,31572.95,14355.21,461773.98,360,1,Semiurban,654,66,0,0.2205
APP-000081,Female,No,1,Not Graduate,No,40057.32,21152.62,500000.0,180,1,Urban,719,22,0,0.0135
APP-000082,Female,Yes,0,Graduate,Yes,44617.53,12006.92,203486.91,300,1,Rural,624,30,0,0.7219
APP-000083,Male,No,1,Not Graduate,No,22538.88,23688.59,211944.08,360,0,Urban,649,40,1,0.6598
APP-000084,Male,Yes,0,Graduate,No,25767.65,25801.06,333612.55,240,0,Rural,648,40,1,0.0611
APP-000085,Female,Yes,1,Graduate,No,76996.26,0.0,135135.27,180,1,Rural,578,26,0,0.4627
APP-000086,Male,Yes,0,Graduate,No,17089.32,0.0,122009.09,300,1,Semiurban,721,31,1,0.8629
APP-000087,Female,Yes,3+,Graduate,No,51152.75,65631.19,500000.0,240,1,Semiurban,640,53,1,0.6568
APP-000088,Male,No,0,Graduate,No,32735.51,42804.42,249946.43,300,1,Urban,681,56,1,0.9897
APP-000089,Male,Yes,1,Not Graduate,No,23661.65,22964.76,74115.57,180,1,Urban,721,33,1,0.9964
APP-000090,Male,Yes,0,Not Graduate,No,118724.68,25740.39,500000.0,240,1,Rural,718,58,1,0.985
APP-000091,Female,No,2,Graduate,No,23742.54,55592.67,203066.61,300,1,Rural,737,68,1,0.9981
APP-000092,Female,No,0,Graduate,No,21556.74,17141.67,80729.7,360,1,Urban,672,33,1,0.995
APP-000093,Female,Yes,3+,Graduate,Yes,36212.69,13638.35,251101.8,240,0,Urban,644,59,0,0.1128
APP-000094,Male,No,0,Graduate,No,26299.17,0.0,202880.64,240,1,Urban,673,52,0,0.1968
APP-000095,Male,Yes,1,Graduate,No,40275.93,0.0,155591.63,360,0,Urban,537,58,0,0.073
APP-000096,Female,No,3+,Not Graduate,Yes,43716.01,0.0,317674.42,360,1,Semiurban,557,56,0,0.0141
APP-000097,Female,No,2,Graduate,No,45663.84,0.0,262478.0,300,1,Rural,568,32,0,0.0549
APP-000098,Female,Yes,0,Graduate,Yes,37491.14,0.0,86156.83,300,1,Urban,595,69,1,0.7752
APP-000099,Female,Yes,3+,Not Graduate,Yes,27277.33,0.0,90622.33,240,1,Rural,714,53,1,0.9418
APP-000100,Male,Yes,0,Graduate,No,57174.98,17141.53,500000.0,300,0,Rural,603,23,0,0.0223
APP-000101,Male,Yes,1,Not Graduate,No,37743.52,0.0,124935.23,360,1,Semiurban,648,30,1,0.9116
APP-000102,Male,Yes,2,Graduate,No,30558.88,14000.69,274630.05,360,1,Rural,790,52,1,0.9979
APP-000103,Female,Yes,0,Graduate,Yes,90580.71,0.0,321074.79,180,1,Urban,650,44,1,0.5785
APP-000104,Female,Yes,2,Not Graduate,Yes,37544.36,26544.07,377975.25,240,1,Rural,743,56,1,0.8213
APP-000105,Male,No,1,Graduate,No,73173.79,0.0,378393.39,360,1,Urban,601,60,1,0.5894
APP-000106,Female,Yes,2,Graduate,Yes,78807.32,0.0,300447.91,360,1,Semiurban,663,40,1,0.9224
APP-000107,Male,Yes,0,Not Graduate,No,81488.73,25455.08,500000.0,360,1,Rural,599,61,0,0.5763
APP-000108,Male,Yes,3+,Not Graduate,No,58696.58,0.0,94673.91,180,1,Urban,651,32,1,0.9179
APP-000109,Male,Yes,1,Not Graduate,No,40120.86,0.0,104935.36,360,1,Semiurban,751,27,1,0.9982
APP-000110,Male,Yes,1,Not Graduate,No,38745.78,25675.85,222920.84,240,1,Semiurban,533,21,0,0.0397
APP-000111,Male,Yes,0,Graduate,No,35092.19,34601.45,500000.0,240,1,Urban,717,23,0,0.5703
APP-000112,Female,No,0,Not Graduate,No,12188.0,0.0,27103.8,240,1,Urban,700,61,1,0.9924
APP-000113,Female,No,0,Graduate,No,59596.0,17008.73,321516.47,240,0,Rural,629,56,0,0.2943
APP-000114,Female,No,0,Graduate,No,45910.82,0.0,225776.47,300,0,Rural,557,25,0,0.017
APP-000115,Male,Yes,1,Graduate,Yes,63198.66,0.0,301170.68,180,0,Urban,686,37,0,0.1121
APP-000116,Female,No,2,Graduate,No,37633.47,0.0,153473.75,300,0,Semiurban,635,32,0,0.3759
APP-000117,Male,No,0,Graduate,No,57852.61,0.0,186538.16,120,1,Semiurban,700,40,1,0.6397
APP-000118,Female,No,3+,Not Graduate,No,18814.27,0.0,71780.59,240,1,Urban,682,55,1,0.888
APP-000119,Female,No,0,Not Graduate,Yes,21097.38,11898.34,218114.95,360,1,Urban,816,37,1,0.998
APP-000120,Male,No,1,Graduate,No,12000.0,0.0,37531.1,360,1,Rural,660,56,1,0.9732
APP-000121,Male,Yes,2,Graduate,No,37276.11,8614.27,74036.05,120,1,Urban,593,34,1,0.5538
APP-000122,Male,Yes,1,Graduate,No,26241.85,0.0,137983.47,300,0,Rural,695,24,0,0.5727
APP-000123,Male,Yes,1,Graduate,Yes,24419.57,30915.55,462448.89,180,0,Rural,699,65,0,0.0012
APP-000124,Female,Yes,0,Not Graduate,No,48245.55,0.0,128156.97,240,1,Rural,796,60,1,0.9994
APP-000125,Female,No,1,Not Graduate,No,31760.26,0.0,249773.28,240,1,Urban,751,51,1,0.6356
APP-000126,Male,No,3+,Graduate,Yes,18247.8,0.0,98331.55,360,1,Semiurban,710,51,1,0.9505
APP-000127,Female,Yes,0,Not Graduate,No,162693.24,26058.02,478217.51,120,1,Urban,804,53,1,0.9972
APP-000128,Female,No,3+,Graduate,Yes,39326.12,10234.04,153931.66,360,1,Urban,579,23,0,0.4296
APP-000129,Male,Yes,2,Not Graduate,No,22120.51,0.0,67364.2,360,0,Rural,626,49,1,0.5576
APP-000130,Female,No,3+,Graduate,Yes,27766.64,0.0,127727.48,240,0,Semiurban,601,62,0,0.025
APP-000131,Male,No,0,Graduate,Yes,36489.19,0.0,143371.49,360,1,Urban,647,44,1,0.9211
APP-000132,Male,Yes,1,Graduate,No,36447.01,0.0,255536.47,240,1,Urban,563,52,0,0.0088
APP-000133,Female,Yes,0,Graduate,Yes,82140.82,46712.45,500000.0,300,1,Urban,734,27,1,0.992
APP-000134,Male,Yes,1,Graduate,No,38419.23,0.0,81710.12,360,0,Urban,661,55,1,0.9567
APP-000135,Female,Yes,2,Graduate,No,111342.3,10344.11,273941.65,240,0,Urban,555,35,0,0.1606
APP-000136,Female,No,0,Graduate,No,31639.68,12933.72,250525.88,120,1,Urban,594,68,0,0.0004
APP-000137,Male,No,3+,Graduate,No,50743.55,0.0,171543.97,360,1,Semiurban,707,58,1,0.9922
APP-000138,Male,No,1,Graduate,No,70409.9,23684.69,370779.09,180,1,Urban,751,35,1,0.979
APP-000139,Male,Yes,1,Graduate,Yes,77445.81,55964.1,500000.0,360,1,Urban,850,69,1,0.9999
APP-000140,Male,Yes,3+,Not Graduate,No,82580.57,0.0,500000.0,240,1,Urban,850,60,1,0.9962
APP-000141,Male,Yes,2,Graduate,No,34557.97,18160.39,129016.57,240,1,Semiurban,715,45,1,0.9955
APP-000142,Female,Yes,3+,Graduate,No,40013.85,0.0,62771.52,240,0,Urban,596,67,1,0.5199
APP-000143,Male,No,1,Graduate,No,12000.0,12086.03,97584.25,240,0,Urban,499,58,0,0.0057
APP-000144,Male,Yes,1,Graduate,No,36033.14,49670.21,248691.48,360,1,Rural,703,33,1,0.9949
APP-000145,Female,No,0,Graduate,Yes,73144.32,27972.5,444117.53,180,0,Urban,611,29,0,0.0184
APP-000146,Male,Yes,2,Not Graduate,Yes,65726.67,19665.33,349805.52,300,1,Urban,645,53,1,0.7733
APP-000147,Female,Yes,1,Not Graduate,No,38270.4,18859.66,157023.53,240,1,Urban,628,68,0,0.8497
APP-000148,Female,Yes,0,Graduate,No,102183.62,0.0,500000.0,180,1,Urban,668,45,1,0.4126
APP-000149,Male,No,3+,Graduate,No,32493.56,11822.22,190374.14,240,1,Rural,771,57,1,0.9938
APP-000150,Female,Yes,1,Not Graduate,No,27068.42,84392.86,367046.1,300,0,Rural,693,54,0,0.9193
APP-000151,Female,No,2,Not Graduate,No,31023.83,68260.73,443029.05,300,1,Semiurban,667,28,0,0.8304
APP-000152,Male,Yes,1,Graduate,No,21647.48,14866.72,197580.56,240,0,Urban,592,51,0,0.036
APP-000153,Female,Yes,0,Graduate,Yes,56518.16,0.0,181257.65,360,0,Semiurban,538,44,0,0.0644
APP-000154,Male,Yes,1,Not Graduate,No,47035.83,0.0,500000.0,240,1,Urban,639,44,0,0.0017
APP-000155,Male,Yes,1,Not Graduate,Yes,56133.54,22281.66,168486.42,360,1,Semiurban,675,44,1,0.985
APP-000156,Female,Yes,3+,Graduate,No,31955.38,35485.71,149512.19,120,1,Semiurban,830,46,1,0.9992
APP-000157,Female,Yes,0,Graduate,Yes,38873.18,40650.41,165067.31,300,0,Rural,691,33,1,0.9578
APP-000158,Female,Yes,2,Graduate,No,12111.0,0.0,51721.08,240,1,Urban,764,28,1,0.9902
APP-000159,Female,Yes,1,Not Graduate,No,49361.4,0.0,260342.6,300,1,Urban,638,33,0,0.5356
APP-000160,Female,Yes,1,Not Graduate,No,42377.07,0.0,155695.39,360,0,Urban,579,65,1,0.1827
APP-000161,Male,Yes,0,Graduate,No,21910.25,0.0,115404.5,360,0,Semiurban,598,69,0,0.1624
APP-000162,Female,Yes,1,Graduate,No,37889.84,20808.58,307312.02,240,0,Rural,618,38,0,0.0629
APP-000163,Female,Yes,0,Not Graduate,No,34828.21,0.0,126227.27,360,1,Semiurban,850,26,1,0.9999
APP-000164,Male,No,1,Not Graduate,No,105912.82,0.0,500000.0,240,0,Urban,610,45,0,0.0626
APP-000165,Male,No,1,Not Graduate,Yes,22390.23,0.0,87376.31,120,1,Semiurban,751,58,0,0.4462
APP-000166,Male,No,0,Graduate,Yes,48160.02,14777.31,223202.34,300,1,Urban,603,49,1,0.7348
APP-000167,Female,No,3+,Not Graduate,Yes,22028.17,25440.01,161698.04,360,1,Urban,759,35,1,0.9973
APP-000168,Female,Yes,2,Graduate,No,29530.23,0.0,139810.03,180,1,Semiurban,713,38,1,0.6841
APP-000169,Female,Yes,3+,Not Graduate,No,46735.08,0.0,344640.26,300,1,Semiurban,667,49,1,0.2935
APP-000170,Male,Yes,2,Not Graduate,Yes,35730.16,0.0,88564.48,360,1,Semiurban,677,25,1,0.9503
APP-000171,Female,Yes,1,Graduate,No,40002.81,0.0,137388.84,300,0,Rural,624,46,0,0.5008
APP-000172,Male,No,1,Graduate,No,48194.35,18750.16,307066.44,240,1,Semiurban,718,27,1,0.9474
APP-000173,Female,No,0,Graduate,No,30591.29,0.0,287522.85,180,0,Semiurban,641,60,0,0.0001
APP-000174,Male,Yes,0,Graduate,No,65269.53,0.0,337912.38,180,1,Rural,576,42,0,0.0121
APP-000175,Male,Yes,1,Graduate,No,33927.67,0.0,100334.9,240,1,Semiurban,571,47,0,0.4178
APP-000176,Male,No,0,Not Graduate,No,38038.14,0.0,107000.69,300,1,Urban,695,56,1,0.9913
APP-000177,Male,Yes,2,Graduate,Yes,48958.15,0.0,325140.93,240,1,Urban,814,60,1,0.9757
APP-000178,Male,Yes,0,Not Graduate,No,45471.91,13816.22,219483.03,240,1,Urban,694,28,0,0.9508
APP-000179,Male,Yes,0,Graduate,No,57200.93,0.0,140142.62,300,1,Semiurban,670,68,1,0.985
APP-000180,Male,Yes,1,Graduate,No,47778.47,0.0,321432.12,180,1,Semiurban,704,68,0,0.0935
APP-000181,Male,Yes,1,Graduate,No,51946.36,21258.17,358504.19,360,1,Urban,791,29,1,0.9992
APP-000182,Male,Yes,0,Graduate,No,33558.49,15925.27,123257.8,300,1,Rural,699,52,1,0.9962
APP-000183,Female,Yes,0,Graduate,No,22296.3,0.0,52001.54,300,0,Semiurban,645,31,1,0.8402
APP-000184,Male,Yes,1,Not Graduate,No,18302.6,0.0,29417.98,240,1,Urban,774,63,1,0.9996
APP-000185,Male,Yes,2,Graduate,No,16012.25,22622.38,124471.84,240,1,Urban,716,58,1,0.9919
APP-000186,Female,No,0,Graduate,No,105820.52,0.0,500000.0,300,1,Rural,811,57,1,0.9993
APP-000187,Female,No,2,Not Graduate,No,12000.0,23859.2,235532.58,360,1,Urban,696,66,1,0.9062
APP-000188,Male,Yes,1,Graduate,No,77384.98,49571.03,500000.0,360,1,Rural,576,38,0,0.5499
APP-000189,Male,Yes,2,Graduate,No,25553.31,0.0,60557.56,360,0,Rural,564,33,0,0.2086
APP-000190,Male,Yes,0,Graduate,No,77075.64,0.0,289200.32,180,1,Semiurban,820,52,1,0.9985
APP-000191,Male,No,3+,Graduate,No,12000.0,17042.83,235565.89,360,1,Semiurban,827,64,1,0.9973
APP-000192,Male,No,1,Not Graduate,No,35266.84,0.0,119401.93,240,0,Urban,665,69,0,0.6054
APP-000193,Female,Yes,0,Graduate,No,89296.13,0.0,500000.0,180,1,Urban,647,39,0,0.0995
APP-000194,Male,Yes,2,Graduate,Yes,59412.82,0.0,338632.8,180,1,Urban,804,22,1,0.8303
APP-000195,Male,Yes,1,Graduate,Yes,33339.69,34058.2,404451.33,360,0,Semiurban,586,24,0,0.0298
APP-000196,Male,Yes,0,Not Graduate,No,13785.36,36326.19,259378.71,300,0,Rural,604,69,0,0.0832
APP-000197,Female,Yes,2,Not Graduate,No,19392.3,20511.06,239126.02,360,1,Urban,735,69,1,0.9815
APP-000198,Female,Yes,2,Graduate,No,86166.0,0.0,188590.32,300,1,Urban,646,67,1,0.9686
APP-000199,Male,No,0,Graduate,No,33139.04,18890.53,438653.96,360,1,Urban,680,43,1,0.7869
APP-000200,Female,No,1,Graduate,No,38580.29,39679.6,147979.67,300,1,Semiurban,666,37,1,0.9909
APP-000201,Male,Yes,0,Graduate,No,46908.04,0.0,230097.21,300,1,Rural,709,60,1,0.9705
APP-000202,Male,Yes,0,Graduate,No,19603.01,23815.33,181105.21,120,1,Rural,800,45,1,0.9102
APP-000203,Male,Yes,1,Graduate,No,50212.01,24918.28,241698.04,300,1,Urban,688,55,1,0.9911
APP-000204,Male,Yes,0,Graduate,No,31863.34,0.0,87587.13,300,0,Semiurban,735,41,1,0.9915
APP-000205,Female,Yes,0,Graduate,No,47171.09,26913.91,404479.26,180,1,Semiurban,506,58,0,0.0011
APP-000206,Female,Yes,0,Not Graduate,No,29204.32,0.0,178558.96,180,1,Rural,676,42,0,0.0659
APP-000207,Female,Yes,0,Graduate,Yes,16895.22,0.0,68761.73,240,1,Semiurban,608,61,0,0.3337
APP-000208,Male,Yes,2,Graduate,No,31727.69,0.0,118750.86,120,0,Urban,576,30,0,0.0009
APP-000209,Female,No,0,Not Graduate,No,57092.48,0.0,433250.0,300,0,Urban,605,38,0,0.0138
APP-000210,Male,No,0,Not Graduate,No,49847.97,0.0,175775.73,300,0,Semiurban,652,55,0,0.6926
APP-000211,Male,No,0,Not Graduate,No,40823.45,0.0,170762.7,360,1,Semiurban,758,21,0,0.9953
APP-000212,Female,Yes,1,Graduate,No,65773.51,25802.98,356221.11,300,0,Urban,567,32,0,0.1124
APP-000213,Female,Yes,1,Graduate,No,35883.16,11746.51,500000.0,360,1,Urban,683,38,0,0.4163
APP-000214,Female,Yes,1,Graduate,No,41396.51,0.0,120929.4,300,0,Urban,639,27,1,0.6904
APP-000215,Female,Yes,0,Graduate,No,30826.45,16291.62,292013.47,300,1,Urban,652,65,0,0.7176
APP-000216,Male,Yes,2,Not Graduate,Yes,67923.67,43903.25,221903.96,240,1,Urban,765,21,1,0.9975
APP-000217,Male,Yes,3+,Graduate,No,47114.72,0.0,130518.97,240,1,Urban,726,62,1,0.994
APP-000218,Male,Yes,2,Graduate,No,29545.1,12251.52,155038.06,180,1,Urban,794,22,1,0.9931
APP-000219,Male,No,2,Graduate,Yes,17694.93,0.0,71118.46,300,1,Urban,667,32,1,0.8668
APP-000220,Female,No,0,Graduate,No,73697.83,0.0,277683.88,240,1,Urban,621,58,1,0.7175
APP-000221,Male,Yes,1,Graduate,Yes,26655.86,0.0,108665.58,300,0,Urban,661,43,1,0.616
APP-000222,Male,No,0,Graduate,No,41757.54,0.0,130558.02,360,0,Semiurban,701,49,1,0.9777
APP-000223,Female,Yes,2,Not Graduate,No,146375.4,0.0,500000.0,300,0,Semiurban,695,52,1,0.8883
APP-000224,Female,Yes,2,Not Graduate,No,62369.41,0.0,169505.44,240,1,Rural,588,22,1,0.2633
APP-000225,Female,Yes,0,Graduate,Yes,97356.26,0.0,500000.0,300,1,Semiurban,688,28,1,0.8409
APP-000226,Male,No,2,Graduate,Yes,29852.72,63163.43,500000.0,300,1,Urban,699,67,1,0.9073
APP-000227,Male,Yes,1,Graduate,No,72333.09,15120.59,243369.8,360,1,Urban,850,38,1,1.0
APP-000228,Female,No,3+,Not Graduate,No,40727.87,28409.87,249873.18,360,1,Semiurban,840,37,1,0.9999
APP-000229,Female,No,3+,Graduate,No,49085.03,33050.11,349760.08,240,0,Semiurban,607,30,0,0.075
APP-000230,Male,Yes,0,Not Graduate,No,121961.77,31668.77,500000.0,360,1,Urban,656,65,1,0.9734
APP-000231,Female,Yes,2,Graduate,No,34432.11,0.0,124320.27,180,1,Rural,556,57,0,0.04
APP-000232,Female,Yes,0,Not Graduate,No,40562.12,0.0,500000.0,240,0,Semiurban,630,49,0,0.0
APP-000233,Female,Yes,1,Graduate,No,24421.81,0.0,147086.53,120,1,Semiurban,707,62,0,0.005
APP-000234,Male,Yes,1,Graduate,Yes,65424.87,0.0,325537.34,240,0,Semiurban,782,56,1,0.9408
APP-000235,Male,No,0,Graduate,No,29485.54,0.0,187128.54,240,1,Urban,618,51,0,0.1314
APP-000236,Female,No,2,Not Graduate,No,70438.18,0.0,138569.8,180,1,Semiurban,624,66,1,0.7503
APP-000237,Male,Yes,1,Graduate,No,16196.46,0.0,116995.69,120,0,Urban,497,25,0,0.0
APP-000238,Male,Yes,1,Graduate,No,54271.31,0.0,127578.06,120,0,Rural,666,65,0,0.3253
APP-000239,Male,No,2,Graduate,No,28168.76,15193.36,273399.18,360,0,Urban,590,57,0,0.0931
APP-000240,Female,Yes,1,Graduate,Yes,59981.09,0.0,195858.26,360,0,Semiurban,635,44,0,0.6286
APP-000241,Female,Yes,0,Graduate,No,39836.64,0.0,118524.16,300,0,Rural,605,57,1,0.477
APP-000242,Male,Yes,0,Graduate,No,29898.5,0.0,282997.39,360,1,Urban,672,23,0,0.3355
APP-000243,Male,Yes,0,Graduate,Yes,32447.94,0.0,132262.88,300,1,Urban,531,25,0,0.0518
APP-000244,Female,Yes,2,Graduate,No,25141.78,10595.02,76493.49,120,1,Urban,555,68,0,0.099
APP-000245,Female,Yes,0,Not Graduate,No,63626.37,0.0,420599.76,360,1,Semiurban,850,64,1,0.9995
APP-000246,Male,Yes,0,Graduate,No,22544.57,0.0,55489.87,240,0,Urban,571,39,0,0.241
APP-000247,Male,No,1,Not Graduate,No,34651.86,43744.16,500000.0,240,1,Semiurban,587,56,0,0.0276
APP-000248,Female,Yes,2,Graduate,No,48527.3,0.0,205374.05,360,1,Semiurban,836,37,1,0.9999
APP-000249,Male,No,2,Graduate,Yes,97481.9,17085.28,275321.33,180,1,Urban,850,43,1,0.9999
APP-000250,Female,Yes,0,Graduate,No,39930.1,42205.84,500000.0,240,0,Semiurban,580,53,0,0.0115
APP-000251,Male,No,1,Not Graduate,Yes,35123.27,0.0,189312.64,360,1,Rural,649,32,1,0.5534
APP-000252,Male,No,0,Graduate,No,46653.31,0.0,76495.44,300,1,Rural,709,58,1,0.9982
APP-000253,Female,No,3+,Graduate,Yes,12830.68,0.0,53159.79,240,1,Urban,827,40,1,0.9986
APP-000254,Female,No,1,Not Graduate,No,20759.2,0.0,101238.04,360,1,Rural,596,50,1,0.4144
APP-000255,Female,Yes,0,Not Graduate,No,32648.31,0.0,155093.9,360,0,Semiurban,659,53,1,0.6679
APP-000256,Female,Yes,0,Not Graduate,No,27115.67,73757.59,395730.92,360,1,Rural,746,58,1,0.9977
APP-000257,Female,No,2,Graduate,No,16639.62,0.0,99189.09,180,1,Urban,717,24,0,0.2402
APP-000258,Male,Yes,0,Not Graduate,Yes,64329.8,0.0,354265.46,360,1,Semiurban,648,23,1,0.5086
APP-000259,Male,No,3+,Not Graduate,Yes,46298.56,0.0,200161.82,300,0,Semiurban,669,51,0,0.4017
APP-000260,Female,No,1,Graduate,No,43353.64,0.0,166172.87,300,0,Rural,563,62,0,0.072
APP-000261,Female,Yes,1,Graduate,No,27400.18,27590.83,250591.09,120,1,Urban,660,58,0,0.0365
APP-000262,Male,Yes,2,Graduate,Yes,41926.2,0.0,136216.63,300,0,Semiurban,657,47,1,0.6694
APP-000263,Female,No,2,Graduate,No,53260.34,25121.64,210917.79,180,0,Semiurban,700,41,0,0.8793
APP-000264,Male,Yes,1,Graduate,No,34693.48,24789.51,152929.89,360,1,Rural,633,36,1,0.9582
APP-000265,Female,Yes,0,Graduate,Yes,51252.25,0.0,208878.71,300,1,Rural,720,49,1,0.9828
APP-000266,Male,Yes,2,Graduate,Yes,25904.36,32662.37,169726.25,300,1,Rural,766,31,1,0.998
APP-000267,Male,No,2,Not Graduate,Yes,42345.48,0.0,168073.53,180,1,Semiurban,693,36,0,0.5131
APP-000268,Male,No,3+,Graduate,No,75235.17,0.0,500000.0,240,1,Urban,710,50,1,0.6217
APP-000269,Female,No,0,Graduate,No,79032.22,0.0,306947.45,300,0,Semiurban,685,62,1,0.8845
APP-000270,Male,No,3+,Graduate,No,83297.5,0.0,377886.65,360,1,Rural,680,56,1,0.9496
APP-000271,Female,No,1,Not Graduate,No,46960.52,27002.51,284475.25,300,1,Urban,619,53,0,0.7863
APP-000272,Male,No,0,Graduate,Yes,40838.79,0.0,313425.11,180,1,Semiurban,707,58,0,0.0235
APP-000273,Male,Yes,2,Not Graduate,No,31356.16,0.0,281861.89,240,1,Urban,672,62,0,0.024
APP-000274,Female,Yes,2,Graduate,No,14851.9,28844.01,150801.75,240,1,Urban,850,44,1,0.9999
APP-000275,Male,Yes,0,Graduate,No,19154.73,0.0,113302.29,300,1,Urban,814,56,1,0.9988
APP-000276,Female,Yes,0,Not Graduate,No,36591.45,15746.78,500000.0,240,1,Semiurban,713,28,0,0.0568
APP-000277,Female,No,1,Not Graduate,No,37814.25,0.0,95621.74,120,0,Semiurban,615,47,0,0.0444
APP-000278,Female,Yes,2,Graduate,No,87266.56,67223.21,500000.0,180,1,Urban,585,44,0,0.2691
APP-000279,Female,Yes,0,Not Graduate,No,82713.62,0.0,161105.57,300,1,Rural,781,36,1,0.9996
APP-000280,Female,Yes,2,Graduate,No,27513.52,42573.31,302797.96,300,1,Urban,702,44,1,0.9828
APP-000281,Female,Yes,3+,Graduate,No,62948.94,0.0,251964.25,120,1,Rural,721,61,1,0.2707
APP-000282,Male,No,3+,Graduate,No,30872.22,21233.02,103039.18,300,1,Urban,532,21,1,0.2833
APP-000283,Female,No,0,Not Graduate,No,58421.48,43991.38,500000.0,300,1,Semiurban,759,63,1,0.9947
APP-000284,Male,Yes,1,Graduate,No,62524.25,33224.86,436228.96,180,1,Semiurban,719,47,1,0.8661
APP-000285,Male,No,1,Graduate,No,79471.29,0.0,223214.37,120,0,Urban,586,39,0,0.0153
APP-000286,Male,Yes,1,Not Graduate,No,30608.9,0.0,151283.02,240,1,Semiurban,640,49,0,0.3892
APP-000287,Female,Yes,1,Graduate,No,70113.25,13399.37,500000.0,360,1,Urban,702,63,1,0.9732
APP-000288,Female,No,3+,Graduate,No,14327.73,52192.37,127939.0,180,0,Urban,684,54,1,0.9328
APP-000289,Male,No,2,Graduate,No,81872.52,69713.83,156712.86,360,1,Semiurban,655,65,1,0.9935
APP-000290,Female,No,1,Graduate,Yes,39586.4,74935.52,479081.67,300,0,Semiurban,671,23,0,0.5405
APP-000291,Male,No,3+,Graduate,No,40052.63,0.0,120839.7,360,0,Rural,659,40,1,0.8278
APP-000292,Male,No,3+,Graduate,No,13087.46,0.0,101898.16,360,0,Semiurban,693,31,0,0.3246
APP-000293,Male,Yes,0,Graduate,No,32410.37,0.0,116955.08,240,1,Rural,805,69,1,0.9991
APP-000294,Female,No,1,Graduate,Yes,84585.12,13851.73,482346.22,300,1,Urban,462,49,0,0.005
APP-000295,Male,Yes,3+,Graduate,No,31739.4,0.0,124389.56,240,1,Rural,660,27,0,0.6782
APP-000296,Female,No,2,Graduate,No,59421.09,0.0,126339.15,180,1,Urban,695,59,1,0.9847
APP-000297,Female,No,3+,Graduate,No,40904.91,29223.13,303097.82,360,0,Urban,705,47,1,0.9534
APP-000298,Male,Yes,1,Graduate,No,72003.36,0.0,169004.6,120,1,Semiurban,648,29,1,0.5226
APP-000299,Female,Yes,0,Not Graduate,Yes,44592.7,0.0,102387.4,360,1,Semiurban,531,51,0,0.2549
APP-000300,Male,No,0,Graduate,No,24040.7,0.0,62541.99,360,1,Semiurban,708,40,1,0.9972
APP-000301,Female,Yes,0,Graduate,No,41400.48,0.0,103533.57,300,1,Urban,827,52,1,1.0
APP-000302,Female,Yes,1,Graduate,Yes,96825.85,0.0,375480.54,300,0,Semiurban,550,46,0,0.0312
APP-000303,Female,Yes,3+,Graduate,No,52770.35,21484.94,265366.66,360,1,Semiurban,753,23,1,0.9973
APP-000304,Female,No,0,Not Graduate,No,37644.97,33242.14,343419.29,120,1,Urban,652,46,0,0.0117
APP-000305,Female,Yes,1,Graduate,No,138781.93,24534.7,342854.92,360,1,Urban,675,28,1,0.9934
APP-000306,Male,No,1,Graduate,Yes,75930.11,32348.77,412175.06,180,1,Semiurban,591,51,0,0.1028
APP-000307,Female,Yes,0,Not Graduate,Yes,62893.85,0.0,215907.11,120,0,Semiurban,652,26,0,0.0091
APP-000308,Male,Yes,0,Graduate,No,47788.41,0.0,223054.06,240,1,Semiurban,791,44,1,0.9968
APP-000309,Female,No,0,Not Graduate,Yes,59973.05,0.0,286033.04,240,1,Semiurban,730,61,1,0.9182
APP-000310,Male,Yes,2,Graduate,No,61053.31,19073.44,366477.08,180,1,Semiurban,827,46,1,0.9958
APP-000311,Male,Yes,1,Graduate,No,12081.75,0.0,32985.7,360,1,Urban,780,28,1,0.9997
APP-000312,Female,No,1,Graduate,No,49872.0,44951.35,408759.27,300,1,Semiurban,717,32,1,0.9862
APP-000313,Female,No,3+,Graduate,No,36737.63,45136.95,277063.68,360,1,Rural,828,23,1,0.9998
APP-000314,Female,No,0,Not Graduate,No,30489.06,26304.4,437383.9,360,0,Urban,717,22,1,0.5882
APP-000315,Male,Yes,2,Graduate,No,36044.5,0.0,161482.57,360,1,Rural,750,65,1,0.9959
APP-000316,Male,Yes,0,Graduate,No,17056.44,41570.55,259022.77,360,1,Semiurban,655,61,1,0.9555
APP-000317,Female,No,1,Graduate,Yes,14875.4,0.0,35634.21,360,1,Rural,686,68,1,0.9853
APP-000318,Male,No,2,Graduate,No,79664.26,0.0,260379.47,180,1,Semiurban,621,41,0,0.4197
APP-000319,Male,Yes,1,Graduate,No,51750.37,20587.64,346473.8,180,0,Urban,764,61,1,0.8407
APP-000320,Male,No,1,Graduate,Yes,12000.0,0.0,49376.68,240,1,Semiurban,580,35,0,0.1112
APP-000321,Female,No,1,Graduate,No,29231.1,20680.98,204379.52,240,1,Urban,746,60,1,0.9939
APP-000322,Male,Yes,0,Graduate,No,65140.61,20014.07,164894.04,360,0,Urban,664,65,1,0.9751
APP-000323,Male,Yes,2,Not Graduate,No,34406.2,25649.1,177493.23,300,1,Urban,780,43,1,0.9994
APP-000324,Male,No,1,Graduate,No,79598.67,0.0,299850.13,360,1,Rural,744,38,1,0.9974
APP-000325,Male,Yes,2,Not Graduate,No,71493.62,0.0,500000.0,240,1,Rural,835,40,1,0.9781
APP-000326,Female,Yes,3+,Graduate,No,19030.7,0.0,34642.08,360,1,Urban,742,52,1,0.9994
APP-000327,Male,No,2,Not Graduate,No,37092.56,23327.34,161012.26,120,0,Urban,546,38,0,0.0036
APP-000328,Male,No,0,Not Graduate,No,31368.23,0.0,56917.33,240,0,Semiurban,674,23,1,0.8735
APP-000329,Male,Yes,1,Graduate,Yes,18693.27,23658.2,209021.47,360,1,Semiurban,580,36,1,0.2951
APP-000330,Female,Yes,1,Not Graduate,No,18036.43,23910.75,304960.43,240,1,Urban,636,41,0,0.0647
APP-000331,Male,No,0,Graduate,No,25762.83,0.0,129174.84,360,1,Urban,808,36,1,0.9996
APP-000332,Male,Yes,1,Graduate,No,28211.67,10152.59,212061.16,240,1,Semiurban,734,26,1,0.9173
APP-000333,Female,Yes,1,Graduate,No,46900.16,0.0,125663.18,360,0,Urban,621,43,1,0.7745
APP-000334,Female,Yes,1,Graduate,No,71276.18,0.0,358814.71,300,0,Semiurban,594,69,0,0.075
APP-000335,Male,No,0,Graduate,No,53236.78,0.0,160314.77,360,1,Rural,683,58,1,0.9905
APP-000336,Female,No,1,Graduate,No,60639.68,27939.7,387914.77,300,0,Rural,577,59,0,0.1014
APP-000337,Female,No,0,Graduate,No,34660.65,17260.17,277496.95,300,1,Semiurban,623,56,1,0.6411
APP-000338,Male,Yes,0,Graduate,Yes,55918.48,0.0,209040.36,300,1,Urban,707,36,1,0.9822
APP-000339,Female,Yes,2,Not Graduate,No,36989.66,0.0,228083.68,300,1,Rural,778,45,1,0.9832
APP-000340,Male,Yes,1,Graduate,No,31482.6,0.0,124688.48,300,1,Rural,732,66,1,0.9919
APP-000341,Female,No,1,Not Graduate,No,113937.52,0.0,500000.0,180,0,Semiurban,485,63,0,0.0002
APP-000342,Male,No,0,Not Graduate,No,12000.0,0.0,119802.44,360,1,Rural,706,67,0,0.4691
APP-000343,Male,No,1,Not Graduate,No,14323.87,36730.77,272262.35,240,0,Semiurban,686,54,0,0.3677
APP-000344,Female,Yes,0,Graduate,Yes,49537.48,11225.73,184889.98,120,1,Semiurban,715,38,1,0.7587
APP-000345,Female,Yes,0,Not Graduate,No,34691.84,0.0,119138.93,300,1,Semiurban,817,52,1,0.9998
APP-000346,Female,No,3+,Graduate,No,18208.77,23301.25,262127.12,300,0,Semiurban,505,49,0,0.0014
APP-000347,Male,No,0,Graduate,No,22470.62,23905.69,316083.56,360,1,Urban,630,39,1,0.6488
APP-000348,Male,Yes,2,Not Graduate,No,24138.82,11816.21,150786.29,360,1,Rural,730,41,1,0.9925
APP-000349,Female,No,1,Not Graduate,Yes,65564.2,45174.68,237457.46,240,1,Rural,546,46,0,0.2216
APP-000350,Female,No,0,Graduate,No,78184.42,0.0,217338.57,360,1,Semiurban,805,61,1,0.9999
APP-000351,Male,No,0,Graduate,Yes,98889.61,0.0,457299.9,300,1,Rural,711,56,1,0.9627
APP-000352,Female,Yes,0,Graduate,No,16748.16,0.0,92708.37,240,1,Urban,752,22,0,0.9485
APP-000353,Male,Yes,1,Graduate,No,18922.03,24083.6,288149.07,300,1,Semiurban,631,53,1,0.3872
APP-000354,Male,No,0,Graduate,Yes,18222.37,0.0,31129.76,180,1,Urban,749,22,1,0.9966
APP-000355,Female,Yes,3+,Graduate,No,81541.82,0.0,500000.0,360,1,Urban,771,39,1,0.9947
APP-000356,Female,No,0,Graduate,No,50487.12,0.0,409063.96,240,1,Semiurban,700,68,0,0.2129
APP-000357,Male,Yes,0,Graduate,No,41944.79,0.0,60901.21,120,1,Urban,700,28,1,0.9848
APP-000358,Female,No,0,Graduate,No,45537.7,0.0,193669.08,300,1,Urban,703,48,1,0.9858
APP-000359,Male,No,1,Graduate,No,38900.87,0.0,233227.9,180,0,Urban,607,50,0,0.003
APP-000360,Female,Yes,0,Graduate,Yes,21663.24,23365.22,101712.88,180,0,Semiurban,667,38,1,0.7558
APP-000361,Female,No,2,Not Graduate,No,53222.95,46388.11,339182.65,120,1,Semiurban,667,66,0,0.1753
APP-000362,Male,Yes,2,Graduate,No,36229.31,0.0,198732.97,360,1,Semiurban,713,44,1,0.9764
APP-000363,Female,Yes,3+,Not Graduate,No,20740.08,11854.61,109828.75,120,1,Urban,765,58,1,0.8961
APP-000364,Female,Yes,0,Graduate,No,55042.29,7975.41,228099.5,300,1,Semiurban,590,60,1,0.6988
APP-000365,Female,Yes,1,Graduate,No,31755.36,0.0,149519.19,240,0,Urban,669,43,0,0.4529
APP-000366,Female,Yes,0,Graduate,No,45484.0,0.0,114543.07,360,1,Rural,806,30,1,0.9999
APP-000367,Male,Yes,0,Graduate,No,37468.71,0.0,98830.26,360,1,Rural,617,27,1,0.8882
APP-000368,Male,No,2,Not Graduate,No,65529.67,0.0,344909.46,360,0,Rural,610,43,0,0.1222
APP-000369,Male,No,3+,Graduate,No,45301.24,10394.73,363918.99,240,1,Semiurban,697,37,1,0.5165
APP-000370,Male,Yes,0,Graduate,No,24685.34,0.0,125907.04,240,1,Rural,752,60,1,0.9772
APP-000371,Female,No,1,Not Graduate,No,47911.07,0.0,376870.78,360,1,Semiurban,681,28,1,0.5441
APP-000372,Female,Yes,2,Graduate,No,48780.15,0.0,251182.17,180,1,Urban,793,41,1,0.9635
APP-000373,Female,No,0,Graduate,No,53169.12,0.0,500000.0,180,1,Rural,753,26,0,0.0093
APP-000374,Male,No,0,Graduate,Yes,70950.01,0.0,311556.55,360,1,Urban,752,59,1,0.9971
APP-000375,Female,No,2,Not Graduate,Yes,28601.36,39969.05,327527.99,120,1,Semiurban,727,28,0,0.0364
APP-000376,Female,Yes,1,Not Graduate,No,57951.67,0.0,296204.64,240,1,Rural,850,52,1,0.9987
APP-000377,Male,Yes,0,Not Graduate,No,15542.76,0.0,49947.88,180,0,Urban,663,23,0,0.291
APP-000378,Male,Yes,0,Graduate,No,37571.77,41054.06,236386.84,180,1,Urban,510,37,0,0.0431
APP-000379,Male,No,2,Graduate,No,34507.68,0.0,98115.34,360,1,Urban,816,58,1,0.9999
APP-000380,Female,No,1,Graduate,Yes,88993.17,44441.95,442985.23,180,0,Semiurban,641,67,0,0.1794
APP-000381,Male,Yes,1,Not Graduate,No,36828.07,0.0,398656.17,240,1,Semiurban,689,62,0,0.0061
APP-000382,Female,Yes,0,Graduate,No,56072.11,0.0,500000.0,240,1,Semiurban,791,49,1,0.7806
APP-000383,Male,No,0,Graduate,Yes,15229.99,0.0,56019.45,240,0,Urban,544,54,0,0.0207
APP-000384,Male,Yes,0,Graduate,No,33075.0,0.0,116692.03,360,0,Semiurban,574,51,0,0.2727
APP-000385,Male,Yes,0,Not Graduate,No,25197.55,97682.91,199363.12,300,0,Rural,544,49,1,0.2277
APP-000386,Male,No,0,Graduate,No,156612.69,35122.34,500000.0,300,1,Rural,612,27,1,0.8637
APP-000387,Male,Yes,0,Graduate,No,27813.08,0.0,82376.89,300,1,Urban,717,45,1,0.997
APP-000388,Female,Yes,1,Not Graduate,No,41785.45,0.0,146158.3,180,1,Semiurban,725,40,1,0.9388
APP-000389,Male,No,0,Graduate,No,43028.45,12625.5,183606.71,240,1,Rural,703,41,1,0.9854
APP-000390,Male,Yes,3+,Graduate,No,16743.86,0.0,78623.7,360,1,Semiurban,560,38,0,0.1957
APP-000391,Male,Yes,3+,Graduate,No,30051.88,0.0,181571.99,360,0,Rural,484,31,0,0.0009
APP-000392,Male,Yes,0,Graduate,No,50142.37,76778.53,389964.47,120,1,Semiurban,685,26,0,0.5494
APP-000393,Female,Yes,2,Graduate,No,42072.4,0.0,342409.96,360,1,Urban,640,39,1,0.3466
APP-000394,Female,No,0,Graduate,Yes,12000.0,25987.13,189198.65,360,1,Semiurban,719,34,1,0.9841
APP-000395,Female,Yes,1,Not Graduate,No,29382.5,0.0,186816.24,360,1,Semiurban,740,55,0,0.9787
APP-000396,Male,No,1,Graduate,No,70365.05,38364.37,380340.27,360,1,Urban,692,49,1,0.9941
APP-000397,Female,Yes,2,Graduate,No,55465.84,0.0,302376.95,360,1,Urban,745,58,1,0.9939
APP-000398,Female,No,1,Graduate,No,78426.59,0.0,410035.1,120,0,Rural,699,62,0,0.0035
APP-000399,Male,Yes,0,Graduate,No,23339.3,0.0,192587.78,240,1,Rural,725,54,1,0.3778
APP-000400,Female,Yes,2,Not Graduate,No,81187.07,25417.87,500000.0,360,1,Urban,620,68,1,0.704
APP-000401,Male,No,1,Not Graduate,Yes,39166.48,0.0,245179.41,300,0,Semiurban,665,69,0,0.1089
APP-000402,Female,Yes,0,Not Graduate,No,96348.04,0.0,323730.74,300,1,Semiurban,697,64,1,0.9823
APP-000403,Female,Yes,2,Graduate,No,40207.85,41619.33,500000.0,240,1,Urban,750,64,1,0.944
APP-000404,Female,Yes,1,Graduate,No,13015.4,0.0,31245.14,180,1,Rural,647,38,1,0.8572
APP-000405,Female,No,0,Graduate,Yes,64028.91,0.0,210917.44,360,1,Rural,724,40,1,0.9946
APP-000406,Female,Yes,0,Graduate,Yes,31447.27,0.0,152154.7,240,1,Rural,657,61,0,0.5171
APP-000407,Male,No,1,Graduate,Yes,32632.82,23848.02,143334.87,300,1,Urban,670,24,1,0.9671
APP-000408,Male,Yes,1,Graduate,No,18048.12,0.0,50785.51,180,1,Urban,751,62,1,0.995
APP-000409,Female,No,0,Not Graduate,No,97949.74,0.0,275682.18,360,1,Urban,511,37,0,0.1765
APP-000410,Female,Yes,0,Not Graduate,No,30133.55,34414.87,326299.12,240,1,Semiurban,570,68,0,0.0576
APP-000411,Female,Yes,0,Not Graduate,No,95441.59,20631.26,460673.16,360,0,Semiurban,554,49,0,0.1037
APP-000412,Male,Yes,3+,Graduate,Yes,31660.22,0.0,208250.24,240,0,Semiurban,482,64,0,0.0
APP-000413,Male,Yes,1,Graduate,Yes,24094.53,35049.71,500000.0,360,0,Rural,622,62,0,0.0289
APP-000414,Female,Yes,1,Graduate,No,82929.08,0.0,399287.84,240,1,Urban,744,26,1,0.9683
APP-000415,Female,Yes,0,Graduate,No,38548.25,0.0,130548.59,360,1,Rural,656,26,1,0.9464
APP-000416,Female,No,1,Graduate,No,38755.79,0.0,195005.94,300,1,Semiurban,697,64,1,0.9458
APP-000417,Female,No,3+,Graduate,Yes,19833.06,17778.45,107151.42,180,1,Rural,773,66,1,0.9928
APP-000418,Male,Yes,2,Graduate,No,31204.17,24544.2,230949.55,240,1,Urban,793,21,1,0.9968
APP-000419,Male,Yes,1,Graduate,No,50806.66,0.0,500000.0,360,1,Urban,674,32,0,0.3388
APP-000420,Male,No,3+,Graduate,No,19642.5,0.0,76424.43,300,1,Semiurban,795,45,1,0.9991
APP-000421,Female,No,1,Graduate,No,29836.92,0.0,145756.78,240,1,Rural,688,59,0,0.8267
APP-000422,Female,Yes,1,Graduate,Yes,31848.78,27771.25,236347.93,180,1,Urban,609,55,0,0.173
APP-000423,Female,Yes,0,Not Graduate,No,41628.59,22029.22,225700.73,360,0,Semiurban,629,50,0,0.689
APP-000424,Female,Yes,2,Graduate,No,90559.09,24057.22,500000.0,300,0,Urban,554,49,0,0.0592
APP-000425,Female,Yes,2,Graduate,No,34030.95,26517.97,145698.96,300,0,Urban,605,43,1,0.6551
APP-000426,Male,Yes,0,Graduate,No,27452.83,29546.21,225484.25,240,0,Semiurban,650,41,1,0.547
APP-000427,Female,No,3+,Graduate,No,181771.17,13424.27,451759.44,240,1,Urban,748,26,1,0.9979
APP-000428,Male,Yes,0,Graduate,No,31626.42,21164.99,450952.41,240,1,Urban,826,61,1,0.9655
APP-000429,Male,Yes,2,Graduate,Yes,36139.37,0.0,240237.02,120,1,Semiurban,563,46,0,0.0
APP-000430,Female,Yes,3+,Not Graduate,No,32964.43,45151.25,235689.11,360,1,Rural,713,45,1,0.9934
APP-000431,Male,No,0,Not Graduate,No,34467.67,0.0,63745.43,240,1,Urban,592,52,1,0.8236
APP-000432,Female,Yes,3+,Graduate,No,41888.44,0.0,222666.66,240,1,Urban,720,60,1,0.901
APP-000433,Female,Yes,2,Graduate,Yes,66598.55,0.0,278386.41,240,0,Semiurban,669,56,0,0.3648
APP-000434,Male,Yes,2,Not Graduate,Yes,50120.89,0.0,500000.0,240,0,Rural,524,24,0,0.0
APP-000435,Male,Yes,0,Graduate,No,72576.94,19161.48,500000.0,300,1,Urban,759,41,1,0.9955
APP-000436,Female,No,1,Graduate,No,71268.93,0.0,404348.66,300,1,Urban,629,28,1,0.4363
APP-000437,Male,Yes,1,Not Graduate,No,45012.87,0.0,151296.43,360,1,Urban,635,25,1,0.8607
APP-000438,Male,Yes,3+,Graduate,No,49363.75,5378.52,207455.85,120,1,Urban,589,50,0,0.0113
APP-000439,Female,No,1,Not Graduate,No,73851.03,23888.4,477351.93,360,1,Semiurban,624,51,0,0.7483
APP-000440,Male,No,0,Not Graduate,Yes,21781.9,0.0,108945.1,360,1,Urban,716,49,1,0.9765
APP-000441,Male,No,1,Not Graduate,No,158580.27,0.0,491671.45,360,1,Semiurban,664,59,1,0.9684
APP-000442,Male,Yes,3+,Graduate,No,30275.02,0.0,69860.17,180,1,Urban,708,29,1,0.9775
APP-000443,Female,No,1,Graduate,No,33089.43,17861.19,500000.0,240,1,Urban,711,54,0,0.1007
APP-000444,Male,Yes,1,Graduate,No,20608.41,0.0,89204.86,360,1,Semiurban,792,64,1,0.9994
APP-000445,Male,Yes,2,Not Graduate,No,20948.39,48569.18,358692.25,360,1,Semiurban,651,67,0,0.8108
APP-000446,Male,Yes,0,Graduate,No,68577.43,0.0,198763.89,120,0,Rural,554,27,0,0.0023
APP-000447,Female,Yes,2,Graduate,Yes,139889.25,113204.23,500000.0,360,0,Semiurban,771,23,1,0.9966
APP-000448,Male,Yes,1,Graduate,Yes,29378.49,0.0,199996.23,360,1,Rural,652,29,0,0.4129
APP-000449,Female,Yes,0,Graduate,Yes,48582.76,0.0,212827.72,360,1,Urban,775,68,1,0.9984
APP-000450,Male,No,0,Not Graduate,No,45301.33,0.0,212275.96,240,1,Semiurban,713,58,1,0.9276
APP-000451,Male,Yes,1,Not Graduate,No,69573.19,0.0,337181.67,300,1,Semiurban,669,65,1,0.8257
APP-000452,Female,Yes,2,Graduate,No,135984.06,23063.31,500000.0,360,1,Semiurban,710,37,1,0.9957
APP-000453,Male,No,0,Graduate,No,92645.47,7356.81,500000.0,240,1,Urban,846,54,1,0.9996
APP-000454,Male,No,3+,Not Graduate,No,35197.75,0.0,177762.04,360,1,Urban,850,40,1,0.9998
APP-000455,Female,No,1,Graduate,No,53681.42,10088.03,251167.0,240,1,Semiurban,686,34,1,0.9381
APP-000456,Male,Yes,2,Graduate,No,56694.46,0.0,142853.01,180,1,Semiurban,694,69,1,0.9589
APP-000457,Female,Yes,0,Graduate,No,39693.79,15258.38,231611.35,360,1,Semiurban,771,36,1,0.9992
APP-000458,Female,Yes,1,Graduate,No,21965.65,0.0,131249.04,240,0,Semiurban,608,42,0,0.0197
APP-000459,Female,Yes,3+,Graduate,No,25865.7,0.0,149215.12,120,1,Semiurban,708,25,0,0.0036
APP-000460,Male,Yes,1,Graduate,Yes,75469.51,0.0,500000.0,360,1,Urban,678,25,1,0.7042
APP-000461,Male,No,2,Not Graduate,No,79875.1,0.0,500000.0,360,1,Rural,707,69,1,0.8948
APP-000462,Female,No,2,Not Graduate,No,35804.83,13539.22,288457.57,360,1,Semiurban,609,66,0,0.3803
APP-000463,Male,No,0,Not Graduate,No,46331.64,0.0,214900.32,240,0,Urban,545,59,0,0.0087
APP-000464,Male,No,2,Graduate,No,77535.8,0.0,385798.97,300,0,Urban,504,49,0,0.0047
APP-000465,Female,Yes,1,Not Graduate,No,15719.42,16850.69,107224.77,120,1,Urban,585,56,0,0.0252
APP-000466,Male,No,0,Graduate,Yes,31398.21,0.0,191794.69,120,1,Urban,641,32,0,0.0003
APP-000467,Male,Yes,1,Graduate,Yes,121762.69,0.0,500000.0,240,1,Urban,655,22,1,0.5584
APP-000468,Female,No,0,Graduate,Yes,47316.73,79827.27,500000.0,300,0,Rural,845,25,1,0.9987
APP-000469,Female,Yes,3+,Not Graduate,No,21567.25,0.0,118100.75,300,1,Semiurban,774,43,1,0.9885
APP-000470,Male,Yes,0,Not Graduate,No,42809.07,15964.09,224840.44,180,1,Semiurban,598,42,1,0.1545
APP-000471,Male,No,3+,Graduate,Yes,70388.81,0.0,255659.6,360,1,Rural,710,45,1,0.9823
APP-000472,Male,No,1,Graduate,No,12000.0,0.0,47608.13,360,1,Urban,645,66,1,0.9339
APP-000473,Female,Yes,1,Graduate,No,44221.09,0.0,135724.44,180,1,Urban,656,24,0,0.7288
APP-000474,Male,Yes,3+,Graduate,No,32701.36,0.0,157751.37,360,1,Urban,696,45,1,0.974
APP-000475,Female,Yes,3+,Graduate,Yes,16267.12,0.0,19701.91,300,1,Urban,733,27,1,0.998
APP-000476,Male,Yes,2,Graduate,No,41984.68,0.0,140449.74,300,1,Urban,651,43,0,0.9407
APP-000477,Male,No,2,Graduate,No,37232.45,12432.62,218321.14,240,1,Rural,770,28,1,0.9905
APP-000478,Male,Yes,1,Not Graduate,No,39606.57,0.0,500000.0,360,0,Semiurban,583,42,0,0.0004
APP-000479,Male,Yes,0,Graduate,No,33138.69,17251.61,215247.94,180,1,Semiurban,681,32,0,0.686
APP-000480,Male,Yes,1,Graduate,No,22885.63,0.0,99393.16,300,1,Urban,850,34,1,0.9999
APP-000481,Male,Yes,1,Not Graduate,No,18031.19,12321.64,88925.72,240,1,Semiurban,699,57,1,0.983
APP-000482,Female,Yes,0,Graduate,No,27449.97,0.0,253701.02,180,1,Semiurban,802,42,0,0.1137
APP-000483,Male,No,1,Graduate,No,64381.95,27777.33,272460.32,300,1,Semiurban,688,39,1,0.9901
APP-000484,Male,No,1,Graduate,No,45623.98,0.0,485506.52,240,1,Urban,729,28,0,0.0378
APP-000485,Female,Yes,2,Not Graduate,No,38636.58,0.0,118063.82,360,1,Urban,675,65,1,0.977
APP-000486,Female,No,1,Graduate,No,22654.81,0.0,147541.0,300,1,Urban,666,63,1,0.6731
APP-000487,Male,Yes,2,Graduate,No,32674.39,18409.24,212289.35,180,1,Semiurban,614,68,0,0.1584
APP-000488,Male,No,1,Graduate,No,60200.54,51381.22,369328.97,360,1,Urban,717,33,1,0.9971
APP-000489,Female,Yes,1,Graduate,No,52977.95,43792.6,500000.0,240,0,Urban,608,38,0,0.0672
APP-000490,Male,Yes,1,Graduate,No,30870.02,0.0,239274.23,360,1,Semiurban,737,37,1,0.9524
APP-000491,Male,Yes,0,Graduate,Yes,12000.0,29004.83,160806.49,240,1,Rural,772,32,1,0.9941
APP-000492,Male,No,1,Graduate,No,27690.2,0.0,116768.71,180,1,Urban,711,52,1,0.8793
APP-000493,Female,No,0,Graduate,No,30776.85,12121.1,151889.05,360,1,Urban,656,42,1,0.9806
APP-000494,Male,No,2,Graduate,No,24369.6,0.0,114911.42,360,1,Semiurban,719,43,1,0.9886
APP-000495,Female,Yes,3+,Graduate,No,31976.4,17586.15,129106.47,240,0,Urban,654,37,1,0.7924
APP-000496,Female,No,0,Not Graduate,No,62887.49,29056.45,116647.44,240,1,Urban,760,62,1,0.9997
APP-000497,Male,Yes,1,Graduate,No,39319.94,0.0,72249.76,360,0,Semiurban,524,25,0,0.086
APP-000498,Female,Yes,2,Not Graduate,No,69170.71,37868.35,413110.88,180,1,Rural,651,22,0,0.2506
APP-000499,Female,Yes,1,Graduate,Yes,17507.69,0.0,46117.53,360,0,Rural,511,23,0,0.0142
APP-000500,Female,Yes,1,Graduate,No,33935.43,0.0,137214.33,120,1,Semiurban,553,35,0,0.0013
APP-000501,Male,No,2,Graduate,No,13815.38,0.0,46766.47,180,1,Rural,796,63,1,0.996
APP-000502,Female,Yes,1,Graduate,Yes,31741.57,0.0,98470.89,180,1,Urban,756,42,1,0.9887
APP-000503,Female,No,1,Graduate,No,22581.55,0.0,71891.15,240,1,Semiurban,619,39,1,0.7303
APP-000504,Male,Yes,3+,Not Graduate,No,81201.5,21753.96,500000.0,360,0,Urban,552,44,0,0.0375
APP-000505,Male,Yes,0,Graduate,No,50278.94,23658.4,350406.51,300,0,Semiurban,428,38,0,0.0005
APP-000506,Female,Yes,3+,Graduate,No,70133.53,0.0,500000.0,180,1,Semiurban,634,69,0,0.0033
APP-000507,Female,No,2,Graduate,No,31693.24,25689.74,256265.73,120,1,Rural,850,55,1,0.9578
APP-000508,Female,No,1,Graduate,No,22906.02,43871.62,120529.02,240,1,Rural,717,35,1,0.9975
APP-000509,Male,No,3+,Graduate,No,22508.32,0.0,59989.79,300,1,Urban,632,65,1,0.9169
APP-000510,Female,No,0,Graduate,No,46443.49,0.0,208521.8,300,1,Urban,720,62,1,0.9896
APP-000511,Male,No,3+,Graduate,No,108617.61,18890.32,500000.0,180,0,Semiurban,547,42,0,0.0048
APP-000512,Male,Yes,2,Graduate,No,50352.84,0.0,164903.36,360,1,Urban,655,28,1,0.9523
APP-000513,Male,Yes,1,Graduate,Yes,32659.07,0.0,97323.43,300,1,Urban,688,35,1,0.9777
APP-000514,Male,Yes,1,Graduate,No,36176.9,31442.99,219272.2,360,1,Semiurban,673,55,1,0.9882
APP-000515,Male,Yes,3+,Graduate,No,39449.82,8586.94,191897.31,300,1,Rural,747,49,1,0.9956
APP-000516,Female,Yes,2,Graduate,Yes,122351.51,18239.3,500000.0,240,1,Semiurban,709,59,1,0.9674
APP-000517,Female,No,1,Not Graduate,Yes,79101.31,6612.85,222955.83,180,1,Semiurban,737,35,1,0.982
APP-000518,Female,Yes,2,Graduate,No,46303.71,0.0,220530.58,360,0,Semiurban,621,31,0,0.2801
APP-000519,Female,Yes,1,Graduate,No,42631.67,16654.14,281190.5,120,1,Urban,756,25,0,0.2918
APP-000520,Male,No,2,Graduate,Yes,47317.92,29099.51,310050.1,240,1,Semiurban,818,26,1,0.9979
APP-000521,Female,No,1,Graduate,No,52672.65,0.0,164539.41,300,1,Urban,598,45,1,0.7841
APP-000522,Male,Yes,0,Graduate,No,31976.01,0.0,184415.89,300,1,Urban,605,48,0,0.3749
APP-000523,Male,Yes,0,Graduate,No,25229.18,0.0,195123.13,300,1,Urban,794,42,1,0.988
APP-000524,Female,Yes,2,Graduate,No,70807.57,83995.23,500000.0,360,1,Rural,664,54,1,0.978
APP-000525,Male,Yes,0,Graduate,No,40623.03,14009.03,175527.92,180,1,Rural,799,40,1,0.9985
APP-000526,Male,No,3+,Not Graduate,No,67629.55,44871.32,500000.0,360,0,Semiurban,642,65,0,0.4795
APP-000527,Female,Yes,1,Graduate,No,99249.02,0.0,249852.06,360,1,Urban,804,48,1,0.9999
APP-000528,Female,Yes,0,Graduate,Yes,53441.24,8576.03,148853.0,120,1,Semiurban,691,51,1,0.8626
APP-000529,Male,No,2,Graduate,No,48883.82,0.0,155627.82,120,1,Urban,702,56,1,0.6631
APP-000530,Male,Yes,2,Not Graduate,No,233312.41,3957.23,500000.0,360,1,Rural,813,39,1,0.9999
APP-000531,Male,Yes,1,Graduate,No,44974.96,0.0,129012.18,240,0,Semiurban,649,62,0,0.6983
APP-000532,Female,No,3+,Graduate,No,22030.86,12758.15,147063.22,240,0,Urban,600,65,0,0.0942
APP-000533,Female,Yes,2,Graduate,Yes,34383.3,0.0,59345.14,240,1,Semiurban,642,37,1,0.9265
APP-000534,Female,Yes,2,Not Graduate,No,94223.66,0.0,500000.0,300,1,Semiurban,718,43,1,0.9429
APP-000535,Female,No,1,Graduate,No,19696.73,0.0,160558.44,360,0,Rural,547,30,0,0.0025
APP-000536,Male,Yes,2,Graduate,No,26533.07,15364.21,118602.73,360,1,Urban,734,29,1,0.9984
APP-000537,Male,No,1,Graduate,No,73757.26,0.0,383993.57,240,1,Rural,634,26,0,0.2261
APP-000538,Female,Yes,1,Not Graduate,No,34565.41,52880.45,339472.97,240,1,Semiurban,778,68,1,0.9964
APP-000539,Male,No,1,Not Graduate,No,37773.57,0.0,168913.24,300,0,Urban,476,42,0,0.0019
APP-000540,Male,Yes,2,Graduate,No,72428.49,0.0,276427.36,240,0,Urban,613,43,0,0.1988
APP-000541,Female,Yes,0,Graduate,No,27058.28,0.0,100626.55,300,0,Urban,537,31,0,0.0417
APP-000542,Female,Yes,1,Graduate,No,17894.86,0.0,52436.49,300,1,Urban,610,38,1,0.852
APP-000543,Female,Yes,0,Graduate,Yes,18696.89,0.0,48743.16,360,1,Urban,701,62,1,0.9948
APP-000544,Male,No,1,Graduate,No,55269.65,0.0,386429.2,120,0,Urban,665,62,0,0.0
APP-000545,Male,Yes,1,Graduate,No,46282.66,0.0,92683.55,180,1,Urban,658,27,1,0.938
APP-000546,Male,Yes,0,Graduate,No,27421.66,28972.85,238403.24,360,1,Urban,666,68,1,0.9741
APP-000547,Female,Yes,0,Graduate,No,21219.26,0.0,87887.32,300,1,Semiurban,697,59,1,0.9799
APP-000548,Male,Yes,0,Graduate,Yes,34585.33,0.0,144360.41,120,1,Semiurban,594,35,0,0.0027
APP-000549,Female,Yes,3+,Graduate,No,74167.74,12694.5,499452.95,360,1,Urban,740,67,1,0.9905
APP-000550,Male,Yes,1,Not Graduate,No,25344.07,0.0,91442.7,300,1,Urban,736,33,1,0.9935
APP-000551,Female,Yes,0,Graduate,No,27876.07,0.0,159432.25,240,1,Semiurban,713,66,1,0.8518
APP-000552,Female,Yes,1,Graduate,No,20852.17,0.0,217261.73,360,1,Rural,727,51,0,0.6875
APP-000553,Female,No,1,Graduate,No,32791.44,0.0,130539.04,300,0,Semiurban,705,56,1,0.9281
APP-000554,Male,No,3+,Graduate,No,48336.56,0.0,82582.5,240,1,Semiurban,850,50,1,1.0
APP-000555,Female,Yes,2,Graduate,No,128456.17,14250.41,500000.0,240,1,Urban,673,66,1,0.9448
APP-000556,Male,Yes,1,Graduate,Yes,45241.94,0.0,173068.2,240,0,Semiurban,654,60,0,0.361
APP-000557,Male,Yes,1,Graduate,No,38967.26,14042.14,270798.98,240,1,Semiurban,616,36,0,0.281
APP-000558,Female,Yes,3+,Graduate,Yes,64512.55,14665.7,137602.7,360,0,Urban,592,67,1,0.519
APP-000559,Male,Yes,0,Not Graduate,No,58860.09,0.0,290379.02,240,0,Rural,574,55,0,0.0128
APP-000560,Female,No,3+,Graduate,No,29210.59,0.0,103016.57,120,1,Urban,604,21,0,0.0107
APP-000561,Female,Yes,2,Graduate,No,142362.66,0.0,500000.0,300,1,Urban,674,54,1,0.9706
APP-000562,Female,Yes,3+,Not Graduate,Yes,39600.19,0.0,133690.72,120,1,Rural,708,35,1,0.2084
APP-000563,Male,Yes,3+,Graduate,No,45706.99,49144.31,500000.0,360,1,Rural,684,29,1,0.9176
APP-000564,Female,No,0,Graduate,No,54352.27,0.0,117408.44,360,1,Urban,615,26,1,0.9338
APP-000565,Female,Yes,1,Graduate,No,48544.19,0.0,208612.18,300,1,Urban,757,35,1,0.9966
APP-000566,Male,Yes,0,Graduate,No,92871.19,22484.06,317568.22,240,1,Semiurban,743,36,1,0.998
APP-000567,Male,Yes,0,Not Graduate,No,29014.48,26409.17,189683.26,180,1,Semiurban,666,50,1,0.795
APP-000568,Male,No,2,Not Graduate,Yes,61750.68,0.0,500000.0,300,1,Rural,625,33,0,0.0207
APP-000569,Male,Yes,2,Not Graduate,Yes,43937.03,28170.92,200508.76,180,1,Rural,727,59,1,0.9632
APP-000570,Female,Yes,1,Graduate,No,68905.95,196013.81,500000.0,300,1,Semiurban,696,55,1,0.9974
APP-000571,Female,No,2,Graduate,No,35659.04,19744.27,141168.71,180,0,Semiurban,557,32,0,0.043
APP-000572,Female,Yes,0,Graduate,No,33099.44,0.0,122899.67,300,0,Rural,674,61,1,0.8403
APP-000573,Male,Yes,1,Graduate,No,60032.44,25703.44,341650.78,180,0,Semiurban,702,43,1,0.6061
APP-000574,Male,No,0,Not Graduate,No,48868.89,0.0,149692.54,180,1,Urban,604,54,1,0.3955
APP-000575,Female,Yes,2,Graduate,No,25561.39,0.0,221505.5,240,1,Semiurban,696,24,0,0.0543
APP-000576,Male,Yes,0,Graduate,No,84127.33,0.0,500000.0,360,0,Semiurban,556,52,0,0.0344
APP-000577,Female,No,0,Graduate,No,60046.84,0.0,167178.33,180,0,Rural,794,36,1,0.9931
APP-000578,Female,No,0,Not Graduate,No,38529.82,0.0,237211.22,240,1,Semiurban,786,59,1,0.9719
APP-000579,Female,Yes,0,Graduate,No,31022.65,0.0,106556.73,360,0,Urban,659,28,1,0.8559
APP-000580,Male,No,2,Graduate,No,49034.14,0.0,120220.39,300,1,Semiurban,711,43,1,0.9957
APP-000581,Male,Yes,0,Graduate,Yes,57714.68,12225.44,215854.58,300,0,Rural,475,51,0,0.0064
APP-000582,Female,Yes,0,Graduate,Yes,16701.58,0.0,40460.21,180,1,Urban,582,28,1,0.2811
APP-000583,Female,No,0,Graduate,No,49346.62,0.0,321309.18,180,0,Urban,655,39,0,0.008
APP-000584,Female,Yes,2,Graduate,No,57463.49,21296.33,226337.19,180,0,Urban,589,41,0,0.1201
APP-000585,Male,No,0,Graduate,No,12000.0,0.0,91337.96,360,1,Urban,741,60,1,0.977
APP-000586,Male,Yes,0,Graduate,Yes,44707.85,17656.69,283266.86,180,1,Semiurban,850,36,1,0.9972
APP-000587,Female,Yes,0,Graduate,No,58808.11,0.0,209070.36,180,1,Urban,580,52,0,0.18
APP-000588,Male,Yes,3+,Graduate,No,55242.24,18141.06,249573.26,180,0,Rural,609,24,0,0.041
APP-000589,Female,No,1,Not Graduate,No,62401.62,0.0,500000.0,360,1,Urban,700,40,1,0.79
APP-000590,Male,Yes,0,Graduate,No,33518.02,0.0,143555.41,240,1,Urban,817,57,1,0.9993
APP-000591,Male,No,1,Graduate,No,22653.09,11465.69,115919.52,360,1,Urban,576,34,1,0.6946
APP-000592,Male,No,3+,Graduate,No,14915.27,0.0,93357.31,240,1,Semiurban,701,48,1,0.5944
APP-000593,Female,Yes,1,Graduate,No,73183.32,0.0,406045.05,360,1,Rural,835,26,1,0.9994
APP-000594,Male,Yes,1,Not Graduate,No,59082.26,0.0,161465.11,360,0,Semiurban,540,49,0,0.0952
APP-000595,Female,Yes,0,Graduate,No,76318.37,23797.74,427815.23,240,0,Rural,571,21,0,0.0212
APP-000596,Male,Yes,1,Graduate,Yes,26934.74,0.0,50881.81,360,0,Urban,644,41,1,0.8779
APP-000597,Male,Yes,0,Not Graduate,No,62449.28,31795.34,395772.92,360,0,Urban,636,60,1,0.6721
APP-000598,Female,Yes,0,Graduate,No,17562.57,79441.35,476345.52,120,1,Rural,749,51,1,0.2647
APP-000599,Female,No,3+,Not Graduate,No,24878.98,0.0,129743.9,300,1,Semiurban,701,34,0,0.8687
APP-000600,Male,No,2,Not Graduate,No,43014.28,19969.74,171249.12,300,0,Semiurban,529,51,0,0.0526
APP-000601,Female,No,0,Graduate,No,57801.16,21912.47,243737.76,360,1,Semiurban,724,63,1,0.9984
APP-000602,Male,Yes,1,Graduate,No,101058.7,0.0,481559.13,300,1,Urban,631,34,1,0.6927
APP-000603,Male,Yes,3+,Not Graduate,No,35170.56,0.0,263203.29,300,1,Urban,788,29,1,0.9545
APP-000604,Male,Yes,1,Graduate,No,24930.26,0.0,110776.14,240,1,Urban,627,27,0,0.4333
APP-000605,Female,No,1,Graduate,No,24235.36,33401.83,191142.63,360,1,Urban,626,24,1,0.9035
APP-000606,Male,Yes,1,Graduate,No,27492.95,0.0,181368.37,120,1,Urban,726,42,0,0.0035
APP-000607,Female,No,1,Not Graduate,Yes,136157.11,0.0,500000.0,300,1,Semiurban,745,62,1,0.991
APP-000608,Male,Yes,2,Graduate,Yes,60856.9,14196.66,346759.85,180,1,Rural,718,55,1,0.6942
APP-000609,Female,Yes,0,Graduate,No,74005.34,28323.34,500000.0,360,0,Rural,537,67,0,0.0351
APP-000610,Male,No,2,Graduate,No,35191.43,0.0,143662.43,360,1,Urban,726,50,1,0.9956
APP-000611,Female,Yes,1,Graduate,No,40098.46,32368.31,202975.76,180,1,Rural,592,53,1,0.4374
APP-000612,Male,No,0,Not Graduate,Yes,58958.88,29560.83,352010.84,360,1,Urban,700,53,1,0.9852
APP-000613,Male,No,0,Graduate,No,30388.23,0.0,213688.04,360,1,Semiurban,559,35,0,0.0659
APP-000614,Male,Yes,3+,Not Graduate,No,34193.15,0.0,341630.06,120,0,Urban,718,46,0,0.0
APP-000615,Male,No,0,Graduate,No,27692.38,34314.33,152751.26,240,0,Urban,611,44,1,0.6578
APP-000616,Male,Yes,1,Graduate,No,31378.52,0.0,279467.58,180,0,Rural,571,38,0,0.0
APP-000617,Female,Yes,0,Not Graduate,No,41230.69,8556.9,179946.38,180,0,Semiurban,741,62,0,0.8845
APP-000618,Female,No,1,Graduate,Yes,25541.49,0.0,109893.33,360,1,Urban,701,27,1,0.9684
APP-000619,Female,No,0,Graduate,No,46971.13,20359.17,500000.0,240,0,Rural,628,29,0,0.0082
APP-000620,Female,Yes,1,Graduate,No,46935.05,25527.88,256905.53,300,1,Rural,803,62,1,0.9997
APP-000621,Female,Yes,1,Graduate,No,36366.86,0.0,137027.19,120,1,Urban,643,23,0,0.0394
APP-000622,Male,Yes,2,Not Graduate,No,25460.85,0.0,81278.95,120,0,Urban,683,26,0,0.0667
APP-000623,Female,No,0,Graduate,No,42519.99,5516.34,208304.42,300,1,Urban,703,48,1,0.9887
APP-000624,Female,Yes,0,Graduate,No,30403.18,59448.61,440739.56,240,0,Semiurban,627,34,0,0.1401
APP-000625,Male,Yes,1,Graduate,No,41176.66,0.0,128854.99,360,0,Urban,720,57,1,0.9885
APP-000626,Male,Yes,2,Not Graduate,No,73421.35,0.0,500000.0,180,1,Semiurban,635,25,0,0.0029
APP-000627,Male,Yes,2,Not Graduate,Yes,20148.46,0.0,61364.42,300,1,Rural,645,62,1,0.7988
APP-000628,Female,Yes,0,Graduate,No,132643.12,0.0,500000.0,360,1,Rural,796,49,1,0.9997
APP-000629,Female,No,0,Not Graduate,No,38565.45,0.0,166384.63,300,0,Semiurban,592,24,0,0.0656
APP-000630,Male,No,0,Graduate,No,50337.8,0.0,375564.94,300,1,Rural,475,69,0,0.0008
APP-000631,Male,Yes,0,Not Graduate,No,26528.83,0.0,78764.56,180,1,Urban,817,21,1,0.9983
APP-000632,Male,No,0,Graduate,No,75223.3,68046.24,500000.0,360,1,Semiurban,850,32,1,1.0
APP-000633,Male,No,1,Graduate,No,37455.37,19042.93,500000.0,300,0,Urban,646,26,0,0.0229
APP-000634,Male,No,2,Not Graduate,No,32313.32,4973.37,83088.82,360,0,Urban,515,46,0,0.0774
APP-000635,Female,Yes,3+,Not Graduate,No,29245.08,58419.93,249200.83,180,0,Semiurban,654,53,1,0.4055
APP-000636,Female,No,0,Graduate,No,34624.94,0.0,377043.97,180,1,Rural,656,66,0,0.0001
APP-000637,Female,Yes,0,Graduate,No,50518.31,0.0,202747.47,240,1,Semiurban,664,27,0,0.814
APP-000638,Female,No,1,Not Graduate,No,44136.65,0.0,198027.81,240,1,Semiurban,585,51,0,0.1301
APP-000639,Male,Yes,1,Graduate,No,39264.54,0.0,144142.52,180,1,Urban,729,53,1,0.9676
APP-000640,Male,Yes,1,Not Graduate,No,27138.76,20033.68,423347.16,180,1,Rural,725,25,0,0.0044
APP-000641,Female,Yes,2,Not Graduate,Yes,26290.28,14818.48,84783.58,180,0,Semiurban,553,27,0,0.0218
APP-000642,Female,Yes,0,Graduate,No,31148.43,16884.67,357292.74,120,1,Rural,739,65,0,0.001
APP-000643,Male,Yes,0,Graduate,No,51696.82,0.0,113354.26,120,1,Rural,850,51,1,0.9997
APP-000644,Female,No,1,Graduate,Yes,57771.04,0.0,121675.86,360,1,Semiurban,695,38,1,0.993
APP-000645,Female,Yes,1,Not Graduate,No,62216.42,39066.32,264747.98,360,1,Semiurban,651,60,1,0.9733
APP-000646,Female,No,0,Not Graduate,No,40102.47,0.0,161404.12,240,1,Urban,668,68,1,0.8406
APP-000647,Female,Yes,0,Graduate,No,49560.98,0.0,153202.47,180,1,Urban,732,45,1,0.9887
APP-000648,Male,Yes,3+,Not Graduate,No,36583.48,32622.84,208296.38,240,0,Semiurban,533,28,0,0.0131
APP-000649,Male,No,2,Not Graduate,No,15394.05,26943.16,118896.37,360,1,Urban,694,42,1,0.9931
APP-000650,Male,No,1,Not Graduate,No,35640.58,0.0,100872.16,360,0,Rural,647,65,1,0.7599
APP-000651,Female,Yes,0,Graduate,No,32649.03,0.0,91472.27,180,1,Urban,837,24,1,0.9996
APP-000652,Female,Yes,3+,Not Graduate,No,22663.82,54537.38,365805.81,120,0,Rural,665,66,0,0.0017
APP-000653,Male,Yes,1,Graduate,No,29376.0,19541.05,156642.87,240,1,Rural,822,24,1,0.9996
APP-000654,Male,Yes,0,Graduate,No,43230.45,0.0,55545.67,240,0,Urban,586,56,1,0.6823
APP-000655,Male,No,0,Graduate,Yes,21519.49,38681.01,252370.66,120,0,Urban,730,51,0,0.1182
APP-000656,Male,No,0,Graduate,No,27148.25,0.0,162154.67,300,1,Urban,707,55,1,0.9486
APP-000657,Male,Yes,0,Graduate,No,94027.83,14923.4,409703.49,180,1,Urban,606,51,1,0.3564
APP-000658,Male,No,1,Graduate,No,16622.48,0.0,40181.26,180,1,Urban,695,66,1,0.978
APP-000659,Male,Yes,0,Graduate,No,36288.27,28695.54,387378.81,360,1,Urban,783,60,1,0.9988
APP-000660,Female,No,1,Graduate,No,21131.71,12404.97,77091.66,360,1,Semiurban,652,40,1,0.9859
APP-000661,Male,Yes,1,Not Graduate,No,26545.08,0.0,97936.1,180,0,Semiurban,536,28,0,0.002
APP-000662,Male,Yes,0,Graduate,No,35998.93,0.0,151965.34,360,0,Rural,679,63,1,0.8773
APP-000663,Male,No,0,Graduate,No,23314.56,31266.36,378155.43,240,0,Rural,603,48,0,0.009
APP-000664,Male,Yes,3+,Not Graduate,No,55031.54,0.0,304261.42,240,1,Urban,651,53,0,0.3009
APP-000665,Male,Yes,0,Not Graduate,No,84383.98,15910.61,475995.01,180,1,Rural,673,39,0,0.3608
APP-000666,Male,Yes,0,Graduate,No,63762.66,0.0,413201.64,180,0,Semiurban,535,37,0,0.0001
APP-000667,Female,Yes,2,Not Graduate,No,70511.93,0.0,178516.45,120,0,Semiurban,543,45,0,0.003
APP-000668,Female,No,2,Not Graduate,No,18791.23,16495.46,306277.86,300,1,Urban,721,22,0,0.4521
APP-000669,Male,Yes,1,Not Graduate,No,35112.45,0.0,37686.02,360,1,Semiurban,636,44,1,0.9796
APP-000670,Male,No,0,Graduate,No,51900.39,29762.1,500000.0,120,0,Urban,462,58,0,0.0
APP-000671,Male,No,1,Not Graduate,No,64806.1,0.0,189205.61,240,1,Semiurban,747,23,1,0.9914
APP-000672,Male,Yes,1,Not Graduate,No,105276.36,0.0,500000.0,240,1,Urban,703,44,1,0.894
APP-000673,Male,Yes,2,Graduate,No,72256.08,0.0,500000.0,240,1,Urban,619,30,1,0.0374
APP-000674,Male,Yes,0,Graduate,Yes,65714.1,0.0,360588.9,360,0,Urban,568,60,0,0.0453
APP-000675,Female,Yes,0,Graduate,No,170839.12,9807.0,500000.0,120,1,Semiurban,751,31,1,0.9673
APP-000676,Female,Yes,1,Graduate,No,42318.09,0.0,266416.84,300,1,Urban,710,42,1,0.9236
APP-000677,Male,Yes,0,Graduate,No,34235.48,0.0,74985.12,300,1,Semiurban,850,24,1,1.0
APP-000678,Female,Yes,1,Graduate,No,44247.18,16146.84,141516.19,360,1,Semiurban,716,26,1,0.9975
APP-000679,Male,Yes,0,Graduate,No,24263.32,0.0,116871.67,240,1,Rural,713,47,1,0.9386
APP-000680,Female,Yes,3+,Not Graduate,No,41655.91,0.0,162474.29,180,1,Urban,666,48,0,0.5065
APP-000681,Male,Yes,1,Graduate,No,15525.38,66266.65,302903.82,180,1,Rural,749,34,1,0.9765
APP-000682,Female,No,0,Graduate,No,29994.36,23311.02,396718.61,300,1,Urban,733,51,1,0.9473
APP-000683,Female,No,1,Not Graduate,No,37668.01,0.0,269610.29,300,1,Urban,786,29,1,0.9737
APP-000684,Female,Yes,2,Graduate,No,67663.31,39216.97,301080.76,300,1,Urban,636,43,1,0.9519
APP-000685,Female,Yes,0,Graduate,Yes,73946.7,0.0,384688.37,180,1,Rural,643,68,0,0.056
APP-000686,Female,Yes,2,Not Graduate,Yes,23623.82,0.0,49814.73,120,0,Semiurban,639,28,0,0.0698
APP-000687,Male,No,2,Graduate,No,125720.74,0.0,262249.06,300,1,Urban,747,61,1,0.9993
APP-000688,Female,No,2,Graduate,Yes,43547.41,17682.62,174662.65,180,1,Urban,807,26,1,0.9981
APP-000689,Male,Yes,1,Graduate,Yes,45799.33,0.0,190648.69,360,1,Rural,641,27,1,0.7418
APP-000690,Female,Yes,1,Graduate,No,16486.03,26728.68,137318.76,360,1,Rural,644,34,1,0.9538
APP-000691,Male,Yes,1,Not Graduate,No,28537.33,0.0,149046.72,180,1,Urban,707,30,0,0.3874
APP-000692,Female,No,0,Graduate,No,71496.45,0.0,302701.79,300,1,Urban,659,54,1,0.9376
APP-000693,Female,No,0,Graduate,No,44063.11,13263.37,403470.2,180,1,Rural,761,46,1,0.46
APP-000694,Male,No,1,Graduate,No,42586.74,20899.18,345971.16,360,1,Urban,489,45,0,0.0303
APP-000695,Female,Yes,2,Graduate,No,45476.21,0.0,121492.29,300,1,Urban,610,56,1,0.8746
APP-000696,Male,Yes,0,Graduate,No,18146.58,0.0,116020.1,240,0,Rural,613,46,0,0.0164
APP-000697,Female,Yes,0,Graduate,No,38057.95,26404.19,186456.67,300,0,Semiurban,483,61,0,0.0193
APP-000698,Male,Yes,0,Not Graduate,No,87079.93,0.0,446744.93,120,0,Urban,598,41,0,0.0001
APP-000699,Male,Yes,0,Graduate,Yes,72961.65,0.0,249236.96,240,1,Semiurban,602,65,1,0.4287
APP-000700,Male,No,1,Graduate,No,37464.17,0.0,289808.75,180,1,Semiurban,663,56,0,0.0072
APP-000701,Male,Yes,2,Graduate,No,94846.76,14808.35,500000.0,240,1,Urban,775,50,1,0.9959
APP-000702,Male,Yes,0,Graduate,No,20080.33,0.0,62681.19,180,1,Semiurban,659,64,1,0.8252
APP-000703,Male,Yes,2,Graduate,No,23519.06,0.0,84276.64,360,1,Urban,592,31,1,0.6617
APP-000704,Male,No,2,Not Graduate,No,111858.76,0.0,500000.0,240,1,Semiurban,675,46,1,0.7477
APP-000705,Female,Yes,1,Graduate,No,55154.04,0.0,133313.25,360,1,Semiurban,769,64,1,0.9997
APP-000706,Male,Yes,0,Not Graduate,No,34238.7,0.0,105572.32,120,1,Semiurban,597,67,0,0.0356
APP-000707,Female,No,0,Graduate,No,38932.12,0.0,122714.71,360,0,Urban,603,21,0,0.4168
APP-000708,Male,No,0,Not Graduate,No,25754.2,23069.78,123556.92,300,1,Rural,727,33,1,0.9968
APP-000709,Male,No,0,Graduate,No,46729.27,0.0,123982.02,300,1,Semiurban,661,69,1,0.975
APP-000710,Male,No,1,Not Graduate,No,44737.33,0.0,181618.62,360,0,Rural,735,54,1,0.9718
APP-000711,Male,No,0,Not Graduate,No,40576.18,21249.07,326605.12,300,1,Urban,679,49,1,0.9145
APP-000712,Male,Yes,1,Not Graduate,No,21208.01,0.0,44144.29,300,1,Rural,740,66,1,0.9981
APP-000713,Male,Yes,3+,Not Graduate,Yes,46426.04,0.0,157939.59,360,0,Urban,592,69,0,0.1283
APP-000714,Female,Yes,0,Graduate,Yes,29994.48,0.0,89051.89,180,1,Rural,679,68,0,0.835
APP-000715,Female,Yes,3+,Graduate,No,23335.07,14837.95,96102.03,120,1,Rural,662,60,1,0.6013
APP-000716,Female,No,0,Not Graduate,No,80556.04,8815.74,500000.0,360,1,Semiurban,577,25,0,0.1774
APP-000717,Female,Yes,1,Not Graduate,No,132368.73,18258.17,455114.67,360,0,Urban,547,39,0,0.1361
APP-000718,Female,Yes,2,Graduate,No,116826.02,17208.39,308476.21,300,1,Rural,738,49,1,0.9988
APP-000719,Male,No,2,Graduate,No,57386.68,0.0,363536.39,360,1,Semiurban,650,37,1,0.6797
APP-000720,Male,Yes,2,Graduate,Yes,34680.34,23087.27,432458.58,360,1,Semiurban,593,26,0,0.0585
APP-000721,Female,No,2,Graduate,No,38611.46,0.0,183184.59,240,1,Semiurban,672,52,1,0.7625
APP-000722,Female,No,0,Graduate,No,50165.42,0.0,140042.2,180,1,Urban,776,35,1,0.998
APP-000723,Female,Yes,1,Not Graduate,No,31852.26,0.0,119840.29,240,0,Urban,486,53,0,0.0024
APP-000724,Male,Yes,0,Graduate,No,82896.29,0.0,263176.24,240,1,Rural,553,52,0,0.2406
APP-000725,Male,Yes,3+,Graduate,No,13099.77,0.0,54618.27,120,0,Urban,602,66,0,0.001
APP-000726,Female,Yes,3+,Graduate,No,34110.17,0.0,200688.75,360,1,Semiurban,804,69,1,0.9981
APP-000727,Female,Yes,0,Graduate,Yes,62354.39,64346.22,500000.0,360,1,Semiurban,704,45,1,0.9898
APP-000728,Male,No,2,Not Graduate,No,25214.19,16275.41,176594.36,360,1,Rural,745,64,1,0.9952
APP-000729,Male,Yes,0,Graduate,No,35168.92,15498.37,171467.3,300,1,Urban,583,63,0,0.7196
APP-000730,Male,Yes,2,Not Graduate,No,55631.45,0.0,319877.43,240,1,Rural,585,40,0,0.0241
APP-000731,Male,Yes,0,Graduate,No,92507.78,0.0,465457.81,300,1,Urban,718,33,1,0.9782
APP-000732,Female,No,2,Not Graduate,Yes,19699.21,23324.08,80202.64,300,1,Rural,685,37,1,0.982
APP-000733,Male,Yes,0,Graduate,No,18912.13,0.0,36166.58,300,0,Rural,727,53,1,0.9942
APP-000734,Male,No,2,Graduate,No,23853.43,0.0,87591.83,180,1,Rural,664,50,1,0.6387
APP-000735,Male,Yes,1,Not Graduate,Yes,17229.1,0.0,113681.72,360,1,Urban,704,39,1,0.8641
APP-000736,Female,No,2,Graduate,No,17916.76,0.0,129118.18,240,1,Semiurban,693,22,0,0.1808
APP-000737,Female,Yes,0,Graduate,No,23506.6,0.0,141260.83,240,1,Rural,746,43,1,0.929
APP-000738,Female,No,2,Not Graduate,No,79096.31,10913.44,358567.7,300,1,Rural,749,54,1,0.9947
APP-000739,Male,Yes,1,Graduate,No,33804.79,18486.76,430970.96,360,1,Rural,542,57,0,0.0195
APP-000740,Male,No,0,Graduate,No,40833.43,45029.86,264445.04,240,1,Semiurban,489,25,0,0.0294
APP-000741,Female,Yes,0,Graduate,No,23729.98,0.0,86771.59,120,0,Rural,765,39,1,0.5434
APP-000742,Male,No,0,Not Graduate,Yes,56865.57,0.0,127902.72,360,1,Urban,781,22,1,0.9992
APP-000743,Female,No,1,Graduate,No,112608.24,11006.81,451136.91,360,1,Urban,593,39,0,0.7989
APP-000744,Female,Yes,0,Graduate,No,24632.05,0.0,71255.63,180,0,Semiurban,522,33,0,0.0087
APP-000745,Female,Yes,2,Not Graduate,No,103633.05,0.0,500000.0,360,0,Rural,688,68,1,0.7152
APP-000746,Female,Yes,2,Graduate,No,49042.05,95172.87,500000.0,360,1,Urban,759,33,1,0.9991
APP-000747,Male,No,0,Graduate,Yes,40508.82,0.0,177682.01,120,1,Rural,833,33,1,0.8639
APP-000748,Male,No,0,Graduate,No,50014.49,0.0,263074.79,360,1,Urban,724,57,1,0.9923
APP-000749,Male,Yes,3+,Graduate,No,49751.19,0.0,161602.91,180,0,Semiurban,648,25,0,0.1598
APP-000750,Female,Yes,1,Graduate,Yes,111458.48,0.0,151738.56,360,0,Semiurban,604,55,1,0.6961
APP-000751,Female,Yes,2,Graduate,Yes,53429.67,0.0,161621.49,120,1,Rural,681,67,0,0.2952
APP-000752,Female,Yes,1,Graduate,No,54046.98,0.0,322607.66,300,1,Semiurban,655,24,0,0.5061
APP-000753,Female,No,0,Not Graduate,Yes,31830.34,0.0,165271.64,360,0,Urban,594,64,0,0.0798
APP-000754,Female,No,2,Not Graduate,No,63671.51,10994.65,266825.5,120,1,Rural,850,40,0,0.9886
APP-000755,Female,No,1,Graduate,Yes,23711.94,27529.85,304701.22,360,1,Rural,832,54,1,0.9994
APP-000756,Male,Yes,0,Graduate,No,42614.6,14845.2,198187.48,180,1,Semiurban,777,53,1,0.9966
APP-000757,Female,Yes,1,Graduate,No,195987.46,24976.65,500000.0,120,1,Rural,602,39,0,0.2921
APP-000758,Female,No,3+,Graduate,No,12000.0,0.0,71358.97,360,1,Urban,753,28,1,0.9875
APP-000759,Female,No,2,Graduate,No,45625.9,0.0,147695.96,360,0,Semiurban,734,28,1,0.9822
APP-000760,Female,Yes,2,Not Graduate,Yes,46601.71,0.0,315327.81,360,1,Urban,718,49,1,0.8987
APP-000761,Male,Yes,0,Not Graduate,No,35402.97,0.0,61426.79,360,1,Semiurban,786,61,1,0.9999
APP-000762,Male,Yes,0,Not Graduate,No,35864.9,20586.08,186247.82,120,1,Urban,734,43,1,0.848
APP-000763,Female,No,2,Not Graduate,No,42204.21,0.0,235391.36,300,1,Urban,743,44,1,0.9752
APP-000764,Male,Yes,2,Graduate,No,34940.37,26824.51,328840.96,360,1,Semiurban,734,48,1,0.9927
APP-000765,Male,Yes,2,Not Graduate,No,45346.53,0.0,175005.9,360,1,Semiurban,709,33,1,0.9824
APP-000766,Female,Yes,3+,Graduate,No,30693.74,0.0,148911.71,240,0,Semiurban,528,67,0,0.0024
APP-000767,Female,No,0,Graduate,No,122065.86,50875.4,500000.0,240,1,Rural,687,46,1,0.9845
APP-000768,Male,Yes,1,Graduate,No,34940.17,0.0,76215.94,300,0,Rural,633,49,1,0.8042
APP-000769,Male,No,1,Graduate,No,54900.97,41614.04,349348.16,120,0,Rural,571,66,0,0.0015
APP-000770,Female,No,0,Graduate,No,27778.85,55796.99,394682.0,360,1,Urban,823,67,1,0.9999
APP-000771,Female,No,1,Not Graduate,No,67052.33,13998.96,433928.75,180,1,Rural,827,63,1,0.9791
APP-000772,Male,Yes,3+,Graduate,No,60078.5,57583.5,487120.36,300,1,Semiurban,796,24,1,0.9985
APP-000773,Female,Yes,3+,Not Graduate,No,50543.68,0.0,168082.6,180,1,Rural,702,25,1,0.757
APP-000774,Male,Yes,1,Graduate,No,22810.26,0.0,53340.0,360,1,Semiurban,795,62,1,0.9999
APP-000775,Male,No,0,Graduate,No,26533.9,29117.0,332902.44,360,1,Urban,681,25,1,0.9249
APP-000776,Male,No,2,Graduate,No,101457.49,0.0,500000.0,300,0,Semiurban,697,35,1,0.7415
APP-000777,Female,Yes,2,Graduate,Yes,26372.83,10465.01,244883.06,360,1,Urban,587,42,1,0.1565
APP-000778,Male,Yes,1,Graduate,No,57096.39,0.0,149825.92,240,1,Rural,714,37,1,0.9914
APP-000779,Male,No,1,Graduate,No,23871.27,0.0,107509.69,240,1,Semiurban,685,67,1,0.8642
APP-000780,Male,Yes,0,Not Graduate,No,69885.31,0.0,218183.33,360,0,Semiurban,569,28,1,0.1391
APP-000781,Male,Yes,0,Graduate,No,27514.86,59223.67,377586.68,120,1,Urban,676,43,0,0.1066
APP-000782,Male,Yes,0,Not Graduate,No,23629.39,0.0,372594.01,240,1,Urban,673,39,0,0.0
APP-000783,Male,Yes,1,Graduate,No,27125.01,0.0,173659.61,300,1,Urban,833,31,1,0.9984
APP-000784,Male,Yes,0,Graduate,Yes,29596.42,0.0,89802.82,180,1,Urban,756,47,1,0.992
APP-000785,Female,Yes,1,Not Graduate,No,50139.8,0.0,190782.16,360,1,Urban,681,44,1,0.9762
APP-000786,Male,Yes,0,Not Graduate,No,41696.02,0.0,151028.57,240,1,Semiurban,701,53,1,0.9643
APP-000787,Female,Yes,3+,Graduate,Yes,21975.08,19062.4,184979.36,180,1,Urban,684,64,1,0.4558
APP-000788,Female,No,0,Graduate,Yes,39522.65,0.0,84868.05,240,1,Semiurban,663,42,1,0.9643
APP-000789,Female,Yes,1,Graduate,No,21398.46,0.0,105528.9,240,0,Semiurban,588,35,0,0.0249
APP-000790,Male,No,0,Graduate,No,57179.83,0.0,93998.19,360,1,Urban,667,68,1,0.9945
APP-000791,Male,Yes,1,Graduate,Yes,63246.6,0.0,127017.4,180,0,Rural,617,48,0,0.3203
APP-000792,Female,Yes,0,Not Graduate,No,39609.69,16975.69,500000.0,360,1,Semiurban,574,50,0,0.0353
APP-000793,Female,Yes,0,Graduate,Yes,46602.5,19063.38,237991.96,180,0,Rural,723,45,1,0.7581
APP-000794,Female,Yes,1,Graduate,No,105205.23,33862.85,500000.0,240,1,Urban,713,34,1,0.9858
APP-000795,Female,Yes,1,Graduate,Yes,36802.4,10405.98,139769.96,300,0,Urban,528,56,0,0.0512
APP-000796,Male,Yes,0,Not Graduate,No,23876.69,0.0,39536.52,240,0,Urban,670,52,1,0.9479
APP-000797,Female,Yes,3+,Not Graduate,No,55191.12,43189.43,261396.13,300,1,Urban,765,58,1,0.9992
APP-000798,Female,Yes,2,Graduate,No,21526.51,0.0,307626.08,300,1,Urban,770,57,0,0.0883
APP-000799,Female,Yes,1,Graduate,No,35745.76,45822.74,184313.19,240,1,Urban,767,49,1,0.9996
APP-000800,Female,Yes,3+,Not Graduate,No,28869.92,54413.06,500000.0,300,1,Urban,683,22,1,0.6388
APP-000801,Female,No,2,Graduate,No,27282.45,0.0,135855.26,360,0,Urban,608,47,0,0.2704
APP-000802,Female,No,1,Not Graduate,No,34977.2,0.0,157373.56,120,0,Rural,588,57,0,0.0002
APP-000803,Male,Yes,3+,Not Graduate,No,65837.19,0.0,200400.18,300,1,Urban,709,42,1,0.9881
APP-000804,Male,No,1,Not Graduate,No,73726.52,0.0,209519.5,240,0,Semiurban,712,23,1,0.8806
APP-000805,Male,Yes,0,Graduate,No,66796.99,0.0,367050.88,360,1,Rural,789,59,1,0.9987
APP-000806,Male,Yes,0,Graduate,No,48290.72,18000.17,500000.0,180,1,Rural,773,45,1,0.3857
APP-000807,Female,Yes,0,Graduate,No,34830.75,0.0,162200.22,120,1,Semiurban,669,39,0,0.0267
APP-000808,Female,No,0,Not Graduate,No,12000.0,111986.81,500000.0,240,1,Urban,574,21,0,0.1224
APP-000809,Male,Yes,0,Graduate,No,49129.43,0.0,172939.68,300,1,Rural,653,49,1,0.9403
APP-000810,Male,Yes,1,Graduate,Yes,12000.0,0.0,136019.02,120,1,Rural,698,28,0,0.0
APP-000811,Male,No,1,Not Graduate,Yes,13934.85,0.0,66138.88,360,1,Rural,663,41,1,0.8041
APP-000812,Female,No,0,Graduate,Yes,36720.22,0.0,390828.11,240,1,Semiurban,631,50,0,0.0011
APP-000813,Male,Yes,1,Graduate,No,46421.48,0.0,128178.15,360,1,Urban,701,36,1,0.9957
APP-000814,Female,Yes,1,Graduate,Yes,31316.59,0.0,130829.27,360,0,Semiurban,637,40,0,0.4697
APP-000815,Female,Yes,3+,Graduate,No,93390.24,0.0,500000.0,360,1,Urban,627,55,0,0.6988
APP-000816,Male,Yes,1,Graduate,No,51748.77,0.0,235169.61,360,1,Urban,706,32,1,0.9856
APP-000817,Female,Yes,3+,Graduate,Yes,34990.28,54172.67,479837.38,300,1,Semiurban,646,42,1,0.5382
APP-000818,Male,No,2,Graduate,No,86031.64,11939.85,268990.52,360,0,Urban,701,31,1,0.9784
APP-000819,Male,No,1,Graduate,No,94922.15,0.0,337169.23,180,1,Semiurban,703,51,1,0.9205
APP-000820,Female,No,0,Not Graduate,No,53204.98,10912.1,184346.21,360,0,Urban,583,64,0,0.4291
APP-000821,Female,No,2,Not Graduate,No,26202.45,35569.38,253397.69,300,0,Urban,639,29,1,0.3892
APP-000822,Female,No,0,Graduate,Yes,29653.97,0.0,116142.27,360,1,Semiurban,802,49,1,0.9996
APP-000823,Male,No,0,Graduate,No,18111.34,0.0,60853.54,240,1,Urban,581,35,1,0.4357
APP-000824,Male,Yes,2,Graduate,No,39209.36,0.0,222176.32,300,1,Semiurban,500,60,0,0.0087
APP-000825,Female,No,1,Graduate,No,22527.17,0.0,59465.37,240,1,Semiurban,522,51,0,0.1541
APP-000826,Male,Yes,0,Not Graduate,Yes,33490.22,51156.97,137188.46,240,1,Semiurban,682,50,1,0.9886
APP-000827,Male,Yes,0,Graduate,No,46320.05,20442.7,220068.26,240,0,Rural,683,31,1,0.8355
APP-000828,Female,No,2,Not Graduate,No,13479.97,0.0,151378.96,360,0,Semiurban,670,26,0,0.0113
APP-000829,Male,No,0,Graduate,No,20029.12,0.0,107408.7,180,1,Rural,783,59,1,0.9358
APP-000830,Male,Yes,2,Graduate,No,30370.7,20332.69,147700.15,360,0,Semiurban,453,51,0,0.0076
APP-000831,Female,Yes,1,Not Graduate,No,38991.93,0.0,203084.19,360,1,Rural,714,36,0,0.9666
APP-000832,Female,No,2,Graduate,No,30587.91,0.0,122760.87,360,1,Semiurban,813,35,1,0.9997
APP-000833,Male,Yes,1,Not Graduate,No,34586.38,0.0,175544.35,360,0,Urban,584,50,0,0.1033
APP-000834,Male,No,3+,Graduate,No,27217.0,64787.35,500000.0,240,1,Semiurban,648,54,1,0.4251
APP-000835,Male,No,2,Graduate,No,18084.85,30742.52,227095.83,360,1,Semiurban,616,25,1,0.6464
APP-000836,Female,No,0,Graduate,No,29908.17,40064.85,314931.89,240,1,Rural,604,46,0,0.3793
APP-000837,Female,No,1,Graduate,Yes,35694.69,32673.42,500000.0,180,0,Semiurban,652,44,0,0.0013
APP-000838,Female,Yes,3+,Graduate,Yes,33836.16,0.0,183897.86,120,1,Urban,801,68,1,0.1632
APP-000839,Female,No,0,Graduate,Yes,42680.09,0.0,198623.24,120,1,Semiurban,836,31,1,0.812
APP-000840,Male,Yes,1,Graduate,No,50533.51,47295.75,425055.61,180,1,Semiurban,651,45,0,0.437
APP-000841,Male,Yes,1,Graduate,Yes,58392.89,6294.29,213771.74,240,1,Semiurban,842,50,1,0.9998
APP-000842,Female,No,0,Not Graduate,No,28326.33,0.0,68944.4,360,0,Urban,683,62,1,0.9644
APP-000843,Male,Yes,0,Graduate,No,16870.33,0.0,97245.25,180,1,Urban,829,62,1,0.9826
APP-000844,Male,No,0,Graduate,Yes,80771.38,40186.19,500000.0,360,1,Rural,672,25,1,0.9281
APP-000845,Male,Yes,1,Not Graduate,No,49612.36,0.0,256406.81,360,1,Semiurban,691,53,1,0.9503
APP-000846,Female,Yes,2,Graduate,No,23740.45,0.0,130562.32,360,1,Rural,711,27,1,0.9524
APP-000847,Female,Yes,1,Graduate,No,46757.87,0.0,133725.53,360,1,Rural,850,65,1,1.0
APP-000848,Female,No,0,Not Graduate,No,72214.57,0.0,235416.02,360,1,Rural,752,28,1,0.9975
APP-000849,Male,No,0,Graduate,No,103885.76,31034.54,323069.11,180,1,Urban,620,43,1,0.8555
APP-000850,Male,Yes,1,Not Graduate,Yes,46066.24,75145.79,461858.14,240,1,Urban,762,64,1,0.9921
APP-000851,Male,Yes,0,Graduate,No,71884.71,0.0,476994.78,240,1,Rural,649,49,0,0.1886
APP-000852,Male,Yes,0,Graduate,No,20634.48,0.0,64271.85,240,1,Semiurban,638,29,0,0.8323
APP-000853,Female,No,0,Graduate,No,39350.09,0.0,162211.35,240,1,Urban,757,28,1,0.9925
APP-000854,Male,Yes,2,Graduate,No,33381.03,0.0,195213.08,240,0,Rural,683,67,0,0.1702
APP-000855,Female,Yes,3+,Graduate,No,48456.1,0.0,355780.46,360,1,Semiurban,704,51,0,0.876
APP-000856,Female,No,1,Graduate,No,97358.63,0.0,197796.03,240,1,Rural,681,58,1,0.9875
APP-000857,Female,Yes,0,Not Graduate,No,46047.98,93332.77,479479.11,360,1,Semiurban,709,48,1,0.995
APP-000858,Male,No,0,Not Graduate,No,23963.09,27047.84,155993.52,180,0,Semiurban,716,38,1,0.8668
APP-000859,Male,Yes,0,Graduate,No,20032.45,0.0,57560.59,300,1,Urban,515,25,0,0.1363
APP-000860,Male,Yes,0,Not Graduate,No,99228.35,11470.75,397217.33,240,1,Urban,737,57,1,0.9938
APP-000861,Female,Yes,1,Graduate,No,53241.12,47538.06,178853.05,360,0,Semiurban,597,69,0,0.7166
APP-000862,Female,Yes,3+,Not Graduate,No,51351.26,0.0,185539.78,300,1,Urban,557,44,1,0.1982
APP-000863,Male,No,0,Graduate,Yes,33221.34,15560.18,211263.55,120,0,Semiurban,675,33,0,0.0085
APP-000864,Female,Yes,0,Not Graduate,No,46505.41,0.0,123984.73,360,1,Urban,687,41,1,0.9924
APP-000865,Male,No,1,Not Graduate,No,23322.46,0.0,80049.65,240,0,Rural,621,55,0,0.2203
APP-000866,Female,No,1,Not Graduate,No,49660.2,0.0,213578.54,360,1,Rural,751,63,1,0.9956
APP-000867,Male,No,0,Not Graduate,No,21032.44,0.0,94630.94,120,1,Urban,566,35,0,0.0007
APP-000868,Male,Yes,0,Not Graduate,No,32938.3,17708.01,103479.87,180,1,Semiurban,645,27,1,0.884
APP-000869,Female,Yes,1,Graduate,No,28181.15,56711.93,495966.22,240,0,Urban,630,21,0,0.0372
APP-000870,Female,No,1,Not Graduate,No,12000.0,0.0,70869.77,300,1,Urban,676,28,1,0.6802
APP-000871,Male,No,1,Graduate,No,33165.89,0.0,101233.03,360,1,Urban,704,65,1,0.9955
APP-000872,Male,Yes,2,Not Graduate,Yes,24480.29,39461.84,500000.0,300,1,Urban,594,32,0,0.0164
APP-000873,Female,No,0,Graduate,No,35749.29,3129.81,203482.52,120,1,Urban,742,49,1,0.166
APP-000874,Female,Yes,1,Graduate,Yes,40172.88,51981.05,451932.71,240,1,Urban,685,53,1,0.8225
APP-000875,Female,Yes,1,Graduate,No,106123.9,0.0,500000.0,240,0,Urban,519,38,0,0.0037
APP-000876,Female,Yes,0,Graduate,No,47457.5,0.0,127101.63,240,0,Semiurban,514,38,0,0.0262
APP-000877,Male,Yes,2,Not Graduate,No,48231.23,0.0,175380.9,240,1,Rural,679,22,0,0.7691
APP-000878,Female,Yes,0,Not Graduate,No,52711.43,57997.48,500000.0,240,1,Semiurban,661,59,1,0.7655
APP-000879,Female,No,1,Graduate,No,64828.12,32717.58,290417.0,300,1,Urban,671,34,1,0.9829
APP-000880,Male,No,1,Graduate,No,51526.61,37686.73,324547.58,300,1,Semiurban,678,29,1,0.9662
APP-000881,Female,No,0,Graduate,No,46861.05,0.0,261817.3,180,1,Rural,699,29,0,0.2653
APP-000882,Female,Yes,0,Graduate,No,59348.72,57415.22,500000.0,360,1,Semiurban,761,54,1,0.9991
APP-000883,Male,Yes,1,Graduate,No,12000.0,61972.82,318338.86,360,0,Rural,586,30,0,0.1735
APP-000884,Female,Yes,0,Graduate,No,126624.13,25968.03,500000.0,360,1,Urban,580,69,0,0.7755
APP-000885,Male,No,1,Graduate,Yes,96216.05,15640.19,440766.6,360,1,Urban,587,64,1,0.591
APP-000886,Female,Yes,1,Not Graduate,No,45225.88,0.0,282991.92,300,1,Semiurban,705,67,1,0.8279
APP-000887,Male,No,2,Not Graduate,No,18450.49,0.0,201465.82,360,1,Urban,786,37,1,0.8852
APP-000888,Male,Yes,0,Not Graduate,No,78095.89,0.0,379798.09,240,1,Urban,643,59,1,0.5194
APP-000889,Female,No,3+,Graduate,No,27401.91,0.0,207996.97,240,0,Rural,467,64,0,0.0
APP-000890,Female,Yes,1,Not Graduate,No,53831.42,0.0,188545.47,360,0,Semiurban,535,41,0,0.0443
APP-000891,Female,No,1,Graduate,Yes,19819.11,9502.66,91984.92,360,1,Rural,609,32,1,0.7604
APP-000892,Male,Yes,3+,Graduate,No,136560.61,0.0,408332.95,240,1,Rural,633,23,0,0.6437
APP-000893,Female,Yes,1,Graduate,No,18156.44,0.0,51201.6,360,0,Urban,645,48,1,0.8846
APP-000894,Male,Yes,2,Graduate,No,41686.91,0.0,155725.71,300,1,Rural,683,53,1,0.9636
APP-000895,Male,Yes,0,Not Graduate,Yes,12491.42,40567.76,337024.9,240,1,Semiurban,654,52,0,0.1717
APP-000896,Female,No,2,Not Graduate,No,39235.12,37465.04,500000.0,360,1,Rural,769,21,1,0.9795
APP-000897,Female,Yes,3+,Graduate,No,31764.14,0.0,107661.73,300,1,Urban,623,59,1,0.8288
APP-000898,Male,Yes,0,Graduate,Yes,75015.56,17843.11,342171.84,360,1,Urban,607,59,1,0.8212
APP-000899,Female,Yes,1,Graduate,No,31762.49,28784.72,257882.31,360,1,Semiurban,721,28,1,0.9926
APP-000900,Female,No,3+,Not Graduate,No,75075.01,27698.74,486809.3,180,0,Urban,549,35,0,0.0011
APP-000901,Female,No,0,Graduate,No,22850.62,26927.73,276330.93,360,1,Semiurban,713,38,1,0.9855
APP-000902,Male,Yes,2,Graduate,No,34369.37,11396.8,163029.22,180,1,Rural,689,63,1,0.8576
APP-000903,Male,Yes,0,Not Graduate,No,34750.47,11967.08,181985.89,360,1,Rural,667,29,1,0.9468
APP-000904,Female,Yes,0,Graduate,No,52710.69,0.0,413404.77,360,1,Urban,815,35,1,0.9975
APP-000905,Male,Yes,1,Graduate,No,49148.71,9456.56,220403.68,360,0,Semiurban,627,38,0,0.6629
APP-000906,Female,Yes,1,Not Graduate,Yes,59708.15,0.0,196545.25,360,1,Urban,850,50,1,0.9999
APP-000907,Male,Yes,1,Graduate,No,46479.04,0.0,190663.71,300,1,Urban,661,53,1,0.938
APP-000908,Female,No,1,Graduate,No,57741.02,20357.68,344860.66,240,1,Urban,571,21,0,0.0985
APP-000909,Male,Yes,3+,Graduate,No,24493.79,48021.12,154531.3,300,1,Semiurban,686,24,1,0.9871
APP-000910,Male,No,0,Graduate,Yes,49703.93,12746.33,218047.83,300,0,Urban,589,64,0,0.2389
APP-000911,Female,No,1,Not Graduate,Yes,97198.76,41022.64,500000.0,240,0,Urban,616,44,0,0.1637
APP-000912,Male,Yes,1,Not Graduate,No,15930.71,17278.66,348924.8,240,1,Urban,714,60,0,0.0345
APP-000913,Male,No,3+,Graduate,No,52520.27,0.0,176478.77,240,1,Urban,727,61,1,0.9893
APP-000914,Female,No,2,Graduate,No,58234.25,32187.3,500000.0,360,0,Urban,627,48,0,0.4
APP-000915,Male,No,0,Graduate,No,89648.57,0.0,414279.15,300,1,Semiurban,764,61,1,0.997
APP-000916,Female,Yes,2,Not Graduate,No,59833.79,0.0,429910.08,360,0,Semiurban,778,25,1,0.8974
APP-000917,Female,Yes,1,Graduate,No,42411.45,0.0,136856.9,240,1,Rural,802,52,1,0.9994
APP-000918,Female,No,0,Graduate,No,50845.16,8383.49,414817.92,360,1,Urban,725,54,1,0.9815
APP-000919,Male,No,0,Graduate,Yes,26788.53,30598.64,459782.4,360,1,Urban,796,54,1,0.9943
APP-000920,Female,Yes,0,Not Graduate,No,32422.81,3785.34,295703.97,240,0,Semiurban,520,60,0,0.0001
APP-000921,Female,No,1,Not Graduate,No,19251.87,0.0,156013.37,240,0,Semiurban,653,68,0,0.0055
APP-000922,Female,Yes,1,Graduate,No,90931.91,35212.53,500000.0,360,1,Rural,606,63,0,0.7847
APP-000923,Male,Yes,0,Graduate,No,51409.92,63631.31,500000.0,360,1,Semiurban,690,21,1,0.973
APP-000924,Male,No,3+,Not Graduate,Yes,24249.18,90151.45,403790.61,240,1,Rural,631,51,0,0.4837
APP-000925,Female,Yes,1,Graduate,No,46594.9,0.0,73052.06,360,0,Urban,666,43,1,0.9737
APP-000926,Male,Yes,3+,Graduate,No,75935.63,16706.56,443141.1,360,1,Rural,840,32,1,0.9998
APP-000927,Female,Yes,0,Graduate,No,69288.61,89641.48,500000.0,240,0,Semiurban,666,38,1,0.8251
APP-000928,Male,Yes,0,Graduate,No,24095.94,0.0,158447.31,300,1,Rural,715,68,1,0.8912
APP-000929,Male,No,2,Graduate,No,12000.0,0.0,75399.16,360,1,Urban,660,69,1,0.7799
APP-000930,Male,No,2,Not Graduate,No,49884.34,0.0,131858.87,120,0,Urban,686,47,1,0.3127
APP-000931,Female,Yes,0,Graduate,No,24642.35,0.0,300992.93,360,0,Semiurban,681,43,0,0.0308
APP-000932,Female,Yes,0,Graduate,No,56516.06,0.0,286914.82,180,1,Urban,718,25,1,0.6342
APP-000933,Male,Yes,0,Graduate,No,67686.95,10794.42,187726.43,240,1,Semiurban,779,57,1,0.9997
APP-000934,Male,Yes,2,Not Graduate,No,74050.18,0.0,188648.68,240,1,Urban,820,67,1,0.9997
APP-000935,Female,Yes,0,Graduate,No,104778.86,14443.81,190757.37,360,1,Semiurban,706,65,1,0.9989
APP-000936,Female,Yes,0,Graduate,No,79220.97,0.0,476220.82,180,1,Semiurban,730,66,0,0.475
APP-000937,Male,Yes,2,Graduate,Yes,105056.32,0.0,353331.53,240,0,Semiurban,582,55,0,0.0603
APP-000938,Female,No,0,Graduate,No,85689.3,88337.19,500000.0,240,1,Semiurban,673,33,1,0.9719
APP-000939,Female,Yes,1,Graduate,No,89896.98,26583.8,371645.63,120,1,Urban,760,42,1,0.9578
APP-000940,Female,No,0,Graduate,No,39242.77,22241.25,228949.7,360,1,Semiurban,754,22,1,0.9982
APP-000941,Female,Yes,1,Graduate,No,19749.24,41834.35,340168.49,180,1,Semiurban,698,55,0,0.44
APP-000942,Female,Yes,0,Not Graduate,No,157195.99,17379.32,355081.69,180,1,Semiurban,755,30,1,0.9977
APP-000943,Male,Yes,0,Graduate,Yes,41548.81,6384.86,126268.18,120,1,Semiurban,722,56,1,0.918
APP-000944,Female,No,1,Not Graduate,No,78888.4,4642.84,438994.09,300,1,Semiurban,782,48,1,0.9965
APP-000945,Female,Yes,0,Graduate,No,29653.9,0.0,96762.44,240,1,Semiurban,705,48,1,0.9861
APP-000946,Male,Yes,1,Graduate,No,68197.1,0.0,377824.59,300,1,Urban,650,22,0,0.5771
APP-000947,Male,No,0,Graduate,No,12000.0,24577.83,124659.2,360,0,Semiurban,709,65,1,0.9822
APP-000948,Female,No,3+,Graduate,No,32024.49,0.0,277318.49,120,0,Urban,431,68,0,0.0
APP-000949,Female,No,1,Not Graduate,No,38020.24,0.0,178042.11,180,1,Urban,713,69,0,0.6623
APP-000950,Male,No,1,Graduate,Yes,51763.2,0.0,383177.92,240,0,Urban,370,29,0,0.0
APP-000951,Male,No,2,Graduate,No,72374.81,27221.4,500000.0,360,1,Rural,534,28,0,0.0713
APP-000952,Male,No,0,Graduate,No,21987.32,0.0,121594.57,180,1,Rural,718,67,0,0.4959
APP-000953,Female,Yes,1,Graduate,No,57698.27,23811.41,247678.8,360,1,Rural,721,30,1,0.9967
APP-000954,Male,Yes,1,Graduate,No,78799.89,20846.85,500000.0,360,1,Semiurban,581,58,1,0.4728
APP-000955,Male,Yes,0,Not Graduate,No,145837.95,9478.51,500000.0,120,1,Urban,619,41,0,0.0994
APP-000956,Female,Yes,0,Graduate,No,59198.14,0.0,164297.88,240,1,Rural,796,69,1,0.9995
APP-000957,Male,No,0,Graduate,No,31171.88,19336.39,83316.02,360,1,Semiurban,639,69,1,0.9863
APP-000958,Female,Yes,2,Graduate,No,19940.93,18683.03,175360.81,360,1,Rural,850,24,1,0.9998
APP-000959,Male,Yes,1,Not Graduate,No,109761.08,0.0,500000.0,180,0,Urban,680,25,0,0.0929
APP-000960,Female,No,1,Graduate,No,60206.65,10891.82,201512.14,300,1,Rural,715,25,1,0.9934
APP-000961,Female,Yes,0,Graduate,Yes,39652.66,0.0,110696.8,360,1,Rural,817,60,1,0.9999
APP-000962,Male,Yes,0,Graduate,No,16466.77,33185.06,183592.46,240,1,Semiurban,691,67,1,0.9678
APP-000963,Male,Yes,1,Graduate,No,24049.0,15943.83,279850.92,300,1,Urban,595,47,0,0.1417
APP-000964,Male,Yes,0,Graduate,No,56796.28,0.0,105944.61,300,1,Rural,671,22,1,0.9823
APP-000965,Male,Yes,2,Graduate,No,48757.2,19515.28,217223.36,360,1,Semiurban,677,49,1,0.9883
APP-000966,Male,Yes,0,Not Graduate,No,13759.95,0.0,37306.59,300,0,Rural,564,31,0,0.1069
APP-000967,Female,No,0,Graduate,No,56836.66,55504.48,500000.0,300,0,Semiurban,658,57,0,0.725
APP-000968,Male,Yes,3+,Not Graduate,Yes,16938.76,27421.36,177348.91,300,0,Urban,617,31,0,0.137
APP-000969,Female,Yes,0,Graduate,No,84516.75,0.0,308273.93,180,1,Semiurban,759,50,1,0.9887
APP-000970,Female,Yes,2,Not Graduate,No,45012.96,41444.72,339888.92,300,1,Urban,683,46,1,0.9638
APP-000971,Male,Yes,0,Graduate,No,31104.82,13798.76,272513.66,120,1,Rural,656,43,0,0.0011
APP-000972,Male,Yes,1,Not Graduate,No,69188.15,0.0,488603.16,300,1,Rural,671,62,1,0.4133
APP-000973,Female,Yes,1,Graduate,No,48748.25,45277.78,500000.0,300,1,Urban,699,54,1,0.965
APP-000974,Female,Yes,1,Graduate,No,83175.67,0.0,459384.61,360,1,Semiurban,732,55,1,0.9899
APP-000975,Male,Yes,0,Graduate,No,41951.17,0.0,333373.53,360,1,Semiurban,595,21,0,0.0674
APP-000976,Male,Yes,0,Graduate,No,43319.17,0.0,121433.77,240,1,Semiurban,591,34,1,0.6124
APP-000977,Female,Yes,0,Not Graduate,No,34307.26,0.0,174131.91,300,1,Semiurban,774,38,1,0.9947
APP-000978,Female,No,2,Graduate,No,46380.39,0.0,500000.0,240,1,Semiurban,645,45,0,0.0019
APP-000979,Male,Yes,3+,Graduate,Yes,102116.85,0.0,190487.27,240,0,Rural,560,35,0,0.0762
APP-000980,Male,Yes,0,Graduate,No,30438.99,18832.33,165163.77,120,0,Rural,718,59,0,0.392
APP-000981,Female,Yes,0,Graduate,No,57318.31,0.0,153314.41,180,0,Urban,719,66,1,0.9457
APP-000982,Female,No,0,Graduate,No,24729.6,13804.21,187065.63,360,0,Urban,550,27,0,0.0563
APP-000983,Female,Yes,0,Graduate,Yes,12878.28,0.0,104853.74,360,1,Semiurban,700,65,1,0.736
APP-000984,Male,No,1,Graduate,No,44985.81,0.0,244258.03,240,1,Semiurban,743,30,1,0.937
APP-000985,Male,No,1,Not Graduate,No,49203.64,36219.14,330240.09,180,1,Rural,712,46,0,0.8799
APP-000986,Female,Yes,1,Graduate,Yes,37777.61,0.0,205875.58,180,1,Urban,734,34,0,0.5408
APP-000987,Male,No,0,Not Graduate,No,17627.37,0.0,65962.04,120,0,Semiurban,561,50,0,0.0006
APP-000988,Male,No,2,Not Graduate,No,47446.86,14832.03,289766.72,360,1,Rural,708,46,1,0.9794
APP-000989,Male,No,2,Graduate,Yes,46465.83,0.0,261672.2,240,0,Urban,654,41,0,0.0746
APP-000990,Female,Yes,3+,Graduate,Yes,24616.46,0.0,230946.36,360,0,Urban,639,68,0,0.0175
APP-000991,Male,No,1,Not Graduate,No,19064.43,40750.37,312154.52,240,0,Rural,754,67,1,0.8352
APP-000992,Female,No,1,Graduate,No,34932.98,0.0,164250.78,300,1,Urban,806,68,1,0.9992
APP-000993,Male,Yes,1,Not Graduate,No,57475.33,29456.73,500000.0,300,1,Rural,833,48,1,0.999
APP-000994,Female,Yes,0,Graduate,No,50471.3,0.0,89230.24,120,1,Urban,792,61,1,0.9992
APP-000995,Male,Yes,0,Graduate,No,24724.25,0.0,101127.02,300,1,Semiurban,671,34,1,0.9416
APP-000996,Female,No,3+,Not Graduate,No,43274.07,0.0,132155.19,360,1,Rural,710,32,1,0.9862
APP-000997,Male,Yes,3+,Graduate,Yes,65376.59,0.0,250355.07,120,1,Urban,745,21,1,0.3117
APP-000998,Male,Yes,3+,Graduate,No,21057.96,16422.89,209687.56,120,1,Semiurban,690,69,0,0.0054
APP-000999,Male,Yes,1,Graduate,No,41553.43,28517.19,464425.88,300,1,Semiurban,691,33,1,0.8035
APP-001000,Male,Yes,0,Graduate,No,83851.49,24286.93,364757.05,360,1,Semiurban,750,56,1,0.9993
APP-001001,Male,No,2,Graduate,No,19906.22,0.0,114679.51,360,1,Urban,675,36,1,0.9016
APP-001002,Male,No,1,Graduate,No,75776.19,25525.64,288346.93,180,1,Semiurban,618,69,1,0.6183
APP-001003,Female,No,0,Graduate,No,97787.6,17714.79,276738.21,360,1,Semiurban,645,65,1,0.9832
APP-001004,Female,Yes,0,Graduate,No,35517.72,0.0,156321.91,360,1,Urban,734,68,1,0.9963
APP-001005,Male,Yes,1,Graduate,No,33234.55,0.0,128412.44,360,1,Semiurban,680,66,1,0.9772
APP-001006,Female,No,1,Not Graduate,No,70841.62,0.0,500000.0,120,1,Urban,709,38,0,0.0004
APP-001007,Male,Yes,0,Not Graduate,No,36229.48,0.0,402492.25,360,0,Urban,737,52,0,0.2955
APP-001008,Female,Yes,3+,Not Graduate,No,12000.0,0.0,38902.53,360,1,Urban,648,22,0,0.8644
APP-001009,Male,Yes,0,Graduate,Yes,38012.22,0.0,71716.45,300,1,Rural,744,26,1,0.9979
APP-001010,Male,No,0,Graduate,No,51985.61,16472.76,157747.81,120,1,Semiurban,712,51,1,0.9672
APP-001011,Female,No,0,Graduate,No,60297.51,0.0,176483.37,180,0,Urban,575,44,0,0.0793
APP-001012,Male,Yes,1,Not Graduate,No,24727.07,0.0,115721.46,240,1,Semiurban,803,67,1,0.9954
APP-001013,Male,No,1,Graduate,No,34600.01,17354.03,196925.07,360,1,Urban,637,35,1,0.9386
APP-001014,Female,Yes,2,Graduate,Yes,68685.88,0.0,166203.68,360,0,Semiurban,539,22,0,0.0399
APP-001015,Male,No,0,Graduate,Yes,38832.03,0.0,369816.74,360,0,Urban,591,60,0,0.006
APP-001016,Female,Yes,1,Not Graduate,Yes,17312.67,0.0,99456.99,240,0,Urban,593,48,0,0.0069
APP-001017,Female,Yes,1,Graduate,No,79276.81,12020.42,500000.0,360,1,Rural,684,47,1,0.9555
APP-001018,Male,Yes,3+,Graduate,No,35676.19,0.0,67625.98,360,1,Urban,657,29,1,0.9803
APP-001019,Male,Yes,2,Graduate,No,73142.9,36899.09,500000.0,120,1,Urban,651,26,0,0.0134
APP-001020,Female,Yes,2,Not Graduate,No,18629.45,27117.14,182373.1,180,1,Semiurban,733,40,1,0.9197
APP-001021,Female,Yes,2,Graduate,No,37551.08,60839.74,351644.51,360,1,Semiurban,709,55,1,0.9949
APP-001022,Female,No,0,Not Graduate,Yes,53122.45,21978.92,323690.26,300,0,Semiurban,707,55,1,0.8562
APP-001023,Male,Yes,1,Not Graduate,Yes,38256.56,30981.27,215459.75,180,0,Semiurban,715,62,1,0.7413
APP-001024,Female,Yes,2,Not Graduate,No,20938.54,26218.86,188508.53,360,1,Rural,732,24,1,0.9892
APP-001025,Male,Yes,2,Graduate,No,12000.0,0.0,78319.51,240,0,Urban,501,69,0,0.0002
APP-001026,Male,Yes,3+,Not Graduate,No,92762.32,0.0,163479.18,300,0,Urban,649,68,1,0.8377
APP-001027,Male,No,0,Graduate,Yes,46001.12,0.0,384697.2,360,0,Urban,495,37,0,0.0004
APP-001028,Female,Yes,1,Graduate,No,76247.55,0.0,387827.7,180,1,Semiurban,683,26,0,0.2628
APP-001029,Female,No,0,Graduate,No,66887.54,0.0,271351.45,120,1,Rural,680,21,0,0.0583
APP-001030,Female,Yes,0,Graduate,Yes,55729.55,16594.92,469744.35,300,1,Urban,769,39,1,0.9856
APP-001031,Female,No,1,Not Graduate,Yes,33633.05,0.0,168886.29,360,1,Semiurban,781,27,1,0.9939
APP-001032,Male,No,3+,Not Graduate,No,52542.19,0.0,180486.65,240,0,Urban,697,42,1,0.791
APP-001033,Female,Yes,2,Graduate,No,88247.03,0.0,265696.47,240,0,Semiurban,637,51,1,0.5448
APP-001034,Male,Yes,1,Graduate,No,42009.71,18447.37,500000.0,300,1,Semiurban,721,30,1,0.7224
APP-001035,Male,No,2,Not Graduate,Yes,114226.15,0.0,250289.8,360,1,Urban,635,60,1,0.9206
APP-001036,Female,Yes,1,Graduate,No,17594.08,28545.88,180020.62,300,1,Urban,680,29,1,0.9676
APP-001037,Male,Yes,0,Graduate,No,16584.11,18678.85,79690.08,240,1,Rural,764,44,1,0.9995
APP-001038,Female,Yes,1,Graduate,No,69109.08,0.0,366937.13,240,1,Rural,633,26,0,0.2017
APP-001039,Male,Yes,0,Graduate,Yes,25583.21,37860.62,258910.95,240,1,Urban,748,57,1,0.9918
APP-001040,Male,Yes,0,Graduate,No,123480.1,24369.05,359210.43,180,1,Semiurban,738,57,1,0.9968
APP-001041,Male,No,0,Graduate,No,83745.5,23186.3,308321.17,180,1,Semiurban,599,21,1,0.346
APP-001042,Male,Yes,3+,Not Graduate,No,96101.9,25751.19,500000.0,360,1,Semiurban,763,26,1,0.9963
APP-001043,Female,Yes,0,Not Graduate,No,65279.93,0.0,316387.86,360,1,Rural,739,25,1,0.9861
APP-001044,Female,No,2,Graduate,No,24176.32,14839.14,69562.89,240,1,Semiurban,689,56,1,0.9946
APP-001045,Male,No,0,Graduate,No,16112.68,32128.84,149721.78,360,0,Rural,615,23,1,0.5446
APP-001046,Male,Yes,1,Graduate,Yes,91346.21,9416.75,461727.37,300,1,Semiurban,607,37,1,0.4278
APP-001047,Female,Yes,3+,Graduate,No,17592.67,15543.93,243485.91,360,1,Urban,634,55,1,0.4927
APP-001048,Male,Yes,1,Graduate,No,95960.04,19234.74,500000.0,360,1,Urban,726,67,1,0.996
APP-001049,Female,Yes,1,Not Graduate,No,58005.21,0.0,201502.34,240,1,Semiurban,599,23,0,0.2565
APP-001050,Male,No,3+,Graduate,No,38486.43,0.0,257211.32,300,1,Urban,717,54,0,0.8935
APP-001051,Male,Yes,0,Graduate,No,51181.13,0.0,189348.8,240,0,Semiurban,574,26,0,0.0469
APP-001052,Female,Yes,0,Graduate,No,51839.62,15016.6,69928.15,360,1,Semiurban,663,36,1,0.9963
APP-001053,Male,Yes,1,Graduate,No,35906.52,0.0,292748.28,240,1,Semiurban,689,40,0,0.1404
APP-001054,Female,Yes,0,Graduate,No,87915.2,8466.69,500000.0,300,1,Semiurban,850,52,1,0.9998
APP-001055,Male,Yes,1,Not Graduate,No,86272.87,0.0,400270.07,180,1,Urban,563,26,0,0.0075
APP-001056,Male,No,2,Graduate,No,43722.26,0.0,187084.13,240,1,Rural,805,27,1,0.9965
APP-001057,Female,Yes,2,Graduate,No,28853.98,0.0,140959.17,240,1,Urban,693,26,1,0.7965
APP-001058,Female,No,0,Not Graduate,No,82312.21,0.0,352061.66,360,1,Semiurban,715,32,1,0.9861
APP-001059,Female,No,0,Graduate,No,13194.98,32391.23,170631.15,240,1,Semiurban,690,21,1,0.936
APP-001060,Male,No,2,Graduate,Yes,51233.09,0.0,162794.6,240,1,Urban,718,30,1,0.9744
APP-001061,Male,Yes,1,Graduate,No,60280.64,0.0,266038.07,120,1,Semiurban,667,31,0,0.0274
APP-001062,Male,No,2,Graduate,No,25448.36,0.0,72972.15,240,1,Urban,804,52,1,0.9997
APP-001063,Female,No,3+,Not Graduate,No,68568.05,0.0,174812.58,240,0,Urban,641,49,0,0.5932
APP-001064,Male,Yes,0,Not Graduate,No,39556.6,0.0,190402.95,300,1,Urban,776,24,1,0.9946
APP-001065,Female,No,2,Graduate,Yes,29728.6,0.0,196981.1,240,1,Semiurban,625,59,0,0.0412
APP-001066,Male,Yes,0,Graduate,No,68170.88,17665.32,255737.87,360,0,Urban,675,45,1,0.9688
APP-001067,Male,Yes,0,Graduate,No,22089.85,63657.71,276275.06,300,1,Rural,589,69,0,0.6874
APP-001068,Female,Yes,2,Graduate,No,64734.94,63381.33,254627.89,120,1,Urban,719,50,1,0.9844
APP-001069,Female,No,0,Graduate,No,13490.08,0.0,31806.65,360,1,Rural,803,45,1,0.9999
APP-001070,Male,Yes,0,Graduate,Yes,46964.04,0.0,112630.96,120,1,Semiurban,673,60,1,0.6992
APP-001071,Male,No,1,Graduate,No,41114.42,0.0,271721.87,360,1,Rural,663,24,1,0.6343
APP-001072,Female,No,0,Graduate,No,29826.94,29438.4,115660.36,240,1,Rural,585,24,0,0.7101
APP-001073,Female,No,0,Graduate,No,49726.52,0.0,260647.37,120,0,Semiurban,661,21,0,0.0006
APP-001074,Male,Yes,0,Not Graduate,No,38416.27,0.0,145349.22,360,1,Semiurban,545,68,0,0.2182
APP-001075,Female,Yes,0,Not Graduate,No,71688.28,19227.99,500000.0,240,0,Semiurban,602,56,0,0.0288
APP-001076,Female,Yes,1,Not Graduate,No,54616.05,0.0,393511.74,360,1,Rural,699,50,1,0.8367
APP-001077,Male,Yes,1,Graduate,No,51481.71,0.0,216535.31,240,1,Urban,792,24,1,0.9966
APP-001078,Male,Yes,0,Graduate,No,47123.34,17270.01,457231.6,240,1,Semiurban,850,32,1,0.9948
APP-001079,Female,Yes,2,Graduate,Yes,30955.58,26051.32,488142.24,240,1,Semiurban,630,58,0,0.0088
APP-001080,Male,Yes,3+,Graduate,No,33996.34,0.0,265631.06,240,1,Rural,802,25,1,0.8192
APP-001081,Female,No,2,Not Graduate,No,46005.61,0.0,144934.11,360,1,Urban,701,28,1,0.986
APP-001082,Female,No,0,Graduate,No,36484.85,0.0,64113.12,120,0,Semiurban,667,52,1,0.743
APP-001083,Female,Yes,1,Graduate,No,73961.43,0.0,298080.41,240,1,Urban,717,37,1,0.9759
APP-001084,Male,No,0,Graduate,No,42251.6,0.0,195179.15,240,1,Rural,685,52,1,0.8774
APP-001085,Male,Yes,0,Graduate,No,49354.37,0.0,87356.32,300,0,Urban,689,36,0,0.983
APP-001086,Male,Yes,2,Not Graduate,No,18555.54,0.0,81308.98,180,0,Rural,645,27,0,0.024
APP-001087,Female,Yes,0,Graduate,No,67425.37,0.0,90313.68,240,1,Urban,561,42,1,0.7952
APP-001088,Male,No,3+,Not Graduate,No,29154.21,35453.72,500000.0,300,0,Rural,549,36,0,0.0009
APP-001089,Female,Yes,0,Graduate,No,22618.89,14877.09,198159.62,360,1,Semiurban,736,47,1,0.9954
APP-001090,Male,No,1,Graduate,No,99250.51,0.0,292821.2,360,1,Rural,656,25,1,0.9505
APP-001091,Female,Yes,1,Graduate,No,58905.62,0.0,265855.05,180,1,Urban,629,64,1,0.1875
APP-001092,Male,Yes,1,Graduate,No,68693.0,79539.46,500000.0,240,0,Rural,681,63,1,0.8265
APP-001093,Male,Yes,1,Graduate,No,51532.75,0.0,273015.66,240,1,Semiurban,748,48,1,0.9685
APP-001094,Male,Yes,0,Graduate,No,38130.4,33709.68,315977.41,300,1,Urban,695,32,1,0.9781
APP-001095,Male,No,0,Graduate,No,34413.97,0.0,224461.81,240,1,Rural,624,47,0,0.0967
APP-001096,Female,No,2,Not Graduate,No,61605.76,28553.35,217248.58,180,1,Urban,784,43,1,0.9988
APP-001097,Male,Yes,2,Graduate,Yes,74823.36,0.0,300968.11,300,1,Urban,814,27,1,0.999
APP-001098,Female,Yes,1,Graduate,No,38657.61,0.0,368241.95,120,1,Urban,722,52,0,0.0
APP-001099,Female,No,3+,Graduate,No,125479.61,29845.97,500000.0,120,1,Semiurban,763,61,1,0.9317
APP-001100,Male,No,0,Not Graduate,No,36007.22,45020.79,385067.63,360,1,Semiurban,786,30,1,0.9987
APP-001101,Male,Yes,3+,Not Graduate,No,18644.29,0.0,50788.97,360,1,Urban,776,50,1,0.9995
APP-001102,Male,Yes,1,Graduate,No,15570.95,61345.94,500000.0,300,1,Semiurban,732,54,1,0.9635
APP-001103,Female,Yes,3+,Graduate,No,15862.67,34915.37,246125.38,120,0,Rural,731,28,0,0.0153
APP-001104,Male,Yes,1,Graduate,No,31965.21,0.0,77341.23,240,1,Semiurban,724,46,1,0.9964
APP-001105,Female,No,2,Graduate,No,35326.55,0.0,245992.24,240,1,Rural,587,27,0,0.0074
APP-001106,Male,No,3+,Not Graduate,No,58420.95,0.0,153657.26,360,1,Urban,740,54,1,0.9982
APP-001107,Female,Yes,2,Graduate,No,39508.28,42754.72,477054.48,360,0,Semiurban,565,51,0,0.0486
APP-001108,Female,No,0,Graduate,No,63822.05,0.0,432502.21,240,1,Semiurban,612,57,0,0.0582
APP-001109,Male,No,2,Not Graduate,No,41138.14,0.0,436566.66,240,1,Semiurban,791,59,0,0.1992
APP-001110,Female,Yes,1,Graduate,No,40434.42,0.0,190644.61,180,1,Urban,751,32,1,0.9123
APP-001111,Male,Yes,0,Graduate,No,29212.93,0.0,127305.8,360,1,Semiurban,806,41,1,0.9997
APP-001112,Male,Yes,2,Not Graduate,No,87765.49,0.0,150289.09,240,0,Urban,657,21,1,0.764
APP-001113,Female,Yes,1,Graduate,No,17286.54,0.0,60004.93,360,0,Urban,582,49,0,0.3443
APP-001114,Female,No,1,Graduate,Yes,47368.88,0.0,146430.0,360,1,Semiurban,660,29,1,0.9384
APP-001115,Male,No,2,Graduate,No,36318.85,0.0,142736.1,180,1,Semiurban,689,48,1,0.773
APP-001116,Female,No,2,Graduate,No,61695.42,0.0,208131.64,360,1,Rural,687,49,1,0.9852
APP-001117,Female,No,1,Graduate,No,39677.67,0.0,240948.24,360,1,Urban,776,58,1,0.9973
APP-001118,Female,Yes,1,Graduate,No,40326.09,0.0,133646.17,300,1,Rural,649,47,1,0.9307
APP-001119,Female,Yes,1,Graduate,No,34660.23,65755.25,500000.0,180,1,Semiurban,710,39,1,0.6947
APP-001120,Male,Yes,1,Not Graduate,No,86360.96,0.0,349515.28,180,1,Semiurban,596,61,0,0.0718
APP-001121,Male,Yes,3+,Not Graduate,No,40187.98,0.0,129455.17,180,0,Urban,718,24,1,0.6342
APP-001122,Female,No,0,Graduate,No,118575.86,0.0,366660.7,240,0,Rural,680,27,1,0.7813
APP-001123,Female,No,0,Graduate,No,46617.71,14108.95,287501.31,240,1,Semiurban,616,55,1,0.4627
APP-001124,Female,Yes,1,Not Graduate,No,40618.05,11078.06,408385.51,360,0,Urban,660,24,0,0.1332
APP-001125,Male,No,1,Graduate,Yes,37051.72,11014.71,147482.11,240,1,Semiurban,664,44,1,0.9241
APP-001126,Female,Yes,0,Not Graduate,No,54739.22,0.0,238405.49,240,0,Urban,657,50,0,0.3916
APP-001127,Male,Yes,0,Graduate,No,29038.67,0.0,153908.1,360,1,Rural,831,50,1,0.9997
APP-001128,Male,Yes,1,Graduate,No,43484.43,0.0,183733.58,300,1,Rural,672,51,1,0.9341
APP-001129,Male,Yes,0,Graduate,No,40314.86,0.0,77837.99,240,1,Semiurban,659,36,1,0.9791
APP-001130,Female,No,1,Not Graduate,No,47996.64,40732.55,469257.26,360,0,Urban,502,59,0,0.007
APP-001131,Female,No,2,Graduate,No,48655.33,0.0,105306.89,240,1,Semiurban,604,39,1,0.798
APP-001132,Male,No,0,Not Graduate,No,50065.99,15847.45,143549.6,300,1,Urban,658,36,1,0.9831
APP-001133,Female,Yes,1,Not Graduate,Yes,42285.42,18240.39,143445.45,240,1,Rural,622,44,1,0.7616
APP-001134,Male,Yes,1,Graduate,No,95122.32,42300.55,500000.0,300,1,Semiurban,797,22,1,0.9993
APP-001135,Male,Yes,3+,Graduate,No,50635.74,0.0,139914.65,360,1,Semiurban,666,21,1,0.9536
APP-001136,Male,No,3+,Not Graduate,No,168264.51,28794.64,440343.45,300,1,Urban,790,65,1,0.9997
APP-001137,Male,Yes,1,Graduate,No,41250.49,0.0,208649.34,180,1,Urban,685,45,0,0.4581
APP-001138,Male,Yes,0,Not Graduate,No,68009.47,0.0,286436.59,360,1,Urban,683,37,1,0.9717
APP-001139,Female,No,3+,Graduate,No,26921.3,0.0,161396.42,300,1,Semiurban,672,48,1,0.7149
APP-001140,Male,Yes,0,Graduate,No,86719.5,33685.2,369658.48,360,1,Semiurban,680,46,1,0.993
APP-001141,Male,No,1,Not Graduate,No,27245.51,11959.53,162421.87,120,1,Rural,826,42,1,0.9321
APP-001142,Male,No,3+,Graduate,No,51571.94,0.0,315173.93,300,0,Rural,483,29,0,0.0003
APP-001143,Male,No,1,Graduate,No,34702.43,25265.55,141570.59,360,0,Semiurban,510,39,0,0.0806
APP-001144,Male,Yes,1,Graduate,No,51462.27,0.0,162899.57,300,1,Urban,634,31,1,0.8985
APP-001145,Female,No,0,Graduate,Yes,35272.61,19242.79,363303.69,180,1,Semiurban,681,27,0,0.0316
APP-001146,Male,No,2,Graduate,No,26001.54,0.0,111827.56,360,1,Rural,739,69,1,0.994
APP-001147,Female,No,0,Graduate,No,34565.95,0.0,137705.33,120,1,Semiurban,720,42,1,0.4251
APP-001148,Male,Yes,0,Not Graduate,Yes,93701.46,0.0,392583.28,240,0,Semiurban,647,27,0,0.1233
APP-001149,Male,Yes,0,Graduate,No,51896.26,62209.5,500000.0,180,1,Urban,767,50,1,0.9853
APP-001150,Female,Yes,1,Graduate,No,19754.42,52033.52,302743.13,240,1,Urban,768,61,1,0.9967
APP-001151,Male,Yes,3+,Graduate,No,73310.6,0.0,319005.63,120,1,Semiurban,696,55,0,0.0833
APP-001152,Male,Yes,0,Graduate,No,24579.48,0.0,103998.55,300,1,Rural,762,55,1,0.9975
APP-001153,Male,No,1,Graduate,No,60406.24,0.0,124452.46,360,1,Rural,703,66,1,0.9967
APP-001154,Female,No,1,Not Graduate,No,54406.6,15315.78,372671.72,240,0,Rural,632,59,0,0.0657
APP-001155,Male,Yes,1,Graduate,No,56329.34,0.0,165951.84,300,1,Rural,739,35,1,0.9972
APP-001156,Female,Yes,2,Not Graduate,No,111218.73,0.0,268675.73,240,1,Semiurban,689,28,1,0.9643
APP-001157,Female,No,1,Graduate,No,25444.31,0.0,49431.48,360,1,Semiurban,680,51,1,0.9951
APP-001158,Female,Yes,2,Graduate,Yes,56158.71,0.0,119789.49,360,1,Urban,805,49,1,0.9999
APP-001159,Male,Yes,0,Graduate,No,80239.7,30134.52,169469.87,360,0,Rural,472,60,0,0.0441
APP-001160,Male,Yes,0,Not Graduate,No,28174.2,0.0,75726.27,360,1,Semiurban,559,21,0,0.3523
APP-001161,Female,Yes,2,Graduate,No,26631.11,0.0,93362.45,300,1,Semiurban,579,66,1,0.4423
APP-001162,Female,Yes,0,Graduate,No,34270.73,0.0,235534.4,120,0,Rural,649,52,0,0.0
APP-001163,Male,Yes,3+,Graduate,Yes,47983.05,0.0,210223.68,360,1,Urban,658,62,1,0.8745
APP-001164,Male,No,1,Graduate,No,18476.19,0.0,88283.77,360,1,Semiurban,552,31,0,0.1665
APP-001165,Female,No,0,Graduate,No,54353.87,0.0,412088.98,240,1,Urban,596,43,0,0.0171
APP-001166,Male,Yes,1,Not Graduate,No,18497.43,11655.51,35631.54,240,1,Urban,607,22,0,0.8919
APP-001167,Female,No,0,Not Graduate,No,81742.71,0.0,415642.84,300,1,Rural,850,58,1,0.9996
APP-001168,Female,No,2,Graduate,No,53240.35,0.0,261522.89,240,1,Urban,833,69,1,0.9986
APP-001169,Female,Yes,1,Not Graduate,No,114947.06,0.0,500000.0,360,1,Rural,645,23,1,0.7352
APP-001170,Female,Yes,0,Graduate,No,57978.71,0.0,110139.04,180,0,Semiurban,649,24,0,0.6867
APP-001171,Female,Yes,2,Not Graduate,No,33941.09,0.0,111756.26,180,1,Semiurban,582,27,1,0.0672
APP-001172,Male,No,2,Graduate,No,25867.11,29261.32,154581.68,120,1,Rural,518,35,0,0.005
APP-001173,Male,Yes,1,Graduate,No,45770.27,0.0,109298.55,300,0,Semiurban,670,39,1,0.9279
APP-001174,Male,Yes,1,Graduate,Yes,39472.61,25181.03,500000.0,360,0,Urban,595,39,0,0.0252
APP-001175,Male,Yes,2,Not Graduate,No,77062.84,0.0,254651.79,300,1,Semiurban,673,32,1,0.9337
APP-001176,Male,No,0,Graduate,No,24082.96,0.0,155828.91,180,1,Semiurban,544,43,0,0.0007
APP-001177,Male,No,3+,Graduate,No,121965.82,0.0,500000.0,360,1,Semiurban,615,48,0,0.7518
APP-001178,Male,Yes,1,Graduate,No,80912.8,40221.28,270104.09,240,1,Rural,693,38,1,0.9914
APP-001179,Male,Yes,3+,Graduate,No,35884.55,0.0,120783.05,180,0,Semiurban,711,40,1,0.7138
APP-001180,Female,Yes,3+,Graduate,No,107882.88,20955.93,500000.0,180,1,Semiurban,715,58,1,0.9096
APP-001181,Female,Yes,0,Graduate,No,26089.27,0.0,132885.02,240,0,Urban,568,51,0,0.0195
APP-001182,Male,Yes,0,Not Graduate,No,44939.59,10149.91,272537.23,300,0,Urban,753,33,1,0.9665
APP-001183,Female,Yes,1,Graduate,Yes,19889.37,0.0,186624.6,300,1,Urban,612,54,0,0.0159
APP-001184,Male,Yes,0,Graduate,No,110814.52,0.0,500000.0,120,1,Rural,734,29,0,0.188
APP-001185,Female,Yes,1,Graduate,No,16218.98,60368.0,438801.52,360,1,Urban,679,58,1,0.9545
APP-001186,Male,Yes,0,Not Graduate,No,18174.18,0.0,119789.08,240,0,Rural,563,47,0,0.0015
APP-001187,Female,Yes,3+,Graduate,No,28308.23,0.0,221828.76,240,1,Semiurban,653,41,0,0.0437
APP-001188,Male,No,0,Graduate,No,83056.64,0.0,267511.91,300,1,Semiurban,711,43,1,0.9942
APP-001189,Female,No,0,Graduate,No,67857.47,13547.13,170484.18,300,0,Rural,732,27,1,0.9928
APP-001190,Male,No,1,Graduate,No,42921.49,28449.83,231576.11,360,1,Urban,668,36,1,0.9858
APP-001191,Female,Yes,0,Not Graduate,No,70291.73,0.0,161502.2,240,1,Urban,810,27,1,0.9997
APP-001192,Female,Yes,2,Graduate,No,37666.35,0.0,103175.11,180,1,Urban,766,31,1,0.9958
APP-001193,Female,Yes,0,Graduate,No,50631.84,0.0,225765.15,360,0,Rural,658,33,1,0.7024
APP-001194,Male,Yes,1,Graduate,Yes,99553.39,0.0,330842.51,240,1,Semiurban,744,53,1,0.9919
APP-001195,Male,Yes,1,Graduate,Yes,35044.0,0.0,199983.97,300,1,Semiurban,844,55,1,0.9991
APP-001196,Male,No,3+,Graduate,No,26330.81,0.0,128684.36,120,1,Rural,847,67,1,0.8078
APP-001197,Male,No,3+,Not Graduate,Yes,51984.69,0.0,261147.35,240,0,Semiurban,576,28,0,0.0029
APP-001198,Male,Yes,2,Graduate,No,60303.83,0.0,145498.27,360,1,Semiurban,601,24,1,0.7886
APP-001199,Male,Yes,1,Graduate,No,42648.45,0.0,122495.52,360,1,Rural,806,42,1,0.9999
APP-001200,Male,Yes,1,Graduate,Yes,69693.32,0.0,125790.33,360,0,Semiurban,590,31,0,0.4122
APP-001201,Male,No,0,Graduate,No,35929.27,0.0,197782.84,360,1,Semiurban,568,35,0,0.223
APP-001202,Male,No,3+,Graduate,No,43051.41,0.0,435878.64,300,1,Semiurban,639,64,0,0.02
APP-001203,Female,No,3+,Not Graduate,No,49316.61,16059.37,302057.25,300,1,Urban,716,22,1,0.9486
APP-001204,Female,No,0,Graduate,No,47006.85,0.0,226049.95,120,0,Rural,671,31,0,0.0029
APP-001205,Male,Yes,1,Not Graduate,No,97469.95,0.0,327119.98,360,0,Urban,625,31,0,0.5318
APP-001206,Male,Yes,1,Graduate,No,49180.67,23178.87,279833.04,360,0,Urban,623,38,1,0.6591
APP-001207,Female,Yes,1,Graduate,Yes,33957.12,0.0,256901.79,360,0,Urban,619,60,0,0.0519
APP-001208,Female,Yes,1,Graduate,Yes,53658.22,0.0,238286.24,240,1,Rural,605,49,0,0.1899
APP-001209,Female,No,1,Graduate,Yes,69903.29,18110.35,500000.0,240,1,Semiurban,850,42,1,0.9981
APP-001210,Male,No,2,Graduate,No,61440.81,11439.04,500000.0,360,1,Urban,705,21,1,0.8972
APP-001211,Female,Yes,1,Not Graduate,No,59596.03,32064.93,500000.0,360,1,Urban,755,63,1,0.9955
APP-001212,Male,Yes,0,Graduate,Yes,17607.36,46045.34,275335.78,240,1,Urban,638,22,0,0.4703
APP-001213,Male,No,0,Not Graduate,No,12000.0,21897.02,151555.08,120,1,Urban,664,26,0,0.0224
APP-001214,Male,Yes,0,Graduate,Yes,80934.5,0.0,289975.28,360,0,Urban,619,30,0,0.4369
APP-001215,Female,Yes,1,Graduate,No,51091.41,0.0,272634.91,300,0,Semiurban,455,41,0,0.0005
APP-001216,Male,No,1,Graduate,Yes,39661.35,0.0,140384.03,300,0,Urban,563,61,0,0.0732
APP-001217,Female,Yes,0,Graduate,No,58798.53,0.0,293438.09,360,0,Rural,526,61,0,0.019
APP-001218,Female,Yes,0,Graduate,No,115846.4,31458.51,500000.0,300,0,Urban,489,23,0,0.0099
APP-001219,Female,No,3+,Graduate,Yes,87329.37,0.0,174327.26,300,0,Rural,578,49,0,0.2091
APP-001220,Female,No,2,Graduate,No,68133.3,36532.33,193428.07,360,1,Rural,793,54,1,0.9999
APP-001221,Male,No,1,Graduate,Yes,24644.3,0.0,102971.15,240,1,Urban,676,49,1,0.8436
APP-001222,Female,Yes,0,Graduate,No,26469.94,0.0,152473.39,240,1,Urban,790,40,1,0.9909
APP-001223,Female,No,2,Not Graduate,No,12000.0,43429.35,268864.14,240,1,Semiurban,715,40,1,0.9087
APP-001224,Female,No,0,Graduate,No,56864.83,0.0,140578.61,360,1,Rural,747,30,1,0.999
APP-001225,Male,Yes,3+,Graduate,Yes,73846.58,0.0,471943.24,180,0,Semiurban,603,46,0,0.0004
APP-001226,Male,Yes,1,Graduate,No,77234.22,0.0,500000.0,360,1,Urban,725,32,1,0.9714
APP-001227,Male,No,0,Not Graduate,No,58191.05,0.0,167808.54,240,1,Urban,742,69,1,0.9958
APP-001228,Female,Yes,0,Graduate,No,36874.05,0.0,113437.04,300,1,Rural,631,38,1,0.9
APP-001229,Male,Yes,2,Not Graduate,No,29426.4,20842.06,216785.41,120,1,Urban,728,49,0,0.2783
APP-001230,Male,Yes,0,Not Graduate,No,25490.2,35653.32,246320.47,240,1,Urban,728,49,1,0.9867
APP-001231,Male,Yes,1,Graduate,No,36684.75,39326.82,500000.0,240,0,Urban,633,28,0,0.0269
APP-001232,Female,Yes,0,Graduate,Yes,23439.91,17751.71,199507.24,360,1,Semiurban,585,59,0,0.4314
APP-001233,Female,Yes,3+,Graduate,No,105427.07,13618.58,445094.85,120,1,Semiurban,579,33,0,0.0054
APP-001234,Male,Yes,2,Graduate,No,19608.05,0.0,64108.59,240,1,Rural,687,47,1,0.9569
APP-001235,Female,Yes,0,Graduate,No,36012.48,17567.37,114865.74,360,1,Urban,708,44,1,0.9989
APP-001236,Female,No,1,Graduate,No,13836.7,7798.73,170819.96,300,1,Semiurban,613,37,0,0.0906
APP-001237,Male,No,1,Not Graduate,No,47245.14,0.0,267144.6,360,1,Rural,682,23,1,0.8021
APP-001238,Male,Yes,0,Graduate,No,40082.25,0.0,164057.27,360,1,Rural,728,36,1,0.9949
APP-001239,Male,No,1,Graduate,No,32983.59,22954.5,250429.44,300,1,Urban,733,45,1,0.9945
APP-001240,Male,No,0,Graduate,No,24027.86,19967.03,178685.18,240,1,Semiurban,812,58,1,0.9994
APP-001241,Female,Yes,0,Graduate,No,40189.22,16097.9,108415.48,240,1,Rural,789,38,1,0.9998
APP-001242,Male,No,3+,Not Graduate,No,29748.87,0.0,66902.74,120,1,Rural,595,22,0,0.0541
APP-001243,Male,Yes,0,Graduate,No,37224.51,17447.04,212604.21,180,1,Rural,823,69,1,0.9981
APP-001244,Male,Yes,1,Not Graduate,No,117781.5,0.0,454544.26,300,1,Rural,635,30,0,0.6869
APP-001245,Female,Yes,3+,Graduate,No,44121.28,24329.45,290225.4,360,1,Urban,769,45,1,0.999
APP-001246,Male,Yes,0,Not Graduate,No,53802.59,162771.78,500000.0,300,1,Urban,686,49,1,0.9943
APP-001247,Male,No,0,Graduate,No,31086.98,19942.29,191243.36,240,0,Rural,645,22,0,0.3531
APP-001248,Female,Yes,2,Not Graduate,No,26070.52,31657.29,174600.16,360,1,Rural,526,51,1,0.2015
APP-001249,Female,No,1,Graduate,No,39631.25,0.0,173031.21,240,1,Urban,665,66,1,0.8202
APP-001250,Male,Yes,2,Graduate,No,159079.49,19918.4,406990.65,240,1,Rural,547,53,0,0.3866
APP-001251,Male,Yes,1,Graduate,No,34266.2,62157.26,440871.89,180,1,Urban,762,58,1,0.9719
APP-001252,Female,No,3+,Graduate,No,48961.56,0.0,150635.71,360,1,Rural,809,29,1,0.9997
APP-001253,Male,Yes,0,Graduate,No,25447.7,0.0,120048.96,300,1,Urban,612,42,0,0.6364
APP-001254,Male,Yes,1,Graduate,No,12000.0,13180.38,98983.4,300,1,Semiurban,706,69,1,0.9864
APP-001255,Female,Yes,2,Graduate,No,25993.27,0.0,103976.53,360,1,Rural,618,48,1,0.7883
APP-001256,Male,Yes,0,Graduate,No,148656.01,0.0,500000.0,300,0,Semiurban,627,65,0,0.5911
APP-001257,Male,No,1,Graduate,No,55684.92,0.0,330360.3,240,1,Urban,746,54,1,0.9471
APP-001258,Male,Yes,1,Not Graduate,No,98963.69,0.0,500000.0,300,0,Urban,677,53,1,0.6036
APP-001259,Male,Yes,1,Graduate,No,33148.5,0.0,193144.02,180,1,Semiurban,828,47,1,0.9736
APP-001260,Female,No,0,Not Graduate,No,12000.0,26266.55,146106.86,240,1,Semiurban,639,34,0,0.7148
APP-001261,Female,Yes,1,Graduate,No,21811.88,0.0,69949.52,300,1,Rural,765,54,1,0.9989
APP-001262,Male,Yes,1,Graduate,Yes,49929.32,41094.99,453598.75,120,1,Semiurban,688,59,0,0.0179
APP-001263,Male,Yes,1,Graduate,No,45738.13,0.0,376372.31,360,1,Urban,748,43,1,0.9668
APP-001264,Male,Yes,0,Not Graduate,No,39905.4,60263.96,500000.0,120,1,Urban,642,46,0,0.0061
APP-001265,Female,Yes,0,Graduate,No,29982.32,0.0,92765.48,240,0,Semiurban,676,52,0,0.8615
APP-001266,Female,Yes,1,Graduate,No,67295.16,40436.79,500000.0,240,0,Semiurban,670,58,0,0.5125
APP-001267,Male,Yes,1,Not Graduate,No,30462.73,15650.24,217239.55,300,1,Urban,609,45,0,0.5433
APP-001268,Male,Yes,3+,Graduate,No,47538.69,60656.43,500000.0,180,1,Rural,736,38,1,0.8475
APP-001269,Female,No,0,Graduate,No,44686.67,0.0,218177.53,360,1,Semiurban,735,21,1,0.9889
APP-001270,Male,No,3+,Graduate,No,32771.8,0.0,157335.02,240,0,Rural,730,47,1,0.7692
APP-001271,Female,Yes,2,Graduate,No,24718.0,0.0,61927.6,240,1,Semiurban,811,54,1,0.9998
APP-001272,Female,Yes,0,Graduate,No,31728.43,0.0,193183.26,180,1,Urban,803,24,1,0.8872
APP-001273,Female,Yes,1,Graduate,No,112475.64,0.0,256459.14,360,1,Rural,648,61,1,0.9761
APP-001274,Female,Yes,0,Not Graduate,No,74001.92,21851.79,425447.73,240,1,Semiurban,712,47,1,0.9567
APP-001275,Male,Yes,1,Not Graduate,No,70348.29,0.0,234067.93,240,1,Semiurban,627,52,0,0.6942
APP-001276,Male,Yes,2,Graduate,No,26041.45,0.0,84377.04,180,1,Semiurban,682,22,1,0.7649
APP-001277,Female,No,0,Graduate,No,18201.71,0.0,100854.91,300,1,Rural,629,50,0,0.547
APP-001278,Male,Yes,3+,Not Graduate,No,73355.43,9216.92,351505.25,240,1,Rural,818,33,1,0.9976
APP-001279,Male,Yes,1,Graduate,No,66013.99,23163.49,129488.16,180,1,Urban,711,64,1,0.9977
APP-001280,Male,Yes,1,Graduate,No,43281.78,0.0,168797.67,360,1,Rural,661,62,1,0.9525
APP-001281,Female,Yes,1,Graduate,No,32735.1,0.0,117178.89,360,0,Urban,781,42,1,0.998
APP-001282,Female,Yes,0,Graduate,No,17940.76,0.0,134682.39,240,0,Semiurban,495,60,0,0.0001
APP-001283,Female,Yes,0,Graduate,No,64671.13,9795.12,181501.89,240,1,Rural,509,44,0,0.1586
APP-001284,Male,No,1,Graduate,No,77062.67,12930.36,500000.0,240,1,Semiurban,748,41,1,0.9665
APP-001285,Female,No,1,Graduate,No,27625.63,0.0,173168.97,360,1,Urban,685,54,1,0.9311
APP-001286,Male,No,1,Not Graduate,No,26385.51,0.0,99255.94,300,0,Urban,701,41,1,0.9062
APP-001287,Female,Yes,0,Graduate,No,79426.24,16911.59,340144.36,180,0,Semiurban,567,36,0,0.0251
APP-001288,Male,Yes,2,Graduate,No,28197.1,45943.15,237160.48,300,0,Urban,678,29,1,0.8954
APP-001289,Female,No,1,Not Graduate,No,106775.43,0.0,500000.0,240,1,Urban,850,40,1,0.9993
APP-001290,Male,No,3+,Not Graduate,No,37798.38,0.0,113038.79,120,1,Rural,750,61,1,0.8509
APP-001291,Female,Yes,1,Graduate,No,32447.9,0.0,131214.53,360,1,Urban,694,24,1,0.9785
APP-001292,Female,Yes,0,Graduate,No,41143.01,21670.6,164219.19,180,1,Urban,643,30,1,0.8724
APP-001293,Male,Yes,2,Graduate,No,32446.65,0.0,190631.6,240,1,Semiurban,646,24,0,0.1616
APP-001294,Female,No,3+,Graduate,No,74564.28,57864.52,500000.0,300,1,Semiurban,499,24,0,0.0249
APP-001295,Male,No,1,Not Graduate,No,65329.28,16043.97,281029.03,300,0,Urban,702,59,1,0.9488
APP-001296,Male,Yes,0,Graduate,No,73017.8,9621.08,315984.25,120,1,Semiurban,752,52,1,0.8254
APP-001297,Female,Yes,1,Graduate,No,44421.81,9174.74,167283.05,300,1,Urban,546,63,1,0.4209
APP-001298,Male,Yes,2,Graduate,No,31225.96,0.0,153274.74,360,0,Rural,624,65,0,0.2958
APP-001299,Female,Yes,0,Not Graduate,No,39935.25,18493.21,141602.68,360,0,Semiurban,582,54,1,0.4831
APP-001300,Female,Yes,0,Not Graduate,Yes,31756.95,35926.64,432993.49,180,1,Semiurban,598,64,0,0.0024
APP-001301,Female,No,2,Graduate,Yes,89915.72,21140.17,500000.0,120,1,Semiurban,685,56,0,0.0378
APP-001302,Male,Yes,0,Graduate,Yes,69650.88,0.0,242646.11,360,0,Urban,503,66,0,0.0173
APP-001303,Male,Yes,2,Graduate,Yes,38164.55,0.0,211953.95,300,1,Urban,732,56,1,0.9604
APP-001304,Male,Yes,3+,Graduate,Yes,24111.37,45066.26,351269.94,240,0,Semiurban,744,29,1,0.692
APP-001305,Male,Yes,0,Graduate,No,93663.31,0.0,249428.81,360,1,Semiurban,659,24,1,0.972
APP-001306,Female,Yes,3+,Graduate,No,43268.33,9877.36,408035.54,180,0,Rural,469,67,0,0.0
APP-001307,Female,No,2,Graduate,No,37361.94,0.0,51790.36,360,0,Urban,595,53,0,0.7544
APP-001308,Male,Yes,2,Graduate,Yes,94118.41,0.0,500000.0,300,1,Rural,785,25,1,0.9865
APP-001309,Female,Yes,1,Not Graduate,No,30318.95,11563.64,165911.57,360,0,Urban,444,49,0,0.0024
APP-001310,Male,No,0,Graduate,No,33677.67,31200.56,431928.0,300,1,Urban,650,59,0,0.6413
APP-001311,Female,No,1,Graduate,No,35351.02,20773.01,457489.07,360,0,Semiurban,580,54,0,0.0191
APP-001312,Male,Yes,0,Graduate,No,19455.54,0.0,68427.41,240,1,Urban,748,53,1,0.9967
APP-001313,Male,Yes,1,Graduate,No,47746.19,0.0,171518.33,180,1,Rural,623,66,0,0.3173
APP-001314,Male,No,1,Graduate,No,26389.21,0.0,129611.13,240,1,Semiurban,714,38,1,0.9229
APP-001315,Male,Yes,3+,Graduate,Yes,29322.28,34267.69,162766.57,360,1,Rural,728,48,1,0.9968
APP-001316,Male,Yes,0,Not Graduate,No,27243.23,0.0,100037.97,300,1,Rural,836,57,1,0.9998
APP-001317,Male,No,0,Graduate,No,29059.81,0.0,102708.28,240,1,Semiurban,663,39,1,0.9133
APP-001318,Male,No,0,Not Graduate,Yes,25300.95,0.0,63248.57,180,1,Urban,712,36,1,0.9668
APP-001319,Male,Yes,2,Not Graduate,No,45980.28,36053.1,283159.56,300,1,Urban,554,46,0,0.2969
APP-001320,Male,Yes,0,Graduate,No,36843.11,8835.76,273282.6,300,1,Semiurban,781,21,1,0.9917
APP-001321,Male,Yes,0,Not Graduate,No,41208.69,0.0,238660.57,300,0,Rural,615,30,0,0.0479
APP-001322,Male,No,2,Graduate,No,146471.1,12375.22,500000.0,360,0,Urban,632,35,1,0.7733
APP-001323,Male,No,0,Graduate,No,36843.75,0.0,161540.3,180,1,Rural,678,31,1,0.5072
APP-001324,Female,No,1,Not Graduate,No,55978.4,0.0,208112.23,300,0,Rural,547,61,0,0.0306
APP-001325,Female,Yes,1,Graduate,No,59594.13,0.0,115001.17,240,1,Semiurban,699,41,1,0.9945
APP-001326,Male,No,3+,Graduate,No,38771.04,22862.61,166283.45,180,1,Semiurban,762,35,1,0.9957
APP-001327,Male,Yes,1,Graduate,No,46657.53,0.0,306243.24,240,1,Rural,705,67,0,0.552
APP-001328,Female,Yes,1,Not Graduate,Yes,40594.34,0.0,296599.63,360,0,Rural,545,37,0,0.0019
APP-001329,Male,No,0,Not Graduate,No,44864.72,13803.98,169976.3,180,1,Semiurban,669,41,1,0.8917
APP-001330,Female,No,1,Graduate,Yes,29068.66,16312.44,320116.58,240,1,Urban,743,42,1,0.7693
APP-001331,Male,No,1,Graduate,No,30582.52,60255.55,225600.58,300,0,Rural,520,64,0,0.0651
APP-001332,Male,Yes,0,Graduate,Yes,40510.13,50841.0,308585.01,240,1,Urban,589,45,1,0.4786
APP-001333,Male,No,3+,Not Graduate,No,13567.78,39912.59,216123.88,360,1,Semiurban,755,53,1,0.9974
APP-001334,Male,Yes,1,Graduate,No,91385.31,0.0,344521.35,360,1,Semiurban,703,25,1,0.9849
APP-001335,Female,No,1,Graduate,No,131725.03,32179.19,500000.0,300,1,Urban,715,22,1,0.9935
APP-001336,Male,Yes,0,Not Graduate,No,44076.97,0.0,198933.39,240,1,Urban,838,62,1,0.9993
APP-001337,Male,Yes,2,Graduate,No,57873.1,0.0,349903.45,120,1,Semiurban,720,56,0,0.0067
APP-001338,Female,Yes,1,Graduate,No,72735.27,67461.31,310708.8,240,0,Semiurban,736,30,1,0.9898
APP-001339,Male,No,2,Graduate,No,19369.05,0.0,87398.22,300,1,Rural,850,24,1,0.9996
APP-001340,Male,No,2,Not Graduate,No,66873.15,0.0,440103.37,180,0,Urban,662,36,0,0.0038
APP-001341,Male,Yes,2,Graduate,Yes,31743.97,0.0,112389.65,360,1,Rural,612,37,0,0.6566
APP-001342,Female,Yes,1,Graduate,Yes,141477.83,10317.22,500000.0,360,1,Semiurban,716,41,1,0.9946
APP-001343,Female,Yes,2,Graduate,No,36187.07,72337.46,315483.45,360,1,Urban,717,28,1,0.9968
APP-001344,Male,Yes,0,Graduate,No,66138.1,0.0,500000.0,240,0,Urban,635,28,0,0.0091
APP-001345,Male,No,1,Graduate,No,36383.58,0.0,303704.46,360,1,Urban,592,34,0,0.0807
APP-001346,Male,Yes,0,Graduate,No,134346.96,25514.31,500000.0,240,0,Semiurban,850,60,1,0.9997
APP-001347,Male,Yes,3+,Graduate,No,30278.93,10776.54,297689.39,360,0,Rural,708,40,0,0.6431
APP-001348,Female,Yes,1,Graduate,No,76175.78,0.0,256287.17,240,1,Rural,618,46,1,0.6756
APP-001349,Female,Yes,0,Graduate,Yes,56651.45,0.0,225178.51,300,1,Urban,758,40,1,0.9967
APP-001350,Female,Yes,3+,Graduate,No,50129.78,20390.34,186591.08,120,1,Urban,671,51,1,0.7041
APP-001351,Male,Yes,0,Graduate,No,45522.14,0.0,84673.04,300,1,Urban,659,36,1,0.9892
APP-001352,Female,Yes,3+,Not Graduate,No,27809.78,31951.7,196228.8,240,1,Urban,728,39,1,0.9882
APP-001353,Female,No,2,Not Graduate,No,12000.0,0.0,42251.89,180,1,Urban,570,68,0,0.0536
APP-001354,Female,Yes,1,Graduate,No,72469.11,29051.93,500000.0,240,1,Semiurban,710,60,1,0.9389
APP-001355,Male,No,0,Graduate,No,30673.01,5502.24,207078.49,180,1,Semiurban,843,61,1,0.991
APP-001356,Female,Yes,0,Graduate,No,76365.02,78464.39,500000.0,180,0,Urban,720,43,1,0.9256
APP-001357,Female,No,0,Graduate,No,48699.97,14699.72,173026.93,360,1,Urban,648,31,1,0.9804
APP-001358,Female,Yes,3+,Not Graduate,No,77663.54,0.0,246241.2,120,1,Semiurban,637,68,0,0.0665
APP-001359,Male,No,0,Graduate,Yes,62382.55,0.0,500000.0,300,1,Urban,645,51,0,0.1672
APP-001360,Male,Yes,0,Graduate,No,12000.0,0.0,67899.07,120,1,Urban,658,64,0,0.0027
APP-001361,Female,Yes,0,Graduate,No,56285.52,25055.17,500000.0,360,1,Urban,648,69,1,0.8318
APP-001362,Female,Yes,1,Graduate,No,33222.36,25321.42,500000.0,360,1,Rural,758,47,1,0.9707
APP-001363,Female,No,1,Graduate,Yes,76172.53,0.0,241565.54,240,1,Rural,533,29,0,0.0434
APP-001364,Male,No,2,Not Graduate,No,55556.96,114942.77,500000.0,360,1,Urban,753,60,1,0.9991
APP-001365,Male,No,2,Not Graduate,No,55917.52,0.0,158839.13,300,1,Semiurban,648,21,1,0.8402
APP-001366,Female,No,0,Graduate,No,34553.58,0.0,234509.88,300,1,Rural,712,23,1,0.7888
APP-001367,Male,No,0,Graduate,Yes,24295.99,0.0,150330.3,180,1,Semiurban,584,46,0,0.0026
APP-001368,Male,No,1,Graduate,No,31631.61,12795.45,73150.28,360,1,Semiurban,793,60,1,0.9999
APP-001369,Male,Yes,0,Graduate,No,14914.05,0.0,76214.51,360,1,Rural,786,43,1,0.9988
APP-001370,Male,Yes,0,Graduate,Yes,29007.54,0.0,84107.74,180,1,Semiurban,762,24,1,0.9873
APP-001371,Male,Yes,2,Not Graduate,Yes,17938.64,30989.38,178960.89,120,1,Semiurban,551,51,0,0.0014
APP-001372,Male,No,0,Not Graduate,No,18201.2,0.0,57663.54,240,1,Urban,750,37,1,0.996
APP-001373,Male,Yes,3+,Graduate,No,42790.16,0.0,274481.31,180,1,Urban,714,21,0,0.0962
APP-001374,Female,No,2,Not Graduate,No,53837.57,0.0,168745.99,240,0,Urban,544,39,0,0.0259
APP-001375,Male,No,0,Graduate,No,39439.12,0.0,94556.18,360,1,Semiurban,678,28,1,0.9899
APP-001376,Female,Yes,0,Not Graduate,No,30505.59,0.0,90423.67,360,1,Semiurban,711,22,1,0.9902
APP-001377,Male,Yes,0,Not Graduate,No,23835.36,0.0,92262.34,240,1,Semiurban,727,35,1,0.9759
APP-001378,Female,Yes,0,Graduate,Yes,33709.8,53427.2,446789.85,240,1,Urban,695,41,1,0.849
APP-001379,Male,Yes,2,Graduate,No,25534.28,21329.26,342194.93,300,1,Semiurban,705,60,1,0.8019
APP-001380,Male,No,2,Graduate,No,38771.59,20229.38,316927.76,360,1,Semiurban,805,43,1,0.9993
APP-001381,Female,Yes,0,Graduate,No,17381.43,0.0,96361.73,360,1,Rural,784,63,1,0.9982
APP-001382,Female,Yes,0,Not Graduate,No,59025.49,0.0,350825.82,360,0,Urban,436,58,0,0.0004
APP-001383,Female,Yes,1,Not Graduate,No,29381.86,0.0,180943.31,360,1,Urban,653,61,1,0.7367
APP-001384,Female,No,0,Graduate,No,49362.25,0.0,335027.06,300,1,Rural,666,31,1,0.5123
APP-001385,Female,No,0,Graduate,No,65380.03,45161.99,500000.0,180,0,Urban,531,46,0,0.0026
APP-001386,Male,Yes,0,Graduate,No,48065.93,0.0,293818.91,360,1,Semiurban,688,28,1,0.9089
APP-001387,Female,Yes,2,Graduate,No,62287.73,25866.08,427524.61,300,1,Rural,786,64,1,0.9978
APP-001388,Female,No,0,Graduate,No,12878.94,16261.4,100763.61,360,1,Semiurban,588,59,1,0.8046
APP-001389,Male,No,0,Graduate,No,30605.31,0.0,150001.9,360,1,Semiurban,709,69,1,0.9843
APP-001390,Male,No,1,Graduate,No,73621.48,11130.45,500000.0,180,0,Urban,602,24,0,0.0019
APP-001391,Female,No,0,Not Graduate,No,53107.65,0.0,130856.27,240,0,Semiurban,623,30,1,0.4395
APP-001392,Female,Yes,0,Graduate,No,110930.02,24503.39,500000.0,360,1,Rural,806,51,1,0.9999
APP-001393,Female,Yes,3+,Graduate,No,102478.6,12248.2,403638.57,240,1,Semiurban,634,41,1,0.7596
APP-001394,Male,Yes,2,Graduate,Yes,47324.13,0.0,181753.83,180,1,Rural,719,43,1,0.8329
APP-001395,Male,Yes,0,Graduate,No,34940.84,0.0,188379.89,300,0,Urban,521,56,0,0.0085
APP-001396,Female,Yes,0,Graduate,No,23691.19,0.0,79685.36,240,1,Rural,838,50,1,0.9998
APP-001397,Male,Yes,2,Graduate,No,30893.63,84187.86,500000.0,300,1,Rural,731,28,1,0.9859
APP-001398,Male,No,0,Not Graduate,No,32063.2,0.0,81388.69,300,0,Rural,664,62,1,0.8632
APP-001399,Female,No,1,Graduate,No,28961.22,28029.94,360350.94,300,1,Urban,729,53,1,0.9713
APP-001400,Male,No,0,Graduate,No,24219.52,0.0,112769.66,360,0,Semiurban,560,57,1,0.0909
APP-001401,Female,No,1,Graduate,No,50054.47,15517.09,279077.3,240,1,Urban,781,61,1,0.9978
APP-001402,Female,Yes,0,Graduate,No,102043.23,0.0,492261.5,360,1,Urban,652,32,1,0.9091
APP-001403,Female,Yes,1,Graduate,Yes,67056.53,25229.02,389872.94,360,1,Urban,663,37,1,0.9422
APP-001404,Male,Yes,3+,Graduate,No,33613.03,14409.74,249728.83,360,0,Urban,638,58,0,0.5033
APP-001405,Female,No,1,Graduate,No,70102.65,0.0,272241.66,360,1,Semiurban,631,62,1,0.8911
APP-001406,Male,Yes,2,Graduate,No,48564.98,0.0,181638.3,120,1,Semiurban,739,32,0,0.5658
APP-001407,Female,Yes,1,Graduate,Yes,39246.31,0.0,75510.62,300,1,Urban,702,32,1,0.9938
APP-001408,Male,Yes,0,Graduate,No,37921.84,14456.12,412681.97,180,1,Urban,735,21,1,0.0606
APP-001409,Male,Yes,3+,Graduate,No,35955.34,57435.83,235906.94,300,1,Semiurban,679,55,1,0.9882
APP-001410,Male,No,3+,Graduate,No,57416.46,0.0,500000.0,120,1,Semiurban,724,35,0,0.0
APP-001411,Male,Yes,0,Graduate,No,43339.45,16174.55,227502.56,120,0,Semiurban,644,31,0,0.0142
APP-001412,Male,Yes,3+,Graduate,No,26886.17,10769.54,277652.38,360,1,Semiurban,850,23,1,0.9987
APP-001413,Female,Yes,3+,Graduate,No,26179.48,7841.67,231825.36,360,0,Rural,547,44,0,0.0089
APP-001414,Male,Yes,0,Graduate,Yes,47488.71,0.0,312153.5,300,0,Urban,787,65,1,0.9467
APP-001415,Female,Yes,1,Graduate,Yes,50805.41,0.0,221162.85,240,1,Semiurban,796,57,1,0.996
APP-001416,Male,Yes,0,Graduate,No,33785.16,45612.73,197725.11,360,0,Rural,608,25,1,0.6148
APP-001417,Male,Yes,0,Graduate,No,21534.18,22648.01,173540.47,360,1,Semiurban,850,24,1,0.9999
APP-001418,Male,Yes,0,Not Graduate,No,79860.03,39482.28,441633.33,120,1,Urban,765,21,1,0.7647
APP-001419,Female,No,0,Graduate,Yes,71056.64,45085.52,472878.84,180,1,Urban,763,30,1,0.9703
APP-001420,Male,Yes,3+,Graduate,No,13452.81,0.0,33007.15,360,1,Semiurban,682,54,1,0.9905
APP-001421,Female,Yes,0,Not Graduate,No,83848.81,19635.83,387840.65,180,1,Urban,662,27,1,0.6002
APP-001422,Male,No,2,Graduate,Yes,35777.1,13551.19,56446.98,360,1,Semiurban,662,55,1,0.9914
APP-001423,Male,No,3+,Not Graduate,No,44555.59,31435.38,283008.56,300,1,Urban,713,26,1,0.9775
APP-001424,Female,Yes,1,Graduate,Yes,75058.47,34048.06,492223.84,300,1,Semiurban,799,62,1,0.9987
APP-001425,Male,Yes,2,Not Graduate,No,99597.9,0.0,298652.36,180,1,Semiurban,695,26,1,0.8496
APP-001426,Female,Yes,1,Not Graduate,No,69673.54,0.0,263026.38,360,1,Semiurban,603,62,1,0.6772
APP-001427,Female,Yes,0,Graduate,No,45824.16,21367.43,308186.92,300,1,Urban,750,40,1,0.997
APP-001428,Female,No,2,Not Graduate,No,18833.6,39133.91,389805.01,360,1,Rural,758,56,1,0.9847
APP-001429,Male,Yes,1,Graduate,No,13168.36,0.0,90233.56,240,1,Semiurban,736,52,1,0.7952
APP-001430,Female,No,1,Not Graduate,No,65054.94,12542.12,379537.24,360,1,Semiurban,743,36,1,0.9937
APP-001431,Female,Yes,0,Graduate,No,83961.76,0.0,353236.1,180,1,Rural,657,68,0,0.4217
APP-001432,Female,No,1,Graduate,No,25640.93,0.0,128254.77,180,1,Urban,601,51,0,0.0468
APP-001433,Male,Yes,0,Graduate,No,34600.42,29412.24,500000.0,360,1,Urban,606,22,0,0.1695
APP-001434,Male,Yes,3+,Graduate,No,29540.09,12818.88,226296.92,180,1,Urban,541,54,0,0.0034
APP-001435,Male,Yes,3+,Graduate,No,29110.52,41999.1,340871.28,180,1,Urban,700,31,1,0.5826
APP-001436,Female,No,0,Graduate,Yes,72491.79,58547.27,500000.0,180,0,Urban,673,48,1,0.3737
APP-001437,Male,No,2,Graduate,No,45256.66,0.0,197150.96,360,0,Rural,643,28,0,0.463
APP-001438,Male,No,0,Graduate,No,35381.77,0.0,102737.86,360,0,Urban,429,37,0,0.0035
APP-001439,Female,No,2,Not Graduate,Yes,173101.95,14057.3,500000.0,360,1,Urban,574,48,1,0.576
APP-001440,Female,Yes,0,Not Graduate,Yes,18234.46,0.0,83928.63,180,1,Semiurban,775,26,1,0.8843
APP-001441,Female,Yes,1,Graduate,Yes,54249.61,0.0,209605.39,240,1,Urban,624,52,1,0.5477
APP-001442,Male,No,1,Not Graduate,No,22540.34,0.0,122730.09,240,1,Urban,711,25,1,0.7476
APP-001443,Female,No,2,Graduate,No,36805.76,0.0,69408.32,360,1,Rural,562,68,0,0.6488
APP-001444,Male,Yes,0,Graduate,No,43553.75,0.0,145576.22,300,1,Rural,802,67,1,0.9997
APP-001445,Female,Yes,3+,Graduate,Yes,63865.06,29122.73,266949.17,240,1,Semiurban,668,31,1,0.8965
APP-001446,Male,No,0,Graduate,No,34764.43,37097.5,216169.54,240,1,Semiurban,705,50,1,0.9922
APP-001447,Female,Yes,0,Graduate,No,32799.83,0.0,130468.53,240,1,Urban,850,49,1,0.9999
APP-001448,Female,No,0,Not Graduate,No,34423.79,0.0,97440.34,360,1,Semiurban,809,41,1,0.9999
APP-001449,Female,Yes,0,Graduate,Yes,22159.6,0.0,200919.67,300,1,Semiurban,654,39,0,0.0738
APP-001450,Female,No,1,Graduate,No,56827.2,44865.93,500000.0,300,0,Semiurban,630,37,1,0.3177
APP-001451,Male,No,0,Not Graduate,No,46851.29,0.0,139702.02,240,1,Semiurban,652,43,1,0.8987
APP-001452,Female,Yes,1,Graduate,No,50987.86,0.0,99324.46,120,1,Semiurban,723,32,1,0.9759
APP-001453,Female,Yes,3+,Graduate,No,38628.72,34019.92,238193.99,300,1,Semiurban,671,40,1,0.9674
APP-001454,Female,Yes,2,Graduate,No,36095.27,0.0,132660.41,360,1,Urban,646,40,1,0.9412
APP-001455,Male,Yes,1,Graduate,No,76617.45,18697.85,305351.28,180,1,Urban,805,21,1,0.998
APP-001456,Female,Yes,2,Graduate,No,70402.39,27488.9,500000.0,300,0,Semiurban,670,62,0,0.5991
APP-001457,Male,No,0,Not Graduate,No,87390.37,0.0,176972.75,360,1,Rural,850,23,1,1.0
APP-001458,Female,Yes,0,Graduate,No,49262.92,0.0,214892.3,300,1,Rural,688,54,1,0.9635
APP-001459,Male,Yes,3+,Not Graduate,Yes,84454.25,0.0,339590.46,300,1,Semiurban,832,30,1,0.9989
APP-001460,Male,Yes,3+,Graduate,No,31925.32,13393.14,172708.48,360,1,Semiurban,710,23,1,0.9858
APP-001461,Female,No,2,Graduate,No,35937.32,43490.94,141475.83,240,1,Semiurban,762,62,1,0.9996
APP-001462,Female,No,1,Graduate,No,77443.62,68175.75,500000.0,180,1,Urban,618,56,0,0.5252
APP-001463,Female,Yes,2,Graduate,No,63823.83,13991.55,359790.18,240,1,Semiurban,607,36,0,0.285
APP-001464,Male,Yes,0,Graduate,No,34209.28,11730.71,269534.94,180,0,Semiurban,719,49,0,0.197
APP-001465,Male,Yes,1,Not Graduate,No,22574.09,0.0,119611.25,300,1,Rural,764,68,1,0.9865
APP-001466,Female,No,1,Graduate,No,35875.85,0.0,264615.32,360,1,Urban,683,47,0,0.8495
APP-001467,Male,Yes,1,Not Graduate,No,27538.01,19475.75,79809.63,120,0,Urban,571,52,0,0.0887
APP-001468,Female,Yes,0,Graduate,No,103619.1,58423.9,500000.0,360,0,Urban,564,37,1,0.329
APP-001469,Female,No,1,Graduate,No,60963.0,0.0,500000.0,360,1,Urban,559,27,0,0.0227
APP-001470,Female,Yes,0,Graduate,No,26337.33,0.0,180915.29,180,0,Semiurban,530,69,0,0.0
APP-001471,Male,No,2,Graduate,No,22589.83,0.0,50071.63,240,1,Rural,689,67,1,0.9837
APP-001472,Male,No,1,Not Graduate,No,26158.45,0.0,116028.29,180,0,Urban,776,35,1,0.8415
APP-001473,Male,No,1,Not Graduate,No,29514.77,47681.79,205412.61,360,0,Urban,679,37,1,0.9534
APP-001474,Female,Yes,3+,Graduate,No,36618.72,29458.39,231975.2,300,1,Urban,488,65,0,0.043
APP-001475,Male,Yes,3+,Graduate,No,74087.39,15265.63,500000.0,360,0,Semiurban,664,57,0,0.613
APP-001476,Male,Yes,2,Graduate,Yes,23586.17,0.0,154776.61,360,1,Rural,666,24,0,0.4775
APP-001477,Male,Yes,1,Graduate,No,141385.5,47410.13,406136.4,300,0,Semiurban,850,45,1,0.9999
APP-001478,Male,No,1,Not Graduate,No,23889.27,0.0,72174.01,360,1,Rural,556,29,0,0.2895
APP-001479,Male,Yes,1,Graduate,Yes,18490.71,0.0,78856.91,180,1,Semiurban,647,37,0,0.2085
APP-001480,Female,Yes,2,Graduate,Yes,101576.52,16120.53,445485.61,180,1,Rural,825,47,1,0.9969
APP-001481,Female,Yes,2,Not Graduate,No,83007.86,20634.18,500000.0,240,1,Semiurban,718,65,1,0.9164
APP-001482,Male,Yes,0,Graduate,No,36304.91,54493.64,273193.42,360,1,Semiurban,728,28,1,0.998
APP-001483,Female,No,1,Graduate,No,49500.24,0.0,178962.68,120,1,Rural,690,52,0,0.3056
APP-001484,Male,Yes,1,Graduate,No,50192.1,0.0,150228.41,240,1,Semiurban,708,64,1,0.9872
APP-001485,Female,Yes,0,Graduate,No,43269.0,17717.47,220350.99,360,1,Urban,746,50,1,0.9992
APP-001486,Male,Yes,0,Graduate,No,19671.7,46614.13,387894.1,180,1,Rural,611,48,0,0.023
APP-001487,Male,No,2,Not Graduate,No,12000.0,0.0,58465.74,300,1,Semiurban,755,58,1,0.9892
APP-001488,Male,Yes,3+,Graduate,No,25220.2,0.0,78418.46,120,1,Rural,563,52,0,0.0101
APP-001489,Female,Yes,0,Not Graduate,No,108976.21,0.0,500000.0,120,1,Semiurban,708,22,0,0.0402
APP-001490,Female,No,3+,Graduate,No,111354.87,0.0,500000.0,240,1,Rural,695,52,1,0.8721
APP-001491,Female,Yes,2,Not Graduate,Yes,34751.9,0.0,148076.98,360,1,Rural,628,33,0,0.5326
APP-001492,Female,Yes,0,Not Graduate,No,23697.38,18157.67,158869.4,120,0,Semiurban,678,50,0,0.0452
APP-001493,Male,No,0,Graduate,No,46768.57,0.0,440695.45,240,0,Rural,627,29,0,0.0007
APP-001494,Male,Yes,1,Graduate,Yes,51094.88,30406.83,500000.0,360,1,Rural,589,49,0,0.2073
APP-001495,Male,Yes,2,Graduate,No,55848.38,12380.74,147103.83,240,1,Rural,650,57,1,0.9636
APP-001496,Male,Yes,1,Graduate,Yes,12000.0,0.0,87561.27,240,1,Semiurban,586,67,0,0.0054
APP-001497,Male,No,2,Not Graduate,No,227923.63,0.0,500000.0,300,1,Semiurban,707,46,1,0.994
APP-001498,Female,Yes,0,Graduate,No,74821.54,18133.07,500000.0,360,0,Rural,582,48,0,0.1328
APP-001499,Male,Yes,0,Not Graduate,Yes,35996.43,0.0,124375.51,360,1,Semiurban,741,63,1,0.9955
APP-001500,Male,Yes,2,Graduate,No,27033.64,17628.42,162969.94,120,0,Urban,580,46,0,0.0026
APP-001501,Male,Yes,1,Not Graduate,No,69079.83,0.0,500000.0,300,1,Urban,632,45,0,0.1868
APP-001502,Male,Yes,1,Graduate,No,52705.08,40553.3,500000.0,300,1,Rural,627,26,0,0.4504
APP-001503,Female,Yes,2,Graduate,Yes,42221.34,13491.51,303831.93,240,1,Urban,793,59,1,0.9894
APP-001504,Male,Yes,0,Graduate,No,51641.66,0.0,500000.0,240,1,Semiurban,708,46,0,0.0759
APP-001505,Male,No,1,Not Graduate,No,37722.21,0.0,102184.55,360,1,Rural,662,33,1,0.9614
APP-001506,Female,No,3+,Graduate,No,50062.34,15935.26,270097.04,360,1,Semiurban,722,49,1,0.9945
APP-001507,Female,No,3+,Graduate,No,59844.19,0.0,277895.0,300,0,Urban,501,41,0,0.0043
APP-001508,Male,Yes,0,Not Graduate,No,48476.01,0.0,187889.68,180,0,Rural,676,38,1,0.2401
APP-001509,Male,Yes,1,Not Graduate,No,47099.0,16290.87,118053.76,300,1,Semiurban,850,45,1,1.0
APP-001510,Male,Yes,0,Graduate,No,86342.14,0.0,500000.0,240,1,Urban,691,49,0,0.7815
APP-001511,Male,Yes,0,Graduate,No,16673.75,29835.04,141400.47,240,1,Semiurban,686,60,1,0.9833
APP-001512,Male,No,0,Not Graduate,No,25878.42,39972.73,198598.93,360,1,Rural,727,60,1,0.9976
APP-001513,Male,Yes,1,Graduate,Yes,40725.45,52179.91,336975.11,360,1,Semiurban,756,38,1,0.9982
APP-001514,Female,No,3+,Not Graduate,Yes,26864.82,0.0,103256.31,360,1,Semiurban,510,57,0,0.0299
APP-001515,Female,No,0,Graduate,No,32279.32,0.0,130288.26,360,1,Urban,537,31,0,0.2258
APP-001516,Male,No,3+,Graduate,No,81491.82,26332.85,500000.0,300,1,Semiurban,698,64,1,0.9597
APP-001517,Female,No,1,Not Graduate,No,36977.54,26910.58,460869.16,240,1,Semiurban,619,32,0,0.0252
APP-001518,Male,Yes,0,Not Graduate,No,14675.49,0.0,55671.87,360,1,Urban,792,52,1,0.9996
APP-001519,Female,No,0,Graduate,No,31798.11,0.0,103569.47,240,0,Rural,653,50,0,0.6659
APP-001520,Female,Yes,1,Graduate,No,41438.36,0.0,166737.75,180,0,Urban,516,25,0,0.001
APP-001521,Female,Yes,0,Not Graduate,Yes,41020.58,0.0,116970.98,180,1,Urban,572,61,0,0.1272
APP-001522,Female,No,1,Graduate,No,54492.62,31403.44,361540.85,360,0,Urban,446,50,0,0.0035
APP-001523,Female,No,0,Graduate,No,52099.66,31019.14,231484.79,240,1,Urban,660,68,1,0.9693
APP-001524,Male,No,2,Graduate,No,37184.44,0.0,412873.05,360,0,Urban,664,30,0,0.0225
APP-001525,Male,Yes,0,Graduate,No,20823.31,24249.7,203536.67,300,1,Semiurban,644,33,1,0.8496
APP-001526,Female,No,1,Graduate,No,31488.37,95649.58,425493.51,240,1,Rural,772,43,1,0.9984
APP-001527,Male,No,1,Not Graduate,No,28494.69,63088.97,500000.0,360,0,Urban,782,64,1,0.9912
APP-001528,Male,Yes,2,Not Graduate,No,34310.03,26747.72,149514.65,360,1,Urban,666,65,1,0.9847
APP-001529,Female,Yes,1,Graduate,Yes,58696.93,0.0,181668.79,180,0,Urban,499,60,0,0.0021
APP-001530,Female,Yes,1,Graduate,Yes,50124.07,6433.87,291771.71,180,1,Urban,732,25,1,0.6101
APP-001531,Female,No,3+,Graduate,Yes,63145.9,0.0,286107.68,300,1,Urban,727,67,1,0.971
APP-001532,Male,No,3+,Graduate,No,32492.16,0.0,222058.46,180,1,Urban,706,58,0,0.0904
APP-001533,Male,Yes,3+,Not Graduate,No,92005.02,0.0,114838.71,240,1,Urban,763,35,1,0.9994
APP-001534,Female,No,0,Graduate,No,58108.15,0.0,357974.9,360,0,Urban,581,38,0,0.0709
APP-001535,Male,Yes,2,Graduate,No,42690.39,35364.32,260576.4,180,1,Rural,850,66,1,0.9996
APP-001536,Female,Yes,1,Graduate,No,55929.13,0.0,140818.33,240,1,Urban,598,57,0,0.7831
APP-001537,Male,Yes,2,Not Graduate,No,27676.3,0.0,54334.6,240,1,Semiurban,744,41,1,0.9978
APP-001538,Male,Yes,1,Not Graduate,No,12584.05,22784.7,117422.18,240,1,Urban,537,30,0,0.0935
APP-001539,Male,Yes,0,Graduate,Yes,28747.81,0.0,250648.63,240,1,Semiurban,601,40,0,0.0026
APP-001540,Female,Yes,0,Not Graduate,No,60542.53,0.0,399193.21,240,1,Urban,809,25,1,0.9707
APP-001541,Male,Yes,1,Graduate,No,41945.18,0.0,373093.45,360,1,Urban,658,49,1,0.4456
APP-001542,Male,Yes,1,Not Graduate,No,37225.19,15186.47,212280.1,360,1,Urban,751,59,1,0.9982
APP-001543,Male,Yes,1,Not Graduate,No,25177.05,33201.51,261125.65,300,1,Semiurban,700,37,1,0.9621
APP-001544,Female,No,2,Not Graduate,No,13688.29,0.0,28670.39,360,1,Rural,671,52,1,0.9837
APP-001545,Female,Yes,2,Graduate,No,87874.51,16348.84,218279.93,180,1,Semiurban,796,63,1,0.9996
APP-001546,Male,Yes,2,Not Graduate,No,35798.38,53989.34,358346.54,300,1,Semiurban,660,67,0,0.8845
APP-001547,Male,Yes,1,Not Graduate,No,31689.93,0.0,72727.28,360,0,Semiurban,529,27,0,0.0537
APP-001548,Male,No,2,Not Graduate,No,27739.0,0.0,80406.47,300,1,Rural,612,39,1,0.7092
APP-001549,Male,Yes,2,Not Graduate,No,80016.44,0.0,347826.3,360,1,Semiurban,727,24,1,0.9809
APP-001550,Male,No,1,Not Graduate,No,65169.25,0.0,492522.91,300,1,Urban,714,43,1,0.7545
APP-001551,Male,No,1,Graduate,Yes,23576.8,20751.4,189815.14,360,1,Semiurban,547,54,1,0.2051
APP-001552,Female,Yes,0,Graduate,No,76152.91,0.0,176020.45,180,0,Rural,618,53,1,0.4115
APP-001553,Male,Yes,0,Graduate,No,37056.95,0.0,69591.68,120,0,Rural,631,44,0,0.3387
APP-001554,Female,Yes,2,Graduate,No,28687.07,0.0,129076.53,240,0,Rural,649,28,0,0.1627
APP-001555,Male,Yes,3+,Graduate,No,34149.84,22967.36,183463.91,360,0,Urban,563,67,0,0.1985
APP-001556,Female,Yes,2,Graduate,No,26086.85,33814.24,269068.2,120,0,Semiurban,627,21,0,0.0008
APP-001557,Female,Yes,0,Graduate,No,19409.49,0.0,75481.27,240,0,Semiurban,618,64,1,0.2308
APP-001558,Female,No,2,Not Graduate,No,61504.89,0.0,254021.03,360,1,Rural,746,60,1,0.9947
APP-001559,Male,Yes,1,Not Graduate,No,35547.05,7671.85,316393.91,300,1,Urban,749,68,1,0.9363
APP-001560,Male,No,0,Not Graduate,Yes,56357.2,0.0,386002.52,240,1,Semiurban,668,44,0,0.1232
APP-001561,Male,Yes,0,Graduate,No,47003.03,0.0,236557.82,120,1,Semiurban,647,26,0,0.0036
APP-001562,Male,Yes,2,Not Graduate,No,54268.41,14101.18,194823.14,360,1,Urban,692,67,1,0.9914
APP-001563,Male,Yes,2,Not Graduate,No,13026.06,0.0,43331.97,360,1,Rural,611,22,1,0.5785
APP-001564,Female,No,0,Not Graduate,Yes,24916.41,0.0,149753.17,360,1,Semiurban,583,26,0,0.0779
APP-001565,Male,No,0,Graduate,Yes,54893.52,0.0,420323.73,180,1,Urban,600,42,0,0.0007
APP-001566,Female,No,1,Not Graduate,No,19907.33,0.0,47842.44,300,0,Semiurban,626,30,1,0.5647
APP-001567,Female,Yes,2,Graduate,No,49275.67,53603.07,500000.0,240,1,Semiurban,581,27,1,0.0819
APP-001568,Female,Yes,0,Graduate,No,18678.2,0.0,56062.76,360,1,Urban,694,23,1,0.9909
APP-001569,Female,No,1,Graduate,No,40499.47,0.0,233281.02,360,1,Rural,742,55,1,0.9903
APP-001570,Male,Yes,0,Not Graduate,No,97294.21,54787.84,500000.0,360,0,Semiurban,545,67,0,0.1002
APP-001571,Female,No,1,Not Graduate,No,61453.13,22142.97,174274.03,240,1,Semiurban,682,62,1,0.9865
APP-001572,Female,No,0,Not Graduate,No,14502.73,0.0,77608.66,120,1,Semiurban,661,61,0,0.0032
APP-001573,Female,No,0,Graduate,No,63997.82,19444.31,308856.18,360,1,Urban,709,44,1,0.9967
APP-001574,Male,Yes,0,Graduate,No,109341.47,34735.02,500000.0,300,1,Semiurban,679,68,1,0.9808
APP-001575,Male,Yes,1,Not Graduate,No,186905.57,0.0,500000.0,180,0,Urban,556,26,0,0.0192
APP-001576,Male,Yes,2,Not Graduate,Yes,52119.35,0.0,72804.48,360,1,Rural,573,67,0,0.5813
APP-001577,Male,No,0,Not Graduate,Yes,18950.19,21212.26,121962.81,180,1,Rural,683,68,0,0.82
APP-001578,Male,Yes,1,Not Graduate,No,50974.1,0.0,254034.29,360,1,Rural,767,31,1,0.9947
APP-001579,Female,Yes,0,Graduate,No,96550.21,0.0,500000.0,360,0,Urban,492,27,0,0.0045
APP-001580,Male,No,2,Graduate,No,36210.39,0.0,185274.57,120,1,Semiurban,709,64,0,0.0288
APP-001581,Male,No,0,Graduate,No,71232.89,0.0,500000.0,360,1,Rural,781,55,1,0.9949
APP-001582,Female,Yes,2,Graduate,No,25291.37,0.0,86350.66,240,1,Urban,667,57,1,0.9298
APP-001583,Male,No,2,Graduate,No,49256.39,0.0,162127.99,300,1,Urban,727,50,1,0.9962
APP-001584,Female,No,0,Graduate,No,12000.0,16028.99,139438.56,360,0,Urban,620,35,1,0.4661
APP-001585,Female,Yes,3+,Graduate,No,23797.02,9460.14,119763.3,360,0,Urban,670,36,1,0.8904
APP-001586,Female,Yes,0,Not Graduate,No,39999.96,0.0,282592.39,240,0,Urban,542,45,0,0.0006
APP-001587,Male,No,0,Graduate,No,32864.68,0.0,74431.84,360,0,Urban,481,66,0,0.0339
APP-001588,Male,No,0,Not Graduate,No,19626.98,46592.94,416212.42,300,1,Semiurban,760,47,1,0.9846
APP-001589,Male,No,0,Graduate,Yes,30491.07,11177.46,305930.66,360,1,Semiurban,596,37,1,0.1407
APP-001590,Female,Yes,3+,Not Graduate,No,48113.12,12109.17,302575.95,240,1,Semiurban,641,34,1,0.3021
APP-001591,Female,No,1,Graduate,No,38275.87,0.0,246052.66,240,1,Semiurban,562,30,0,0.0085
APP-001592,Male,Yes,0,Graduate,No,41502.78,0.0,132108.58,180,0,Rural,560,35,0,0.02
APP-001593,Male,Yes,1,Not Graduate,No,60028.99,0.0,176036.38,360,1,Rural,665,64,1,0.9657
APP-001594,Male,Yes,2,Graduate,Yes,33231.73,8406.56,207994.18,360,1,Urban,618,59,1,0.6504
APP-001595,Male,Yes,3+,Graduate,No,84757.36,15185.22,307844.49,240,0,Semiurban,712,59,1,0.944
APP-001596,Male,Yes,1,Not Graduate,No,23292.83,0.0,113678.66,300,1,Rural,718,38,1,0.9568
APP-001597,Male,No,0,Graduate,No,115890.54,26527.47,500000.0,240,1,Urban,707,55,1,0.9897
APP-001598,Female,Yes,0,Graduate,Yes,74025.97,15522.03,370347.43,180,1,Urban,700,39,1,0.8098
APP-001599,Female,No,3+,Graduate,No,32997.97,37936.09,343361.92,120,1,Semiurban,814,51,0,0.7373
APP-001600,Male,Yes,2,Graduate,No,34230.58,0.0,194169.59,360,1,Semiurban,589,67,1,0.2794
APP-001601,Male,Yes,0,Graduate,Yes,44967.92,0.0,183265.78,240,1,Semiurban,675,22,0,0.7219
APP-001602,Male,Yes,2,Not Graduate,Yes,55785.49,9240.86,223676.83,300,1,Urban,776,63,1,0.9982
APP-001603,Female,Yes,0,Graduate,Yes,73276.96,0.0,452344.22,360,1,Semiurban,787,24,1,0.9931
APP-001604,Male,Yes,0,Graduate,No,19200.18,0.0,92563.35,120,0,Rural,559,28,0,0.0
APP-001605,Male,No,0,Graduate,No,51051.67,0.0,266619.42,300,1,Rural,653,45,1,0.7807
APP-001606,Female,Yes,3+,Graduate,No,12530.45,0.0,69430.23,360,1,Semiurban,795,27,1,0.9973
APP-001607,Male,Yes,0,Not Graduate,No,36405.85,0.0,165931.79,360,1,Rural,723,66,1,0.9874
APP-001608,Female,Yes,0,Not Graduate,No,89290.63,0.0,326035.95,180,1,Rural,697,34,1,0.8015
APP-001609,Female,No,2,Not Graduate,No,18403.85,41357.39,193017.27,180,1,Urban,661,24,1,0.6471
APP-001610,Male,No,1,Graduate,Yes,16654.23,0.0,68228.45,360,1,Semiurban,647,54,1,0.8815
APP-001611,Male,Yes,1,Graduate,No,45316.99,16220.68,325850.26,120,0,Rural,704,42,0,0.005
APP-001612,Female,Yes,2,Graduate,No,86084.62,52205.65,500000.0,300,1,Semiurban,659,38,1,0.9435
APP-001613,Male,No,0,Graduate,No,48000.54,39688.35,398836.48,180,1,Rural,676,54,0,0.5998
APP-001614,Male,Yes,1,Graduate,No,14079.29,18637.29,163427.3,360,1,Semiurban,687,43,1,0.9738
APP-001615,Female,Yes,0,Graduate,No,15903.26,22540.77,99695.05,240,0,Urban,622,46,1,0.7165
APP-001616,Female,Yes,2,Not Graduate,No,42351.56,0.0,146499.07,240,1,Urban,725,21,1,0.9648
APP-001617,Female,Yes,0,Not Graduate,Yes,20981.93,0.0,120973.14,360,1,Semiurban,850,22,1,0.999
APP-001618,Male,No,1,Graduate,No,43268.38,9786.89,155443.47,180,1,Urban,529,42,0,0.0839
APP-001619,Male,Yes,2,Graduate,No,44703.06,0.0,203083.45,300,1,Semiurban,708,22,1,0.9442
APP-001620,Male,Yes,3+,Not Graduate,No,30657.52,23892.63,238012.96,360,0,Urban,615,34,0,0.2894
APP-001621,Male,No,0,Graduate,No,108892.33,0.0,441032.84,300,1,Urban,729,50,1,0.9952
APP-001622,Female,No,0,Graduate,No,55534.35,0.0,321326.77,180,1,Urban,684,38,0,0.2339
APP-001623,Male,Yes,1,Not Graduate,No,78149.19,45826.87,500000.0,360,1,Semiurban,745,44,1,0.9973
APP-001624,Male,No,0,Not Graduate,No,66590.68,33550.49,249066.66,180,1,Urban,780,23,1,0.9979
APP-001625,Male,Yes,0,Not Graduate,No,36955.12,0.0,198735.53,240,0,Rural,696,45,0,0.3677
APP-001626,Female,Yes,1,Not Graduate,No,36064.13,17294.16,181060.32,180,1,Rural,776,45,1,0.9927
APP-001627,Male,Yes,1,Not Graduate,No,34074.65,0.0,78634.26,360,1,Urban,481,32,1,0.0709
APP-001628,Female,Yes,1,Graduate,Yes,58372.85,0.0,347535.17,240,1,Urban,815,51,1,0.991
APP-001629,Female,No,2,Graduate,No,28065.58,41674.74,174364.93,240,1,Urban,712,38,1,0.9951
APP-001630,Male,No,0,Graduate,Yes,103649.27,0.0,376684.06,240,1,Semiurban,772,40,1,0.996
APP-001631,Female,Yes,1,Graduate,No,26629.42,0.0,129553.3,240,1,Semiurban,576,45,0,0.0988
APP-001632,Female,No,0,Not Graduate,No,45159.74,0.0,186274.14,360,0,Urban,609,25,0,0.2574
APP-001633,Male,Yes,1,Graduate,Yes,35383.67,0.0,113900.16,300,1,Semiurban,692,64,1,0.9741
APP-001634,Female,No,1,Graduate,No,31321.61,26519.53,157673.33,300,1,Urban,679,40,1,0.991
APP-001635,Female,Yes,0,Graduate,No,132560.02,0.0,401416.12,180,1,Semiurban,704,34,1,0.9581
APP-001636,Female,No,1,Not Graduate,No,31524.49,10220.56,109588.56,360,1,Semiurban,772,35,1,0.9995
APP-001637,Female,No,0,Graduate,No,33941.83,12064.21,185277.17,240,0,Urban,530,34,0,0.0163
APP-001638,Male,Yes,0,Graduate,No,27853.85,0.0,92903.0,240,1,Rural,763,40,1,0.9974
APP-001639,Female,Yes,1,Graduate,No,41051.08,11201.73,119779.52,180,1,Urban,681,50,1,0.9813
APP-001640,Female,No,3+,Graduate,No,37959.74,0.0,142078.26,360,0,Semiurban,663,58,1,0.8072
APP-001641,Female,Yes,2,Graduate,No,21685.75,0.0,69214.27,300,0,Rural,555,47,0,0.0835
APP-001642,Male,Yes,1,Graduate,No,31780.13,21315.87,255379.17,120,1,Rural,723,67,0,0.1076
APP-001643,Female,Yes,0,Not Graduate,No,56124.49,20359.7,383766.86,180,0,Semiurban,475,37,0,0.0001
APP-001644,Female,Yes,0,Graduate,No,70604.05,0.0,500000.0,240,1,Semiurban,735,50,0,0.778
APP-001645,Male,No,0,Graduate,No,40668.14,12864.33,305451.23,180,1,Semiurban,553,30,0,0.0029
APP-001646,Male,Yes,1,Graduate,No,41458.46,11402.74,138097.12,300,1,Urban,685,40,1,0.9934
APP-001647,Male,No,0,Not Graduate,No,32907.4,0.0,52763.37,240,1,Semiurban,670,53,1,0.9873
APP-001648,Female,Yes,0,Graduate,No,30444.39,28000.94,125795.35,240,1,Urban,779,45,1,0.9998
APP-001649,Female,Yes,0,Graduate,Yes,24203.07,0.0,82297.44,360,1,Rural,665,27,0,0.9324
APP-001650,Male,No,2,Graduate,No,17048.93,0.0,35251.3,300,1,Urban,621,63,1,0.9397
APP-001651,Male,Yes,1,Not Graduate,No,27273.05,0.0,88115.22,180,1,Semiurban,637,40,0,0.5011
APP-001652,Male,Yes,0,Graduate,No,65988.06,0.0,285428.07,240,1,Rural,788,62,1,0.997
APP-001653,Female,No,1,Graduate,Yes,31779.31,29462.46,202633.61,360,1,Urban,726,53,1,0.9972
APP-001654,Male,Yes,1,Graduate,No,33179.57,0.0,160351.89,360,1,Semiurban,647,62,1,0.8799
APP-001655,Male,No,3+,Graduate,No,32826.23,0.0,106420.84,360,1,Semiurban,660,58,1,0.9638
APP-001656,Female,Yes,0,Graduate,No,79585.66,0.0,240796.78,360,0,Urban,547,66,0,0.1735
APP-001657,Female,Yes,2,Graduate,No,24086.09,0.0,221459.07,180,1,Semiurban,713,45,0,0.0043
APP-001658,Male,No,2,Graduate,Yes,46741.11,0.0,196322.55,180,0,Semiurban,530,64,0,0.0008
APP-001659,Male,Yes,2,Not Graduate,No,38651.61,0.0,173295.12,120,1,Semiurban,744,26,0,0.1371
APP-001660,Male,No,2,Not Graduate,No,41662.63,0.0,259696.55,180,1,Urban,691,39,0,0.0861
APP-001661,Male,Yes,1,Not Graduate,No,45907.91,0.0,290414.79,360,1,Urban,850,69,1,0.9995
APP-001662,Male,Yes,2,Graduate,No,41416.75,0.0,149747.73,120,0,Urban,586,49,0,0.0027
APP-001663,Female,Yes,0,Graduate,No,62078.94,26276.48,500000.0,240,1,Semiurban,671,64,1,0.6634
APP-001664,Male,Yes,3+,Not Graduate,Yes,39494.17,0.0,137573.9,180,1,Rural,833,43,1,0.996
APP-001665,Female,Yes,2,Graduate,Yes,104757.88,7947.33,500000.0,360,1,Urban,781,65,1,0.9987
APP-001666,Female,Yes,0,Graduate,No,41128.8,16951.67,142111.79,360,1,Urban,621,47,1,0.9715
APP-001667,Male,Yes,0,Graduate,No,15726.35,0.0,58399.37,360,1,Rural,699,61,1,0.9907
APP-001668,Female,No,3+,Not Graduate,No,57015.06,0.0,268670.31,240,1,Semiurban,680,48,1,0.6987
APP-001669,Male,Yes,1,Not Graduate,No,49794.17,0.0,249698.66,360,0,Semiurban,704,32,0,0.8281
APP-001670,Male,Yes,2,Graduate,No,40859.71,0.0,119166.54,360,1,Urban,621,61,1,0.9224
APP-001671,Male,Yes,2,Not Graduate,No,34795.24,0.0,70635.89,300,1,Urban,672,39,1,0.9837
APP-001672,Female,Yes,0,Graduate,No,12543.52,31072.02,228732.24,300,0,Urban,544,61,0,0.027
APP-001673,Female,No,0,Graduate,No,13756.07,0.0,53435.0,240,1,Semiurban,691,34,1,0.9444
APP-001674,Male,Yes,3+,Graduate,No,99323.31,0.0,355150.92,360,1,Semiurban,718,42,1,0.9936
APP-001675,Female,Yes,1,Not Graduate,Yes,29084.88,20389.16,444046.43,360,0,Rural,661,29,0,0.0347
APP-001676,Male,Yes,2,Graduate,No,68260.82,30467.47,368896.63,240,0,Urban,543,45,0,0.0307
APP-001677,Female,Yes,0,Graduate,No,16619.5,0.0,56146.17,240,1,Semiurban,764,41,1,0.9978
APP-001678,Male,Yes,0,Graduate,No,22566.64,0.0,42794.67,240,1,Semiurban,711,47,1,0.9973
APP-001679,Male,Yes,0,Graduate,Yes,58293.89,0.0,152663.6,360,1,Urban,618,47,1,0.9168
APP-001680,Male,No,0,Graduate,No,37934.81,12760.58,320522.81,300,1,Urban,656,54,1,0.7544
APP-001681,Male,Yes,0,Graduate,No,53944.82,11357.51,200855.67,360,0,Semiurban,552,51,1,0.2431
APP-001682,Male,No,3+,Not Graduate,No,39835.04,0.0,225332.25,300,0,Urban,593,46,0,0.0309
APP-001683,Male,No,2,Graduate,Yes,35802.77,0.0,85319.17,240,0,Rural,634,61,1,0.4789
APP-001684,Male,Yes,2,Graduate,No,27611.18,0.0,79605.41,300,1,Urban,784,59,1,0.9996
APP-001685,Male,Yes,0,Graduate,Yes,20812.28,20154.57,116762.62,180,1,Rural,626,62,1,0.59
APP-001686,Male,No,1,Graduate,No,86810.75,0.0,458643.88,240,1,Semiurban,734,37,1,0.9408
APP-001687,Female,Yes,0,Graduate,No,95036.85,0.0,368302.89,240,1,Rural,634,40,1,0.6984
APP-001688,Male,Yes,0,Graduate,No,22668.09,0.0,58625.66,300,1,Semiurban,701,51,1,0.9955
APP-001689,Female,Yes,0,Graduate,No,21867.49,20290.02,247876.4,240,1,Rural,668,21,0,0.3723
APP-001690,Male,No,2,Graduate,Yes,33147.57,0.0,176514.64,240,1,Urban,754,67,1,0.9442
APP-001691,Female,No,0,Graduate,No,48399.23,67156.72,500000.0,360,0,Urban,635,30,1,0.6641
APP-001692,Female,No,1,Not Graduate,No,36315.5,0.0,176815.04,180,1,Semiurban,546,39,0,0.0038
APP-001693,Female,Yes,2,Graduate,No,52824.8,0.0,153345.93,360,1,Urban,563,37,0,0.5798
APP-001694,Female,Yes,1,Graduate,No,39062.3,0.0,293394.66,300,1,Semiurban,635,27,0,0.1352
APP-001695,Female,Yes,0,Not Graduate,Yes,37682.57,0.0,153504.57,300,0,Urban,574,62,0,0.0524
APP-001696,Female,No,3+,Graduate,No,151326.24,0.0,500000.0,180,1,Semiurban,715,57,1,0.9448
APP-001697,Female,No,1,Graduate,No,30065.64,0.0,152276.26,180,1,Semiurban,640,21,0,0.0589
APP-001698,Male,Yes,0,Graduate,No,98910.51,0.0,275616.5,360,1,Semiurban,850,57,1,1.0
APP-001699,Male,No,2,Graduate,No,88945.11,0.0,500000.0,360,1,Urban,532,40,0,0.067
APP-001700,Male,Yes,1,Graduate,No,52957.84,30282.25,350566.17,300,1,Semiurban,697,46,1,0.9814
APP-001701,Female,Yes,2,Graduate,No,13913.68,0.0,60213.74,180,0,Rural,584,29,0,0.0052
APP-001702,Male,Yes,2,Graduate,No,40826.29,10794.22,182780.49,360,1,Urban,638,30,1,0.93
APP-001703,Female,Yes,0,Graduate,Yes,30239.91,26305.7,404452.9,360,1,Urban,692,46,1,0.8887
APP-001704,Female,Yes,2,Graduate,No,40580.78,17860.66,426026.81,300,0,Semiurban,482,38,0,0.0003
APP-001705,Female,Yes,1,Graduate,No,22367.59,0.0,102395.74,180,0,Semiurban,700,59,0,0.3178
APP-001706,Male,Yes,1,Graduate,No,60836.3,0.0,134097.18,240,1,Semiurban,842,61,1,1.0
APP-001707,Female,Yes,0,Graduate,No,68991.72,14253.43,329567.65,360,1,Semiurban,641,39,1,0.9444
APP-001708,Female,No,0,Not Graduate,No,76382.84,0.0,316243.48,180,1,Semiurban,702,57,0,0.7828
APP-001709,Female,No,0,Not Graduate,No,32526.22,0.0,113160.37,180,1,Rural,767,50,1,0.9877
APP-001710,Female,No,2,Not Graduate,No,22411.2,0.0,61378.66,360,1,Urban,666,37,0,0.974
APP-001711,Female,Yes,0,Graduate,No,48699.54,0.0,103158.05,300,0,Urban,631,26,1,0.7924
APP-001712,Male,No,1,Graduate,No,105434.05,0.0,500000.0,180,0,Rural,487,31,0,0.0001
APP-001713,Male,Yes,2,Graduate,No,41696.16,0.0,248173.38,300,1,Rural,734,69,1,0.9486
APP-001714,Female,Yes,3+,Graduate,Yes,51470.46,20800.33,312912.3,360,1,Semiurban,670,30,1,0.898
APP-001715,Male,Yes,3+,Not Graduate,No,35270.14,0.0,112239.95,360,0,Semiurban,594,60,1,0.2533
APP-001716,Male,Yes,2,Graduate,No,30427.17,0.0,152533.72,120,1,Semiurban,691,39,0,0.0191
APP-001717,Male,No,1,Graduate,No,57644.6,49529.89,500000.0,360,1,Semiurban,630,67,1,0.845
APP-001718,Male,Yes,0,Graduate,No,37860.49,0.0,134745.82,300,0,Semiurban,635,33,1,0.5819
APP-001719,Female,Yes,0,Graduate,No,50108.08,0.0,254561.33,240,1,Semiurban,732,33,1,0.9513
APP-001720,Male,No,0,Not Graduate,No,53057.35,0.0,284845.42,180,0,Semiurban,566,45,0,0.001
APP-001721,Female,Yes,0,Graduate,No,48588.12,0.0,282220.67,360,1,Rural,769,37,1,0.9961
APP-001722,Male,Yes,1,Graduate,No,54547.13,0.0,155929.47,120,1,Urban,561,28,0,0.0196
APP-001723,Male,Yes,1,Graduate,No,25105.62,0.0,129951.08,180,1,Semiurban,624,49,1,0.0657
APP-001724,Female,Yes,3+,Graduate,No,24276.98,26484.61,367618.72,300,1,Semiurban,843,44,1,0.9979
APP-001725,Female,Yes,0,Graduate,No,39204.94,32122.92,347461.16,360,1,Rural,776,21,1,0.9978
APP-001726,Male,Yes,3+,Graduate,No,39727.2,0.0,457478.74,240,1,Semiurban,688,48,0,0.0034
APP-001727,Female,Yes,2,Graduate,No,30113.31,40862.84,278987.4,360,1,Rural,600,53,1,0.7387
APP-001728,Female,No,2,Not Graduate,No,45823.4,14857.15,119420.16,360,1,Urban,635,22,1,0.9416
APP-001729,Male,Yes,0,Not Graduate,No,66139.38,23874.38,261899.22,360,1,Semiurban,686,46,1,0.9921
APP-001730,Female,Yes,1,Graduate,No,77121.05,0.0,243274.4,360,1,Urban,683,40,1,0.9903
APP-001731,Male,Yes,1,Graduate,No,87268.43,23784.5,500000.0,120,0,Semiurban,672,26,1,0.0061
APP-001732,Male,Yes,2,Graduate,No,19474.46,0.0,120714.47,360,1,Urban,677,61,1,0.8926
APP-001733,Male,No,1,Not Graduate,No,21170.22,0.0,95951.45,300,1,Semiurban,662,54,1,0.8496
APP-001734,Male,No,3+,Graduate,No,34224.43,22790.47,277266.89,240,1,Semiurban,557,35,0,0.0411
APP-001735,Male,No,0,Not Graduate,No,41946.81,0.0,423344.49,120,1,Rural,636,41,0,0.0
APP-001736,Female,No,0,Graduate,No,35202.42,0.0,103247.09,300,1,Urban,758,64,1,0.9992
APP-001737,Male,Yes,2,Not Graduate,Yes,29615.36,0.0,122180.56,180,1,Urban,564,64,0,0.0117
APP-001738,Female,No,3+,Graduate,No,33947.48,17845.55,180127.66,300,1,Semiurban,664,24,1,0.9174
APP-001739,Female,Yes,0,Graduate,No,52356.04,0.0,131607.75,180,1,Urban,610,34,1,0.6776
APP-001740,Female,Yes,0,Graduate,No,19316.36,0.0,33106.75,300,0,Urban,689,54,1,0.9869
APP-001741,Female,Yes,1,Graduate,No,145633.2,88297.5,500000.0,180,1,Semiurban,647,33,1,0.9221
APP-001742,Female,No,2,Graduate,Yes,40600.94,0.0,122719.52,300,1,Semiurban,806,43,1,0.9996
APP-001743,Male,Yes,1,Not Graduate,No,71536.71,0.0,272471.41,300,1,Semiurban,723,41,1,0.9879
APP-001744,Female,No,0,Graduate,No,29172.95,97896.79,500000.0,240,1,Urban,568,57,0,0.3087
APP-001745,Male,Yes,1,Graduate,No,55044.23,13946.08,172167.69,360,1,Urban,737,33,1,0.9992
APP-001746,Female,Yes,0,Graduate,No,42406.21,20158.91,183226.2,300,0,Semiurban,614,46,1,0.6709
APP-001747,Female,No,0,Graduate,No,64295.48,0.0,271429.9,360,1,Rural,631,24,1,0.7857
APP-001748,Female,Yes,1,Graduate,No,35980.92,0.0,125934.56,240,1,Urban,707,30,1,0.9756
APP-001749,Male,No,0,Not Graduate,No,94217.38,23585.36,282833.49,360,1,Semiurban,638,21,1,0.936
APP-001750,Male,Yes,2,Graduate,No,17665.51,0.0,98973.08,360,1,Rural,756,62,1,0.993
APP-001751,Female,No,2,Graduate,No,67653.58,105133.71,500000.0,240,1,Urban,614,68,0,0.7947
APP-001752,Male,No,3+,Graduate,No,42842.93,0.0,194236.84,360,0,Semiurban,627,64,1,0.3771
APP-001753,Female,Yes,2,Graduate,No,22923.56,4667.7,120677.13,180,1,Urban,624,59,0,0.2252
APP-001754,Female,No,0,Not Graduate,No,117434.53,0.0,500000.0,360,1,Rural,632,56,1,0.8221
APP-001755,Female,No,0,Graduate,No,110944.32,17497.5,500000.0,300,1,Urban,773,48,1,0.9993
APP-001756,Male,Yes,1,Not Graduate,Yes,12827.81,0.0,37093.69,180,1,Semiurban,733,39,1,0.9628
APP-001757,Male,Yes,2,Graduate,No,44233.22,23843.08,489616.22,300,0,Rural,825,43,1,0.9815
APP-001758,Male,Yes,0,Graduate,No,59166.71,0.0,203849.69,180,1,Urban,850,30,1,0.9996
APP-001759,Female,Yes,3+,Graduate,No,51171.48,0.0,151251.85,360,1,Semiurban,592,30,1,0.668
APP-001760,Female,Yes,2,Graduate,No,92368.5,0.0,255411.31,360,1,Semiurban,686,25,1,0.9839
APP-001761,Male,No,2,Not Graduate,No,82388.24,0.0,122347.51,300,1,Semiurban,580,36,1,0.7392
APP-001762,Male,No,2,Graduate,No,46437.06,0.0,150548.18,180,0,Urban,614,58,0,0.1339
APP-001763,Female,Yes,3+,Not Graduate,No,140421.93,0.0,500000.0,360,1,Urban,626,27,1,0.7491
APP-001764,Female,Yes,2,Graduate,Yes,67189.05,56884.15,286583.89,360,1,Rural,590,32,0,0.7094
APP-001765,Female,Yes,1,Graduate,No,33081.25,10635.15,402056.98,360,1,Urban,591,27,0,0.0457
APP-001766,Female,Yes,2,Graduate,No,29620.11,8576.9,59409.45,240,1,Semiurban,668,51,1,0.9912
APP-001767,Male,No,3+,Graduate,No,79525.88,0.0,238327.34,240,1,Semiurban,577,48,1,0.3741
APP-001768,Male,Yes,3+,Graduate,Yes,25948.66,0.0,56640.63,240,1,Urban,752,61,1,0.9977
APP-001769,Female,Yes,3+,Not Graduate,No,32036.91,0.0,206442.43,360,0,Semiurban,602,51,0,0.0449
APP-001770,Male,Yes,2,Graduate,No,35180.09,0.0,201160.54,240,1,Urban,850,44,1,0.9986
APP-001771,Male,Yes,1,Graduate,No,48806.04,0.0,184589.89,180,1,Urban,642,66,0,0.4961
APP-001772,Male,No,1,Graduate,No,36083.75,35646.29,161274.92,180,1,Rural,686,52,1,0.9792
APP-001773,Male,No,0,Graduate,No,19451.24,0.0,48356.58,240,1,Semiurban,570,28,1,0.4579
APP-001774,Female,Yes,1,Graduate,No,76049.81,0.0,362811.36,300,1,Urban,825,34,1,0.9995
APP-001775,Female,Yes,0,Graduate,No,32131.13,0.0,101044.68,360,1,Semiurban,775,36,1,0.9996
APP-001776,Male,Yes,0,Graduate,No,121900.99,0.0,403545.91,360,1,Semiurban,705,41,1,0.995
APP-001777,Female,Yes,0,Graduate,No,47438.74,0.0,195634.74,180,0,Urban,566,21,0,0.0051
APP-001778,Female,Yes,1,Not Graduate,No,80576.64,0.0,285302.34,120,0,Urban,698,42,0,0.1031
APP-001779,Female,No,0,Not Graduate,No,56781.95,0.0,110153.25,240,1,Semiurban,585,32,1,0.6568
APP-001780,Female,Yes,2,Not Graduate,No,82725.32,0.0,193760.57,360,1,Urban,804,48,1,0.9999
APP-001781,Male,No,3+,Not Graduate,No,54922.94,26823.94,193566.93,360,1,Urban,749,59,1,0.9992
APP-001782,Female,Yes,1,Graduate,No,45676.67,15139.51,186879.25,180,1,Semiurban,688,48,1,0.9473
APP-001783,Female,No,1,Graduate,No,73224.02,0.0,325078.25,240,1,Semiurban,473,39,0,0.0041
APP-001784,Male,No,3+,Graduate,No,157516.37,0.0,500000.0,360,1,Semiurban,596,42,0,0.7356
APP-001785,Male,Yes,0,Not Graduate,No,34600.09,0.0,251595.98,300,1,Semiurban,738,24,1,0.8281
APP-001786,Female,No,1,Graduate,Yes,62144.02,24631.33,196401.44,240,1,Rural,783,22,1,0.9987
APP-001787,Female,Yes,2,Not Graduate,No,40019.23,0.0,195830.02,180,1,Urban,774,36,0,0.9166
APP-001788,Female,Yes,2,Graduate,No,53015.12,0.0,158634.71,180,1,Urban,545,46,0,0.0879
APP-001789,Female,Yes,2,Graduate,No,41076.33,0.0,425989.89,180,1,Rural,706,60,0,0.0005
APP-001790,Female,Yes,0,Graduate,No,12249.51,19360.16,128484.24,300,1,Urban,766,42,1,0.9989
APP-001791,Male,Yes,2,Not Graduate,Yes,35950.47,0.0,119035.47,360,1,Urban,539,54,0,0.1576
APP-001792,Female,Yes,0,Graduate,No,69546.81,0.0,335437.51,240,0,Urban,679,53,1,0.5715
APP-001793,Female,No,1,Graduate,Yes,26347.7,0.0,122738.96,300,1,Semiurban,703,54,1,0.9489
APP-001794,Male,No,0,Graduate,No,66604.04,0.0,239317.24,180,1,Semiurban,654,29,1,0.5937
APP-001795,Male,No,0,Graduate,Yes,44399.57,0.0,247274.77,120,0,Urban,523,50,0,0.0
APP-001796,Female,Yes,1,Graduate,No,36122.82,11280.27,398759.66,180,1,Urban,652,69,0,0.0024
APP-001797,Female,No,2,Graduate,Yes,66052.06,45092.49,500000.0,180,1,Rural,652,52,0,0.2097
APP-001798,Female,Yes,1,Graduate,No,58370.58,28421.48,346025.29,360,1,Urban,667,66,1,0.9761
APP-001799,Male,Yes,3+,Not Graduate,Yes,50579.46,36834.73,500000.0,180,1,Semiurban,632,61,0,0.013
APP-001800,Female,Yes,1,Graduate,No,70174.84,0.0,371644.61,180,1,Urban,642,57,0,0.1182
APP-001801,Female,Yes,0,Graduate,No,44878.05,19930.77,168589.61,360,1,Semiurban,677,39,1,0.9938
APP-001802,Female,Yes,0,Graduate,No,16243.27,58885.13,328293.65,240,1,Rural,718,37,1,0.9709
APP-001803,Female,Yes,2,Graduate,No,32598.89,0.0,126057.61,180,1,Rural,654,67,0,0.433
APP-001804,Female,Yes,3+,Graduate,No,14877.1,12614.02,91857.27,180,1,Semiurban,645,48,1,0.6525
APP-001805,Male,Yes,1,Graduate,Yes,57615.72,30460.01,432535.29,180,1,Semiurban,688,39,0,0.3877
APP-001806,Female,No,2,Graduate,No,65703.66,26548.51,168843.26,120,1,Semiurban,517,46,0,0.0533
APP-001807,Female,No,1,Graduate,No,67368.73,26523.22,500000.0,300,1,Rural,721,37,1,0.972
APP-001808,Female,Yes,1,Not Graduate,Yes,52522.77,0.0,294894.81,240,1,Urban,680,57,0,0.4563
APP-001809,Male,Yes,3+,Not Graduate,No,68347.4,25944.8,175523.23,180,1,Rural,683,46,1,0.9695
APP-001810,Male,Yes,1,Not Graduate,No,16862.85,0.0,94174.62,360,1,Rural,762,42,1,0.9928
APP-001811,Female,Yes,1,Graduate,No,37829.26,55037.03,483296.89,120,0,Semiurban,514,25,0,0.0
APP-001812,Male,Yes,1,Graduate,No,18431.13,28567.03,387413.62,240,0,Semiurban,512,45,0,0.0001
APP-001813,Female,No,0,Graduate,Yes,32955.67,0.0,305204.52,180,0,Rural,703,63,0,0.0004
APP-001814,Male,Yes,1,Not Graduate,No,97629.84,0.0,500000.0,120,1,Urban,679,57,0,0.0105
APP-001815,Female,No,0,Not Graduate,No,73224.14,226724.5,500000.0,300,1,Rural,694,43,1,0.9962
APP-001816,Male,No,3+,Not Graduate,No,57771.85,0.0,314149.43,180,0,Urban,641,41,0,0.0087
APP-001817,Male,Yes,0,Not Graduate,No,36319.46,0.0,124733.81,120,1,Rural,736,21,1,0.5182
APP-001818,Male,Yes,0,Graduate,No,23237.51,0.0,153862.7,240,1,Urban,759,58,1,0.9404
APP-001819,Male,Yes,2,Graduate,No,44483.13,86233.09,210687.76,360,1,Semiurban,721,59,1,0.9991
APP-001820,Female,Yes,0,Not Graduate,No,73929.83,0.0,177538.13,240,0,Urban,658,54,0,0.8424
APP-001821,Female,Yes,2,Graduate,No,50283.35,0.0,176343.09,120,0,Semiurban,501,32,0,0.0001
APP-001822,Female,Yes,2,Graduate,Yes,16778.78,17367.23,141677.04,240,1,Urban,745,50,1,0.9863
APP-001823,Female,Yes,1,Not Graduate,Yes,42511.76,0.0,195067.26,240,1,Urban,784,51,1,0.9902
APP-001824,Female,No,1,Graduate,No,14012.0,34276.43,365275.23,240,1,Rural,735,39,0,0.6382
APP-001825,Female,Yes,2,Graduate,No,62461.22,0.0,198742.93,240,0,Rural,605,65,0,0.1913
APP-001826,Male,No,0,Graduate,No,27415.0,0.0,65341.2,300,1,Semiurban,737,57,1,0.9989
APP-001827,Male,Yes,2,Not Graduate,Yes,20481.62,35454.86,200301.0,360,1,Rural,753,36,1,0.9956
APP-001828,Female,Yes,1,Graduate,Yes,62935.26,0.0,204257.31,360,1,Urban,812,53,1,0.9998
APP-001829,Female,Yes,2,Graduate,No,54592.83,11415.13,360942.95,180,0,Semiurban,606,26,0,0.0031
APP-001830,Female,No,2,Graduate,Yes,45607.13,0.0,386184.36,360,1,Semiurban,661,60,0,0.3005
APP-001831,Female,No,1,Graduate,No,133979.14,22768.16,500000.0,240,1,Rural,744,28,1,0.9945
APP-001832,Male,Yes,2,Graduate,No,56911.34,0.0,396130.55,360,0,Semiurban,685,40,0,0.5034
APP-001833,Male,No,0,Graduate,Yes,28149.19,113695.69,467984.61,300,1,Rural,585,64,1,0.5285
APP-001834,Male,No,0,Graduate,No,53399.79,0.0,211668.85,300,1,Rural,715,34,1,0.9865
APP-001835,Female,Yes,1,Graduate,No,34291.66,5364.97,204656.53,240,1,Urban,729,43,1,0.966
APP-001836,Male,Yes,2,Not Graduate,No,80556.76,0.0,242786.16,360,1,Semiurban,687,22,1,0.9668
APP-001837,Male,No,0,Graduate,No,46842.09,22673.99,218480.75,300,1,Rural,699,27,1,0.9886
APP-001838,Male,Yes,2,Graduate,Yes,49461.89,0.0,249563.95,300,1,Urban,658,47,0,0.7326
APP-001839,Female,Yes,0,Graduate,No,18154.93,0.0,41885.84,300,1,Rural,806,57,1,0.9999
APP-001840,Male,No,0,Graduate,Yes,41512.23,11017.27,366151.42,120,0,Urban,603,58,0,0.0
APP-001841,Female,No,0,Graduate,No,38911.84,0.0,138464.36,240,0,Semiurban,630,58,0,0.419
APP-001842,Female,Yes,0,Not Graduate,Yes,22849.46,29465.52,284442.71,120,0,Semiurban,681,52,0,0.0009
APP-001843,Female,Yes,1,Not Graduate,No,35531.47,21691.07,267739.49,180,1,Urban,755,68,1,0.9236
APP-001844,Female,Yes,1,Not Graduate,No,51004.23,0.0,382333.76,240,0,Rural,553,54,0,0.0003
APP-001845,Male,No,0,Graduate,No,40038.94,14455.14,89158.01,240,1,Semiurban,569,59,1,0.8113
APP-001846,Male,Yes,3+,Graduate,No,18459.7,0.0,138765.92,120,0,Semiurban,507,36,0,0.0
APP-001847,Male,Yes,1,Not Graduate,No,34535.07,11505.3,342635.6,180,1,Rural,683,36,0,0.0133
APP-001848,Male,Yes,1,Not Graduate,Yes,31026.17,0.0,150112.25,240,0,Semiurban,585,68,0,0.0089
APP-001849,Male,Yes,3+,Graduate,No,44642.09,0.0,240631.31,360,1,Urban,647,30,0,0.752
APP-001850,Female,No,0,Graduate,No,42068.01,32282.41,414535.63,240,1,Rural,736,22,1,0.9052
APP-001851,Female,Yes,1,Graduate,No,32003.89,78585.42,314295.09,360,1,Semiurban,625,42,1,0.9499
APP-001852,Male,Yes,1,Not Graduate,Yes,31323.85,25746.91,249299.52,240,1,Urban,700,25,1,0.8243
APP-001853,Female,Yes,2,Graduate,No,41646.49,6531.89,306561.33,180,1,Rural,655,33,0,0.027
APP-001854,Male,Yes,1,Graduate,No,68161.64,0.0,129989.49,120,0,Semiurban,737,58,1,0.9524
APP-001855,Male,Yes,0,Graduate,No,46781.93,0.0,246524.38,240,1,Urban,720,45,0,0.9438
APP-001856,Female,No,0,Not Graduate,No,87788.71,0.0,389207.28,360,1,Rural,621,34,1,0.6799
APP-001857,Male,Yes,0,Graduate,No,74851.02,58932.91,500000.0,240,1,Urban,666,32,1,0.9269
APP-001858,Female,Yes,0,Not Graduate,Yes,91415.96,0.0,219874.67,240,1,Semiurban,769,29,1,0.9974
APP-001859,Female,Yes,2,Not Graduate,No,85199.02,22503.72,328563.43,300,1,Semiurban,713,46,1,0.9925
APP-001860,Female,Yes,2,Not Graduate,Yes,94809.25,0.0,215638.87,360,1,Rural,561,38,1,0.3371
APP-001861,Female,Yes,0,Graduate,No,21285.29,0.0,48178.76,300,1,Urban,736,48,1,0.9992
APP-001862,Male,No,0,Graduate,No,57301.64,17606.62,464133.19,240,1,Semiurban,588,21,0,0.0284
APP-001863,Male,Yes,0,Graduate,No,78438.98,0.0,256550.12,360,1,Semiurban,800,51,1,0.9998
APP-001864,Female,Yes,1,Graduate,No,86635.51,0.0,274140.95,240,1,Urban,767,49,1,0.9986
APP-001865,Female,Yes,1,Graduate,Yes,26267.94,0.0,182934.41,240,0,Rural,705,66,0,0.0838
APP-001866,Female,Yes,1,Graduate,No,57616.21,34111.15,335040.43,360,0,Urban,693,42,1,0.9666
APP-001867,Female,Yes,2,Graduate,Yes,41829.69,0.0,275140.81,360,1,Rural,662,33,1,0.5332
APP-001868,Female,Yes,1,Graduate,No,110844.45,0.0,294684.91,360,1,Rural,738,31,1,0.9982
APP-001869,Female,Yes,2,Graduate,No,18713.3,0.0,68266.25,300,1,Semiurban,648,40,1,0.8952
APP-001870,Female,No,3+,Not Graduate,No,26288.6,0.0,74558.36,360,1,Urban,700,59,1,0.9912
APP-001871,Female,No,1,Not Graduate,No,14826.2,0.0,80878.46,180,1,Semiurban,754,24,0,0.5996
APP-001872,Male,No,1,Graduate,No,43457.51,7776.13,198995.7,360,1,Rural,632,56,1,0.9142
APP-001873,Female,Yes,2,Not Graduate,Yes,139401.31,0.0,500000.0,360,0,Urban,628,43,0,0.4027
APP-001874,Female,Yes,1,Graduate,Yes,39167.87,16033.94,252088.8,240,1,Urban,578,54,0,0.1316
APP-001875,Male,Yes,3+,Graduate,No,42428.19,20969.45,112588.66,180,1,Semiurban,590,51,1,0.7164
APP-001876,Female,Yes,1,Graduate,No,54319.11,16079.73,266491.91,360,0,Rural,525,66,0,0.0428
APP-001877,Female,Yes,3+,Graduate,No,37648.19,0.0,80426.41,240,1,Urban,742,67,1,0.998
APP-001878,Male,No,1,Graduate,No,49085.27,0.0,244566.14,360,1,Urban,834,35,1,0.9998
APP-001879,Female,Yes,0,Not Graduate,No,49797.32,0.0,272542.08,360,1,Rural,801,46,1,0.9987
APP-001880,Male,Yes,2,Graduate,No,25208.68,0.0,144560.37,360,0,Rural,542,35,0,0.0117
APP-001881,Male,No,0,Graduate,No,38111.61,0.0,153735.39,240,1,Semiurban,742,56,1,0.9913
APP-001882,Female,No,3+,Graduate,Yes,60358.87,0.0,123453.08,360,1,Semiurban,801,58,1,0.9998
APP-001883,Male,Yes,3+,Graduate,No,66884.12,0.0,313335.19,360,1,Urban,641,34,1,0.8236
APP-001884,Female,Yes,0,Graduate,No,81975.52,0.0,419740.05,240,1,Rural,689,30,1,0.76
APP-001885,Male,Yes,2,Graduate,No,48266.35,0.0,189537.99,180,1,Rural,509,21,0,0.0022
APP-001886,Male,Yes,3+,Graduate,No,48809.59,0.0,216241.51,360,1,Urban,703,67,1,0.9816
APP-001887,Female,Yes,0,Graduate,No,60633.43,22048.53,150721.63,240,1,Semiurban,590,23,0,0.7873
APP-001888,Female,Yes,3+,Not Graduate,No,28937.0,0.0,127093.82,180,1,Urban,697,32,1,0.5212
APP-001889,Male,No,1,Graduate,Yes,28291.64,8045.8,147536.37,120,1,Semiurban,547,57,0,0.0009
APP-001890,Male,No,0,Not Graduate,No,37472.45,0.0,92561.92,240,1,Urban,726,29,1,0.9942
APP-001891,Male,Yes,1,Not Graduate,No,19905.28,24604.37,240670.29,300,1,Rural,767,46,1,0.992
APP-001892,Male,Yes,3+,Graduate,No,50201.26,0.0,171334.9,120,0,Semiurban,613,41,0,0.0066
APP-001893,Female,No,1,Not Graduate,Yes,71467.29,0.0,337762.58,300,0,Rural,583,58,0,0.0265
APP-001894,Female,Yes,1,Graduate,No,27159.33,13889.83,217976.86,360,0,Semiurban,497,22,0,0.0035
APP-001895,Male,No,2,Graduate,Yes,50987.31,0.0,252027.24,300,1,Semiurban,657,65,1,0.6725
APP-001896,Male,Yes,2,Not Graduate,No,28395.27,0.0,66212.54,300,0,Semiurban,631,53,1,0.6767
APP-001897,Male,Yes,0,Not Graduate,No,22945.65,0.0,82292.61,180,0,Urban,548,36,0,0.007
APP-001898,Male,No,2,Graduate,Yes,124313.09,23508.28,500000.0,240,1,Semiurban,719,58,1,0.981
APP-001899,Female,No,1,Not Graduate,No,23127.36,15084.39,305250.85,300,1,Urban,642,35,0,0.1586
APP-001900,Female,Yes,3+,Not Graduate,No,19858.24,0.0,123242.39,360,0,Rural,589,38,0,0.025
APP-001901,Male,No,1,Graduate,No,45165.71,5210.43,242976.28,360,1,Rural,633,63,1,0.8369
APP-001902,Male,Yes,0,Graduate,No,46522.29,0.0,127142.32,240,1,Semiurban,771,36,1,0.999
APP-001903,Male,Yes,0,Graduate,Yes,57929.25,0.0,229566.72,180,0,Rural,731,59,1,0.6536
APP-001904,Male,Yes,2,Graduate,No,120653.18,0.0,425311.76,360,1,Urban,669,54,1,0.9783
APP-001905,Male,Yes,1,Graduate,No,26175.49,0.0,107416.23,360,1,Urban,733,61,1,0.9969
APP-001906,Male,No,2,Not Graduate,No,29198.12,61519.45,201710.7,360,0,Semiurban,581,45,0,0.412
APP-001907,Male,No,2,Not Graduate,Yes,97230.82,23001.73,500000.0,360,1,Urban,683,24,1,0.9183
APP-001908,Male,No,0,Graduate,Yes,67273.26,28597.2,122007.51,240,0,Semiurban,693,44,1,0.9823
APP-001909,Male,No,3+,Graduate,No,62320.44,28743.0,500000.0,360,0,Semiurban,640,56,1,0.4246
APP-001910,Male,No,2,Graduate,No,29015.12,0.0,183482.6,120,1,Urban,717,42,0,0.0038
APP-001911,Female,Yes,0,Graduate,No,74550.98,41489.33,500000.0,120,1,Semiurban,614,51,0,0.0127
APP-001912,Female,No,0,Graduate,Yes,62426.84,0.0,237838.04,300,1,Rural,723,63,1,0.9862
APP-001913,Female,Yes,1,Graduate,No,44544.57,73282.68,397511.96,180,0,Urban,727,66,1,0.906
APP-001914,Male,Yes,0,Graduate,Yes,29094.07,0.0,130933.59,240,0,Semiurban,432,21,0,0.0001
APP-001915,Male,Yes,0,Graduate,No,42560.53,12319.36,300986.5,120,1,Rural,781,46,0,0.2414
APP-001916,Male,No,1,Graduate,No,99376.19,55002.53,500000.0,180,0,Rural,421,48,0,0.0002
APP-001917,Male,Yes,3+,Graduate,No,21989.44,0.0,55047.14,180,1,Rural,628,30,0,0.5894
APP-001918,Male,No,2,Not Graduate,No,25851.15,0.0,141697.53,300,1,Urban,767,44,1,0.99
APP-001919,Female,Yes,0,Not Graduate,No,28416.03,0.0,121104.96,240,0,Urban,653,65,0,0.3454
APP-001920,Male,No,2,Graduate,Yes,32017.83,0.0,86713.54,300,0,Semiurban,555,34,0,0.0633
APP-001921,Female,Yes,0,Graduate,No,39788.96,12938.47,108197.48,300,1,Semiurban,587,50,1,0.8941
APP-001922,Male,Yes,3+,Not Graduate,No,67996.67,0.0,500000.0,120,1,Semiurban,767,34,0,0.0009
APP-001923,Male,Yes,1,Graduate,No,51729.2,0.0,320679.46,360,0,Urban,517,59,0,0.0072
APP-001924,Female,No,0,Not Graduate,No,41500.58,0.0,227563.62,120,1,Urban,776,43,1,0.1471
APP-001925,Female,Yes,3+,Graduate,No,46739.57,0.0,189208.92,360,1,Semiurban,675,67,1,0.9553
APP-001926,Female,No,0,Not Graduate,No,56567.79,0.0,328959.33,360,1,Urban,579,21,1,0.1271
APP-001927,Male,Yes,0,Graduate,No,15915.71,24320.3,106829.51,360,1,Semiurban,630,64,1,0.9671
APP-001928,Male,No,0,Graduate,Yes,72357.28,30360.65,479007.22,300,1,Urban,594,43,0,0.4224
APP-001929,Female,Yes,0,Graduate,No,25475.51,18317.71,208268.27,360,1,Urban,754,69,1,0.9982
APP-001930,Male,Yes,0,Graduate,No,31447.33,0.0,84429.96,180,1,Semiurban,742,64,1,0.994
APP-001931,Male,Yes,3+,Graduate,No,48399.24,0.0,196858.23,360,0,Semiurban,534,34,0,0.0267
APP-001932,Female,No,1,Graduate,No,38504.36,0.0,136323.11,120,1,Rural,646,58,0,0.0954
APP-001933,Male,Yes,2,Not Graduate,Yes,52460.29,0.0,158583.01,300,0,Urban,607,27,1,0.1619
APP-001934,Male,No,0,Graduate,No,43390.91,0.0,145149.92,240,1,Semiurban,790,34,1,0.999
APP-001935,Male,No,0,Graduate,No,34230.33,0.0,67696.05,360,0,Semiurban,565,50,1,0.4506
APP-001936,Female,Yes,1,Graduate,No,93043.0,43204.07,500000.0,360,1,Urban,816,23,1,0.9998
APP-001937,Female,No,2,Graduate,No,59244.96,0.0,500000.0,240,1,Urban,677,62,0,0.0762
APP-001938,Female,No,1,Graduate,No,47389.91,0.0,133161.44,180,1,Semiurban,581,40,0,0.2842
APP-001939,Male,Yes,1,Not Graduate,No,58740.57,0.0,412661.25,360,0,Semiurban,622,35,0,0.0658
APP-001940,Male,Yes,0,Not Graduate,No,27229.84,25702.2,222428.02,360,1,Rural,612,36,0,0.7232
APP-001941,Male,Yes,1,Not Graduate,No,132736.93,0.0,500000.0,180,1,Semiurban,572,31,0,0.0351
APP-001942,Female,No,1,Graduate,No,22066.14,9798.47,75839.07,360,1,Urban,688,25,1,0.9942
APP-001943,Female,No,0,Graduate,No,42712.32,0.0,141670.91,300,0,Semiurban,576,35,0,0.1852
APP-001944,Female,Yes,1,Not Graduate,No,34285.08,0.0,185763.63,240,0,Urban,495,34,0,0.0004
APP-001945,Female,Yes,3+,Not Graduate,No,33576.18,0.0,92287.97,120,1,Semiurban,648,62,0,0.2297
APP-001946,Male,Yes,0,Graduate,No,31262.01,0.0,95453.86,360,0,Rural,527,68,0,0.0634
APP-001947,Male,No,0,Not Graduate,No,26253.63,0.0,89046.05,180,0,Urban,616,44,0,0.1075
APP-001948,Female,No,1,Graduate,No,77156.28,41204.57,108903.45,360,1,Urban,603,68,1,0.9728
APP-001949,Male,Yes,2,Graduate,No,20690.16,32494.84,262828.15,240,1,Urban,606,68,1,0.2472
APP-001950,Male,No,1,Graduate,Yes,68937.81,0.0,391443.2,300,1,Urban,850,31,1,0.9991
APP-001951,Male,Yes,0,Graduate,No,57336.68,0.0,288013.09,240,0,Urban,685,62,1,0.5478
APP-001952,Male,No,2,Not Graduate,No,32549.26,0.0,212094.12,360,1,Urban,701,33,1,0.8863
APP-001953,Male,No,1,Graduate,No,53794.9,12471.07,231334.15,180,0,Semiurban,529,63,0,0.0066
APP-001954,Male,Yes,2,Graduate,Yes,36796.41,0.0,354402.99,240,1,Rural,624,63,0,0.0014
APP-001955,Male,No,0,Graduate,No,21904.48,0.0,63849.98,300,1,Urban,698,48,1,0.9945
APP-001956,Female,Yes,3+,Graduate,No,22032.23,0.0,84901.58,300,1,Urban,593,58,1,0.5335
APP-001957,Female,Yes,0,Graduate,No,57554.8,12614.19,258644.75,300,1,Urban,757,65,1,0.9989
APP-001958,Male,Yes,3+,Not Graduate,No,55936.01,0.0,259314.27,120,1,Rural,578,58,0,0.0004
APP-001959,Female,No,0,Not Graduate,No,45848.89,0.0,175483.22,120,1,Rural,656,26,0,0.0344
APP-001960,Male,Yes,0,Graduate,No,32359.6,0.0,131708.37,180,1,Semiurban,630,47,0,0.331
APP-001961,Male,No,0,Graduate,Yes,36143.87,9146.66,142278.36,120,1,Rural,694,21,1,0.3465
APP-001962,Female,No,2,Graduate,No,33555.15,0.0,117433.11,180,1,Rural,626,44,0,0.3597
APP-001963,Female,No,2,Graduate,No,15354.76,49498.15,101159.43,120,0,Urban,657,56,1,0.7778
APP-001964,Male,No,1,Graduate,Yes,41509.99,50405.52,500000.0,300,1,Urban,660,25,0,0.646
APP-001965,Female,Yes,3+,Graduate,No,53495.36,0.0,143984.07,180,0,Rural,618,24,0,0.1066
APP-001966,Male,Yes,0,Graduate,Yes,41655.34,23224.82,221793.34,240,1,Rural,721,66,1,0.9826
APP-001967,Male,No,0,Graduate,No,106194.97,47424.9,406502.59,360,1,Semiurban,700,43,1,0.9973
APP-001968,Male,No,0,Not Graduate,No,23097.76,0.0,127242.2,360,1,Semiurban,672,63,1,0.8913
APP-001969,Female,Yes,1,Graduate,No,27900.31,18706.61,155591.26,300,1,Urban,643,47,1,0.9533
APP-001970,Male,Yes,0,Graduate,No,43181.2,0.0,61310.6,120,1,Urban,748,38,1,0.9981
APP-001971,Male,Yes,0,Graduate,Yes,45893.18,0.0,221995.08,300,0,Semiurban,660,25,0,0.3091
APP-001972,Male,Yes,0,Not Graduate,Yes,14105.71,0.0,42962.24,240,0,Semiurban,654,30,0,0.4087
APP-001973,Male,No,1,Graduate,No,55909.18,12884.11,290205.68,300,0,Urban,689,66,0,0.8931
APP-001974,Female,Yes,0,Graduate,No,46008.17,22333.26,423688.91,360,1,Semiurban,824,43,1,0.9996
APP-001975,Female,No,0,Graduate,No,12510.63,0.0,34198.42,300,0,Semiurban,566,35,1,0.208
APP-001976,Female,Yes,1,Graduate,No,37639.52,11595.62,205143.94,360,1,Rural,745,69,1,0.9973
APP-001977,Female,Yes,0,Graduate,No,25727.15,18913.81,134478.48,180,0,Rural,519,57,0,0.0102
APP-001978,Male,Yes,0,Not Graduate,No,31278.06,44143.17,500000.0,240,0,Rural,698,43,0,0.1774
APP-001979,Female,No,1,Graduate,Yes,19226.5,0.0,84929.37,180,1,Urban,814,41,1,0.9904
APP-001980,Female,Yes,3+,Not Graduate,No,50458.36,0.0,212886.35,120,1,Rural,722,63,0,0.1296
APP-001981,Male,Yes,2,Not Graduate,No,105765.22,0.0,257962.23,120,1,Rural,695,21,0,0.5961
APP-001982,Female,Yes,2,Graduate,No,46432.87,0.0,277437.52,360,1,Semiurban,632,49,1,0.6364
APP-001983,Male,No,1,Graduate,No,12238.46,0.0,77422.2,240,1,Urban,683,48,0,0.5586
APP-001984,Female,Yes,0,Graduate,No,46961.24,0.0,141819.84,360,1,Urban,659,45,1,0.9843
APP-001985,Male,Yes,1,Not Graduate,Yes,36060.33,0.0,164751.91,360,0,Urban,613,23,0,0.1078
APP-001986,Male,Yes,2,Not Graduate,No,21904.41,11243.52,184118.59,360,0,Urban,655,56,0,0.5276
APP-001987,Male,No,0,Not Graduate,No,48751.59,0.0,500000.0,360,1,Semiurban,697,22,0,0.2562
APP-001988,Male,Yes,3+,Graduate,No,65112.42,0.0,331001.68,240,1,Rural,615,67,0,0.1482
APP-001989,Female,No,2,Not Graduate,No,27787.14,36934.2,275863.59,360,1,Urban,611,29,1,0.6527
APP-001990,Female,No,1,Graduate,No,16251.61,0.0,64595.65,300,0,Urban,564,58,0,0.0969
APP-001991,Male,Yes,1,Graduate,No,13274.24,51430.28,264157.08,300,1,Urban,713,54,1,0.9924
APP-001992,Male,Yes,2,Not Graduate,No,27830.09,13381.9,248145.04,300,1,Rural,726,67,1,0.923
APP-001993,Male,Yes,3+,Not Graduate,No,36844.92,0.0,105615.18,360,1,Urban,700,44,1,0.9909
APP-001994,Female,No,0,Graduate,No,30218.12,0.0,196006.86,360,1,Semiurban,762,40,1,0.9935
APP-001995,Female,Yes,0,Graduate,No,27562.04,0.0,58725.72,180,1,Urban,687,59,1,0.9858
APP-001996,Male,No,1,Graduate,No,54849.3,0.0,315589.11,180,0,Semiurban,713,25,0,0.0712
APP-001997,Female,Yes,0,Graduate,No,51769.39,44913.66,500000.0,240,1,Urban,706,51,1,0.9411
APP-001998,Male,Yes,0,Graduate,No,44791.62,0.0,274458.5,360,1,Rural,672,27,0,0.8223
APP-001999,Female,Yes,1,Not Graduate,No,62885.34,0.0,302774.16,180,1,Semiurban,635,23,0,0.0504
APP-002000,Female,Yes,1,Graduate,No,27974.0,0.0,142448.0,300,1,Urban,850,30,1,0.9997
APP-002001,Male,Yes,0,Graduate,Yes,21982.29,0.0,78268.59,240,0,Urban,642,50,1,0.4324
APP-002002,Male,No,1,Graduate,No,30113.13,0.0,77380.29,360,1,Rural,623,58,1,0.9349
APP-002003,Female,No,1,Graduate,No,28992.24,0.0,138296.61,360,1,Urban,717,25,1,0.9847
APP-002004,Female,Yes,0,Graduate,No,12988.13,0.0,57115.62,300,1,Semiurban,701,35,1,0.9736
APP-002005,Male,Yes,0,Graduate,Yes,29730.75,21279.64,329536.66,240,1,Rural,561,26,0,0.0051
APP-002006,Male,Yes,0,Graduate,No,73693.35,41318.03,460105.29,360,1,Rural,775,31,1,0.9992
APP-002007,Female,No,0,Graduate,No,62346.91,71960.1,500000.0,180,0,Rural,672,21,0,0.2682
APP-002008,Male,No,0,Graduate,No,53575.71,0.0,259936.16,300,1,Urban,586,64,0,0.3716
APP-002009,Male,Yes,1,Graduate,Yes,43147.94,0.0,237985.93,360,1,Semiurban,781,57,1,0.9967
APP-002010,Male,No,3+,Graduate,No,89044.74,14192.71,500000.0,300,1,Semiurban,733,64,1,0.9857
APP-002011,Male,Yes,0,Graduate,No,22402.05,36336.08,163025.76,360,0,Rural,573,58,0,0.4093
APP-002012,Female,Yes,2,Not Graduate,No,23608.1,66122.59,500000.0,240,1,Semiurban,831,23,1,0.9933
APP-002013,Male,Yes,0,Graduate,No,74485.7,0.0,292759.38,300,1,Semiurban,736,62,1,0.9955
APP-002014,Male,Yes,1,Not Graduate,No,40748.84,0.0,231969.04,360,1,Urban,679,52,1,0.9134
APP-002015,Female,No,1,Not Graduate,No,27746.14,0.0,230075.9,360,1,Semiurban,815,42,1,0.9935
APP-002016,Female,Yes,3+,Not Graduate,No,54369.5,29944.57,139181.46,360,1,Semiurban,694,39,1,0.9953
APP-002017,Male,No,1,Not Graduate,No,31534.68,48666.49,500000.0,360,1,Rural,678,41,1,0.8561
APP-002018,Female,Yes,1,Not Graduate,No,25320.28,27983.92,215453.08,120,1,Semiurban,624,34,0,0.0129
APP-002019,Female,Yes,0,Graduate,No,24935.72,22878.21,138706.55,240,1,Rural,729,58,1,0.9964
APP-002020,Male,Yes,2,Graduate,No,47899.11,16117.38,224137.0,360,1,Rural,721,41,1,0.996
APP-002021,Female,Yes,3+,Graduate,No,44945.17,0.0,120458.15,360,1,Urban,681,55,1,0.9905
APP-002022,Male,Yes,0,Graduate,Yes,92430.36,14263.24,500000.0,360,0,Urban,613,49,0,0.3695
APP-002023,Male,Yes,0,Not Graduate,Yes,34216.08,13493.8,127673.21,240,1,Rural,691,60,1,0.969
APP-002024,Male,Yes,3+,Graduate,No,33896.53,26861.75,445345.22,300,1,Semiurban,674,63,0,0.5118
APP-002025,Female,Yes,2,Graduate,No,88592.14,21565.36,500000.0,300,1,Urban,567,61,0,0.2828
APP-002026,Female,Yes,0,Graduate,No,69016.83,0.0,325893.42,240,1,Semiurban,555,48,0,0.0697
APP-002027,Female,No,0,Graduate,No,43464.25,45902.15,152395.44,300,1,Semiurban,728,29,1,0.999
APP-002028,Male,No,2,Graduate,No,17008.07,0.0,39986.37,360,0,Urban,459,62,0,0.0114
APP-002029,Male,Yes,3+,Graduate,No,25680.31,15470.06,169214.08,300,1,Rural,697,27,1,0.9536
APP-002030,Female,Yes,0,Not Graduate,No,22477.0,14396.68,155390.91,180,0,Urban,639,28,0,0.0675
APP-002031,Male,No,0,Not Graduate,No,40947.6,38976.59,500000.0,300,1,Semiurban,791,42,1,0.9946
APP-002032,Female,Yes,0,Graduate,No,30345.77,0.0,34883.44,180,0,Rural,638,35,1,0.8522
APP-002033,Female,Yes,3+,Not Graduate,No,96915.79,19479.24,352610.11,300,1,Rural,736,49,1,0.9956
APP-002034,Male,Yes,3+,Graduate,Yes,16910.83,27718.07,277291.48,360,1,Urban,646,61,1,0.6301
APP-002035,Female,No,1,Graduate,No,21189.54,12385.02,122979.65,300,1,Urban,690,26,1,0.9786
APP-002036,Male,No,1,Graduate,No,45914.94,0.0,158617.79,360,1,Urban,743,38,1,0.9985
APP-002037,Male,No,1,Graduate,No,53465.39,11158.84,133364.13,360,0,Urban,641,35,1,0.9238
APP-002038,Male,No,1,Graduate,No,12000.0,26563.51,264711.95,240,1,Urban,765,30,1,0.9202
APP-002039,Female,No,2,Graduate,No,15452.47,0.0,52959.82,300,1,Semiurban,596,57,1,0.6444
APP-002040,Female,No,1,Graduate,No,34718.15,0.0,242118.22,300,1,Urban,705,62,1,0.8487
APP-002041,Female,Yes,2,Graduate,No,84611.38,31342.35,500000.0,240,1,Urban,758,55,1,0.9943
APP-002042,Male,No,3+,Graduate,No,113353.72,45902.24,500000.0,180,1,Urban,736,22,1,0.972
APP-002043,Female,Yes,0,Graduate,No,31953.16,0.0,134247.26,360,1,Urban,843,51,1,0.9999
APP-002044,Female,Yes,2,Not Graduate,Yes,36539.32,0.0,125274.75,120,1,Urban,615,54,0,0.0188
APP-002045,Male,No,3+,Graduate,Yes,25329.47,33129.28,194374.99,180,0,Semiurban,563,31,0,0.0081
APP-002046,Female,No,0,Not Graduate,No,56855.23,24250.17,500000.0,240,1,Semiurban,595,39,0,0.0474
APP-002047,Male,No,0,Graduate,Yes,93031.3,0.0,360532.18,360,1,Semiurban,736,21,1,0.9905
APP-002048,Male,Yes,0,Graduate,Yes,80082.4,18685.94,500000.0,240,1,Urban,722,34,1,0.929
APP-002049,Male,No,2,Graduate,No,39499.75,0.0,209217.53,360,1,Semiurban,689,51,1,0.9552
APP-002050,Male,Yes,1,Not Graduate,Yes,25306.27,0.0,89645.57,240,1,Rural,585,68,0,0.1321
APP-002051,Female,Yes,1,Graduate,No,40316.19,22545.69,239145.11,180,1,Semiurban,745,40,1,0.977
APP-002052,Male,No,1,Not Graduate,No,85770.7,0.0,500000.0,120,1,Semiurban,576,48,0,0.0001
APP-002053,Male,Yes,1,Graduate,No,32199.8,0.0,139216.29,180,1,Rural,779,21,1,0.9543
APP-002054,Male,Yes,0,Graduate,No,14787.15,8683.25,81575.04,240,1,Urban,850,64,1,0.9999
APP-002055,Male,No,0,Graduate,No,32925.24,0.0,97626.32,240,0,Rural,711,45,0,0.9531
APP-002056,Male,No,0,Graduate,No,34424.91,0.0,169492.9,300,1,Semiurban,730,44,1,0.9876
APP-002057,Female,Yes,3+,Graduate,No,14739.5,0.0,49805.38,120,0,Semiurban,638,27,0,0.0109
APP-002058,Female,Yes,2,Graduate,No,45598.06,0.0,253944.28,240,1,Rural,526,60,0,0.0062
APP-002059,Male,Yes,0,Graduate,No,53013.54,20270.58,500000.0,120,1,Urban,629,36,0,0.0001
APP-002060,Female,Yes,0,Graduate,Yes,111629.53,0.0,500000.0,360,0,Urban,587,33,0,0.1288
APP-002061,Male,Yes,1,Graduate,Yes,19287.12,0.0,185171.83,240,0,Semiurban,557,51,0,0.0
APP-002062,Male,No,1,Graduate,Yes,59981.22,0.0,185370.73,300,1,Semiurban,826,40,1,0.9998
APP-002063,Male,Yes,0,Graduate,No,68306.48,16267.65,490496.78,360,1,Rural,703,57,1,0.9754
APP-002064,Female,No,0,Graduate,No,53412.04,23416.25,500000.0,240,1,Semiurban,712,38,1,0.7665
APP-002065,Male,Yes,1,Graduate,No,23069.33,0.0,182988.68,180,0,Urban,654,60,0,0.0009
APP-002066,Female,Yes,1,Graduate,No,22343.49,17160.8,299490.48,300,0,Semiurban,665,38,0,0.1446
APP-002067,Male,No,1,Not Graduate,No,42338.76,20379.23,269376.63,360,0,Urban,762,31,1,0.99
APP-002068,Female,No,0,Graduate,No,42175.62,0.0,268353.5,360,1,Semiurban,677,46,1,0.9011
APP-002069,Male,Yes,1,Graduate,No,29504.89,0.0,79570.65,240,1,Semiurban,725,49,1,0.9955
APP-002070,Female,Yes,1,Graduate,No,81666.6,23039.19,500000.0,240,1,Urban,663,21,1,0.6569
APP-002071,Male,No,0,Graduate,Yes,32195.65,32219.5,178909.51,240,1,Urban,651,55,1,0.9412
APP-002072,Male,Yes,0,Graduate,Yes,14164.08,0.0,106173.17,180,0,Semiurban,560,50,0,0.0
APP-002073,Male,No,1,Graduate,No,35481.58,0.0,241921.1,360,0,Rural,512,48,0,0.0029
APP-002074,Male,Yes,2,Not Graduate,No,52268.56,12655.1,441399.69,120,0,Urban,658,26,0,0.0
APP-002075,Male,Yes,0,Graduate,No,48439.88,12808.0,500000.0,180,1,Semiurban,685,57,0,0.0135
APP-002076,Male,Yes,0,Graduate,No,48234.14,0.0,330183.38,120,0,Semiurban,571,33,0,0.0
APP-002077,Male,Yes,0,Graduate,No,91280.64,0.0,214213.81,360,0,Urban,677,69,1,0.9685
APP-002078,Female,No,2,Graduate,No,21739.04,0.0,120849.34,240,1,Semiurban,685,49,1,0.6791
APP-002079,Male,No,3+,Graduate,No,31791.7,18428.09,91487.18,180,0,Rural,497,46,0,0.0148
APP-002080,Male,Yes,1,Graduate,Yes,93880.66,23959.73,482182.58,240,1,Urban,602,67,0,0.3231
APP-002081,Female,No,0,Graduate,No,13601.8,0.0,47948.03,180,1,Semiurban,715,29,1,0.9327
APP-002082,Male,Yes,1,Not Graduate,Yes,38966.91,78336.21,500000.0,180,1,Urban,713,60,1,0.7648
APP-002083,Female,Yes,3+,Graduate,No,78897.64,0.0,232245.98,360,1,Semiurban,582,65,1,0.6496
APP-002084,Male,Yes,2,Graduate,No,78253.51,33644.87,333867.96,300,1,Urban,693,34,0,0.9904
APP-002085,Female,Yes,0,Graduate,No,57702.97,0.0,308230.02,300,0,Urban,767,29,1,0.9712
APP-002086,Female,Yes,1,Not Graduate,Yes,58512.26,0.0,423215.13,240,1,Semiurban,746,69,1,0.4958
APP-002087,Female,No,0,Graduate,No,22639.18,0.0,96627.43,240,0,Semiurban,672,37,0,0.5599
APP-002088,Female,No,0,Graduate,No,85412.47,0.0,500000.0,360,1,Urban,640,23,0,0.6803
APP-002089,Male,No,2,Graduate,No,20743.04,23653.58,162177.62,120,0,Semiurban,627,64,0,0.01
APP-002090,Female,No,2,Graduate,No,21434.84,0.0,124076.56,300,1,Rural,720,22,0,0.8849
APP-002091,Female,No,1,Graduate,No,49678.66,0.0,246938.43,300,1,Semiurban,697,66,1,0.946
APP-002092,Female,Yes,1,Graduate,No,30602.65,32030.53,228847.46,240,1,Rural,733,30,1,0.9878
APP-002093,Male,Yes,0,Graduate,No,44966.96,0.0,345867.29,180,0,Semiurban,691,57,0,0.0049
APP-002094,Female,No,3+,Graduate,No,50864.57,0.0,145259.38,360,1,Urban,750,38,1,0.9989
APP-002095,Female,Yes,0,Graduate,No,106719.63,0.0,178766.08,360,1,Urban,688,23,1,0.9956
APP-002096,Female,Yes,0,Graduate,No,50947.38,21350.83,291209.37,180,1,Urban,747,63,1,0.98
APP-002097,Male,Yes,3+,Graduate,No,28561.25,13535.81,159873.96,180,1,Semiurban,754,55,1,0.9788
APP-002098,Female,Yes,1,Not Graduate,No,58224.9,10351.82,471646.66,300,0,Urban,612,62,0,0.0382
APP-002099,Male,No,0,Not Graduate,No,25400.78,30770.59,136458.21,360,0,Semiurban,526,66,0,0.0972
APP-002100,Male,Yes,2,Graduate,No,66319.25,0.0,357862.22,240,1,Rural,811,47,1,0.9946
APP-002101,Female,Yes,1,Graduate,No,41587.1,0.0,212508.73,360,1,Urban,702,33,1,0.9763
APP-002102,Male,No,2,Graduate,No,50026.05,18430.93,337466.12,360,1,Urban,534,41,0,0.1479
APP-002103,Male,Yes,1,Not Graduate,No,15072.7,0.0,102793.3,180,1,Semiurban,619,66,0,0.003
APP-002104,Female,Yes,2,Graduate,Yes,12000.0,26223.67,161241.25,180,1,Urban,746,24,1,0.886
APP-002105,Female,Yes,2,Graduate,Yes,17574.72,0.0,76703.23,180,0,Urban,656,22,0,0.0343
APP-002106,Male,No,2,Not Graduate,Yes,104838.25,0.0,500000.0,360,1,Semiurban,636,33,1,0.5502
APP-002107,Female,No,2,Graduate,No,21343.76,0.0,86910.35,300,1,Rural,799,52,1,0.9992
APP-002108,Male,Yes,0,Graduate,No,60040.25,0.0,139218.11,360,0,Semiurban,591,46,1,0.6107
APP-002109,Female,Yes,0,Graduate,No,28196.43,8949.43,131648.5,360,1,Urban,612,57,1,0.9186
APP-002110,Male,Yes,0,Not Graduate,No,35171.22,27967.42,239559.43,360,0,Semiurban,698,29,1,0.9305
APP-002111,Female,Yes,0,Graduate,No,39159.72,19318.4,193556.72,180,1,Urban,713,39,1,0.9755
APP-002112,Male,Yes,1,Graduate,No,99119.17,17831.46,432390.32,180,1,Urban,722,52,1,0.9681
APP-002113,Female,No,0,Graduate,No,55352.55,0.0,255838.02,360,1,Semiurban,757,21,1,0.9957
APP-002114,Female,Yes,1,Graduate,No,49601.1,0.0,186931.23,240,1,Semiurban,697,60,1,0.9611
APP-002115,Female,No,3+,Graduate,No,81894.26,13572.73,500000.0,360,1,Rural,722,60,1,0.9849
APP-002116,Female,Yes,1,Graduate,Yes,28331.85,0.0,178626.18,240,1,Semiurban,658,27,0,0.1235
APP-002117,Female,No,1,Graduate,Yes,72228.4,0.0,105570.81,300,1,Rural,685,47,1,0.9922
APP-002118,Female,No,3+,Not Graduate,No,65888.32,0.0,147384.32,300,1,Rural,689,48,1,0.9841
APP-002119,Male,Yes,0,Graduate,No,65476.37,32531.11,141585.88,120,0,Urban,698,64,1,0.9603
APP-002120,Female,Yes,0,Not Graduate,Yes,36854.79,17155.97,203561.25,300,1,Semiurban,746,42,1,0.9942
APP-002121,Male,Yes,3+,Not Graduate,No,31554.67,0.0,115644.4,360,1,Rural,727,27,1,0.9857
APP-002122,Female,No,0,Not Graduate,No,24874.46,0.0,113497.51,240,1,Semiurban,684,44,1,0.8376
APP-002123,Female,Yes,3+,Graduate,Yes,25746.39,0.0,160361.12,240,1,Urban,611,31,0,0.0284
APP-002124,Male,Yes,1,Graduate,No,24237.17,0.0,101357.44,360,0,Rural,686,24,1,0.8159
APP-002125,Female,Yes,1,Graduate,No,49107.46,0.0,159606.53,360,1,Urban,678,58,0,0.9887
APP-002126,Female,No,2,Graduate,No,35398.16,16807.28,222126.0,360,1,Urban,696,53,1,0.9895
APP-002127,Male,No,3+,Not Graduate,No,50882.29,13866.24,221021.27,240,1,Semiurban,850,52,1,0.9998
APP-002128,Male,No,0,Graduate,Yes,52487.75,20355.72,159733.59,240,1,Urban,635,53,1,0.9448
APP-002129,Female,Yes,0,Not Graduate,No,22407.12,31903.77,356287.36,240,1,Semiurban,716,55,1,0.7276
APP-002130,Female,No,0,Not Graduate,No,22040.29,14278.46,187426.99,360,1,Urban,771,36,1,0.9981
APP-002131,Female,No,1,Not Graduate,No,35391.85,23266.26,479979.02,360,1,Urban,688,63,1,0.7479
APP-002132,Male,No,0,Graduate,No,26204.43,0.0,64024.32,300,1,Urban,850,42,1,1.0
APP-002133,Female,Yes,0,Not Graduate,Yes,24730.02,70734.13,196783.8,240,1,Urban,648,29,1,0.9261
APP-002134,Male,No,1,Graduate,Yes,101989.78,0.0,285342.66,360,1,Semiurban,708,62,1,0.9933
APP-002135,Male,Yes,2,Not Graduate,No,17268.77,0.0,88092.38,180,0,Rural,612,52,0,0.0047
APP-002136,Male,Yes,3+,Not Graduate,No,122110.96,0.0,500000.0,180,1,Urban,650,41,0,0.288
APP-002137,Female,Yes,0,Graduate,No,47046.04,17546.04,313223.63,240,0,Semiurban,701,41,0,0.738
APP-002138,Male,Yes,3+,Graduate,No,69039.29,55606.49,500000.0,300,1,Rural,752,68,1,0.9953
APP-002139,Female,Yes,0,Graduate,No,64704.31,26782.48,500000.0,120,1,Semiurban,707,26,0,0.0158
APP-002140,Male,Yes,3+,Graduate,No,56349.44,0.0,195357.04,240,1,Rural,787,66,1,0.9977
APP-002141,Male,No,2,Graduate,Yes,100108.26,11744.76,500000.0,360,0,Semiurban,672,23,1,0.6008
APP-002142,Female,Yes,1,Graduate,No,22129.59,19130.36,429726.75,300,1,Rural,652,67,1,0.0374
APP-002143,Male,Yes,3+,Graduate,No,36827.2,8437.46,119616.26,180,1,Urban,850,43,1,0.9999
APP-002144,Female,Yes,0,Graduate,No,25107.81,0.0,95473.88,180,1,Semiurban,714,21,1,0.86
APP-002145,Male,Yes,2,Graduate,No,15790.38,0.0,36016.42,360,0,Urban,619,63,1,0.7719
APP-002146,Male,Yes,1,Graduate,No,27898.2,0.0,77032.74,180,0,Rural,621,63,1,0.234
APP-002147,Female,Yes,0,Graduate,No,112409.22,10598.06,500000.0,120,0,Urban,600,33,0,0.0024
APP-002148,Male,Yes,0,Not Graduate,Yes,36482.69,0.0,72843.27,360,1,Urban,760,49,1,0.9994
APP-002149,Female,Yes,1,Not Graduate,Yes,119483.51,34735.57,462922.88,300,0,Semiurban,649,32,0,0.5832
APP-002150,Female,Yes,0,Graduate,No,126399.77,0.0,500000.0,240,1,Urban,691,23,1,0.924
APP-002151,Female,Yes,3+,Graduate,No,208422.32,65965.07,500000.0,300,0,Urban,675,21,1,0.9341
APP-002152,Male,Yes,0,Graduate,No,114464.63,0.0,500000.0,300,1,Urban,742,49,1,0.996
APP-002153,Male,No,1,Graduate,No,146821.45,44983.08,456860.9,240,1,Urban,608,31,0,0.8485
APP-002154,Female,No,1,Not Graduate,No,47994.52,28475.05,336086.23,300,1,Urban,589,59,1,0.4326
APP-002155,Female,Yes,1,Graduate,Yes,45505.14,18837.19,500000.0,360,1,Urban,699,38,0,0.8272
APP-002156,Female,Yes,0,Graduate,No,47200.59,20601.68,214592.63,180,1,Urban,731,43,1,0.9901
APP-002157,Female,No,1,Graduate,No,40136.21,0.0,137368.98,240,1,Semiurban,708,42,1,0.981
APP-002158,Female,No,3+,Graduate,No,43578.31,0.0,241368.36,240,1,Urban,611,59,0,0.1344
APP-002159,Male,Yes,0,Not Graduate,No,60700.09,0.0,172607.62,360,1,Semiurban,738,49,1,0.9984
APP-002160,Male,Yes,0,Graduate,No,31063.85,28221.64,349020.27,360,1,Semiurban,617,62,1,0.66
APP-002161,Female,Yes,3+,Graduate,Yes,18813.06,32541.61,97540.09,360,0,Semiurban,636,42,0,0.8087
APP-002162,Female,No,3+,Graduate,Yes,49020.33,0.0,70154.11,240,1,Semiurban,600,43,1,0.7878
APP-002163,Female,Yes,1,Graduate,No,27418.06,23059.35,247899.35,300,1,Semiurban,791,35,1,0.9984
APP-002164,Female,Yes,3+,Graduate,No,29024.62,0.0,79616.63,360,1,Semiurban,734,48,1,0.9981
APP-002165,Male,Yes,3+,Graduate,No,37104.21,0.0,122626.56,240,1,Semiurban,731,67,1,0.9878
APP-002166,Male,Yes,0,Not Graduate,No,32706.24,0.0,206861.37,360,1,Urban,786,57,1,0.9971
APP-002167,Female,Yes,0,Not Graduate,No,73904.08,32500.05,500000.0,240,1,Urban,850,68,1,0.9995
APP-002168,Female,Yes,1,Graduate,No,36617.89,0.0,89859.47,300,0,Urban,535,21,0,0.059
APP-002169,Male,Yes,2,Graduate,No,75981.66,22303.9,500000.0,360,0,Urban,617,41,1,0.3696
APP-002170,Female,Yes,2,Graduate,No,44950.13,29316.76,276599.18,360,1,Semiurban,628,60,1,0.9058
APP-002171,Male,Yes,1,Graduate,No,38227.45,43327.11,419457.98,300,1,Rural,608,54,0,0.4761
APP-002172,Male,No,0,Not Graduate,Yes,43783.89,0.0,184969.96,240,0,Semiurban,588,25,0,0.0152
APP-002173,Female,Yes,0,Not Graduate,No,19724.24,18616.39,83092.26,300,1,Rural,655,50,1,0.9789
APP-002174,Female,No,2,Not Graduate,Yes,48336.51,15905.34,198690.21,240,1,Rural,577,54,0,0.2092
APP-002175,Male,Yes,1,Graduate,No,64026.61,0.0,92189.9,300,0,Urban,708,22,1,0.986
APP-002176,Male,Yes,0,Not Graduate,No,69214.64,0.0,320711.08,360,1,Semiurban,684,35,1,0.9533
APP-002177,Male,Yes,2,Graduate,No,19078.25,0.0,97237.18,180,1,Urban,721,68,1,0.661
APP-002178,Female,Yes,1,Graduate,No,17405.84,0.0,54044.86,300,1,Urban,723,67,1,0.9961
APP-002179,Male,Yes,1,Graduate,No,29874.18,0.0,120895.36,120,1,Rural,731,59,1,0.4153
APP-002180,Male,Yes,2,Graduate,No,85953.72,19031.7,288730.0,360,0,Rural,648,69,1,0.846
APP-002181,Male,No,0,Not Graduate,No,45321.48,0.0,340073.22,180,1,Urban,850,34,1,0.8411
APP-002182,Female,Yes,2,Not Graduate,No,26210.56,25852.55,124434.18,240,1,Semiurban,700,28,1,0.9822
APP-002183,Male,No,0,Not Graduate,Yes,18049.68,0.0,66897.61,240,0,Rural,522,62,0,0.0038
APP-002184,Male,Yes,1,Graduate,Yes,27551.32,52271.09,189726.11,240,1,Urban,595,49,1,0.7403
APP-002185,Male,Yes,3+,Graduate,No,26546.33,22822.42,233922.16,300,0,Urban,532,64,0,0.0152
APP-002186,Male,Yes,1,Graduate,No,67143.66,0.0,456699.09,240,1,Urban,681,22,0,0.2455
APP-002187,Female,No,1,Graduate,No,70045.43,0.0,117325.41,240,1,Semiurban,670,36,1,0.987
APP-002188,Female,Yes,1,Graduate,No,22528.89,0.0,128909.03,360,1,Urban,640,67,1,0.768
APP-002189,Female,No,2,Graduate,No,60732.93,0.0,500000.0,180,1,Urban,850,65,1,0.6986
APP-002190,Male,No,2,Not Graduate,No,57406.7,13044.66,318287.98,240,1,Urban,727,68,1,0.9593
APP-002191,Male,No,2,Not Graduate,No,20976.87,28758.42,156503.09,300,1,Rural,742,22,1,0.9928
APP-002192,Male,No,2,Graduate,No,38326.61,9497.01,200414.04,360,0,Urban,601,43,1,0.395
APP-002193,Male,Yes,0,Graduate,Yes,48409.48,50712.36,330571.1,240,0,Urban,595,51,1,0.1997
APP-002194,Male,No,0,Graduate,No,43904.82,0.0,453030.23,240,1,Semiurban,683,37,0,0.0144
APP-002195,Male,Yes,1,Not Graduate,No,15665.29,0.0,97241.34,360,1,Semiurban,695,62,1,0.9054
APP-002196,Female,Yes,1,Graduate,No,43137.6,0.0,275779.75,300,1,Urban,522,51,0,0.0156
APP-002197,Male,No,2,Graduate,No,56950.95,39669.35,500000.0,360,0,Semiurban,665,24,1,0.5772
APP-002198,Female,Yes,1,Graduate,No,95681.17,0.0,500000.0,120,1,Semiurban,681,58,0,0.0114
APP-002199,Male,Yes,0,Graduate,Yes,27782.59,0.0,112143.94,240,1,Urban,662,54,1,0.8211
APP-002200,Male,No,1,Graduate,No,29732.64,18823.7,209376.99,300,0,Rural,611,66,0,0.2572
APP-002201,Male,No,0,Not Graduate,No,35779.25,0.0,441099.34,180,1,Rural,634,66,0,0.0
APP-002202,Female,Yes,1,Graduate,No,47106.62,0.0,143988.57,240,1,Urban,665,41,1,0.9524
APP-002203,Female,No,1,Graduate,No,42334.59,0.0,167063.38,120,1,Urban,688,22,0,0.1152
APP-002204,Female,Yes,1,Graduate,No,55958.71,0.0,151230.53,300,1,Urban,731,40,1,0.9981
APP-002205,Male,No,2,Graduate,No,21615.1,0.0,40657.3,360,1,Rural,772,43,1,0.9997
APP-002206,Male,No,1,Graduate,No,49924.62,0.0,143254.67,360,0,Rural,655,45,1,0.8783
APP-002207,Female,Yes,1,Graduate,No,26682.99,0.0,77243.82,240,1,Rural,641,49,1,0.8878
APP-002208,Male,Yes,1,Graduate,No,37092.36,21050.01,187091.63,120,1,Rural,717,30,1,0.7023
APP-002209,Female,No,3+,Graduate,No,102683.58,0.0,500000.0,360,1,Urban,732,63,1,0.9917
APP-002210,Female,Yes,2,Not Graduate,Yes,18600.92,31224.72,211278.58,300,1,Rural,643,21,1,0.4598
APP-002211,Male,No,0,Graduate,Yes,34416.55,17598.47,349493.34,300,1,Rural,747,55,1,0.9544
APP-002212,Male,Yes,1,Graduate,No,19909.35,13736.25,153517.85,360,1,Semiurban,763,63,1,0.9986
APP-002213,Female,Yes,0,Graduate,No,43659.99,43191.18,401325.1,240,1,Semiurban,790,22,1,0.9952
APP-002214,Female,Yes,0,Graduate,Yes,71433.92,0.0,267111.02,240,1,Rural,831,42,1,0.9994
APP-002215,Male,No,2,Graduate,No,44060.12,0.0,451099.92,360,1,Urban,606,35,0,0.0313
APP-002216,Female,Yes,0,Graduate,Yes,37639.39,0.0,132625.29,240,1,Urban,681,54,1,0.9394
APP-002217,Female,No,0,Not Graduate,Yes,83334.78,0.0,500000.0,360,1,Urban,681,58,1,0.8522
APP-002218,Male,No,1,Not Graduate,No,48135.55,31498.03,199426.1,360,1,Urban,672,59,1,0.9903
APP-002219,Male,Yes,0,Graduate,No,62991.89,0.0,240675.51,240,1,Semiurban,625,37,0,0.6591
APP-002220,Female,No,0,Not Graduate,Yes,59479.77,0.0,500000.0,360,0,Semiurban,554,40,0,0.0018
APP-002221,Female,Yes,1,Graduate,No,12000.0,0.0,69628.56,240,0,Semiurban,688,69,0,0.252
APP-002222,Male,Yes,0,Not Graduate,No,38477.62,64401.25,233615.97,360,1,Semiurban,615,39,1,0.935
APP-002223,Male,No,0,Not Graduate,No,22182.5,0.0,59440.0,240,1,Urban,687,59,1,0.9813
APP-002224,Male,Yes,2,Graduate,Yes,25434.85,0.0,222979.79,180,1,Urban,613,68,0,0.0001
APP-002225,Male,Yes,3+,Graduate,No,90311.71,18422.53,482347.13,360,0,Urban,587,28,0,0.153
APP-002226,Male,Yes,0,Not Graduate,No,32658.39,57044.9,337865.63,360,1,Rural,700,61,1,0.9892
APP-002227,Female,No,1,Not Graduate,No,113653.83,0.0,341242.56,360,1,Urban,693,28,1,0.9861
APP-002228,Male,Yes,0,Graduate,No,18504.54,0.0,68387.11,360,1,Urban,729,57,1,0.9979
APP-002229,Male,Yes,0,Graduate,No,22114.33,18735.49,329031.03,360,1,Semiurban,850,39,1,0.9993
APP-002230,Female,Yes,0,Graduate,No,61040.5,0.0,189905.65,300,1,Semiurban,704,27,1,0.9892
APP-002231,Male,Yes,2,Not Graduate,No,33264.49,23759.31,185409.51,360,1,Semiurban,721,58,1,0.9958
APP-002232,Male,Yes,0,Not Graduate,No,47525.9,41818.72,498842.92,120,1,Semiurban,588,32,0,0.0002
APP-002233,Female,Yes,0,Graduate,No,37730.77,43712.63,217466.21,180,0,Semiurban,571,64,0,0.0987
APP-002234,Male,Yes,1,Graduate,No,37107.82,28589.8,183887.81,240,1,Semiurban,815,67,1,0.9998
APP-002235,Male,No,2,Graduate,No,33950.88,18863.57,225792.63,360,0,Urban,602,65,0,0.3673
APP-002236,Male,Yes,0,Not Graduate,No,44299.18,0.0,191536.84,180,1,Semiurban,591,42,0,0.0495
APP-002237,Female,Yes,1,Graduate,No,57119.51,0.0,169185.04,240,1,Semiurban,677,44,1,0.9668
APP-002238,Male,No,0,Not Graduate,No,97531.65,99546.69,500000.0,120,1,Urban,672,23,0,0.6189
APP-002239,Female,Yes,3+,Graduate,Yes,35904.51,0.0,168903.69,120,1,Rural,603,50,0,0.0008
APP-002240,Male,No,3+,Graduate,No,32321.86,63152.62,167465.62,300,1,Rural,654,61,1,0.9818
APP-002241,Female,No,2,Graduate,Yes,30111.01,0.0,182384.21,180,0,Semiurban,784,35,0,0.2922
APP-002242,Female,Yes,0,Graduate,No,90073.49,0.0,297173.99,360,1,Semiurban,611,22,1,0.7851
APP-002243,Male,Yes,0,Not Graduate,No,58669.7,0.0,359476.88,360,1,Rural,562,29,0,0.0621
APP-002244,Female,No,0,Graduate,No,14122.6,56529.4,500000.0,300,1,Urban,760,38,1,0.9818
APP-002245,Male,Yes,0,Not Graduate,No,13784.27,0.0,57016.44,240,1,Semiurban,722,57,1,0.9696
APP-002246,Male,No,1,Not Graduate,No,25424.49,0.0,81087.25,360,1,Urban,627,39,1,0.8963
APP-002247,Male,No,1,Not Graduate,No,45550.64,0.0,361145.52,240,0,Rural,546,58,0,0.0002
APP-002248,Female,No,3+,Not Graduate,No,39402.77,0.0,115149.62,180,0,Semiurban,617,36,0,0.0894
APP-002249,Male,Yes,2,Graduate,No,53269.98,24346.14,500000.0,240,1,Semiurban,675,26,1,0.3034
APP-002250,Male,No,0,Graduate,No,36443.05,7013.22,150378.29,240,1,Semiurban,779,58,1,0.999
APP-002251,Female,Yes,0,Graduate,Yes,86558.89,22720.88,351354.18,300,1,Semiurban,592,49,1,0.6712
APP-002252,Female,Yes,3+,Not Graduate,Yes,61369.07,25818.08,500000.0,240,0,Urban,673,28,0,0.0636
APP-002253,Female,No,2,Not Graduate,No,41884.33,0.0,210244.37,360,1,Semiurban,737,53,1,0.989
APP-002254,Female,Yes,0,Not Graduate,No,75352.82,18082.74,500000.0,300,0,Urban,478,28,0,0.001
APP-002255,Male,Yes,2,Graduate,Yes,16205.43,53842.05,295116.67,240,1,Urban,768,52,1,0.9934
APP-002256,Male,Yes,1,Graduate,No,38300.14,5861.84,180196.64,240,1,Urban,579,43,0,0.311
APP-002257,Male,No,2,Not Graduate,No,43288.04,0.0,49478.45,360,0,Urban,708,44,1,0.9917
APP-002258,Female,Yes,1,Graduate,No,55888.84,0.0,375640.61,180,1,Semiurban,701,68,0,0.0856
APP-002259,Female,Yes,2,Graduate,No,15625.49,0.0,79223.19,180,1,Urban,772,55,1,0.9391
APP-002260,Female,Yes,0,Graduate,Yes,34779.25,0.0,140992.94,360,1,Urban,727,23,1,0.9891
APP-002261,Female,Yes,1,Not Graduate,No,50023.76,0.0,278343.5,240,1,Semiurban,478,45,0,0.001
APP-002262,Female,No,0,Graduate,No,52179.2,26239.14,340116.44,180,1,Urban,613,60,1,0.2268
APP-002263,Female,No,0,Graduate,No,77062.45,0.0,214882.04,240,1,Urban,692,39,1,0.9876
APP-002264,Male,Yes,0,Not Graduate,No,61012.13,0.0,306206.6,300,1,Semiurban,663,68,0,0.7853
APP-002265,Female,No,1,Graduate,No,38813.94,12494.05,200744.6,120,1,Rural,721,29,1,0.3722
APP-002266,Female,Yes,0,Not Graduate,No,58176.43,16312.34,443245.33,360,0,Urban,747,21,1,0.9313
APP-002267,Male,No,0,Not Graduate,No,35927.2,0.0,135012.8,240,1,Urban,732,63,1,0.987
APP-002268,Male,Yes,0,Graduate,No,43509.11,0.0,150215.73,120,1,Semiurban,662,31,1,0.1801
APP-002269,Female,No,1,Graduate,No,62139.76,20538.63,275908.44,360,1,Rural,523,69,0,0.2067
APP-002270,Female,No,1,Graduate,No,39147.22,23333.97,178943.68,300,1,Rural,641,23,1,0.9072
APP-002271,Female,Yes,0,Graduate,No,48976.42,42123.24,306986.28,360,1,Semiurban,715,57,1,0.9975
APP-002272,Male,Yes,1,Graduate,No,68099.14,0.0,352594.98,240,1,Urban,587,47,0,0.1262
APP-002273,Male,No,0,Graduate,No,59378.69,15870.58,228937.19,240,1,Semiurban,734,68,1,0.9963
APP-002274,Male,Yes,3+,Graduate,No,79095.36,28075.87,269208.53,300,1,Rural,757,67,1,0.9989
APP-002275,Male,No,0,Not Graduate,No,144443.91,0.0,500000.0,360,1,Semiurban,691,58,1,0.9867
APP-002276,Male,Yes,1,Graduate,No,59077.79,0.0,236673.62,360,0,Urban,420,61,0,0.0011
APP-002277,Male,Yes,3+,Graduate,No,31141.27,20077.46,308496.41,300,0,Urban,571,50,1,0.0228
APP-002278,Female,Yes,0,Graduate,No,53183.46,11790.1,250849.07,360,1,Semiurban,840,50,1,1.0
APP-002279,Female,No,1,Graduate,No,51940.29,0.0,171195.23,180,0,Urban,634,50,0,0.2642
APP-002280,Male,No,0,Graduate,No,56242.66,33832.31,175245.96,360,0,Semiurban,511,67,0,0.1202
APP-002281,Male,Yes,3+,Graduate,No,91332.22,56907.33,380072.08,300,1,Rural,785,23,1,0.9993
APP-002282,Male,No,0,Graduate,No,15894.66,0.0,45754.81,240,1,Semiurban,681,43,1,0.9774
APP-002283,Male,No,0,Graduate,No,92282.6,0.0,446429.17,180,1,Urban,774,22,1,0.9379
APP-002284,Female,No,0,Graduate,No,111049.27,0.0,450757.3,240,1,Semiurban,704,69,1,0.9576
APP-002285,Male,No,3+,Graduate,No,54854.46,19192.42,198983.42,180,0,Urban,719,34,1,0.9244
APP-002286,Male,Yes,0,Not Graduate,No,55585.31,0.0,67801.42,240,0,Urban,711,30,1,0.9878
APP-002287,Female,Yes,3+,Graduate,No,35140.0,12838.83,251875.19,120,1,Urban,739,67,0,0.0759
APP-002288,Male,No,3+,Graduate,No,40274.68,0.0,254817.18,300,1,Rural,850,60,1,0.9988
APP-002289,Male,Yes,2,Graduate,No,58916.34,18036.46,500000.0,300,1,Semiurban,763,29,1,0.9766
APP-002290,Female,No,0,Not Graduate,No,56866.05,14826.24,197991.38,180,0,Urban,546,24,0,0.0175
APP-002291,Female,Yes,1,Graduate,No,59658.41,57425.14,500000.0,300,1,Semiurban,718,64,1,0.9895
APP-002292,Female,No,0,Graduate,Yes,56651.16,101137.14,500000.0,180,1,Urban,777,21,1,0.9922
APP-002293,Female,No,1,Graduate,No,65782.85,0.0,361010.66,240,1,Urban,782,49,1,0.9903
APP-002294,Male,Yes,0,Not Graduate,No,61861.71,0.0,200472.61,360,0,Rural,644,45,1,0.7416
APP-002295,Male,No,3+,Graduate,No,22847.76,0.0,91754.85,360,1,Rural,779,50,1,0.9989
APP-002296,Male,Yes,0,Graduate,No,63433.5,6965.87,500000.0,300,1,Semiurban,759,59,1,0.9791
APP-002297,Female,No,2,Graduate,No,111549.38,0.0,500000.0,300,1,Urban,850,65,1,0.9998
APP-002298,Female,Yes,0,Graduate,No,39551.36,0.0,164988.08,120,0,Urban,616,23,0,0.0016
APP-002299,Female,Yes,2,Graduate,No,91556.72,0.0,425481.48,240,1,Urban,637,50,1,0.5578
APP-002300,Male,No,2,Graduate,No,24233.41,20381.43,70832.66,240,0,Urban,654,59,1,0.9399
APP-002301,Female,Yes,0,Graduate,No,39483.2,0.0,289355.74,240,0,Rural,638,69,0,0.0115
APP-002302,Male,Yes,1,Graduate,No,28208.06,0.0,168197.89,360,1,Urban,604,66,0,0.4457
APP-002303,Male,No,0,Not Graduate,No,85696.88,47760.03,500000.0,360,0,Semiurban,445,21,0,0.0012
APP-002304,Female,Yes,0,Graduate,No,98939.33,0.0,321639.4,300,1,Urban,643,22,1,0.9
APP-002305,Male,Yes,1,Graduate,Yes,38003.83,24061.06,272616.99,360,1,Rural,711,31,1,0.9787
APP-002306,Female,Yes,2,Graduate,No,76426.43,14920.52,500000.0,360,1,Rural,638,24,1,0.6447
APP-002307,Female,Yes,2,Not Graduate,No,99493.21,15561.05,500000.0,240,1,Urban,845,22,1,0.999
APP-002308,Male,Yes,2,Graduate,No,39414.72,0.0,500000.0,360,1,Urban,681,61,1,0.0867
APP-002309,Male,Yes,2,Graduate,No,43103.67,0.0,264746.45,300,1,Semiurban,790,43,1,0.9938
APP-002310,Female,Yes,0,Graduate,No,60083.37,10424.34,198794.95,360,1,Urban,702,28,1,0.9964
APP-002311,Male,No,3+,Graduate,No,25250.57,0.0,89477.58,120,1,Urban,750,58,1,0.8029
APP-002312,Female,Yes,3+,Not Graduate,Yes,42640.24,31128.84,228497.63,300,1,Rural,704,28,1,0.9581
APP-002313,Male,No,1,Not Graduate,No,130422.3,42019.08,500000.0,240,1,Semiurban,796,48,1,0.9995
APP-002314,Female,No,3+,Graduate,Yes,30485.08,0.0,218401.55,120,1,Semiurban,685,46,0,0.0001
APP-002315,Male,No,3+,Not Graduate,No,64190.11,23304.92,500000.0,300,1,Semiurban,722,52,1,0.9419
APP-002316,Male,Yes,2,Graduate,No,53535.08,0.0,196521.23,360,1,Urban,711,50,1,0.9945
APP-002317,Male,Yes,2,Graduate,No,36677.87,0.0,193016.82,360,0,Rural,655,46,0,0.5265
APP-002318,Male,Yes,0,Not Graduate,No,45338.43,0.0,343897.36,120,1,Urban,714,35,0,0.0002
APP-002319,Female,No,0,Not Graduate,No,105233.92,14598.56,500000.0,120,1,Urban,850,59,1,0.9815
APP-002320,Female,No,0,Graduate,No,54419.53,54802.96,267641.94,240,0,Rural,657,47,1,0.8781
APP-002321,Female,Yes,0,Graduate,No,59302.11,0.0,334186.28,180,1,Rural,716,51,1,0.4937
APP-002322,Female,No,2,Graduate,No,96806.97,30864.56,318172.83,120,1,Urban,787,29,1,0.9934
APP-002323,Male,Yes,0,Graduate,No,34228.85,0.0,111304.97,120,1,Semiurban,777,46,1,0.9653
APP-002324,Female,No,0,Graduate,No,22565.94,0.0,53430.72,240,1,Semiurban,681,22,1,0.9731
APP-002325,Female,Yes,1,Graduate,No,106148.15,10274.13,375327.66,180,1,Urban,477,29,0,0.0065
APP-002326,Male,Yes,0,Not Graduate,No,43264.47,28302.35,158898.48,180,0,Urban,724,24,1,0.9537
APP-002327,Male,Yes,2,Graduate,Yes,65609.81,24078.13,224630.91,360,1,Semiurban,491,58,0,0.0929
APP-002328,Male,Yes,2,Not Graduate,No,26389.43,14538.51,116135.23,360,1,Rural,805,40,1,0.9998
APP-002329,Male,Yes,0,Graduate,Yes,49696.48,0.0,242821.86,360,1,Semiurban,694,50,1,0.964
APP-002330,Female,Yes,1,Graduate,No,21953.61,0.0,95029.13,180,1,Urban,765,29,1,0.9634
APP-002331,Female,Yes,1,Not Graduate,No,41566.79,0.0,84562.92,180,1,Semiurban,603,24,0,0.4849
APP-002332,Female,Yes,1,Not Graduate,No,28103.3,22336.0,500000.0,300,1,Urban,548,52,0,0.0017
APP-002333,Male,Yes,0,Not Graduate,No,24767.56,0.0,84749.4,360,1,Semiurban,702,38,1,0.99
APP-002334,Female,Yes,0,Not Graduate,No,33971.68,0.0,79627.44,300,1,Semiurban,677,47,1,0.9865
APP-002335,Male,Yes,0,Graduate,No,12000.0,30995.38,238231.3,360,1,Semiurban,638,56,1,0.8494
APP-002336,Male,No,2,Graduate,No,21206.3,0.0,90218.95,240,1,Urban,687,50,1,0.918
APP-002337,Male,Yes,1,Graduate,No,61717.81,15884.54,229501.5,360,1,Semiurban,850,59,1,1.0
APP-002338,Female,Yes,1,Graduate,No,48592.11,41022.46,455453.96,360,1,Semiurban,751,26,1,0.995
APP-002339,Male,Yes,1,Not Graduate,No,22229.98,0.0,70025.23,120,1,Urban,769,42,1,0.9414
APP-002340,Female,No,1,Graduate,No,54248.49,0.0,202454.24,240,1,Urban,752,65,1,0.995
APP-002341,Female,Yes,2,Graduate,No,24759.95,17132.76,345379.11,300,1,Semiurban,806,30,1,0.9781
APP-002342,Male,No,0,Not Graduate,Yes,59699.57,9257.62,310778.72,180,1,Urban,664,63,0,0.3163
APP-002343,Female,No,2,Graduate,No,37661.68,0.0,211663.39,240,1,Semiurban,505,45,0,0.0033
APP-002344,Female,Yes,0,Graduate,No,33563.09,31425.42,219039.76,300,1,Urban,664,38,1,0.9773
APP-002345,Male,No,0,Not Graduate,No,38174.19,0.0,174356.22,300,0,Urban,749,41,1,0.9694
APP-002346,Male,No,2,Graduate,No,164019.51,29313.0,500000.0,360,0,Urban,598,42,1,0.6438
APP-002347,Male,No,2,Graduate,No,26440.68,99111.95,370902.0,240,1,Urban,665,66,1,0.9587
APP-002348,Male,Yes,2,Graduate,No,45460.87,0.0,160980.5,360,1,Semiurban,621,42,1,0.8611
APP-002349,Male,No,0,Graduate,No,61682.33,45605.39,334616.67,240,1,Semiurban,808,27,1,0.9996
APP-002350,Female,Yes,2,Graduate,No,23639.47,0.0,160779.66,360,1,Urban,744,42,1,0.9828
APP-002351,Male,Yes,0,Not Graduate,Yes,16699.9,32697.89,273285.63,180,1,Urban,735,60,1,0.5817
APP-002352,Female,No,0,Graduate,Yes,28836.47,36563.78,99383.96,300,1,Urban,733,41,1,0.9993
APP-002353,Male,Yes,0,Graduate,No,60943.64,40116.29,500000.0,360,1,Rural,677,31,1,0.9531
APP-002354,Male,Yes,2,Graduate,No,33252.93,0.0,189171.21,240,1,Urban,697,45,0,0.7688
APP-002355,Male,No,0,Not Graduate,No,35344.28,0.0,252196.48,360,0,Rural,579,69,1,0.0142
APP-002356,Male,Yes,0,Graduate,No,66232.28,0.0,261449.89,300,1,Semiurban,494,51,0,0.0446
APP-002357,Female,Yes,0,Graduate,No,25758.28,0.0,56060.61,240,1,Rural,693,50,1,0.9923
APP-002358,Male,No,1,Not Graduate,No,38222.69,0.0,89801.97,300,0,Urban,708,43,1,0.9771
APP-002359,Male,Yes,0,Not Graduate,Yes,17455.1,20536.4,349192.8,180,1,Rural,783,66,0,0.0253
APP-002360,Male,Yes,2,Not Graduate,No,47877.24,0.0,98136.98,300,1,Rural,814,33,1,0.9998
APP-002361,Male,No,0,Not Graduate,No,45534.65,27489.17,162431.23,180,1,Urban,813,67,1,0.9997
APP-002362,Female,No,1,Not Graduate,No,62164.85,0.0,218113.7,360,1,Rural,595,50,1,0.6438
APP-002363,Male,Yes,0,Not Graduate,No,21377.82,0.0,48872.04,300,1,Urban,650,45,1,0.9726
APP-002364,Female,Yes,0,Graduate,No,36114.94,61073.58,500000.0,180,1,Urban,721,36,1,0.7822
APP-002365,Male,Yes,0,Graduate,No,19867.52,0.0,111491.07,180,1,Urban,850,25,1,0.9884
APP-002366,Female,Yes,0,Graduate,Yes,35053.87,22506.88,295598.04,300,1,Urban,806,25,1,0.998
APP-002367,Female,Yes,2,Not Graduate,No,90670.15,87844.31,500000.0,180,1,Semiurban,775,29,1,0.9949
APP-002368,Female,No,0,Not Graduate,No,33643.86,16779.87,244790.9,300,0,Semiurban,647,40,1,0.423
APP-002369,Female,Yes,2,Graduate,Yes,18934.56,20631.87,376376.0,360,1,Urban,605,36,0,0.0383
APP-002370,Male,Yes,0,Graduate,Yes,27613.68,27981.74,124313.17,180,1,Urban,747,50,1,0.9974
APP-002371,Female,Yes,0,Graduate,No,16547.27,9287.57,182041.15,240,1,Urban,586,25,0,0.0162
APP-002372,Male,Yes,0,Not Graduate,No,19679.35,0.0,120682.55,360,1,Semiurban,660,33,0,0.7387
APP-002373,Male,Yes,0,Graduate,No,58049.0,0.0,236020.53,360,0,Urban,670,31,1,0.863
APP-002374,Male,Yes,2,Graduate,Yes,18115.88,18616.4,168767.59,120,1,Semiurban,815,69,1,0.7114
APP-002375,Male,No,1,Graduate,Yes,47656.81,0.0,238543.14,360,0,Semiurban,650,57,1,0.4615
APP-002376,Male,No,1,Graduate,No,40707.13,0.0,111828.42,180,0,Rural,473,64,0,0.0016
APP-002377,Female,Yes,1,Not Graduate,Yes,29961.23,31583.44,125868.04,360,1,Semiurban,723,60,1,0.9974
APP-002378,Female,No,0,Graduate,No,45480.66,0.0,291552.81,240,1,Rural,621,33,0,0.0749
APP-002379,Female,No,1,Graduate,No,23963.48,0.0,58341.93,180,1,Semiurban,684,43,1,0.9644
APP-002380,Female,Yes,1,Graduate,No,63733.42,30215.36,244895.8,240,0,Urban,673,65,1,0.917
APP-002381,Male,Yes,0,Graduate,Yes,27334.72,0.0,92402.13,180,1,Rural,657,65,1,0.5842
APP-002382,Female,Yes,1,Graduate,No,32451.38,0.0,157238.67,240,1,Semiurban,747,31,1,0.9707
APP-002383,Female,Yes,1,Graduate,Yes,30395.72,16379.68,159277.36,240,0,Urban,550,66,0,0.0318
APP-002384,Female,Yes,0,Graduate,No,58642.24,21695.88,247263.36,360,1,Semiurban,636,61,1,0.9661
APP-002385,Female,Yes,0,Graduate,Yes,54146.26,51040.54,500000.0,300,1,Urban,738,33,1,0.9884
APP-002386,Male,Yes,2,Not Graduate,No,12000.0,0.0,44034.0,300,0,Urban,628,31,1,0.3337
APP-002387,Male,Yes,0,Graduate,No,46158.37,0.0,137380.15,180,0,Urban,543,24,0,0.0136
APP-002388,Female,No,0,Graduate,No,15374.63,48163.02,323504.76,360,1,Urban,737,37,1,0.9962
APP-002389,Male,Yes,2,Not Graduate,No,33265.4,0.0,145602.66,240,1,Urban,775,66,1,0.9915
APP-002390,Male,No,3+,Not Graduate,No,37816.63,22541.41,260660.28,120,1,Semiurban,676,59,0,0.0383
APP-002391,Female,No,0,Not Graduate,No,33069.54,13539.34,242581.24,300,1,Semiurban,513,40,0,0.0232
APP-002392,Male,No,0,Graduate,No,52862.56,0.0,211842.69,240,1,Semiurban,740,46,1,0.9908
APP-002393,Male,Yes,0,Graduate,No,59637.63,39152.46,500000.0,240,1,Semiurban,539,32,0,0.0278
APP-002394,Male,Yes,1,Not Graduate,No,26228.29,32337.85,131285.71,240,1,Urban,706,28,1,0.9915
APP-002395,Male,Yes,0,Graduate,No,25709.39,28511.87,404095.36,240,1,Semiurban,605,42,0,0.029
APP-002396,Female,Yes,2,Graduate,No,39348.64,12691.68,147095.4,240,1,Semiurban,581,65,1,0.535
APP-002397,Female,Yes,3+,Not Graduate,No,17170.49,0.0,35047.43,360,0,Urban,642,42,1,0.8324
APP-002398,Male,No,0,Graduate,No,30873.77,11089.15,125467.16,180,1,Semiurban,664,45,1,0.9099
APP-002399,Male,Yes,2,Not Graduate,No,84241.49,25498.05,399743.63,180,1,Urban,625,57,0,0.3571
APP-002400,Male,No,0,Not Graduate,No,17527.65,16367.77,103807.32,180,1,Semiurban,730,48,1,0.984
APP-002401,Male,Yes,0,Not Graduate,No,33287.44,0.0,91914.33,240,1,Urban,642,21,0,0.8156
APP-002402,Female,Yes,3+,Graduate,No,28976.33,19577.05,326171.14,180,1,Urban,763,62,0,0.5271
APP-002403,Female,Yes,0,Not Graduate,No,120921.56,0.0,348402.01,120,1,Urban,704,53,0,0.7889
APP-002404,Female,No,0,Not Graduate,No,29857.05,0.0,46081.68,240,1,Semiurban,621,40,1,0.9288
APP-002405,Male,Yes,0,Graduate,No,30825.7,0.0,112241.18,360,0,Semiurban,606,21,0,0.3147
APP-002406,Male,No,0,Graduate,No,22767.27,0.0,243654.08,120,1,Urban,540,35,0,0.0
APP-002407,Male,Yes,3+,Graduate,No,40341.14,0.0,106543.64,120,1,Urban,705,29,1,0.7884
APP-002408,Female,Yes,0,Graduate,No,46564.41,0.0,132422.05,300,0,Semiurban,650,67,0,0.8281
APP-002409,Male,Yes,0,Not Graduate,Yes,24656.58,0.0,87653.28,240,1,Rural,478,25,0,0.0028
APP-002410,Female,Yes,3+,Not Graduate,Yes,69133.7,0.0,500000.0,180,1,Rural,634,24,0,0.0006
APP-002411,Female,Yes,1,Graduate,No,46587.38,0.0,168939.99,360,1,Rural,603,50,1,0.7757
APP-002412,Male,No,2,Graduate,No,64122.12,0.0,172481.55,300,1,Rural,814,48,1,0.9998
APP-002413,Male,Yes,0,Not Graduate,No,33507.53,0.0,168200.01,240,1,Semiurban,535,67,0,0.0139
APP-002414,Male,No,1,Not Graduate,No,45878.48,0.0,222714.0,300,1,Semiurban,557,40,0,0.0857
APP-002415,Male,No,3+,Graduate,No,35696.11,0.0,189432.8,360,1,Semiurban,774,29,1,0.9956
APP-002416,Female,Yes,3+,Graduate,No,89475.92,11936.87,268045.43,180,1,Rural,795,34,1,0.9985
APP-002417,Female,No,0,Not Graduate,Yes,42785.1,0.0,141481.91,360,1,Semiurban,617,40,1,0.7543
APP-002418,Male,No,1,Graduate,Yes,40328.54,77753.01,500000.0,180,0,Semiurban,626,24,0,0.0213
APP-002419,Male,Yes,1,Graduate,No,31193.56,0.0,159855.13,240,1,Semiurban,732,42,1,0.9514
APP-002420,Female,No,0,Not Graduate,No,30218.81,0.0,185372.4,180,0,Rural,482,63,0,0.0
APP-002421,Female,Yes,0,Not Graduate,Yes,45740.85,0.0,190307.95,300,0,Urban,522,35,0,0.007
APP-002422,Male,Yes,1,Graduate,No,62992.64,0.0,431983.52,360,1,Rural,656,56,0,0.6897
APP-002423,Female,Yes,0,Not Graduate,No,27542.71,6667.1,166405.95,300,1,Urban,812,28,1,0.999
APP-002424,Female,Yes,3+,Not Graduate,No,43028.53,60480.7,348650.1,180,0,Urban,643,45,1,0.2047
APP-002425,Female,Yes,0,Not Graduate,No,44413.25,0.0,264805.98,360,1,Urban,689,47,1,0.9357
APP-002426,Female,Yes,1,Graduate,No,48878.84,0.0,140550.61,360,1,Urban,776,61,1,0.9997
APP-002427,Female,Yes,2,Graduate,No,15691.54,0.0,133983.87,180,1,Semiurban,850,53,1,0.59
APP-002428,Male,Yes,1,Graduate,No,24134.49,19507.47,292854.43,240,0,Urban,631,43,0,0.0334
APP-002429,Male,Yes,0,Graduate,Yes,18935.34,0.0,70761.3,300,1,Urban,679,26,1,0.9342
APP-002430,Male,Yes,1,Graduate,No,40867.34,0.0,160307.54,360,1,Urban,835,68,1,0.9999
APP-002431,Male,Yes,0,Graduate,No,24451.94,0.0,110638.99,180,1,Urban,551,31,1,0.0133
APP-002432,Female,No,1,Graduate,No,30548.39,52857.11,328956.76,120,1,Semiurban,767,28,0,0.758
APP-002433,Female,Yes,3+,Graduate,No,20809.1,52704.51,500000.0,300,1,Urban,593,59,0,0.1097
APP-002434,Female,No,2,Graduate,Yes,32151.68,0.0,107556.98,360,0,Rural,689,67,1,0.8684
APP-002435,Male,Yes,0,Not Graduate,No,21627.98,0.0,46891.92,240,1,Urban,659,40,1,0.969
APP-002436,Female,No,3+,Not Graduate,No,60891.55,22219.84,315383.29,300,1,Semiurban,599,66,1,0.4744
APP-002437,Female,Yes,2,Graduate,Yes,52238.52,0.0,312456.07,360,1,Rural,596,25,0,0.1092
APP-002438,Male,No,0,Not Graduate,Yes,43591.88,0.0,293381.23,120,0,Urban,703,66,0,0.0001
APP-002439,Male,No,3+,Not Graduate,Yes,33993.75,0.0,152534.69,240,1,Semiurban,765,49,1,0.9703
APP-002440,Female,No,1,Graduate,No,13085.66,0.0,41941.99,240,1,Semiurban,669,25,1,0.904
APP-002441,Female,No,3+,Not Graduate,No,31194.17,0.0,130372.07,360,1,Semiurban,686,39,1,0.9514
APP-002442,Female,No,1,Graduate,No,26402.1,37301.39,202232.36,300,0,Rural,729,37,1,0.9831
APP-002443,Male,No,0,Not Graduate,No,45981.79,46276.39,139381.95,360,0,Urban,597,37,1,0.7544
APP-002444,Female,Yes,0,Graduate,No,56434.67,0.0,163966.38,300,1,Semiurban,743,58,1,0.9986
APP-002445,Female,Yes,1,Not Graduate,No,47980.4,0.0,257358.38,180,1,Semiurban,750,36,1,0.7028
APP-002446,Female,No,0,Graduate,Yes,80392.09,0.0,303420.0,240,1,Semiurban,850,46,1,0.9997
APP-002447,Female,Yes,2,Graduate,No,29361.14,48260.26,288010.17,240,0,Urban,648,68,1,0.5205
APP-002448,Male,Yes,0,Graduate,Yes,28699.16,0.0,201329.52,300,0,Urban,641,60,0,0.072
APP-002449,Female,No,0,Graduate,No,71028.25,0.0,196230.06,360,0,Semiurban,745,42,1,0.996
APP-002450,Female,Yes,1,Not Graduate,No,43976.87,0.0,126959.47,240,1,Semiurban,750,46,1,0.9963
APP-002451,Female,Yes,1,Graduate,No,35036.68,0.0,173350.97,300,1,Semiurban,635,45,1,0.6983
APP-002452,Female,Yes,0,Graduate,No,110811.59,0.0,342921.53,180,1,Urban,646,29,0,0.7322
APP-002453,Male,Yes,0,Not Graduate,No,55146.68,0.0,170276.41,300,1,Urban,726,49,1,0.9963
APP-002454,Male,Yes,2,Graduate,No,36141.63,29381.63,500000.0,360,1,Urban,610,32,0,0.2252
APP-002455,Female,No,0,Graduate,No,27521.71,0.0,72425.33,360,1,Urban,645,65,1,0.9782
APP-002456,Female,No,0,Graduate,No,83248.22,53124.44,418119.24,360,1,Urban,688,64,1,0.9952
APP-002457,Male,Yes,3+,Graduate,No,44974.38,18318.12,328740.32,360,1,Semiurban,765,22,1,0.9942
APP-002458,Female,Yes,0,Not Graduate,No,40679.69,0.0,169647.42,300,0,Semiurban,629,39,0,0.3354
APP-002459,Male,Yes,3+,Graduate,Yes,58218.13,15268.38,168855.35,360,0,Semiurban,523,31,0,0.0419
APP-002460,Male,No,1,Graduate,No,65123.99,34406.75,500000.0,360,0,Urban,517,43,0,0.0218
APP-002461,Male,Yes,3+,Graduate,Yes,54308.09,0.0,161944.38,300,1,Urban,573,67,0,0.3536
APP-002462,Female,Yes,1,Graduate,No,65263.39,16670.88,312757.87,120,1,Urban,568,60,0,0.0069
APP-002463,Female,No,2,Not Graduate,No,51444.35,25750.22,400574.38,360,0,Urban,667,50,1,0.6917
APP-002464,Male,Yes,3+,Graduate,No,54458.26,17305.41,500000.0,360,1,Rural,579,62,0,0.1057
APP-002465,Female,Yes,0,Graduate,No,26838.67,0.0,95150.57,300,1,Rural,620,46,1,0.8246
APP-002466,Male,No,0,Not Graduate,No,108629.1,0.0,306189.52,240,1,Urban,614,37,0,0.7483
APP-002467,Female,Yes,1,Graduate,No,20363.06,0.0,108602.78,180,0,Rural,643,49,0,0.0187
APP-002468,Female,No,2,Not Graduate,No,47579.52,0.0,500000.0,120,0,Urban,792,27,0,0.0
APP-002469,Female,Yes,1,Graduate,No,19240.6,0.0,87199.92,360,1,Semiurban,736,49,0,0.9957
APP-002470,Male,Yes,2,Graduate,No,38026.14,20292.37,218646.92,240,1,Urban,681,26,1,0.9208
APP-002471,Male,Yes,0,Graduate,Yes,29313.06,0.0,149025.54,300,1,Semiurban,641,49,1,0.6337
APP-002472,Female,Yes,0,Not Graduate,No,43246.25,0.0,72456.98,240,1,Rural,643,64,1,0.9543
APP-002473,Male,Yes,0,Graduate,No,48434.46,0.0,156562.07,300,1,Rural,708,22,1,0.9846
APP-002474,Male,No,0,Not Graduate,No,23718.64,0.0,44472.53,360,1,Rural,730,47,1,0.9987
APP-002475,Female,Yes,0,Not Graduate,No,39490.76,52266.64,332668.02,360,1,Urban,603,50,1,0.8349
APP-002476,Male,No,0,Graduate,No,86380.81,8521.45,321180.74,240,1,Rural,683,39,1,0.9668
APP-002477,Female,No,0,Graduate,No,19501.65,0.0,25371.08,240,1,Urban,507,54,0,0.3943
APP-002478,Male,No,0,Not Graduate,No,25091.15,0.0,115952.04,120,1,Urban,698,40,0,0.0614
APP-002479,Male,No,1,Graduate,No,64435.18,0.0,362783.97,360,1,Urban,745,65,1,0.9934
APP-002480,Female,No,2,Not Graduate,Yes,41883.83,49211.21,355978.19,360,0,Urban,656,55,1,0.6734
APP-002481,Female,No,3+,Graduate,No,43614.08,0.0,93466.13,240,1,Semiurban,834,45,1,0.9999
APP-002482,Male,Yes,0,Not Graduate,Yes,70422.37,0.0,500000.0,180,1,Semiurban,605,33,0,0.0007
APP-002483,Male,Yes,1,Graduate,No,25932.76,0.0,259622.22,300,1,Urban,698,55,0,0.2634
APP-002484,Female,Yes,1,Not Graduate,No,30162.83,0.0,153960.47,360,1,Rural,677,53,1,0.9131
APP-002485,Female,No,3+,Not Graduate,No,28185.05,0.0,102455.19,360,1,Urban,671,67,1,0.951
APP-002486,Male,No,2,Graduate,No,33139.74,18587.75,189141.94,120,1,Rural,670,42,0,0.1711
APP-002487,Female,Yes,0,Not Graduate,Yes,83846.01,0.0,434408.01,360,0,Semiurban,689,57,1,0.6958
APP-002488,Male,No,0,Graduate,No,15747.01,0.0,69905.95,300,1,Urban,752,39,1,0.9966
APP-002489,Male,No,1,Not Graduate,No,20809.81,0.0,107922.41,300,1,Semiurban,797,50,1,0.9974
APP-002490,Female,Yes,2,Graduate,No,18937.03,0.0,98849.07,120,1,Semiurban,680,47,0,0.0095
APP-002491,Female,Yes,0,Graduate,No,86762.66,26166.63,345357.35,120,1,Urban,749,24,1,0.9303
APP-002492,Male,Yes,1,Graduate,No,28626.27,9859.78,113296.33,180,0,Rural,620,54,1,0.2554
APP-002493,Female,Yes,0,Graduate,No,33534.48,7075.95,152604.67,240,1,Urban,745,67,1,0.9957
APP-002494,Male,Yes,3+,Not Graduate,No,16513.79,8026.87,129116.84,360,1,Rural,615,45,0,0.4885
APP-002495,Female,Yes,3+,Graduate,No,34741.41,23698.5,123503.06,360,0,Rural,773,67,1,0.9984
APP-002496,Female,Yes,2,Graduate,No,64639.89,0.0,248622.14,360,1,Rural,850,56,1,0.9999
APP-002497,Female,Yes,2,Not Graduate,No,46125.74,0.0,193480.27,300,1,Urban,670,41,1,0.9024
APP-002498,Male,Yes,3+,Graduate,Yes,37823.08,21620.74,203565.05,180,0,Rural,494,37,0,0.0006
APP-002499,Male,No,0,Graduate,No,16971.88,44031.35,488896.23,300,1,Semiurban,633,61,0,0.1968
APP-002500,Male,No,1,Graduate,No,33510.91,41083.42,500000.0,300,1,Rural,785,33,1,0.9891
APP-002501,Male,No,0,Graduate,No,43512.48,0.0,223642.69,360,1,Urban,727,46,1,0.9936
APP-002502,Male,No,1,Graduate,Yes,23260.14,13332.19,346027.99,300,1,Semiurban,701,47,0,0.2772
APP-002503,Male,No,0,Graduate,No,57537.38,0.0,364195.98,180,1,Urban,766,44,0,0.7407
APP-002504,Female,Yes,2,Not Graduate,Yes,65302.64,0.0,295711.12,360,1,Semiurban,721,38,1,0.9712
APP-002505,Female,No,0,Not Graduate,No,30008.72,0.0,103220.64,360,1,Rural,784,59,1,0.9994
APP-002506,Male,No,2,Not Graduate,No,59826.72,0.0,213490.0,300,1,Urban,758,65,1,0.997
APP-002507,Female,Yes,2,Graduate,Yes,37784.08,0.0,191161.58,180,1,Urban,809,58,1,0.9687
APP-002508,Male,No,3+,Graduate,No,75427.4,9971.39,307977.05,240,1,Semiurban,710,51,1,0.979
APP-002509,Female,Yes,0,Graduate,Yes,122857.8,26299.65,321300.26,360,1,Semiurban,757,42,1,0.9995
APP-002510,Male,No,2,Not Graduate,No,21993.1,0.0,78997.77,240,1,Urban,654,42,1,0.8063
APP-002511,Male,No,0,Graduate,Yes,61280.47,0.0,414835.8,360,1,Rural,629,59,1,0.3675
APP-002512,Male,Yes,0,Graduate,No,82267.43,0.0,110128.03,240,0,Urban,825,62,1,0.9999
APP-002513,Male,No,2,Not Graduate,No,23532.22,0.0,188621.77,240,1,Rural,698,28,0,0.0752
APP-002514,Male,Yes,0,Graduate,No,29251.43,0.0,161459.44,240,1,Urban,748,67,1,0.9668
APP-002515,Male,Yes,2,Graduate,No,29070.89,14544.9,167323.87,180,1,Semiurban,691,52,1,0.8509
APP-002516,Female,No,2,Graduate,No,37308.27,13067.3,244435.37,240,0,Urban,630,42,0,0.1659
APP-002517,Male,Yes,1,Graduate,No,32991.29,0.0,216749.21,360,1,Semiurban,681,34,1,0.8547
APP-002518,Male,Yes,1,Graduate,No,35988.1,80544.48,500000.0,240,1,Semiurban,802,52,1,0.9988
APP-002519,Female,Yes,3+,Graduate,No,63633.39,0.0,415727.41,240,1,Urban,727,50,1,0.7715
APP-002520,Male,Yes,2,Graduate,No,14147.65,26812.12,256072.58,360,1,Urban,535,37,0,0.0602
APP-002521,Male,No,0,Not Graduate,No,23490.67,0.0,108356.37,300,1,Semiurban,662,42,1,0.8537
APP-002522,Female,Yes,1,Not Graduate,No,58015.21,28360.93,223383.7,240,1,Urban,831,44,1,0.9999
APP-002523,Female,Yes,1,Graduate,No,54394.97,0.0,221912.07,360,0,Urban,662,35,0,0.818
APP-002524,Female,No,2,Graduate,No,22422.09,0.0,38147.11,240,0,Urban,527,47,0,0.1067
APP-002525,Female,No,3+,Graduate,No,54602.56,0.0,284475.68,300,1,Semiurban,841,63,1,0.9994
APP-002526,Female,Yes,1,Graduate,No,83264.44,28954.33,396068.02,120,1,Urban,738,34,1,0.8063
APP-002527,Male,No,0,Not Graduate,No,39067.08,33100.18,233250.0,240,1,Semiurban,674,27,1,0.925
APP-002528,Male,No,1,Graduate,No,23054.62,18095.47,235616.22,180,1,Rural,648,60,0,0.0762
APP-002529,Female,Yes,1,Graduate,No,64940.38,27223.15,221822.01,360,1,Urban,772,69,1,0.9998
APP-002530,Female,Yes,1,Not Graduate,No,103536.03,0.0,464225.84,120,0,Semiurban,634,29,0,0.0009
APP-002531,Male,Yes,3+,Not Graduate,No,24652.23,16715.29,151348.37,360,0,Semiurban,778,63,1,0.9951
APP-002532,Female,No,3+,Graduate,No,41010.71,53644.57,372060.24,360,1,Urban,726,62,1,0.9962
APP-002533,Male,Yes,1,Graduate,No,73100.14,0.0,354163.66,240,1,Semiurban,701,65,1,0.8912
APP-002534,Female,No,3+,Not Graduate,No,42763.8,0.0,414154.25,240,1,Urban,692,27,0,0.0124
APP-002535,Male,Yes,0,Graduate,No,15351.78,0.0,78300.43,180,0,Semiurban,665,68,0,0.0599
APP-002536,Female,Yes,0,Not Graduate,Yes,51219.71,0.0,402359.75,240,1,Rural,769,62,0,0.583
APP-002537,Male,No,1,Graduate,No,23427.25,0.0,187141.34,360,1,Semiurban,606,37,0,0.1423
APP-002538,Male,No,1,Graduate,No,19952.36,61780.29,492655.2,120,1,Urban,542,64,0,0.0
APP-002539,Male,Yes,2,Graduate,No,15517.73,39777.47,102814.74,240,0,Semiurban,732,50,1,0.9937
APP-002540,Male,Yes,0,Graduate,No,77243.96,0.0,295634.17,240,1,Rural,734,36,1,0.9869
APP-002541,Female,Yes,1,Graduate,Yes,25359.5,25576.92,132925.91,300,1,Semiurban,721,29,1,0.9942
APP-002542,Female,No,2,Graduate,No,48210.63,24361.25,500000.0,240,1,Semiurban,715,61,0,0.6496
APP-002543,Female,Yes,1,Graduate,No,55183.81,0.0,149750.25,240,1,Semiurban,653,23,1,0.8911
APP-002544,Female,No,0,Graduate,Yes,43870.63,36978.88,175709.1,120,1,Rural,747,31,1,0.9773
APP-002545,Male,Yes,1,Not Graduate,No,47245.56,15275.17,76617.93,360,1,Urban,676,43,1,0.9965
APP-002546,Male,No,1,Graduate,No,49492.5,0.0,132356.92,300,0,Semiurban,639,42,1,0.7818
APP-002547,Male,No,1,Not Graduate,No,43301.98,9204.79,236565.12,120,0,Semiurban,653,33,0,0.0026
APP-002548,Male,Yes,1,Graduate,Yes,26420.94,0.0,183721.08,360,1,Urban,850,50,1,0.9994
APP-002549,Male,Yes,1,Not Graduate,No,25156.32,0.0,66256.37,360,1,Rural,533,66,0,0.2393
APP-002550,Male,Yes,0,Graduate,No,37883.09,0.0,273600.47,240,1,Semiurban,722,69,1,0.5933
APP-002551,Female,Yes,0,Graduate,No,37444.3,13116.13,209454.87,360,0,Semiurban,537,36,0,0.0663
APP-002552,Male,Yes,0,Graduate,No,50824.1,55312.54,363685.93,180,1,Semiurban,671,40,0,0.8648
APP-002553,Male,No,1,Not Graduate,No,73563.74,0.0,338976.11,360,0,Rural,643,45,0,0.4667
APP-002554,Female,Yes,2,Graduate,No,48491.7,0.0,391231.74,360,0,Semiurban,503,29,0,0.0005
APP-002555,Female,No,2,Not Graduate,No,25694.03,0.0,112084.98,300,1,Rural,713,54,1,0.966
APP-002556,Male,Yes,1,Graduate,No,12092.79,24030.04,93522.98,300,1,Semiurban,648,66,1,0.9697
APP-002557,Male,Yes,1,Not Graduate,No,26293.7,0.0,135665.59,180,0,Rural,502,67,0,0.0001
APP-002558,Male,Yes,3+,Graduate,No,19159.05,16230.43,181286.4,180,1,Rural,751,37,0,0.8185
APP-002559,Female,No,3+,Graduate,No,26857.36,61488.18,345720.84,240,1,Rural,802,36,1,0.9983
APP-002560,Female,No,3+,Graduate,No,45855.59,0.0,309572.43,360,1,Semiurban,807,60,1,0.9974
APP-002561,Male,Yes,0,Graduate,Yes,42041.6,13291.12,84204.56,180,1,Urban,711,37,1,0.996
APP-002562,Female,Yes,1,Graduate,No,111524.29,12553.25,500000.0,240,0,Rural,684,68,1,0.6989
APP-002563,Male,No,2,Not Graduate,Yes,52349.35,0.0,317632.97,120,1,Semiurban,793,50,0,0.0293
APP-002564,Female,Yes,0,Not Graduate,No,114696.18,12074.78,281579.43,240,1,Semiurban,823,63,1,0.9999
APP-002565,Female,Yes,0,Graduate,No,59475.91,38198.17,213613.64,240,1,Semiurban,776,23,1,0.9994
APP-002566,Male,Yes,0,Graduate,No,72921.49,0.0,487134.97,360,1,Semiurban,600,32,1,0.2587
APP-002567,Female,Yes,0,Graduate,No,32945.3,0.0,238257.69,180,1,Semiurban,697,50,0,0.0563
APP-002568,Female,No,1,Graduate,No,22226.04,13124.95,277889.28,180,1,Rural,717,22,0,0.0213
APP-002569,Female,No,0,Not Graduate,No,31353.21,0.0,97853.51,120,1,Semiurban,526,48,0,0.0034
APP-002570,Female,No,1,Graduate,No,39873.68,47283.75,406748.92,300,1,Rural,720,65,1,0.9838
APP-002571,Male,Yes,0,Not Graduate,No,28410.46,0.0,140713.85,300,1,Semiurban,850,41,1,0.9997
APP-002572,Male,No,3+,Graduate,No,23141.24,52125.04,148827.63,180,1,Semiurban,734,66,1,0.9961
APP-002573,Male,Yes,0,Graduate,No,50476.38,0.0,230966.49,180,1,Semiurban,805,64,1,0.9904
APP-002574,Male,No,1,Graduate,No,23087.15,0.0,104762.44,240,1,Rural,696,33,1,0.8755
APP-002575,Male,Yes,0,Graduate,No,17267.47,0.0,102946.96,120,0,Semiurban,674,64,0,0.0004
APP-002576,Female,No,1,Graduate,No,21651.99,0.0,71371.05,360,1,Urban,712,52,1,0.9966
APP-002577,Male,Yes,0,Graduate,No,35281.16,10669.27,343868.76,360,1,Urban,611,34,1,0.3389
APP-002578,Female,Yes,3+,Graduate,No,23271.73,46599.37,308834.06,240,1,Urban,598,24,0,0.1872
APP-002579,Female,Yes,1,Not Graduate,No,35402.95,0.0,325762.54,300,1,Semiurban,788,28,0,0.8449
APP-002580,Male,Yes,0,Not Graduate,No,55839.92,34258.78,500000.0,240,1,Urban,797,49,1,0.9941
APP-002581,Male,No,2,Graduate,No,55047.06,0.0,265908.5,120,1,Rural,596,47,0,0.001
APP-002582,Female,Yes,1,Graduate,No,27904.57,0.0,69891.02,300,1,Urban,762,56,1,0.9995
APP-002583,Female,Yes,0,Not Graduate,No,19591.13,43014.05,147355.39,360,1,Rural,673,26,1,0.983
APP-002584,Male,Yes,1,Graduate,Yes,29243.34,0.0,256221.36,240,1,Rural,709,34,0,0.0651
APP-002585,Male,Yes,0,Graduate,No,57561.24,51072.44,500000.0,180,1,Rural,719,69,1,0.8291
APP-002586,Female,No,1,Not Graduate,No,65451.06,0.0,245430.88,240,1,Urban,765,30,1,0.9934
APP-002587,Male,Yes,0,Not Graduate,Yes,48731.92,0.0,172219.78,240,1,Semiurban,687,61,1,0.9019
APP-002588,Male,Yes,0,Graduate,No,77713.93,65313.43,500000.0,240,1,Rural,800,39,1,0.9994
APP-002589,Male,Yes,1,Not Graduate,No,103887.22,12203.58,270166.32,360,1,Rural,706,56,1,0.9964
APP-002590,Female,No,0,Not Graduate,No,30767.82,28649.36,205229.32,180,0,Semiurban,733,68,0,0.8627
APP-002591,Male,Yes,2,Graduate,Yes,90908.59,34581.01,500000.0,360,0,Urban,609,60,1,0.3561
APP-002592,Female,Yes,3+,Not Graduate,No,34776.52,25715.32,360808.16,360,1,Urban,850,24,1,0.9994
APP-002593,Female,Yes,0,Graduate,No,70327.4,20951.62,329732.01,180,1,Semiurban,720,24,0,0.9402
APP-002594,Female,Yes,0,Graduate,No,59261.48,0.0,500000.0,300,1,Rural,741,34,1,0.8009
APP-002595,Male,No,0,Not Graduate,No,13529.37,0.0,92305.71,240,0,Rural,543,48,0,0.0006
APP-002596,Male,Yes,1,Graduate,No,23589.93,22888.87,140197.5,300,0,Semiurban,610,21,0,0.3772
APP-002597,Female,Yes,2,Graduate,No,20502.29,10282.75,73914.77,360,1,Rural,785,44,1,0.9998
APP-002598,Female,Yes,0,Graduate,No,15061.15,0.0,83904.1,360,1,Semiurban,704,45,1,0.9762
APP-002599,Female,No,0,Graduate,No,65096.32,0.0,226633.94,240,1,Semiurban,517,64,0,0.061
APP-002600,Male,No,2,Not Graduate,No,125219.63,0.0,400234.8,360,1,Urban,768,67,1,0.999
APP-002601,Male,Yes,1,Not Graduate,Yes,34831.59,0.0,164157.39,300,1,Semiurban,634,35,0,0.4364
APP-002602,Female,Yes,0,Graduate,No,64201.78,0.0,378324.64,360,1,Urban,800,65,1,0.999
APP-002603,Male,No,0,Not Graduate,No,90811.75,20848.88,500000.0,360,1,Urban,673,37,1,0.9642
APP-002604,Male,Yes,0,Graduate,No,45007.41,11551.02,247177.58,360,0,Rural,697,51,1,0.9484
APP-002605,Male,Yes,0,Graduate,No,39579.94,31849.69,108467.81,120,1,Urban,780,39,1,0.9995
APP-002606,Female,Yes,1,Graduate,No,35061.95,55749.88,500000.0,180,1,Rural,604,21,0,0.0108
APP-002607,Male,Yes,0,Graduate,Yes,53941.61,0.0,159998.96,360,1,Urban,596,64,0,0.7788
APP-002608,Male,Yes,0,Graduate,No,64931.08,10233.57,368135.63,120,1,Urban,663,24,0,0.0125
APP-002609,Male,Yes,2,Graduate,No,51740.32,14073.77,265565.77,300,1,Semiurban,750,23,1,0.9939
APP-002610,Female,No,0,Graduate,No,50772.22,27799.35,500000.0,300,1,Rural,567,35,1,0.066
APP-002611,Female,No,2,Not Graduate,No,39020.34,0.0,419950.22,360,1,Urban,538,51,0,0.0016
APP-002612,Male,Yes,0,Not Graduate,No,16711.88,11618.23,98215.33,360,1,Urban,750,59,1,0.999
APP-002613,Female,No,1,Not Graduate,No,65758.49,0.0,153070.98,120,1,Semiurban,629,28,0,0.263
APP-002614,Male,No,3+,Graduate,No,19800.38,0.0,47741.98,300,1,Rural,647,44,1,0.9481
APP-002615,Male,Yes,1,Graduate,No,56424.69,0.0,271812.23,360,1,Semiurban,522,67,0,0.0742
APP-002616,Male,No,0,Graduate,Yes,60818.86,0.0,203367.14,180,1,Semiurban,622,52,0,0.3697
APP-002617,Female,No,2,Graduate,No,21434.61,39727.46,158146.39,240,1,Urban,679,31,1,0.9788
APP-002618,Female,Yes,1,Graduate,No,28730.36,0.0,96766.57,300,1,Urban,759,62,1,0.9988
APP-002619,Female,Yes,2,Graduate,Yes,128902.43,0.0,500000.0,240,0,Urban,614,67,0,0.1026
APP-002620,Female,Yes,0,Graduate,Yes,38418.13,62222.83,414196.53,240,1,Semiurban,821,24,1,0.9984
APP-002621,Female,Yes,0,Graduate,No,20514.4,88956.84,375623.41,180,1,Rural,622,39,0,0.487
APP-002622,Male,Yes,3+,Not Graduate,No,62347.79,0.0,226360.97,360,0,Urban,622,39,1,0.4271
APP-002623,Female,Yes,1,Graduate,No,26239.7,0.0,104001.44,180,1,Semiurban,811,68,1,0.9957
APP-002624,Female,No,1,Graduate,No,13956.66,0.0,65768.37,240,1,Semiurban,698,46,1,0.9063
APP-002625,Female,No,1,Graduate,No,53416.41,22271.26,366204.84,300,1,Urban,633,39,0,0.7786
APP-002626,Female,No,1,Graduate,No,24242.44,29853.2,109834.58,180,0,Urban,667,64,1,0.8915
APP-002627,Male,Yes,2,Graduate,No,47889.6,0.0,220062.67,240,1,Rural,795,28,1,0.9934
APP-002628,Female,Yes,0,Graduate,No,25668.52,66039.24,332181.82,180,1,Urban,805,53,1,0.9987
APP-002629,Male,Yes,3+,Graduate,No,59216.9,17789.44,208029.5,180,1,Urban,611,53,1,0.6342
APP-002630,Male,No,0,Graduate,No,44396.86,26276.54,254766.92,240,1,Urban,676,68,1,0.9586
APP-002631,Female,Yes,1,Graduate,No,12000.0,0.0,86070.61,240,1,Semiurban,688,22,0,0.1868
APP-002632,Male,Yes,3+,Graduate,Yes,49518.76,45000.87,500000.0,240,0,Semiurban,596,39,0,0.0131
APP-002633,Male,No,1,Not Graduate,No,34222.81,0.0,152419.36,120,1,Rural,675,69,0,0.0207
APP-002634,Female,Yes,1,Not Graduate,No,87482.56,0.0,249072.8,240,1,Semiurban,680,37,1,0.953
APP-002635,Female,No,3+,Graduate,No,49879.45,0.0,115327.53,120,1,Urban,777,23,1,0.9864
APP-002636,Male,No,0,Not Graduate,No,60832.95,0.0,169747.91,240,1,Urban,783,27,1,0.9988
APP-002637,Male,Yes,1,Graduate,No,27151.91,0.0,116389.41,180,1,Rural,652,39,0,0.3341
APP-002638,Male,No,3+,Graduate,No,25989.89,0.0,112469.84,180,1,Semiurban,662,39,0,0.3532
APP-002639,Female,No,2,Graduate,No,39572.62,0.0,125841.75,300,1,Semiurban,736,63,1,0.9965
APP-002640,Female,Yes,0,Graduate,No,32914.26,0.0,208286.8,360,1,Semiurban,630,37,1,0.6013
APP-002641,Female,Yes,3+,Not Graduate,No,83776.26,5173.34,450830.08,180,1,Urban,730,47,0,0.7143
APP-002642,Female,Yes,2,Not Graduate,No,36889.22,43079.91,103395.91,360,1,Semiurban,673,43,1,0.9941
APP-002643,Male,No,3+,Graduate,No,20462.48,33881.44,243340.1,120,0,Urban,598,28,0,0.0004
APP-002644,Female,No,1,Not Graduate,No,25459.15,0.0,152480.85,240,1,Rural,599,54,0,0.0406
APP-002645,Male,Yes,0,Graduate,No,68239.45,0.0,318657.98,240,1,Rural,803,42,1,0.9975
APP-002646,Male,Yes,3+,Not Graduate,No,36607.5,24133.67,336399.7,180,0,Rural,667,22,1,0.009
APP-002647,Male,Yes,2,Graduate,No,35546.91,27825.42,239957.96,300,1,Urban,819,31,1,0.9998
APP-002648,Male,Yes,1,Graduate,No,71905.15,0.0,297669.33,180,1,Semiurban,636,67,0,0.2763
APP-002649,Male,No,0,Not Graduate,No,24267.18,16766.59,171475.02,360,1,Semiurban,705,64,1,0.9889
APP-002650,Female,No,3+,Graduate,No,12000.0,14213.21,121401.07,300,1,Semiurban,850,28,1,0.9997
APP-002651,Male,No,1,Graduate,No,25107.54,23598.27,160004.23,360,0,Semiurban,590,30,1,0.3669
APP-002652,Female,Yes,0,Not Graduate,No,45850.85,15046.1,424452.94,180,1,Semiurban,519,69,0,0.0001
APP-002653,Female,No,1,Graduate,No,34988.29,0.0,282948.5,240,1,Urban,789,62,1,0.8823
APP-002654,Male,Yes,3+,Graduate,No,17013.52,23220.21,135063.71,360,0,Urban,610,35,1,0.5304
APP-002655,Male,Yes,1,Graduate,No,70180.99,8649.01,198616.71,240,1,Semiurban,678,67,1,0.9824
APP-002656,Female,Yes,2,Graduate,No,43911.14,27065.62,165172.26,300,1,Rural,630,31,1,0.9258
APP-002657,Female,No,1,Graduate,No,49709.84,31210.66,413932.13,240,1,Urban,703,22,1,0.8523
APP-002658,Female,Yes,1,Not Graduate,No,50553.41,64266.43,500000.0,300,0,Urban,599,56,0,0.1897
APP-002659,Male,Yes,2,Graduate,Yes,19649.59,42484.03,318433.62,300,1,Urban,665,63,1,0.8008
APP-002660,Female,Yes,0,Graduate,Yes,47409.76,0.0,252559.99,240,0,Rural,718,31,0,0.4486
APP-002661,Female,Yes,0,Graduate,No,66111.61,0.0,218235.81,360,1,Urban,594,51,1,0.8437
APP-002662,Male,Yes,3+,Graduate,No,75144.68,10597.58,149273.2,360,1,Semiurban,620,50,1,0.9634
APP-002663,Male,Yes,0,Graduate,No,59676.57,24757.91,287780.1,120,1,Semiurban,650,66,0,0.2066
APP-002664,Male,Yes,1,Graduate,No,53221.69,0.0,477567.34,120,1,Urban,559,60,0,0.0
APP-002665,Female,Yes,0,Graduate,No,15435.39,0.0,74130.13,360,1,Urban,644,45,1,0.9124
APP-002666,Male,Yes,3+,Not Graduate,No,39806.52,75609.76,500000.0,300,1,Rural,690,56,1,0.9352
APP-002667,Female,Yes,0,Not Graduate,Yes,23715.5,0.0,151906.18,360,0,Semiurban,646,26,0,0.1064
APP-002668,Female,No,1,Graduate,No,81242.38,0.0,237317.43,300,1,Semiurban,657,63,1,0.9634
APP-002669,Female,Yes,0,Graduate,No,74735.37,34468.57,500000.0,180,1,Semiurban,678,25,0,0.4868
APP-002670,Male,Yes,0,Graduate,No,23794.49,0.0,127733.46,120,1,Semiurban,624,33,0,0.001
APP-002671,Female,No,0,Graduate,No,39132.63,0.0,109653.27,300,1,Urban,739,23,1,0.9976
APP-002672,Male,Yes,3+,Graduate,No,46013.04,22711.46,345102.91,240,1,Rural,802,51,1,0.9956
APP-002673,Female,Yes,0,Graduate,Yes,65869.79,71588.68,500000.0,360,1,Urban,641,27,1,0.9054
APP-002674,Male,Yes,0,Graduate,No,15969.09,0.0,56845.59,360,1,Semiurban,721,41,1,0.9966
APP-002675,Male,No,0,Not Graduate,No,12000.0,0.0,23566.9,360,0,Urban,660,56,1,0.9479
APP-002676,Female,No,1,Graduate,No,40985.83,0.0,188838.8,360,1,Semiurban,711,38,1,0.9871
APP-002677,Male,Yes,0,Graduate,No,12000.0,19361.96,99499.17,300,1,Semiurban,813,45,1,0.9999
APP-002678,Female,Yes,1,Not Graduate,No,43792.37,0.0,202542.14,300,1,Semiurban,723,61,1,0.9766
APP-002679,Male,Yes,1,Graduate,No,55587.54,0.0,162226.22,300,0,Rural,529,34,0,0.0406
APP-002680,Female,Yes,1,Not Graduate,No,79208.9,22695.67,446515.52,300,0,Urban,719,41,1,0.9355
APP-002681,Female,Yes,0,Graduate,No,28497.95,39351.94,500000.0,360,1,Semiurban,785,65,1,0.9958
APP-002682,Male,Yes,1,Graduate,No,43855.26,0.0,184635.66,180,1,Urban,661,30,1,0.4523
APP-002683,Male,No,0,Graduate,No,57430.48,10585.56,138051.33,360,1,Rural,765,34,1,0.9998
APP-002684,Male,Yes,3+,Graduate,No,21022.61,38256.35,299265.7,300,1,Semiurban,621,68,0,0.4997
APP-002685,Female,No,2,Not Graduate,No,66399.27,0.0,285614.81,240,1,Urban,554,29,0,0.0378
APP-002686,Male,Yes,0,Graduate,No,46671.47,29076.72,355443.59,180,1,Urban,692,39,1,0.7261
APP-002687,Male,No,1,Graduate,No,28767.59,0.0,190031.08,240,1,Urban,531,66,0,0.0037
APP-002688,Female,No,3+,Graduate,No,43380.24,0.0,146017.02,300,0,Urban,660,65,1,0.767
APP-002689,Female,Yes,0,Graduate,No,37174.04,0.0,139211.18,180,1,Semiurban,789,51,1,0.9955
APP-002690,Female,No,0,Graduate,No,61638.42,0.0,165346.65,120,1,Urban,518,42,0,0.0115
APP-002691,Female,No,1,Graduate,No,32917.08,42234.16,349503.73,240,1,Urban,571,58,0,0.1605
APP-002692,Male,No,0,Graduate,No,45474.17,37712.77,382337.02,240,1,Semiurban,592,44,0,0.2907
APP-002693,Female,Yes,2,Graduate,No,28523.61,26388.72,208275.34,360,0,Urban,675,35,1,0.9077
APP-002694,Female,Yes,3+,Not Graduate,No,23961.09,24599.07,289742.05,300,1,Urban,649,64,1,0.5142
APP-002695,Male,Yes,1,Graduate,No,44105.64,0.0,117928.17,240,1,Rural,799,46,1,0.9996
APP-002696,Male,Yes,3+,Not Graduate,No,24508.56,24283.79,220236.39,360,1,Rural,761,61,1,0.9963
APP-002697,Male,No,0,Graduate,No,62337.54,11256.57,411193.99,240,1,Semiurban,722,41,1,0.9302
APP-002698,Female,Yes,3+,Not Graduate,No,55588.29,0.0,185684.19,360,0,Semiurban,692,29,1,0.8659
APP-002699,Female,Yes,0,Graduate,No,26349.04,25424.93,118961.21,360,1,Rural,713,59,1,0.9985
APP-002700,Male,Yes,3+,Graduate,Yes,45142.49,57020.25,203091.24,300,0,Urban,607,36,0,0.5339
APP-002701,Male,Yes,3+,Graduate,Yes,26282.67,0.0,120157.26,300,0,Rural,753,65,1,0.9238
APP-002702,Male,Yes,0,Not Graduate,No,16607.8,0.0,151742.44,360,1,Rural,585,40,0,0.024
APP-002703,Female,Yes,0,Graduate,No,28897.96,0.0,93634.29,240,1,Semiurban,751,38,1,0.9968
APP-002704,Female,Yes,0,Graduate,No,39039.36,19659.06,306588.86,240,1,Semiurban,781,54,1,0.9943
APP-002705,Male,Yes,1,Graduate,Yes,53464.59,84483.78,197448.88,180,1,Semiurban,698,67,1,0.9917
APP-002706,Female,Yes,3+,Graduate,No,43573.91,15587.41,298342.29,240,1,Urban,665,49,1,0.7139
APP-002707,Female,No,2,Graduate,No,66119.64,15401.86,212955.81,180,1,Rural,714,34,1,0.9794
APP-002708,Male,Yes,1,Graduate,No,23396.9,0.0,83563.62,360,0,Semiurban,437,48,0,0.0024
APP-002709,Male,Yes,1,Graduate,No,32624.4,81704.72,500000.0,120,1,Semiurban,706,30,0,0.1364
APP-002710,Male,Yes,0,Not Graduate,No,99151.24,0.0,200195.3,240,1,Rural,670,54,1,0.9772
APP-002711,Female,No,2,Not Graduate,No,13875.86,34012.75,500000.0,240,1,Urban,676,52,0,0.0088
APP-002712,Female,Yes,0,Graduate,Yes,31301.62,0.0,101623.9,240,1,Semiurban,740,27,1,0.9876
APP-002713,Male,No,2,Graduate,No,22262.93,0.0,124720.61,360,1,Urban,674,55,1,0.9244
APP-002714,Female,No,1,Not Graduate,No,36045.27,0.0,300809.11,360,0,Semiurban,583,51,0,0.0088
APP-002715,Male,Yes,2,Not Graduate,Yes,31604.47,0.0,153735.8,300,0,Urban,668,58,0,0.3656
APP-002716,Female,No,0,Graduate,No,55892.5,0.0,137133.66,300,1,Urban,686,42,1,0.994
APP-002717,Female,Yes,1,Not Graduate,No,46190.82,0.0,206231.19,360,1,Urban,690,47,1,0.9733
APP-002718,Female,Yes,0,Not Graduate,No,19573.08,19796.71,73410.0,240,1,Semiurban,694,69,1,0.993
APP-002719,Male,Yes,0,Graduate,No,29042.36,19796.21,179392.38,240,1,Rural,768,30,1,0.9969
APP-002720,Male,No,2,Not Graduate,No,40132.25,0.0,363864.77,180,0,Urban,588,53,0,0.0
APP-002721,Male,Yes,1,Graduate,Yes,60274.2,0.0,136164.57,180,0,Rural,695,68,1,0.8047
APP-002722,Male,No,0,Not Graduate,Yes,152989.71,10874.75,482105.32,360,1,Semiurban,790,34,1,0.9995
APP-002723,Female,Yes,3+,Graduate,No,59073.5,55633.63,500000.0,360,1,Rural,533,22,0,0.0691
APP-002724,Female,Yes,0,Graduate,No,22997.14,23614.59,183726.02,240,1,Rural,695,67,1,0.9582
APP-002725,Female,Yes,1,Graduate,No,38115.84,28853.65,190961.44,120,1,Semiurban,630,31,0,0.2239
APP-002726,Male,Yes,1,Graduate,No,44335.32,0.0,225185.49,360,1,Semiurban,648,23,0,0.77
APP-002727,Male,No,0,Graduate,No,30161.91,0.0,104127.94,360,0,Urban,603,58,1,0.5648
APP-002728,Female,No,0,Graduate,No,51981.43,21649.17,92469.03,360,1,Semiurban,666,48,1,0.9969
APP-002729,Female,Yes,0,Graduate,No,12000.0,11593.95,54531.83,360,1,Semiurban,837,45,1,1.0
APP-002730,Female,Yes,0,Not Graduate,No,54406.14,0.0,500000.0,300,1,Rural,573,57,0,0.0046
APP-002731,Female,Yes,0,Graduate,No,30883.8,17469.26,238935.96,180,1,Semiurban,581,62,0,0.0308
APP-002732,Male,Yes,0,Not Graduate,No,37784.8,0.0,311240.56,180,1,Urban,569,50,0,0.0001
APP-002733,Female,No,2,Graduate,Yes,89872.53,0.0,241110.13,240,1,Urban,827,34,1,0.9997
APP-002734,Female,No,0,Graduate,Yes,20053.63,0.0,83399.68,300,0,Rural,641,63,0,0.3725
APP-002735,Male,Yes,0,Not Graduate,No,46629.82,11487.57,229628.24,360,1,Semiurban,678,27,1,0.9641
APP-002736,Male,Yes,1,Graduate,Yes,62109.66,11917.73,246695.21,360,1,Urban,646,40,1,0.9477
APP-002737,Female,Yes,0,Graduate,No,44076.63,0.0,206548.47,240,0,Rural,600,21,0,0.0279
APP-002738,Female,No,1,Graduate,No,16517.81,0.0,42640.06,240,1,Urban,660,62,1,0.9656
APP-002739,Female,No,1,Graduate,No,84348.99,27903.03,500000.0,240,1,Urban,850,37,1,0.9997
APP-002740,Female,No,2,Not Graduate,No,35730.33,0.0,187966.76,300,1,Urban,798,38,1,0.9969
APP-002741,Female,Yes,0,Graduate,Yes,30027.01,36324.08,261546.89,360,1,Urban,608,30,1,0.7316
APP-002742,Male,Yes,0,Graduate,No,33834.44,0.0,153155.55,360,1,Urban,735,59,1,0.9968
APP-002743,Female,Yes,0,Not Graduate,No,32526.79,28698.62,227807.95,360,0,Semiurban,609,61,0,0.4723
APP-002744,Female,No,1,Graduate,No,20856.09,11487.95,63487.28,300,0,Semiurban,529,47,0,0.1632
APP-002745,Male,No,0,Graduate,No,43946.26,0.0,119960.57,300,1,Rural,767,64,1,0.9993
APP-002746,Female,Yes,1,Not Graduate,No,28897.83,20008.06,192263.15,360,1,Urban,779,23,1,0.9988
APP-002747,Male,Yes,2,Graduate,No,58045.85,13047.99,258588.45,300,1,Urban,769,42,1,0.9991
APP-002748,Female,No,1,Not Graduate,No,53352.57,0.0,304397.81,180,1,Semiurban,640,52,0,0.036
APP-002749,Male,Yes,0,Graduate,No,98136.85,0.0,500000.0,240,1,Semiurban,666,33,1,0.6518
APP-002750,Male,Yes,1,Graduate,No,35724.85,11950.31,157981.91,120,1,Semiurban,744,48,1,0.8972
APP-002751,Male,No,0,Graduate,No,25802.14,12844.25,107105.0,180,0,Urban,713,67,0,0.9416
APP-002752,Male,Yes,2,Not Graduate,No,17883.64,17981.8,214743.81,240,0,Urban,647,34,0,0.0535
APP-002753,Male,Yes,0,Not Graduate,No,134099.7,0.0,500000.0,360,1,Semiurban,542,48,0,0.247
APP-002754,Female,Yes,2,Graduate,No,57766.22,38275.14,309532.37,180,1,Semiurban,690,53,1,0.9294
APP-002755,Male,No,3+,Graduate,No,27423.87,25930.81,136057.19,240,1,Urban,772,39,1,0.9993
APP-002756,Female,No,0,Graduate,Yes,101847.85,0.0,320330.84,240,1,Rural,578,57,0,0.2971
APP-002757,Female,No,2,Graduate,No,84616.9,0.0,430312.82,360,0,Rural,734,49,1,0.9545
APP-002758,Male,Yes,2,Graduate,No,19087.66,0.0,173834.69,180,1,Urban,708,30,0,0.0034
APP-002759,Male,Yes,1,Graduate,No,26518.26,8189.33,134504.65,120,1,Semiurban,744,50,1,0.7268
APP-002760,Male,No,2,Graduate,No,37317.64,0.0,109357.06,300,1,Urban,754,57,1,0.9989
APP-002761,Female,No,1,Graduate,No,22280.19,17945.3,452706.37,300,0,Rural,621,50,0,0.0016
APP-002762,Female,Yes,1,Graduate,No,38058.56,0.0,137245.99,120,1,Urban,543,64,0,0.0031
APP-002763,Male,Yes,1,Graduate,No,59372.06,33013.29,275508.73,360,1,Rural,635,47,1,0.9573
APP-002764,Female,Yes,3+,Not Graduate,No,18858.26,0.0,66931.04,240,1,Semiurban,756,64,1,0.9904
APP-002765,Male,Yes,1,Graduate,No,47152.88,62955.82,382132.28,300,0,Urban,634,36,0,0.6864
APP-002766,Female,No,0,Not Graduate,No,76318.75,0.0,500000.0,300,1,Rural,621,24,0,0.1098
APP-002767,Female,Yes,1,Graduate,No,50017.15,44500.99,189731.9,120,0,Rural,525,41,0,0.0098
APP-002768,Female,Yes,2,Not Graduate,Yes,38499.9,23428.0,344985.15,180,0,Semiurban,829,68,1,0.7782
APP-002769,Male,Yes,2,Graduate,No,27793.13,0.0,117902.48,240,1,Semiurban,750,60,1,0.9878
APP-002770,Male,No,0,Not Graduate,No,63383.76,0.0,210333.7,180,1,Semiurban,745,33,1,0.9754
APP-002771,Male,No,2,Graduate,No,21008.74,0.0,76997.69,180,1,Semiurban,762,59,1,0.9844
APP-002772,Male,No,1,Graduate,No,45868.57,0.0,174683.2,240,1,Urban,729,57,1,0.9893
APP-002773,Female,Yes,2,Graduate,No,40702.05,43234.21,372297.53,240,0,Semiurban,659,26,0,0.2982
APP-002774,Female,No,1,Graduate,No,74539.62,0.0,259364.37,360,1,Rural,666,41,1,0.9698
APP-002775,Male,Yes,0,Not Graduate,No,29128.96,18774.77,198286.82,300,1,Rural,644,25,1,0.7552
APP-002776,Male,Yes,0,Graduate,Yes,30523.29,0.0,91714.94,360,1,Urban,850,64,1,1.0
APP-002777,Female,Yes,0,Graduate,Yes,20271.56,29223.78,500000.0,240,1,Rural,727,59,0,0.0603
APP-002778,Male,Yes,1,Graduate,Yes,51047.22,0.0,342722.83,240,0,Urban,641,37,0,0.0173
APP-002779,Female,No,0,Graduate,No,31789.82,26722.4,310780.92,240,1,Semiurban,720,51,1,0.9486
APP-002780,Male,No,3+,Graduate,No,24980.71,0.0,87215.86,180,0,Urban,594,67,0,0.0362
APP-002781,Male,Yes,0,Graduate,No,26324.39,26011.83,322901.56,180,1,Urban,808,22,1,0.9105
APP-002782,Male,No,0,Graduate,No,53928.16,79690.1,500000.0,120,1,Semiurban,624,46,0,0.0563
APP-002783,Male,No,3+,Graduate,No,21880.95,0.0,98414.65,360,1,Urban,723,63,1,0.9913
APP-002784,Male,Yes,0,Graduate,No,22976.07,54689.29,260486.04,240,1,Rural,771,47,1,0.9987
APP-002785,Female,Yes,0,Not Graduate,No,65709.5,0.0,316969.23,120,1,Rural,713,22,0,0.0254
APP-002786,Female,No,0,Not Graduate,No,36630.4,0.0,333112.65,360,1,Urban,688,49,0,0.6055
APP-002787,Male,Yes,1,Graduate,Yes,67879.87,0.0,300077.99,240,1,Rural,681,43,0,0.767
APP-002788,Female,Yes,0,Graduate,No,32937.08,8460.79,156737.49,360,1,Rural,675,37,1,0.9812
APP-002789,Male,No,2,Not Graduate,No,40109.99,28541.05,306032.65,360,1,Urban,631,23,0,0.7151
APP-002790,Male,No,1,Not Graduate,No,43737.65,0.0,190169.15,240,0,Urban,642,63,0,0.2218
APP-002791,Male,No,0,Graduate,No,86077.85,26026.22,373612.48,180,1,Semiurban,806,56,1,0.999
APP-002792,Male,Yes,1,Graduate,No,82308.53,0.0,251371.12,360,1,Urban,671,28,1,0.9801
APP-002793,Male,No,3+,Not Graduate,No,75680.85,0.0,461043.81,360,0,Semiurban,613,60,0,0.0773
APP-002794,Male,No,2,Graduate,No,28400.15,0.0,208262.35,360,1,Semiurban,636,49,0,0.4342
APP-002795,Male,No,0,Not Graduate,No,23324.13,0.0,275644.87,120,1,Rural,774,26,0,0.0
APP-002796,Male,Yes,2,Not Graduate,No,60988.18,42634.08,500000.0,300,1,Semiurban,737,46,1,0.9856
APP-002797,Female,Yes,0,Graduate,No,85580.94,0.0,384514.54,240,1,Semiurban,728,55,1,0.9773
APP-002798,Female,No,0,Not Graduate,No,76080.73,0.0,486675.67,240,1,Semiurban,658,44,0,0.2256
APP-002799,Male,No,1,Not Graduate,Yes,40423.92,0.0,114527.71,180,1,Rural,729,23,1,0.9205
APP-002800,Male,No,2,Graduate,No,59891.79,13405.09,417246.83,360,0,Urban,625,50,0,0.3584
APP-002801,Male,No,1,Not Graduate,No,60473.66,21127.14,500000.0,300,0,Urban,658,58,0,0.2887
APP-002802,Female,Yes,1,Graduate,No,43561.04,0.0,294436.59,360,1,Urban,762,40,1,0.9923
APP-002803,Female,Yes,0,Graduate,No,44614.11,51761.8,500000.0,180,1,Rural,754,30,1,0.8618
APP-002804,Male,No,0,Graduate,No,42362.02,0.0,137960.52,360,1,Urban,597,41,1,0.8484
APP-002805,Male,No,3+,Graduate,No,26018.08,23903.24,170527.01,240,0,Semiurban,607,66,0,0.2017
APP-002806,Female,Yes,1,Graduate,No,27520.08,0.0,106494.77,360,1,Urban,689,64,1,0.9869
APP-002807,Male,No,2,Not Graduate,Yes,27287.4,0.0,70416.26,300,1,Urban,827,44,1,0.9998
APP-002808,Male,Yes,0,Graduate,No,16654.23,0.0,90463.41,180,1,Semiurban,517,50,0,0.0013
APP-002809,Male,No,0,Not Graduate,No,43415.55,0.0,250794.86,360,0,Urban,704,50,1,0.8527
APP-002810,Female,No,0,Graduate,No,39249.13,0.0,215428.54,300,1,Semiurban,563,56,0,0.1234
APP-002811,Female,No,2,Graduate,No,61027.53,21357.54,375638.31,180,1,Semiurban,626,37,0,0.145
APP-002812,Male,Yes,0,Graduate,No,80289.53,0.0,500000.0,180,0,Rural,649,35,0,0.0062
APP-002813,Male,No,1,Graduate,No,83146.71,0.0,459177.38,360,1,Rural,644,24,1,0.6576
APP-002814,Female,No,0,Not Graduate,No,87566.69,22632.71,358224.55,360,1,Urban,635,60,1,0.9506
APP-002815,Female,Yes,0,Graduate,No,26465.72,44262.81,79947.8,300,0,Urban,681,21,1,0.9819
APP-002816,Female,No,2,Graduate,Yes,18259.16,28703.73,172514.63,180,1,Urban,635,66,0,0.3571
APP-002817,Male,Yes,1,Not Graduate,No,66963.9,0.0,290535.91,240,1,Rural,556,45,0,0.0495
APP-002818,Male,Yes,3+,Graduate,No,85834.25,22306.82,470947.29,180,1,Semiurban,746,33,1,0.9207
APP-002819,Female,No,2,Graduate,No,94447.16,21485.58,455940.73,300,1,Rural,744,69,0,0.995
APP-002820,Female,Yes,0,Graduate,No,52404.51,0.0,175462.3,240,0,Rural,752,30,1,0.9751
APP-002821,Male,Yes,0,Not Graduate,No,13383.97,0.0,38977.97,240,1,Rural,549,44,1,0.1804
APP-002822,Female,Yes,1,Graduate,Yes,49074.03,0.0,131432.77,360,1,Urban,705,28,1,0.9915
APP-002823,Male,Yes,0,Graduate,No,54474.74,0.0,282440.51,360,1,Semiurban,737,36,1,0.9931
APP-002824,Female,Yes,0,Not Graduate,No,79908.8,57404.27,500000.0,180,1,Urban,592,49,1,0.2024
APP-002825,Female,Yes,1,Graduate,Yes,88105.99,43146.44,318641.69,240,1,Semiurban,681,23,1,0.9567
APP-002826,Male,No,1,Not Graduate,No,66190.91,0.0,274503.04,300,1,Semiurban,670,32,1,0.8807
APP-002827,Male,Yes,0,Not Graduate,No,29056.47,0.0,176649.46,180,1,Rural,837,30,0,0.9394
APP-002828,Male,No,2,Graduate,No,22787.91,40265.68,246900.74,240,0,Semiurban,844,38,1,0.9987
APP-002829,Male,Yes,0,Graduate,No,53834.98,0.0,316754.25,120,1,Semiurban,539,22,0,0.0
APP-002830,Male,Yes,2,Graduate,No,25956.35,0.0,179769.01,120,1,Semiurban,850,62,0,0.0861
APP-002831,Female,Yes,0,Graduate,No,90339.08,14402.65,500000.0,360,0,Semiurban,602,30,0,0.2688
APP-002832,Male,No,2,Graduate,No,15716.91,0.0,53607.15,240,1,Urban,763,26,1,0.9955
APP-002833,Female,Yes,1,Not Graduate,No,54818.75,34533.52,500000.0,360,1,Rural,762,44,1,0.9948
APP-002834,Female,Yes,0,Graduate,No,47846.07,7551.43,209385.48,180,1,Urban,595,37,0,0.2315
APP-002835,Male,Yes,0,Graduate,No,35820.6,0.0,135392.59,300,0,Semiurban,722,36,1,0.9646
APP-002836,Male,Yes,2,Graduate,Yes,24129.39,0.0,129687.84,300,1,Urban,671,56,0,0.7665
APP-002837,Female,Yes,2,Not Graduate,No,12913.43,17675.09,113858.94,360,1,Semiurban,727,34,1,0.9939
APP-002838,Female,No,0,Graduate,No,29962.87,0.0,115496.87,180,0,Semiurban,700,26,0,0.4751
APP-002839,Male,Yes,1,Graduate,No,30253.41,0.0,109008.65,300,1,Rural,782,29,1,0.9986
APP-002840,Female,Yes,2,Not Graduate,No,73972.98,0.0,290732.0,360,0,Urban,686,22,1,0.7832
APP-002841,Female,Yes,0,Graduate,No,26093.18,8939.58,163190.5,180,0,Urban,666,69,0,0.1652
APP-002842,Female,No,1,Graduate,No,51483.87,0.0,90337.78,180,1,Urban,773,49,1,0.9995
APP-002843,Female,No,1,Not Graduate,No,19717.62,0.0,80434.91,240,1,Semiurban,729,47,1,0.9733
APP-002844,Female,No,0,Graduate,No,52267.84,0.0,100700.36,360,1,Rural,742,34,1,0.9993
APP-002845,Male,No,0,Graduate,No,12000.0,0.0,42603.56,180,0,Semiurban,624,40,0,0.1325
APP-002846,Female,No,3+,Graduate,No,127059.77,29614.42,500000.0,180,0,Urban,591,35,0,0.0629
APP-002847,Female,Yes,2,Graduate,No,37138.63,25028.02,228710.62,360,1,Urban,632,40,1,0.9293
APP-002848,Male,No,1,Graduate,No,12000.0,0.0,70192.05,240,0,Urban,627,55,0,0.0557
APP-002849,Female,No,1,Not Graduate,No,27044.47,36403.48,316287.02,180,1,Semiurban,747,21,1,0.7247
APP-002850,Female,No,1,Not Graduate,Yes,24794.71,21832.62,75335.66,300,1,Rural,763,60,1,0.9993
APP-002851,Female,Yes,2,Graduate,No,27981.53,35637.34,464975.77,120,0,Rural,667,54,0,0.0
APP-002852,Male,Yes,2,Graduate,No,32841.47,0.0,156656.03,240,1,Urban,802,66,1,0.9968
APP-002853,Female,No,1,Graduate,No,27877.09,0.0,91987.58,120,1,Urban,796,42,1,0.9794
APP-002854,Male,No,0,Graduate,No,25616.02,24669.28,173521.79,300,1,Semiurban,701,36,1,0.9914
APP-002855,Female,Yes,0,Graduate,No,21220.53,11844.18,55167.35,300,1,Semiurban,610,22,1,0.9229
APP-002856,Female,No,2,Graduate,No,63068.97,18958.68,385701.81,120,1,Semiurban,814,21,1,0.6595
APP-002857,Female,No,2,Graduate,No,77701.09,0.0,444038.41,300,1,Rural,675,57,1,0.7826
APP-002858,Female,Yes,1,Graduate,Yes,34891.01,0.0,109532.87,360,0,Urban,691,29,1,0.9155
APP-002859,Male,Yes,0,Graduate,No,39747.41,0.0,112765.86,240,1,Rural,651,46,1,0.9334
APP-002860,Female,No,2,Not Graduate,No,21601.5,0.0,98101.27,360,1,Semiurban,604,43,1,0.52
APP-002861,Female,Yes,0,Not Graduate,No,41733.58,0.0,304571.31,360,1,Urban,555,25,0,0.026
APP-002862,Female,No,2,Graduate,No,45546.09,0.0,317219.22,180,1,Rural,734,32,0,0.1204
APP-002863,Male,Yes,2,Graduate,No,35572.59,0.0,220212.21,300,1,Urban,613,32,0,0.2165
APP-002864,Male,No,3+,Graduate,No,49903.24,0.0,500000.0,360,1,Urban,850,50,1,0.9955
APP-002865,Male,No,0,Graduate,No,47562.02,18156.91,424682.71,360,1,Semiurban,588,58,0,0.3298
APP-002866,Male,No,1,Graduate,No,22476.45,0.0,161251.88,360,1,Semiurban,573,56,0,0.0992
APP-002867,Male,No,2,Not Graduate,No,77356.21,0.0,342957.95,240,1,Semiurban,723,30,1,0.9188
APP-002868,Female,No,0,Graduate,No,35803.27,11366.35,172042.51,360,1,Rural,810,68,1,0.9998
APP-002869,Male,Yes,2,Not Graduate,Yes,100867.63,0.0,500000.0,180,1,Urban,685,47,0,0.2255
APP-002870,Male,No,0,Graduate,No,50575.94,0.0,138657.55,300,1,Rural,729,46,1,0.9977
APP-002871,Male,Yes,1,Graduate,No,118659.49,0.0,500000.0,360,0,Semiurban,523,62,0,0.0281
APP-002872,Female,No,2,Graduate,No,76603.5,0.0,248409.22,240,0,Urban,622,42,0,0.3821
APP-002873,Male,No,3+,Graduate,No,45476.65,0.0,225848.09,300,1,Rural,589,61,0,0.2061
APP-002874,Male,No,3+,Not Graduate,Yes,26964.9,0.0,129682.82,300,0,Rural,519,27,0,0.0011
APP-002875,Male,No,3+,Not Graduate,No,27286.24,0.0,125176.27,360,1,Urban,690,30,1,0.9398
APP-002876,Male,No,2,Not Graduate,No,53807.54,0.0,227566.05,240,1,Semiurban,489,64,0,0.0048
APP-002877,Female,No,1,Graduate,No,43421.91,0.0,235239.5,300,0,Urban,568,69,0,0.0277
APP-002878,Male,Yes,2,Not Graduate,No,29028.56,25574.7,317937.38,180,0,Semiurban,634,29,0,0.0037
APP-002879,Male,Yes,2,Not Graduate,Yes,63461.14,0.0,144159.78,120,1,Urban,609,45,0,0.1503
APP-002880,Male,Yes,2,Graduate,No,40999.87,0.0,171255.04,120,0,Urban,714,21,0,0.0308
APP-002881,Female,Yes,0,Graduate,No,63669.15,0.0,224879.0,240,1,Urban,706,36,1,0.982
APP-002882,Female,Yes,2,Graduate,No,23470.31,19274.4,198860.48,300,1,Semiurban,756,31,1,0.9942
APP-002883,Female,No,0,Graduate,No,69543.62,0.0,245844.3,180,1,Urban,744,59,1,0.986
APP-002884,Female,No,0,Graduate,No,52867.69,56815.71,500000.0,180,1,Semiurban,777,58,1,0.9833
APP-002885,Female,Yes,2,Graduate,No,77548.85,0.0,320598.37,240,1,Urban,680,55,1,0.908
APP-002886,Male,Yes,1,Graduate,No,68705.65,37248.83,500000.0,360,1,Urban,706,57,1,0.9912
APP-002887,Male,Yes,1,Graduate,No,38302.7,0.0,106382.85,180,1,Urban,723,35,1,0.9853
APP-002888,Male,Yes,0,Graduate,No,36645.43,11042.55,179172.58,240,1,Semiurban,692,24,1,0.9477
APP-002889,Male,No,0,Not Graduate,No,107008.87,0.0,345950.49,360,0,Urban,646,52,1,0.8206
APP-002890,Female,Yes,1,Graduate,No,34207.06,0.0,174092.81,360,1,Rural,652,23,0,0.7672
APP-002891,Male,Yes,0,Graduate,No,60575.06,12362.92,182430.42,300,0,Rural,611,30,1,0.6052
APP-002892,Male,No,2,Not Graduate,Yes,32540.38,22900.61,109546.06,240,1,Rural,716,62,1,0.9908
APP-002893,Male,No,1,Graduate,No,14414.13,9392.5,76588.18,180,1,Urban,672,55,1,0.9107
APP-002894,Female,No,1,Not Graduate,No,20434.16,0.0,112135.19,180,0,Rural,624,55,0,0.005
APP-002895,Female,Yes,0,Not Graduate,No,50174.21,0.0,148578.82,360,1,Rural,624,30,1,0.8538
APP-002896,Female,No,0,Graduate,No,59019.46,0.0,283546.71,240,0,Urban,577,45,0,0.0345
APP-002897,Female,No,0,Graduate,No,50265.16,6881.11,182057.12,240,1,Rural,763,51,1,0.9986
APP-002898,Male,Yes,1,Graduate,No,75378.11,0.0,146019.53,180,1,Rural,687,36,1,0.9783
APP-002899,Female,No,3+,Graduate,No,49771.26,0.0,311317.73,240,1,Semiurban,607,67,0,0.0419
APP-002900,Female,No,2,Graduate,Yes,26202.78,0.0,149617.16,240,1,Semiurban,749,32,1,0.8706
APP-002901,Male,No,2,Not Graduate,No,55651.61,37020.18,388052.79,240,0,Rural,632,54,0,0.1742
APP-002902,Male,No,2,Graduate,No,44058.98,0.0,191489.04,120,0,Urban,560,21,0,0.0001
APP-002903,Male,No,0,Not Graduate,No,29244.39,0.0,113556.4,240,1,Rural,767,32,1,0.9922
APP-002904,Female,Yes,1,Graduate,No,52046.12,0.0,139417.24,180,1,Rural,634,63,1,0.7292
APP-002905,Female,Yes,2,Graduate,No,41925.67,0.0,321694.08,300,1,Semiurban,645,59,0,0.2105
APP-002906,Female,No,1,Graduate,No,28774.64,0.0,117239.6,300,0,Urban,684,56,1,0.874
APP-002907,Female,No,3+,Graduate,No,36394.53,22895.01,297427.84,300,1,Semiurban,777,33,1,0.9958
APP-002908,Male,No,1,Graduate,No,87331.1,0.0,297447.21,180,1,Rural,682,27,1,0.7718
APP-002909,Male,Yes,1,Not Graduate,No,85775.47,0.0,446315.62,300,0,Semiurban,578,45,0,0.031
APP-002910,Male,No,0,Not Graduate,No,44510.45,0.0,317680.51,240,1,Semiurban,726,51,1,0.6058
APP-002911,Male,No,0,Graduate,No,41419.08,0.0,190322.98,240,1,Urban,639,54,1,0.6717
APP-002912,Male,No,0,Not Graduate,Yes,18248.25,25437.6,219045.27,180,1,Semiurban,840,26,1,0.9827
APP-002913,Male,No,0,Graduate,No,103326.67,0.0,500000.0,360,1,Urban,680,55,1,0.9739
APP-002914,Male,Yes,1,Not Graduate,Yes,70968.26,17210.45,500000.0,240,0,Rural,490,32,0,0.0001
APP-002915,Male,No,0,Graduate,No,60692.38,0.0,413924.06,240,1,Semiurban,710,45,1,0.6487
APP-002916,Male,Yes,0,Graduate,Yes,12000.0,0.0,59103.94,180,1,Semiurban,845,65,1,0.9928
APP-002917,Female,Yes,1,Not Graduate,No,41048.41,0.0,202127.45,300,1,Rural,814,47,1,0.9986
APP-002918,Male,Yes,2,Graduate,No,37424.44,0.0,177689.89,240,1,Rural,836,55,1,0.9989
APP-002919,Male,Yes,0,Not Graduate,No,58427.88,0.0,367576.76,360,1,Semiurban,593,63,0,0.2244
APP-002920,Female,Yes,1,Not Graduate,No,31317.52,0.0,109935.13,120,1,Semiurban,758,30,1,0.7467
APP-002921,Male,Yes,0,Graduate,Yes,35332.53,20527.21,302351.98,240,1,Rural,619,67,0,0.152
APP-002922,Female,Yes,3+,Graduate,No,56425.54,0.0,500000.0,360,1,Rural,699,39,0,0.5997
APP-002923,Male,Yes,1,Graduate,No,26226.66,0.0,131407.85,240,1,Semiurban,572,43,0,0.0735
APP-002924,Male,Yes,1,Graduate,Yes,29268.77,0.0,72806.17,120,1,Urban,625,60,1,0.2648
APP-002925,Male,No,1,Graduate,No,44637.5,0.0,167001.75,360,0,Rural,623,46,1,0.5593
APP-002926,Male,Yes,2,Graduate,No,83798.23,0.0,472372.53,360,1,Urban,756,47,1,0.9953
APP-002927,Female,Yes,1,Graduate,No,62608.63,0.0,197381.07,240,1,Urban,748,66,1,0.9968
APP-002928,Male,Yes,3+,Graduate,Yes,72509.45,18927.57,251036.09,300,1,Urban,704,28,1,0.9857
APP-002929,Female,Yes,0,Not Graduate,No,41557.12,28792.44,161225.95,240,0,Rural,565,33,0,0.1362
APP-002930,Female,No,2,Graduate,No,91335.33,0.0,354535.64,300,0,Urban,654,38,1,0.6707
APP-002931,Female,No,0,Graduate,Yes,15403.49,0.0,135620.92,360,1,Semiurban,617,33,0,0.0739
APP-002932,Female,Yes,0,Graduate,No,122055.55,23470.12,488488.79,300,1,Rural,754,66,1,0.9986
APP-002933,Male,Yes,1,Graduate,No,131067.46,0.0,500000.0,240,1,Urban,780,25,1,0.9967
APP-002934,Female,No,0,Not Graduate,No,51592.88,35608.64,327880.78,180,1,Rural,770,30,1,0.9816
APP-002935,Male,Yes,0,Graduate,No,63433.31,21892.76,305578.72,300,0,Urban,616,27,1,0.4768
APP-002936,Female,Yes,0,Graduate,Yes,39304.73,0.0,211446.8,300,0,Urban,447,41,0,0.0003
APP-002937,Male,Yes,0,Graduate,No,35765.44,0.0,76463.75,300,0,Urban,530,27,0,0.1001
APP-002938,Female,No,1,Graduate,No,28681.89,39149.39,500000.0,180,1,Rural,801,34,1,0.5855
APP-002939,Male,Yes,0,Not Graduate,No,39067.39,0.0,212104.88,240,0,Semiurban,646,36,0,0.0837
APP-002940,Female,Yes,3+,Graduate,No,54489.51,0.0,372838.38,360,0,Rural,616,60,0,0.0687
APP-002941,Male,Yes,0,Graduate,Yes,50561.02,0.0,191930.96,180,1,Urban,820,54,1,0.9975
APP-002942,Male,Yes,3+,Graduate,No,119686.57,0.0,500000.0,360,1,Urban,788,59,1,0.9993
APP-002943,Female,Yes,1,Graduate,Yes,42410.49,0.0,275106.44,240,0,Semiurban,682,65,0,0.0745
APP-002944,Female,No,2,Not Graduate,No,17696.89,0.0,72426.33,360,1,Urban,655,47,1,0.9204
APP-002945,Male,Yes,1,Graduate,No,99148.19,40650.67,402326.16,240,1,Semiurban,669,38,1,0.9665
APP-002946,Male,No,0,Graduate,No,20506.05,24958.08,126788.13,240,1,Rural,699,23,1,0.9816
APP-002947,Female,No,1,Not Graduate,No,29505.59,56106.12,301736.58,360,1,Semiurban,816,61,1,0.9998
APP-002948,Male,Yes,0,Not Graduate,No,46604.8,0.0,220048.06,300,1,Semiurban,716,54,1,0.9748
APP-002949,Female,Yes,3+,Not Graduate,No,50485.74,0.0,200020.28,180,1,Urban,742,45,1,0.9304
APP-002950,Male,Yes,3+,Graduate,No,18124.3,17064.46,120360.39,360,1,Semiurban,779,47,1,0.9995
APP-002951,Male,No,0,Graduate,No,26620.59,11257.1,219087.97,240,0,Semiurban,581,65,0,0.014
APP-002952,Female,No,1,Graduate,No,17775.38,0.0,61579.91,360,1,Semiurban,744,46,1,0.9984
APP-002953,Male,No,0,Graduate,No,56496.96,7705.5,209164.4,180,1,Semiurban,655,48,1,0.8377
APP-002954,Female,No,0,Not Graduate,No,76945.98,0.0,500000.0,360,0,Rural,466,38,0,0.0005
APP-002955,Male,Yes,0,Not Graduate,Yes,20496.08,11924.38,177069.39,360,1,Urban,499,65,0,0.0161
APP-002956,Male,No,1,Graduate,No,69397.98,14708.85,206608.44,240,1,Urban,593,30,1,0.7457
APP-002957,Male,No,2,Graduate,No,66965.2,34801.5,238365.31,180,1,Urban,725,58,1,0.9947
APP-002958,Male,Yes,0,Graduate,No,27931.52,0.0,72332.62,300,1,Semiurban,690,21,1,0.9847
APP-002959,Female,No,1,Graduate,No,13488.35,0.0,56715.34,180,1,Urban,696,24,1,0.6868
APP-002960,Male,No,0,Graduate,No,22265.85,29495.86,375009.4,240,1,Urban,846,46,1,0.9958
APP-002961,Female,No,1,Graduate,No,28929.25,17598.81,380458.01,300,1,Urban,572,40,0,0.0236
APP-002962,Female,No,0,Not Graduate,No,93706.14,0.0,500000.0,180,0,Semiurban,678,22,0,0.0258
APP-002963,Male,Yes,0,Not Graduate,No,37606.55,0.0,379166.71,360,0,Rural,706,38,0,0.1479
APP-002964,Female,No,0,Not Graduate,No,23068.99,17082.45,187427.02,360,1,Semiurban,617,54,0,0.7634
APP-002965,Female,Yes,1,Graduate,No,43534.84,0.0,305706.02,240,1,Rural,682,51,1,0.293
APP-002966,Male,No,1,Graduate,No,19683.95,51231.59,233795.59,240,0,Semiurban,544,26,0,0.0287
APP-002967,Female,No,0,Graduate,No,53257.13,15297.87,145095.11,360,1,Urban,800,39,1,1.0
APP-002968,Female,Yes,0,Not Graduate,No,23442.0,0.0,86976.34,240,1,Urban,622,63,1,0.6223
APP-002969,Male,Yes,1,Graduate,Yes,25390.03,0.0,102313.6,360,1,Urban,850,65,1,0.9999
APP-002970,Male,Yes,1,Graduate,No,49341.49,0.0,500000.0,120,0,Rural,677,34,0,0.0
APP-002971,Female,No,0,Graduate,No,105095.9,0.0,447948.53,240,1,Semiurban,767,37,1,0.9945
APP-002972,Male,Yes,2,Not Graduate,No,134427.88,0.0,362496.1,300,1,Urban,675,25,1,0.9586
APP-002973,Male,No,1,Graduate,No,22653.6,18940.39,273704.0,180,0,Semiurban,677,36,0,0.0134
APP-002974,Male,No,2,Graduate,Yes,28907.79,21487.73,152640.95,240,0,Urban,630,51,1,0.4535
APP-002975,Female,No,3+,Not Graduate,No,53292.07,0.0,242349.42,300,1,Urban,690,51,1,0.9277
APP-002976,Female,No,1,Graduate,No,76330.98,35139.09,500000.0,240,1,Urban,707,55,1,0.966
APP-002977,Female,No,0,Graduate,No,12206.87,30974.7,121046.72,180,0,Semiurban,613,22,0,0.1716
APP-002978,Female,Yes,1,Graduate,No,42109.78,71346.53,500000.0,240,0,Urban,669,25,1,0.4652
APP-002979,Male,Yes,1,Graduate,No,30701.64,46932.89,500000.0,180,0,Rural,628,46,0,0.0031
APP-002980,Female,No,0,Graduate,No,13929.84,0.0,69617.01,180,1,Urban,850,32,1,0.9964
APP-002981,Male,Yes,0,Not Graduate,No,19236.36,13598.4,307890.58,120,1,Rural,672,22,0,0.0
APP-002982,Female,Yes,0,Graduate,No,29369.85,16231.38,163681.56,360,1,Urban,811,34,1,0.9999
APP-002983,Male,No,1,Graduate,No,41454.36,10329.93,315595.71,180,1,Rural,663,54,0,0.0807
APP-002984,Female,No,1,Graduate,No,69874.54,0.0,337703.94,120,0,Urban,702,51,0,0.0141
APP-002985,Male,No,3+,Graduate,No,48771.02,0.0,156039.0,360,1,Urban,568,66,0,0.5291
APP-002986,Female,No,1,Graduate,No,67585.36,0.0,219179.24,360,1,Urban,642,35,1,0.9522
APP-002987,Female,Yes,0,Not Graduate,No,40729.11,28577.96,500000.0,240,1,Urban,698,56,0,0.4607
APP-002988,Male,No,2,Not Graduate,No,27235.59,0.0,187020.07,360,1,Semiurban,815,29,1,0.9958
APP-002989,Male,No,3+,Graduate,No,36276.94,46383.52,500000.0,360,0,Rural,699,38,1,0.7466
APP-002990,Male,Yes,1,Not Graduate,No,58837.49,13136.4,231581.68,360,1,Urban,798,68,1,0.9998
APP-002991,Male,Yes,3+,Graduate,No,70820.88,0.0,415187.04,300,1,Urban,734,47,1,0.9681
APP-002992,Male,Yes,2,Graduate,No,36999.84,0.0,133659.93,300,1,Urban,818,37,1,0.9998
APP-002993,Female,No,0,Graduate,No,24076.38,15936.31,366249.27,360,1,Rural,675,23,1,0.3999
APP-002994,Male,Yes,0,Graduate,No,48272.24,0.0,355194.08,240,1,Urban,850,23,1,0.9888
APP-002995,Male,Yes,2,Graduate,No,52202.7,29165.89,500000.0,360,1,Semiurban,639,29,1,0.6295
APP-002996,Male,Yes,3+,Graduate,No,79062.62,22610.15,500000.0,180,1,Urban,615,51,0,0.0788
APP-002997,Male,Yes,0,Not Graduate,No,27630.64,0.0,113230.02,360,1,Urban,577,31,0,0.422
APP-002998,Female,No,3+,Not Graduate,No,27797.78,13827.53,220950.37,360,1,Urban,850,33,1,0.9997
APP-002999,Female,No,0,Graduate,No,60833.03,32986.88,500000.0,120,1,Rural,750,61,0,0.1237
APP-003000,Male,No,1,Graduate,No,32077.55,31569.82,334740.08,240,1,Urban,652,34,1,0.577
APP-003001,Female,No,1,Not Graduate,No,31340.73,0.0,91523.24,360,1,Rural,786,54,1,0.9996
APP-003002,Male,No,0,Graduate,No,79999.6,11204.42,500000.0,360,1,Semiurban,738,46,1,0.995
APP-003003,Male,No,0,Graduate,No,18881.67,0.0,59290.5,360,1,Urban,847,50,1,1.0
APP-003004,Male,No,0,Graduate,No,124357.0,0.0,500000.0,360,0,Urban,548,23,0,0.058
APP-003005,Male,Yes,0,Graduate,No,28654.06,0.0,98705.64,180,1,Urban,657,22,1,0.6379
APP-003006,Female,Yes,0,Graduate,No,64647.24,19594.2,111012.67,300,0,Semiurban,641,42,1,0.9519
APP-003007,Male,Yes,1,Graduate,No,37803.62,45604.73,384760.83,300,0,Rural,512,40,0,0.0086
APP-003008,Male,No,1,Graduate,No,46595.03,0.0,500000.0,180,1,Urban,770,56,0,0.0054
APP-003009,Male,No,0,Not Graduate,No,34733.76,0.0,171007.19,180,1,Semiurban,657,25,1,0.1156
APP-003010,Female,Yes,0,Graduate,No,64287.29,43514.29,500000.0,300,1,Rural,743,53,1,0.995
APP-003011,Male,Yes,1,Not Graduate,No,33155.76,14976.24,191521.35,300,1,Semiurban,850,24,1,0.9998
APP-003012,Male,Yes,3+,Graduate,No,29286.43,16082.98,213682.18,300,1,Urban,650,61,1,0.842
APP-003013,Male,No,1,Graduate,No,108807.77,0.0,442605.58,240,1,Urban,644,23,0,0.6319
APP-003014,Male,Yes,1,Graduate,Yes,40788.7,26070.11,292871.21,300,1,Rural,690,23,1,0.8923
APP-003015,Female,No,0,Not Graduate,No,27677.29,35680.78,319035.4,240,1,Semiurban,764,69,1,0.9828
APP-003016,Male,No,2,Graduate,No,17682.71,49811.37,500000.0,180,1,Rural,632,43,0,0.0035
APP-003017,Female,Yes,1,Graduate,Yes,111979.14,9590.52,355315.24,300,0,Semiurban,626,42,1,0.5758
APP-003018,Female,No,0,Graduate,No,29626.99,0.0,126799.57,300,1,Urban,770,57,1,0.9986
APP-003019,Female,Yes,2,Not Graduate,No,124743.02,76164.31,500000.0,360,1,Urban,712,34,1,0.9965
APP-003020,Male,Yes,0,Graduate,No,49979.58,0.0,379043.7,240,0,Urban,506,40,0,0.0001
APP-003021,Male,Yes,0,Graduate,No,43416.15,15853.59,95688.43,360,1,Urban,576,42,1,0.9218
APP-003022,Female,Yes,1,Not Graduate,No,44064.69,0.0,100122.2,360,1,Semiurban,808,31,1,0.9998
APP-003023,Male,No,0,Graduate,Yes,135777.53,25875.43,500000.0,240,1,Rural,714,47,1,0.9866
APP-003024,Male,Yes,0,Graduate,No,12019.43,0.0,84792.56,300,1,Semiurban,615,21,0,0.0919
APP-003025,Female,No,2,Graduate,No,45156.42,0.0,155063.93,360,0,Rural,666,62,1,0.8491
APP-003026,Female,Yes,0,Graduate,No,34687.62,13066.01,275087.22,240,1,Rural,681,22,0,0.5295
APP-003027,Female,No,0,Graduate,No,35696.17,0.0,370585.59,360,1,Rural,743,30,1,0.7573
APP-003028,Male,Yes,0,Graduate,Yes,43569.89,0.0,186610.34,300,0,Rural,565,29,0,0.0252
APP-003029,Female,No,1,Graduate,No,34667.58,25116.11,229995.83,240,1,Semiurban,609,45,0,0.5842
APP-003030,Female,No,3+,Graduate,No,44510.12,0.0,234639.97,360,1,Urban,703,65,1,0.9687
APP-003031,Male,Yes,1,Not Graduate,No,39617.74,0.0,183146.97,180,1,Urban,672,50,1,0.3965
APP-003032,Male,Yes,3+,Graduate,No,19487.78,14931.99,164595.89,120,1,Rural,729,49,0,0.1193
APP-003033,Male,Yes,3+,Graduate,No,49501.16,0.0,194534.2,180,0,Urban,575,54,0,0.0125
APP-003034,Male,Yes,2,Not Graduate,No,59505.85,0.0,225961.2,360,1,Urban,710,35,1,0.9875
APP-003035,Male,No,1,Not Graduate,Yes,29788.09,26476.73,152639.06,240,1,Urban,773,62,1,0.9984
APP-003036,Female,Yes,1,Graduate,No,112122.0,34722.29,500000.0,300,1,Urban,721,54,1,0.9968
APP-003037,Male,No,1,Not Graduate,No,83664.03,0.0,223390.31,180,0,Rural,692,65,0,0.7222
APP-003038,Female,No,0,Graduate,No,63842.46,0.0,188426.4,240,1,Rural,672,45,1,0.9626
APP-003039,Male,Yes,0,Graduate,Yes,63417.9,0.0,157702.48,300,0,Urban,609,57,0,0.5538
APP-003040,Female,Yes,3+,Graduate,Yes,40804.73,0.0,150209.32,180,1,Rural,674,55,1,0.5305
APP-003041,Female,Yes,1,Graduate,No,75188.58,0.0,324299.53,240,1,Semiurban,787,23,1,0.9941
APP-003042,Female,Yes,2,Not Graduate,Yes,95217.12,30664.89,327169.6,240,1,Urban,670,34,1,0.9278
APP-003043,Female,Yes,0,Graduate,No,62593.28,0.0,236704.59,180,0,Urban,604,54,0,0.0694
APP-003044,Female,Yes,0,Graduate,No,29329.35,0.0,134473.5,240,0,Urban,638,52,0,0.2883
APP-003045,Male,Yes,0,Graduate,No,39268.39,10367.21,104429.7,300,1,Urban,697,29,1,0.9967
APP-003046,Male,Yes,2,Graduate,Yes,55023.66,0.0,166669.39,180,0,Semiurban,648,66,0,0.212
APP-003047,Female,No,0,Graduate,No,63624.87,78671.4,500000.0,240,1,Urban,721,60,1,0.9933
APP-003048,Female,Yes,2,Graduate,No,38460.52,13176.36,160028.7,240,1,Rural,724,57,1,0.9925
APP-003049,Female,No,2,Graduate,No,29385.46,0.0,172309.46,360,1,Rural,756,60,1,0.9919
APP-003050,Female,No,0,Graduate,No,95924.23,0.0,325441.4,300,1,Urban,801,32,1,0.9997
APP-003051,Female,No,0,Graduate,No,22252.82,0.0,103805.34,360,1,Semiurban,765,37,1,0.9983
APP-003052,Male,No,1,Graduate,No,23915.15,0.0,71216.57,300,1,Semiurban,601,60,0,0.7854
APP-003053,Male,Yes,2,Graduate,No,19342.88,0.0,35041.57,360,1,Rural,603,34,1,0.8882
APP-003054,Female,No,2,Graduate,No,23885.98,0.0,83500.01,180,1,Semiurban,674,30,1,0.7116
APP-003055,Male,No,1,Not Graduate,Yes,79701.18,0.0,414514.55,300,1,Rural,642,63,1,0.4
APP-003056,Female,No,2,Graduate,Yes,81182.75,11012.52,500000.0,240,1,Rural,583,36,0,0.0333
APP-003057,Male,Yes,3+,Not Graduate,No,38533.18,0.0,175192.17,360,0,Rural,642,60,1,0.3758
APP-003058,Female,No,1,Not Graduate,No,52731.74,0.0,158442.28,360,1,Semiurban,640,33,1,0.9151
APP-003059,Male,Yes,0,Graduate,No,39903.63,0.0,257386.79,360,1,Semiurban,623,67,1,0.5148
APP-003060,Female,No,0,Graduate,No,20835.48,0.0,64185.08,180,1,Urban,653,67,0,0.8211
APP-003061,Female,Yes,0,Graduate,No,135938.64,24572.63,500000.0,300,1,Urban,780,41,1,0.9997
APP-003062,Female,No,0,Graduate,No,85485.92,33547.77,326458.28,360,1,Semiurban,697,33,1,0.996
APP-003063,Female,No,3+,Graduate,No,48772.93,0.0,171881.85,120,1,Rural,850,58,1,0.9903
APP-003064,Male,Yes,1,Not Graduate,No,25065.82,0.0,93549.78,180,1,Urban,694,52,1,0.8355
APP-003065,Male,No,2,Graduate,No,35464.45,0.0,172521.8,300,1,Semiurban,655,63,1,0.7958
APP-003066,Female,Yes,3+,Not Graduate,No,27423.78,22782.85,116436.05,240,1,Urban,680,53,1,0.9802
APP-003067,Female,Yes,1,Graduate,No,42347.74,0.0,146753.19,120,0,Semiurban,702,38,1,0.1551
APP-003068,Male,No,2,Not Graduate,No,47593.8,21176.65,204488.26,360,1,Urban,717,21,1,0.9926
APP-003069,Female,No,2,Graduate,No,33268.99,0.0,171920.35,360,1,Semiurban,850,27,1,0.9997
APP-003070,Female,Yes,0,Graduate,No,18035.06,0.0,88098.88,240,1,Semiurban,608,37,1,0.2543
APP-003071,Male,Yes,0,Not Graduate,No,129655.01,0.0,347791.08,360,1,Semiurban,753,38,1,0.999
APP-003072,Male,Yes,0,Not Graduate,No,45735.94,0.0,243323.87,360,1,Urban,698,36,1,0.9627
APP-003073,Female,Yes,2,Graduate,Yes,51592.19,13483.82,270966.71,300,1,Urban,546,62,1,0.1225
APP-003074,Female,Yes,3+,Graduate,No,31814.42,0.0,193804.41,360,1,Urban,746,46,1,0.989
APP-003075,Male,No,0,Graduate,No,16998.73,0.0,54183.6,360,1,Rural,788,41,1,0.9997
APP-003076,Male,Yes,1,Graduate,No,38337.53,101336.26,500000.0,360,1,Urban,607,27,1,0.8205
APP-003077,Male,Yes,0,Graduate,Yes,33598.2,0.0,211392.35,240,1,Semiurban,679,48,0,0.3801
APP-003078,Female,Yes,2,Not Graduate,No,59292.84,25712.41,373802.62,180,1,Semiurban,533,26,0,0.0034
APP-003079,Female,Yes,0,Graduate,No,66061.58,0.0,500000.0,240,1,Semiurban,573,42,0,0.0063
APP-003080,Male,Yes,0,Graduate,No,61130.5,0.0,325113.92,180,1,Rural,769,27,1,0.8518
APP-003081,Female,Yes,3+,Graduate,Yes,69116.57,0.0,500000.0,120,1,Urban,640,62,0,0.0
APP-003082,Male,No,0,Graduate,No,108230.25,18419.36,500000.0,240,1,Semiurban,586,36,0,0.3589
APP-003083,Female,Yes,1,Not Graduate,Yes,49732.73,126220.61,353335.34,240,1,Rural,700,42,1,0.9862
APP-003084,Female,No,1,Graduate,No,73465.32,38170.0,500000.0,180,1,Urban,636,30,0,0.2394
APP-003085,Male,No,0,Graduate,No,52660.63,0.0,283219.19,360,1,Semiurban,640,41,1,0.8221
APP-003086,Male,Yes,2,Graduate,No,14114.82,0.0,67138.47,180,1,Urban,743,27,0,0.8349
APP-003087,Male,Yes,3+,Graduate,No,36864.85,28396.33,206646.7,300,0,Urban,581,60,1,0.2632
APP-003088,Female,No,1,Not Graduate,No,24903.38,25204.26,143034.48,300,1,Urban,603,48,1,0.8283
APP-003089,Male,No,0,Graduate,No,45582.92,0.0,120979.51,360,1,Urban,693,32,1,0.995
APP-003090,Male,Yes,2,Not Graduate,No,25976.42,20951.8,500000.0,240,1,Semiurban,762,33,1,0.0813
APP-003091,Male,Yes,0,Not Graduate,No,56000.98,11707.88,359437.13,180,1,Rural,785,69,1,0.9209
APP-003092,Female,Yes,2,Graduate,No,68841.74,0.0,159203.01,300,0,Rural,623,23,1,0.5087
APP-003093,Male,Yes,2,Graduate,No,77805.2,30407.48,287269.8,300,1,Rural,760,47,1,0.9993
APP-003094,Female,No,2,Graduate,No,97791.59,0.0,167592.49,360,1,Rural,613,58,1,0.9393
APP-003095,Female,Yes,2,Not Graduate,No,15965.52,0.0,116327.41,180,1,Semiurban,835,57,1,0.758
APP-003096,Female,Yes,3+,Graduate,No,20755.16,14272.05,152399.3,240,0,Semiurban,584,25,0,0.0256
APP-003097,Male,Yes,3+,Graduate,No,200846.93,12597.25,500000.0,120,1,Semiurban,793,68,1,0.9954
APP-003098,Male,No,3+,Graduate,No,69929.16,0.0,298442.47,360,1,Rural,624,63,1,0.7412
APP-003099,Female,No,1,Not Graduate,Yes,45408.13,0.0,296546.02,240,1,Semiurban,850,50,1,0.9907
APP-003100,Female,No,0,Graduate,No,40848.31,0.0,145661.24,180,1,Semiurban,730,34,1,0.9638
APP-003101,Male,No,3+,Graduate,Yes,38899.12,0.0,189411.4,300,0,Urban,594,67,0,0.0443
APP-003102,Female,Yes,0,Graduate,No,13855.53,75095.34,428978.38,240,0,Rural,636,69,0,0.1754
APP-003103,Male,Yes,1,Graduate,No,26244.69,0.0,66375.62,120,1,Semiurban,746,33,1,0.9648
APP-003104,Male,Yes,2,Graduate,Yes,37740.3,0.0,116205.68,180,1,Semiurban,769,42,1,0.9899
APP-003105,Male,Yes,0,Graduate,No,27072.59,39338.38,247041.5,360,1,Rural,674,64,1,0.9825
APP-003106,Female,Yes,0,Graduate,No,29090.74,0.0,143289.87,300,1,Urban,684,51,1,0.9529
APP-003107,Female,No,0,Graduate,No,163947.62,0.0,500000.0,240,0,Urban,744,46,1,0.9884
APP-003108,Female,Yes,0,Not Graduate,Yes,34947.1,30229.0,292707.73,240,0,Rural,691,36,1,0.4369
APP-003109,Male,Yes,3+,Graduate,No,46768.54,0.0,191663.07,360,1,Urban,570,32,1,0.3509
APP-003110,Female,Yes,1,Graduate,No,45862.13,0.0,224781.45,120,0,Urban,611,23,0,0.0002
APP-003111,Male,No,0,Graduate,No,55503.58,0.0,220471.38,180,1,Rural,700,50,1,0.8549
APP-003112,Male,Yes,0,Graduate,No,30868.59,0.0,130258.73,360,1,Urban,783,61,1,0.9995
APP-003113,Female,No,0,Graduate,No,79685.24,24005.0,500000.0,300,1,Rural,817,63,1,0.9995
APP-003114,Male,No,1,Not Graduate,No,51223.78,25531.69,295966.29,360,1,Rural,746,36,1,0.9968
APP-003115,Male,No,0,Graduate,No,19772.74,0.0,94838.73,300,1,Urban,704,50,1,0.9786
APP-003116,Male,Yes,0,Not Graduate,No,37830.57,0.0,120649.21,360,1,Urban,744,48,1,0.9986
APP-003117,Female,Yes,3+,Not Graduate,No,36509.16,0.0,274497.5,300,1,Urban,623,36,0,0.0712
APP-003118,Female,No,1,Graduate,Yes,35596.73,49012.97,239348.45,120,1,Urban,667,59,0,0.5118
APP-003119,Female,Yes,0,Not Graduate,No,53109.61,21633.44,308495.67,360,1,Urban,610,40,1,0.8008
APP-003120,Female,No,2,Graduate,No,56902.74,46940.48,500000.0,300,1,Rural,574,25,0,0.1382
APP-003121,Female,Yes,0,Graduate,No,53324.93,0.0,153962.74,120,1,Rural,708,51,1,0.8246
APP-003122,Male,No,0,Graduate,No,48358.8,18198.34,419308.87,180,1,Semiurban,696,27,1,0.1451
APP-003123,Male,No,0,Graduate,Yes,42070.44,11817.89,91361.8,240,1,Urban,738,21,1,0.9979
APP-003124,Male,Yes,2,Graduate,No,12293.63,0.0,32063.26,240,1,Semiurban,726,38,1,0.9944
APP-003125,Male,No,0,Not Graduate,No,61564.52,0.0,251564.94,120,1,Rural,701,49,1,0.1528
APP-003126,Male,Yes,1,Graduate,No,52501.38,0.0,500000.0,240,1,Urban,727,44,0,0.1593
APP-003127,Male,Yes,1,Not Graduate,Yes,23350.68,33699.55,259665.16,360,1,Urban,676,45,1,0.9383
APP-003128,Female,Yes,0,Graduate,Yes,46831.92,0.0,215209.3,300,1,Urban,715,66,1,0.9734
APP-003129,Male,Yes,1,Not Graduate,No,57317.78,0.0,409561.47,240,0,Semiurban,618,34,0,0.0043
APP-003130,Male,Yes,1,Graduate,No,76434.23,21154.12,255162.26,180,1,Semiurban,711,38,1,0.9852
APP-003131,Female,No,3+,Graduate,No,53138.97,19891.91,79510.35,360,1,Rural,737,58,1,0.9995
APP-003132,Male,Yes,1,Graduate,No,47900.49,0.0,445572.07,360,0,Urban,623,60,0,0.0323
APP-003133,Female,Yes,0,Graduate,No,67556.85,0.0,378064.85,120,1,Urban,684,58,0,0.0085
APP-003134,Female,Yes,2,Not Graduate,No,33907.89,0.0,118305.97,360,0,Urban,627,34,1,0.5067
APP-003135,Male,Yes,1,Graduate,No,50342.34,0.0,220226.75,240,0,Urban,635,28,0,0.1871
APP-003136,Male,No,0,Graduate,Yes,28520.77,47918.49,500000.0,240,0,Rural,584,47,0,0.0038
APP-003137,Female,Yes,0,Not Graduate,No,73914.42,28175.16,410625.28,240,0,Semiurban,788,23,1,0.9802
APP-003138,Female,No,1,Graduate,No,16558.57,39716.41,256069.48,360,1,Semiurban,771,38,1,0.9989
APP-003139,Male,Yes,0,Graduate,No,62893.96,34027.8,500000.0,360,1,Semiurban,726,43,1,0.9937
APP-003140,Male,Yes,2,Graduate,No,40527.66,26291.66,162779.01,300,1,Urban,848,64,1,1.0
APP-003141,Male,Yes,0,Graduate,No,68252.07,0.0,367217.03,240,1,Urban,664,61,0,0.6654
APP-003142,Female,No,0,Not Graduate,No,26126.37,0.0,64266.44,240,1,Rural,850,41,1,0.9999
APP-003143,Male,Yes,1,Not Graduate,No,42171.12,25211.92,500000.0,240,1,Urban,661,43,0,0.1286
APP-003144,Female,Yes,3+,Graduate,No,41495.76,13525.57,267633.57,240,1,Semiurban,702,48,1,0.9007
APP-003145,Male,Yes,0,Graduate,Yes,50951.83,14495.84,204829.62,360,1,Rural,646,37,1,0.9427
APP-003146,Male,Yes,1,Graduate,No,22557.91,5337.48,60533.91,300,1,Urban,712,63,1,0.9983
APP-003147,Male,Yes,1,Graduate,Yes,56949.39,0.0,207384.73,240,1,Semiurban,751,21,1,0.9795
APP-003148,Female,Yes,1,Graduate,Yes,14541.45,0.0,67392.61,360,1,Semiurban,670,65,1,0.9073
APP-003149,Female,No,0,Not Graduate,No,27797.1,0.0,199582.08,180,1,Urban,831,35,1,0.8157
APP-003150,Male,No,0,Not Graduate,No,16992.01,12563.41,77025.93,120,1,Urban,700,52,1,0.8875
APP-003151,Male,Yes,2,Not Graduate,No,63292.41,31695.99,279408.62,240,1,Urban,703,44,1,0.9849
APP-003152,Female,No,2,Graduate,No,50014.68,24332.63,253428.13,360,0,Urban,603,39,0,0.5308
APP-003153,Male,Yes,0,Graduate,Yes,51576.49,0.0,155125.21,120,1,Urban,716,33,1,0.733
APP-003154,Male,Yes,1,Graduate,No,90242.36,0.0,305194.7,180,1,Semiurban,669,67,1,0.7824
APP-003155,Male,Yes,0,Not Graduate,No,33733.01,0.0,93986.34,240,0,Urban,628,64,1,0.5188
APP-003156,Male,Yes,0,Not Graduate,No,56121.38,0.0,288654.28,360,1,Rural,614,65,0,0.5306
APP-003157,Female,Yes,1,Graduate,No,41619.01,15832.94,197083.31,240,1,Semiurban,850,59,1,0.9999
APP-003158,Male,No,0,Graduate,No,38275.72,24388.3,268446.25,300,1,Semiurban,658,37,1,0.9272
APP-003159,Male,Yes,1,Not Graduate,No,82342.63,0.0,402552.62,360,0,Urban,556,30,0,0.0312
APP-003160,Male,Yes,0,Graduate,No,126125.62,8852.63,309321.49,300,1,Semiurban,621,48,1,0.9577
APP-003161,Male,Yes,0,Graduate,No,31656.33,0.0,176279.34,180,1,Rural,676,58,0,0.2014
APP-003162,Female,Yes,0,Graduate,No,63484.16,26800.86,422938.07,180,1,Urban,726,35,1,0.889
APP-003163,Male,Yes,0,Graduate,Yes,47835.07,56660.13,489732.71,240,0,Rural,727,53,0,0.8142
APP-003164,Male,Yes,1,Graduate,No,48151.71,0.0,193324.34,360,1,Semiurban,738,38,1,0.9967
APP-003165,Male,Yes,1,Not Graduate,No,45979.35,32664.31,296965.83,360,1,Semiurban,625,53,1,0.8712
APP-003166,Female,Yes,1,Graduate,No,33416.57,0.0,145950.2,180,1,Semiurban,709,51,1,0.8177
APP-003167,Male,Yes,2,Graduate,No,12000.0,18630.11,136326.13,240,1,Urban,606,27,0,0.2896
APP-003168,Male,No,0,Not Graduate,No,93353.17,0.0,233997.17,180,0,Semiurban,627,42,1,0.3318
APP-003169,Female,Yes,1,Graduate,No,27389.01,0.0,237229.15,240,1,Urban,602,66,0,0.005
APP-003170,Female,Yes,2,Graduate,No,35141.69,18308.56,166610.64,240,0,Semiurban,579,33,0,0.1199
APP-003171,Male,Yes,0,Not Graduate,No,35555.1,0.0,156194.48,360,1,Rural,770,58,1,0.9981
APP-003172,Male,No,1,Graduate,Yes,26079.59,0.0,187821.94,240,1,Semiurban,739,46,1,0.6132
APP-003173,Male,Yes,1,Graduate,No,45804.25,14094.75,218953.57,120,1,Urban,763,60,1,0.9054
APP-003174,Female,Yes,0,Graduate,Yes,39168.5,0.0,185770.42,300,1,Semiurban,683,34,0,0.8857
APP-003175,Male,Yes,1,Not Graduate,No,27062.53,24419.27,81873.26,360,1,Urban,746,26,1,0.9994
APP-003176,Male,No,0,Not Graduate,No,43569.65,23366.38,116970.92,240,0,Rural,530,54,0,0.1003
APP-003177,Female,Yes,0,Graduate,No,39411.95,0.0,166094.38,360,1,Semiurban,753,27,1,0.9973
APP-003178,Female,No,2,Graduate,No,66856.99,13283.17,372053.41,240,1,Rural,695,59,1,0.8992
APP-003179,Female,Yes,2,Not Graduate,No,19202.38,0.0,134665.1,300,0,Semiurban,733,31,1,0.4903
APP-003180,Male,Yes,2,Not Graduate,Yes,25771.79,0.0,157559.24,300,1,Urban,712,44,1,0.8204
APP-003181,Female,Yes,1,Graduate,No,59809.13,0.0,124553.68,360,1,Semiurban,596,37,1,0.886
APP-003182,Male,No,0,Graduate,No,28230.02,34817.13,475612.14,300,1,Urban,553,40,0,0.0248
APP-003183,Male,No,1,Graduate,No,24419.29,0.0,60923.51,240,1,Rural,619,45,1,0.8436
APP-003184,Female,No,3+,Graduate,No,29008.38,0.0,182333.21,360,1,Rural,728,53,1,0.9678
APP-003185,Female,Yes,3+,Not Graduate,No,37966.58,0.0,132083.71,120,1,Semiurban,739,29,1,0.5194
APP-003186,Female,Yes,2,Graduate,No,38046.01,22699.56,500000.0,240,1,Urban,564,40,0,0.0025
APP-003187,Female,Yes,2,Graduate,No,35757.77,0.0,116875.65,240,1,Urban,597,23,0,0.3903
APP-003188,Male,Yes,1,Graduate,No,22794.83,0.0,93992.99,300,1,Semiurban,619,69,1,0.6786
APP-003189,Female,No,1,Graduate,No,61404.44,0.0,281102.26,360,1,Urban,650,64,1,0.9197
APP-003190,Female,Yes,1,Not Graduate,No,83234.81,0.0,318153.47,300,0,Semiurban,564,61,0,0.0576
APP-003191,Female,No,1,Graduate,No,14034.36,16816.04,83967.03,240,0,Rural,559,68,0,0.1021
APP-003192,Male,Yes,1,Not Graduate,No,17078.11,0.0,196299.86,120,1,Rural,610,46,0,0.0
APP-003193,Male,Yes,1,Not Graduate,No,69673.22,0.0,225657.21,360,1,Urban,687,28,1,0.9798
APP-003194,Male,No,3+,Not Graduate,No,95166.95,0.0,303296.4,240,1,Semiurban,580,45,1,0.2517
APP-003195,Female,Yes,0,Not Graduate,No,12443.47,22684.49,142560.68,180,1,Urban,670,46,1,0.6826
APP-003196,Male,Yes,0,Graduate,No,62848.99,0.0,292275.49,360,1,Urban,770,46,1,0.999
APP-003197,Male,No,0,Graduate,No,98798.13,0.0,309479.25,360,0,Urban,569,30,0,0.2501
APP-003198,Female,No,2,Graduate,No,24976.07,20500.5,297753.86,240,1,Semiurban,662,46,1,0.3018
APP-003199,Male,Yes,2,Not Graduate,No,95685.05,22518.12,500000.0,300,1,Semiurban,767,49,1,0.997
APP-003200,Male,Yes,2,Graduate,No,36391.96,0.0,156552.44,360,0,Rural,644,25,1,0.4476
APP-003201,Female,Yes,1,Graduate,No,47717.35,0.0,261501.3,120,0,Urban,631,36,0,0.0002
APP-003202,Male,Yes,1,Graduate,No,27022.41,0.0,78633.42,360,1,Semiurban,779,40,1,0.9997
APP-003203,Female,No,0,Graduate,No,69603.19,9959.63,260676.78,240,1,Urban,654,67,1,0.9397
APP-003204,Female,No,1,Graduate,No,63509.75,0.0,268076.3,240,1,Urban,774,33,1,0.9955
APP-003205,Female,Yes,2,Graduate,No,103630.83,0.0,500000.0,120,0,Rural,716,59,0,0.0132
APP-003206,Male,Yes,2,Graduate,No,88639.61,0.0,338604.46,120,0,Urban,651,41,0,0.0153
APP-003207,Female,Yes,1,Graduate,No,39933.37,0.0,147601.66,180,1,Urban,721,38,1,0.9484
APP-003208,Female,No,2,Not Graduate,No,221817.05,71006.98,483372.78,240,1,Urban,707,35,1,0.9959
APP-003209,Male,Yes,0,Graduate,No,84367.37,0.0,263248.43,360,1,Semiurban,767,41,1,0.9995
APP-003210,Male,Yes,0,Not Graduate,No,54029.41,0.0,109594.05,300,1,Semiurban,633,65,1,0.9463
APP-003211,Male,No,1,Graduate,Yes,23192.06,31425.57,123927.46,240,1,Semiurban,684,64,1,0.9815
APP-003212,Female,No,3+,Graduate,Yes,17300.35,12651.46,150533.66,240,1,Semiurban,675,28,1,0.497
APP-003213,Female,Yes,3+,Graduate,No,18128.39,7842.11,492969.04,240,1,Semiurban,740,44,0,0.0
APP-003214,Female,Yes,2,Graduate,Yes,24016.2,26541.5,235219.8,300,1,Semiurban,593,63,1,0.2795
APP-003215,Female,No,1,Not Graduate,No,85606.5,0.0,423901.42,300,1,Semiurban,766,29,1,0.9899
APP-003216,Male,No,3+,Graduate,No,52464.86,0.0,158843.01,240,1,Semiurban,720,46,1,0.9888
APP-003217,Female,Yes,1,Graduate,No,28642.44,16140.72,119110.55,300,0,Urban,568,40,0,0.3196
APP-003218,Male,No,1,Not Graduate,No,37244.96,27757.21,500000.0,240,1,Rural,783,56,1,0.8585
APP-003219,Male,No,1,Graduate,No,34830.18,0.0,103344.45,360,1,Semiurban,850,67,1,1.0
APP-003220,Male,Yes,1,Graduate,No,62319.39,0.0,108021.09,300,1,Urban,765,62,1,0.9998
APP-003221,Female,Yes,2,Graduate,No,24751.99,0.0,117849.35,180,1,Semiurban,801,58,1,0.9815
APP-003222,Female,Yes,0,Graduate,No,48646.13,0.0,170917.01,180,1,Semiurban,687,36,1,0.8697
APP-003223,Male,Yes,3+,Not Graduate,Yes,47336.98,32049.09,442507.43,240,0,Semiurban,539,27,0,0.0006
APP-003224,Female,Yes,3+,Graduate,No,25162.82,24763.77,430946.35,360,1,Semiurban,523,28,0,0.0039
APP-003225,Male,Yes,2,Not Graduate,No,96124.87,0.0,483812.0,360,0,Urban,702,57,0,0.8619
APP-003226,Female,No,0,Not Graduate,No,34113.07,49003.89,392431.17,360,0,Rural,630,65,1,0.4224
APP-003227,Male,Yes,0,Graduate,No,23248.3,11914.57,201707.44,360,1,Semiurban,602,46,0,0.5765
APP-003228,Female,No,3+,Graduate,No,64156.71,0.0,500000.0,360,1,Semiurban,675,32,1,0.5653
APP-003229,Male,No,2,Graduate,No,41355.99,0.0,491540.44,240,1,Urban,732,67,0,0.0128
APP-003230,Female,Yes,0,Graduate,No,50243.46,17373.3,250053.06,300,0,Rural,557,32,0,0.0812
APP-003231,Male,Yes,1,Graduate,No,20919.27,0.0,136740.05,240,0,Semiurban,642,25,0,0.0206
APP-003232,Male,Yes,0,Graduate,No,62744.67,32155.81,500000.0,360,1,Urban,808,43,1,0.9997
APP-003233,Female,Yes,2,Not Graduate,No,132565.96,0.0,500000.0,360,1,Semiurban,589,45,1,0.5313
APP-003234,Male,No,1,Graduate,No,20039.12,32905.41,219070.99,360,1,Urban,754,27,1,0.9982
APP-003235,Male,Yes,1,Graduate,No,48767.28,22714.89,243574.62,360,0,Semiurban,639,65,1,0.7956
APP-003236,Male,Yes,0,Graduate,No,26057.99,0.0,116129.38,360,1,Semiurban,726,37,1,0.9941
APP-003237,Male,Yes,0,Graduate,No,176183.85,31989.61,500000.0,180,1,Rural,773,32,1,0.9986
APP-003238,Female,Yes,3+,Graduate,No,79363.82,0.0,500000.0,240,1,Semiurban,743,47,1,0.8598
APP-003239,Female,Yes,2,Graduate,No,46871.22,0.0,373649.97,360,1,Semiurban,757,27,1,0.9531
APP-003240,Male,Yes,0,Graduate,No,20428.23,0.0,72841.94,300,1,Urban,582,63,1,0.6112
APP-003241,Male,Yes,0,Not Graduate,No,23334.05,0.0,81220.86,300,1,Rural,775,35,1,0.9983
APP-003242,Male,Yes,1,Graduate,No,60503.17,0.0,160362.51,240,1,Urban,608,24,1,0.6968
APP-003243,Male,No,2,Graduate,No,18970.29,0.0,99782.93,180,1,Urban,702,49,1,0.4997
APP-003244,Male,Yes,1,Graduate,No,19300.52,0.0,81878.68,360,1,Urban,702,65,1,0.9889
APP-003245,Male,Yes,1,Graduate,No,40330.25,0.0,89799.19,360,1,Urban,721,39,1,0.9987
APP-003246,Female,Yes,3+,Not Graduate,Yes,43190.64,0.0,500000.0,300,1,Urban,709,44,0,0.0314
APP-003247,Male,No,1,Graduate,No,49464.83,18187.6,129560.6,180,1,Rural,608,54,1,0.8277
APP-003248,Male,Yes,2,Not Graduate,No,31516.33,0.0,70287.93,180,0,Urban,565,61,0,0.066
APP-003249,Male,Yes,0,Graduate,No,66574.75,41367.24,500000.0,240,1,Semiurban,754,26,1,0.9859
APP-003250,Female,No,0,Graduate,No,24984.28,0.0,143156.93,180,1,Rural,696,63,0,0.2728
APP-003251,Female,Yes,2,Not Graduate,Yes,56650.4,0.0,175118.46,180,1,Semiurban,778,64,1,0.9877
APP-003252,Male,Yes,3+,Graduate,No,45150.94,0.0,135583.19,180,0,Semiurban,676,46,1,0.5716
APP-003253,Female,Yes,0,Not Graduate,No,55846.21,0.0,292554.34,240,0,Semiurban,561,47,0,0.0068
APP-003254,Female,Yes,1,Graduate,No,76887.53,0.0,388580.01,120,1,Urban,762,63,1,0.2472
APP-003255,Female,No,2,Graduate,No,31243.52,31038.52,193430.18,360,1,Semiurban,649,34,1,0.9618
APP-003256,Male,Yes,2,Graduate,No,27900.71,0.0,186026.84,300,1,Rural,709,28,1,0.7666
APP-003257,Female,Yes,1,Graduate,No,15857.27,0.0,87441.05,300,0,Urban,625,21,0,0.0994
APP-003258,Male,Yes,2,Not Graduate,No,13220.83,23603.56,286453.73,360,1,Rural,820,64,1,0.9959
APP-003259,Male,Yes,2,Graduate,No,36432.42,0.0,151872.05,240,1,Semiurban,605,32,0,0.2825
APP-003260,Female,Yes,0,Graduate,No,37830.18,16277.68,332142.97,360,0,Rural,651,62,0,0.4837
APP-003261,Male,No,0,Graduate,No,22085.01,153892.59,500000.0,180,1,Urban,689,45,1,0.9736
APP-003262,Female,Yes,3+,Graduate,No,24857.01,0.0,135182.56,240,1,Urban,587,48,0,0.0714
APP-003263,Male,No,3+,Graduate,No,92771.95,0.0,464594.0,240,1,Urban,708,28,1,0.8418
APP-003264,Male,Yes,0,Graduate,Yes,64972.01,0.0,405694.41,360,1,Urban,817,52,1,0.999
APP-003265,Female,Yes,2,Graduate,No,20052.64,33619.32,289068.74,360,1,Semiurban,638,60,1,0.8076
APP-003266,Female,Yes,0,Graduate,Yes,31467.44,17867.96,89896.67,240,1,Urban,714,57,1,0.9975
APP-003267,Male,Yes,2,Graduate,No,50176.47,0.0,161355.05,360,0,Semiurban,446,59,0,0.0034
APP-003268,Female,No,0,Not Graduate,No,28437.16,17349.71,202638.81,180,1,Semiurban,677,69,1,0.5122
APP-003269,Female,Yes,3+,Graduate,No,25724.97,0.0,135277.69,300,1,Rural,653,32,0,0.5965
APP-003270,Female,No,2,Graduate,No,33321.72,0.0,205901.35,180,0,Rural,610,41,0,0.0014
APP-003271,Male,No,2,Graduate,No,73120.46,0.0,399022.37,300,1,Urban,772,24,1,0.9902
APP-003272,Male,Yes,0,Not Graduate,No,76862.29,16350.27,289388.86,180,1,Rural,652,43,1,0.7499
APP-003273,Female,No,0,Graduate,Yes,26782.51,0.0,172587.03,300,1,Urban,665,54,1,0.6074
APP-003274,Male,No,1,Not Graduate,No,51704.66,10502.28,184269.0,240,0,Semiurban,648,37,0,0.6122
APP-003275,Female,Yes,0,Graduate,Yes,39993.55,0.0,301021.98,300,1,Semiurban,517,60,0,0.0026
APP-003276,Male,No,0,Graduate,Yes,23051.14,16257.49,304883.88,180,1,Urban,584,30,0,0.0003
APP-003277,Male,No,3+,Not Graduate,No,34084.88,15088.83,208682.37,300,1,Rural,762,60,1,0.9947
APP-003278,Male,Yes,1,Graduate,No,20023.69,13658.24,107269.96,240,0,Urban,501,34,0,0.0121
APP-003279,Male,No,0,Graduate,No,76090.63,29220.63,328224.92,180,1,Semiurban,615,34,1,0.5403
APP-003280,Male,Yes,2,Graduate,No,94264.47,0.0,245625.12,300,1,Semiurban,646,54,1,0.9561
APP-003281,Female,Yes,1,Graduate,No,32022.2,24729.57,159733.51,180,1,Urban,828,48,1,0.9998
APP-003282,Male,Yes,1,Graduate,No,28085.43,0.0,110392.93,240,1,Urban,745,22,1,0.9852
APP-003283,Male,Yes,2,Graduate,No,71684.29,0.0,237586.39,240,0,Semiurban,633,51,0,0.4292
APP-003284,Female,No,0,Graduate,Yes,78345.35,16359.94,195646.95,300,1,Urban,791,55,1,0.9999
APP-003285,Female,No,0,Not Graduate,No,21743.58,25389.95,161641.0,240,0,Urban,617,47,0,0.3585
APP-003286,Female,No,0,Not Graduate,No,36996.38,0.0,164452.32,180,1,Urban,766,67,0,0.9578
APP-003287,Male,Yes,0,Not Graduate,No,38854.68,8838.82,174547.13,240,1,Semiurban,564,27,0,0.1387
APP-003288,Male,Yes,3+,Not Graduate,No,26267.11,0.0,74858.91,300,1,Urban,771,32,1,0.9985
APP-003289,Male,No,3+,Graduate,No,49626.98,0.0,72132.11,360,0,Semiurban,645,61,1,0.9155
APP-003290,Female,No,0,Not Graduate,No,27310.6,0.0,194945.9,120,1,Semiurban,593,34,0,0.0
APP-003291,Female,No,3+,Graduate,No,29817.67,29816.63,249736.01,180,1,Semiurban,662,36,0,0.4544
APP-003292,Female,No,2,Not Graduate,No,37958.98,83399.54,500000.0,360,0,Rural,704,64,1,0.916
APP-003293,Female,Yes,0,Graduate,No,17694.62,48152.09,304508.41,240,0,Semiurban,638,33,0,0.2388
APP-003294,Male,Yes,1,Not Graduate,No,12951.29,0.0,69062.46,240,1,Urban,727,68,1,0.8975
APP-003295,Female,Yes,1,Graduate,No,66506.16,15914.96,391546.64,180,0,Rural,630,51,0,0.0362
APP-003296,Male,No,0,Graduate,No,26710.77,0.0,119037.83,360,1,Urban,733,57,1,0.9968
APP-003297,Female,Yes,0,Graduate,No,129855.2,0.0,500000.0,300,1,Semiurban,718,41,1,0.992
APP-003298,Male,Yes,0,Graduate,No,118718.55,19516.79,500000.0,180,1,Urban,675,31,1,0.8408
APP-003299,Male,Yes,1,Graduate,No,30376.87,36210.45,500000.0,240,1,Semiurban,642,49,0,0.0857
APP-003300,Female,Yes,0,Graduate,Yes,145288.86,35602.72,500000.0,240,1,Semiurban,693,45,1,0.9827
APP-003301,Male,Yes,1,Graduate,No,67215.96,35231.21,488623.0,180,1,Urban,727,63,1,0.8754
APP-003302,Female,No,1,Graduate,No,28143.66,0.0,58259.18,360,1,Semiurban,850,62,1,1.0
APP-003303,Male,No,1,Graduate,No,12000.0,0.0,41193.18,240,0,Semiurban,760,30,1,0.9787
APP-003304,Male,Yes,0,Graduate,No,58599.73,39915.12,384354.87,300,1,Urban,763,50,1,0.9991
APP-003305,Female,Yes,0,Graduate,No,40831.65,0.0,242952.59,360,1,Semiurban,850,25,1,0.9997
APP-003306,Female,Yes,1,Graduate,No,50881.2,29221.31,323856.33,180,1,Urban,724,31,1,0.9314
APP-003307,Male,No,0,Not Graduate,No,35388.43,0.0,204209.84,180,1,Rural,721,23,1,0.2262
APP-003308,Female,No,0,Graduate,Yes,21394.28,0.0,78087.44,240,1,Semiurban,740,22,1,0.9759
APP-003309,Male,Yes,0,Not Graduate,No,31733.73,5361.01,121937.47,360,0,Urban,594,39,0,0.4507
APP-003310,Female,Yes,3+,Graduate,No,59198.44,14949.07,220321.92,240,0,Urban,642,40,1,0.6448
APP-003311,Female,No,1,Graduate,Yes,33027.42,0.0,192128.46,240,1,Urban,637,26,0,0.1165
APP-003312,Female,No,2,Graduate,No,32917.84,0.0,118360.83,120,1,Semiurban,735,60,1,0.672
APP-003313,Female,No,2,Not Graduate,No,17401.94,0.0,24894.84,120,1,Rural,665,43,0,0.9056
APP-003314,Female,Yes,1,Graduate,No,42199.36,0.0,239484.55,240,0,Semiurban,692,22,0,0.2087
APP-003315,Female,Yes,1,Graduate,No,21773.25,38836.23,170081.94,180,1,Rural,772,59,1,0.9976
APP-003316,Female,Yes,2,Graduate,No,66515.44,0.0,309318.04,360,1,Urban,753,38,1,0.997
APP-003317,Male,No,0,Graduate,No,26802.34,0.0,68743.97,360,0,Urban,666,21,1,0.9093
APP-003318,Male,Yes,0,Not Graduate,No,34110.58,17340.02,220798.66,360,1,Rural,623,59,1,0.8112
APP-003319,Male,No,0,Graduate,No,131951.67,25441.33,184391.45,240,1,Urban,776,67,1,0.9999
APP-003320,Female,Yes,0,Graduate,No,33907.25,0.0,142375.82,240,1,Rural,746,56,1,0.9896
APP-003321,Female,Yes,2,Graduate,No,31498.14,34584.77,190011.44,240,0,Urban,543,50,0,0.0762
APP-003322,Male,Yes,0,Graduate,Yes,55386.55,0.0,133467.23,180,0,Semiurban,653,21,0,0.3642
APP-003323,Male,No,1,Not Graduate,Yes,15034.55,0.0,90398.92,360,1,Semiurban,694,58,1,0.8608
APP-003324,Male,No,1,Graduate,Yes,79853.19,18959.41,399343.33,300,1,Rural,746,53,0,0.9941
APP-003325,Female,Yes,3+,Graduate,No,69332.36,0.0,264823.16,240,1,Urban,757,26,1,0.9898
APP-003326,Male,Yes,0,Graduate,No,53554.14,66739.19,370182.18,360,1,Urban,704,22,1,0.9947
APP-003327,Female,Yes,1,Not Graduate,No,12000.0,9557.42,137452.2,180,1,Semiurban,730,47,0,0.3135
APP-003328,Male,Yes,2,Graduate,No,34798.29,42128.65,269677.03,360,0,Semiurban,685,61,1,0.9435
APP-003329,Female,Yes,0,Graduate,No,19928.85,0.0,165944.14,240,1,Urban,623,25,0,0.0114
APP-003330,Female,Yes,1,Not Graduate,No,74477.98,0.0,500000.0,360,0,Rural,658,21,0,0.1293
APP-003331,Female,No,0,Graduate,No,71604.17,48312.44,500000.0,360,1,Rural,682,35,1,0.9797
APP-003332,Male,Yes,0,Graduate,No,49682.37,20843.15,464787.56,240,1,Urban,677,24,1,0.3882
APP-003333,Female,No,1,Not Graduate,Yes,20708.28,11020.0,102964.9,300,1,Rural,520,68,0,0.0538
APP-003334,Female,Yes,2,Not Graduate,No,91295.96,0.0,398500.6,180,0,Rural,646,42,0,0.0398
APP-003335,Male,Yes,0,Graduate,Yes,34743.8,14861.21,193004.19,360,1,Urban,685,29,1,0.9763
APP-003336,Male,Yes,1,Not Graduate,No,108331.81,0.0,500000.0,240,1,Rural,656,24,1,0.4086
APP-003337,Female,No,1,Not Graduate,No,46442.16,0.0,197046.43,360,1,Semiurban,659,58,1,0.9202
APP-003338,Female,No,1,Not Graduate,No,53036.97,0.0,202660.0,360,1,Rural,721,57,1,0.9918
APP-003339,Male,No,1,Not Graduate,No,31158.2,11931.75,387378.65,240,0,Semiurban,588,50,0,0.0004
APP-003340,Female,Yes,3+,Graduate,No,87014.11,0.0,320130.96,180,0,Urban,542,57,0,0.0055
APP-003341,Male,No,1,Not Graduate,No,56085.84,0.0,180528.05,300,1,Semiurban,650,48,0,0.9185
APP-003342,Male,Yes,2,Graduate,No,88751.04,28464.05,417020.04,240,1,Semiurban,745,21,1,0.9886
APP-003343,Female,Yes,0,Graduate,No,44251.64,19564.34,440565.3,240,1,Semiurban,823,25,1,0.9854
APP-003344,Male,Yes,0,Graduate,No,39109.81,0.0,181431.19,300,1,Rural,746,44,1,0.9936
APP-003345,Male,No,0,Graduate,No,55676.95,15652.22,373758.46,300,1,Semiurban,555,22,0,0.0754
APP-003346,Female,No,1,Graduate,No,88733.9,15491.07,494105.97,300,0,Semiurban,660,32,0,0.572
APP-003347,Male,No,2,Graduate,No,70207.04,0.0,111569.12,240,1,Urban,702,62,1,0.9966
APP-003348,Female,No,1,Not Graduate,No,43304.99,41387.14,223197.7,180,1,Rural,695,51,1,0.9597
APP-003349,Female,No,2,Graduate,No,14451.16,17380.92,119704.84,180,1,Rural,726,27,1,0.9158
APP-003350,Female,No,0,Graduate,No,62674.65,9919.94,356568.6,360,1,Rural,602,26,0,0.5451
APP-003351,Female,Yes,1,Not Graduate,No,18191.55,0.0,49800.22,240,1,Urban,686,58,1,0.9758
APP-003352,Female,Yes,1,Not Graduate,No,40915.05,16638.83,155385.34,240,1,Semiurban,716,64,1,0.9918
APP-003353,Male,No,0,Graduate,No,37659.05,25968.06,235687.15,360,1,Urban,750,49,1,0.9993
APP-003354,Male,Yes,1,Graduate,No,18402.23,26134.74,344862.66,360,1,Rural,612,51,1,0.2559
APP-003355,Male,Yes,2,Not Graduate,No,49260.44,0.0,79704.93,120,1,Urban,651,40,1,0.8405
APP-003356,Male,Yes,3+,Graduate,No,131252.04,0.0,169681.21,360,0,Rural,450,69,0,0.0088
APP-003357,Male,Yes,1,Graduate,Yes,33794.96,13055.74,436099.93,180,0,Rural,627,64,0,0.0
APP-003358,Female,No,1,Graduate,No,61159.09,0.0,130948.76,360,1,Rural,635,27,1,0.9469
APP-003359,Female,No,3+,Not Graduate,No,146624.39,21624.2,500000.0,180,1,Urban,593,65,0,0.2539
APP-003360,Female,Yes,2,Graduate,No,64501.08,0.0,139957.65,180,1,Rural,694,23,1,0.9538
APP-003361,Female,No,0,Not Graduate,No,28150.94,16420.37,165825.36,360,1,Urban,675,29,1,0.9743
APP-003362,Female,Yes,2,Graduate,No,45723.06,0.0,183340.7,300,0,Urban,488,31,0,0.0042
APP-003363,Male,Yes,0,Graduate,Yes,52283.13,84641.81,500000.0,240,0,Semiurban,698,21,1,0.7033
APP-003364,Female,Yes,0,Not Graduate,No,88308.99,13445.49,500000.0,360,0,Rural,601,68,1,0.1746
APP-003365,Male,Yes,3+,Graduate,No,78254.98,0.0,187272.85,240,1,Semiurban,721,49,1,0.9946
APP-003366,Female,Yes,0,Not Graduate,No,12000.0,0.0,21678.47,120,0,Semiurban,571,53,0,0.053
APP-003367,Male,Yes,2,Graduate,No,25061.49,19932.51,240179.06,240,1,Rural,683,51,0,0.7448
APP-003368,Female,No,1,Not Graduate,No,38618.45,17803.66,190382.56,360,1,Rural,656,22,1,0.913
APP-003369,Female,Yes,2,Graduate,No,22961.91,13037.74,110842.79,300,1,Rural,706,48,1,0.9929
APP-003370,Male,Yes,1,Graduate,Yes,12000.0,0.0,87187.34,240,1,Rural,691,64,0,0.1738
APP-003371,Female,Yes,2,Not Graduate,No,26927.67,62111.38,172203.38,300,1,Urban,658,32,1,0.9778
APP-003372,Female,Yes,3+,Not Graduate,No,40055.22,22250.25,225249.43,300,0,Semiurban,549,50,0,0.0418
APP-003373,Male,No,2,Not Graduate,No,30064.29,0.0,170236.37,240,1,Semiurban,554,42,0,0.0109
APP-003374,Female,No,0,Graduate,No,23194.75,0.0,58136.22,180,1,Semiurban,630,30,1,0.7535
APP-003375,Male,Yes,3+,Graduate,Yes,41060.65,0.0,313938.66,180,1,Rural,679,37,0,0.004
APP-003376,Male,Yes,1,Graduate,No,48469.91,55488.82,281110.58,360,0,Rural,628,40,1,0.7956
APP-003377,Female,No,0,Graduate,Yes,31016.41,28114.05,244217.34,360,0,Urban,733,69,1,0.9788
APP-003378,Male,No,3+,Not Graduate,No,85345.17,0.0,266324.32,240,1,Rural,656,56,1,0.823
APP-003379,Male,No,1,Not Graduate,Yes,41429.27,0.0,51466.85,240,0,Semiurban,598,28,1,0.3354
APP-003380,Male,No,0,Graduate,No,24851.35,0.0,87675.97,300,0,Semiurban,656,50,0,0.8037
APP-003381,Female,No,1,Graduate,Yes,21622.82,0.0,131666.44,120,1,Semiurban,699,64,0,0.0017
APP-003382,Male,No,3+,Graduate,No,35698.59,14395.93,134071.04,300,1,Semiurban,708,29,1,0.9924
APP-003383,Female,No,2,Graduate,No,74041.52,27333.83,325752.05,240,1,Semiurban,840,38,1,0.9999
APP-003384,Female,No,0,Not Graduate,No,25513.71,0.0,86212.06,240,0,Semiurban,623,23,1,0.1771
APP-003385,Male,No,2,Graduate,No,55699.9,0.0,302235.76,120,1,Rural,674,43,0,0.0041
APP-003386,Female,No,0,Graduate,No,42277.33,0.0,153295.06,360,1,Urban,716,33,1,0.9957
APP-003387,Male,Yes,1,Graduate,Yes,120123.8,13508.12,500000.0,180,1,Urban,678,39,0,0.7414
APP-003388,Male,Yes,0,Graduate,No,49743.66,0.0,215549.1,180,1,Semiurban,637,53,0,0.3073
APP-003389,Female,No,0,Graduate,No,27336.43,0.0,92081.78,240,0,Urban,548,34,0,0.0446
APP-003390,Male,No,3+,Graduate,Yes,60174.46,20452.82,500000.0,360,0,Semiurban,637,32,0,0.1363
APP-003391,Female,No,1,Graduate,Yes,61298.59,33965.49,256023.63,360,0,Semiurban,589,38,0,0.3772
APP-003392,Female,Yes,2,Not Graduate,Yes,32261.95,18604.7,297538.34,300,1,Rural,533,34,0,0.0078
APP-003393,Male,No,1,Graduate,Yes,21158.61,0.0,160157.65,300,1,Urban,612,58,0,0.0688
APP-003394,Male,Yes,0,Not Graduate,No,53896.42,0.0,215902.84,240,1,Semiurban,591,59,1,0.2606
APP-003395,Female,Yes,1,Graduate,No,41561.66,16385.34,253891.82,120,1,Semiurban,730,31,0,0.2734
APP-003396,Male,Yes,1,Graduate,No,17429.12,12376.81,161317.05,240,1,Semiurban,731,69,1,0.9397
APP-003397,Male,Yes,0,Graduate,No,46165.43,11575.5,208283.65,240,1,Urban,603,51,1,0.6908
APP-003398,Male,Yes,0,Graduate,No,28272.76,43617.68,130568.83,300,0,Rural,658,25,1,0.9208
APP-003399,Female,Yes,1,Graduate,No,17438.21,0.0,66449.73,300,1,Urban,522,29,0,0.0831
APP-003400,Male,No,3+,Graduate,No,33068.49,14858.41,428498.7,360,1,Rural,638,60,0,0.1942
APP-003401,Female,Yes,0,Graduate,Yes,81275.94,0.0,447569.14,300,1,Rural,714,56,1,0.9311
APP-003402,Female,No,1,Not Graduate,No,77997.64,0.0,344257.87,300,1,Urban,750,47,1,0.9941
APP-003403,Male,Yes,0,Graduate,No,67556.1,0.0,404749.83,360,1,Semiurban,619,44,1,0.5994
APP-003404,Female,Yes,2,Graduate,No,46540.5,0.0,185925.26,240,1,Urban,769,44,1,0.9961
APP-003405,Female,Yes,2,Not Graduate,No,55697.38,0.0,240614.73,240,0,Urban,551,28,0,0.0067
APP-003406,Male,Yes,0,Graduate,Yes,42372.49,0.0,148777.07,360,0,Semiurban,574,32,0,0.1282
APP-003407,Male,Yes,1,Graduate,No,21855.81,0.0,115508.52,300,1,Semiurban,740,57,1,0.9862
APP-003408,Male,Yes,0,Graduate,No,24391.11,44320.02,230131.37,360,1,Rural,822,69,1,0.9999
APP-003409,Male,Yes,3+,Not Graduate,No,28740.15,21439.05,185624.18,300,0,Semiurban,722,39,1,0.9405
APP-003410,Female,Yes,1,Not Graduate,No,86746.69,0.0,500000.0,360,1,Semiurban,677,31,1,0.8389
APP-003411,Male,No,0,Not Graduate,No,72560.78,0.0,283435.9,180,0,Rural,493,55,0,0.0006
APP-003412,Male,No,2,Graduate,No,22160.51,5749.13,153444.2,360,0,Urban,508,69,0,0.0078
APP-003413,Female,Yes,2,Graduate,No,41330.88,0.0,235847.0,180,1,Urban,691,35,1,0.2196
APP-003414,Female,Yes,0,Not Graduate,No,32162.81,26353.5,240997.73,120,1,Semiurban,650,55,0,0.0417
APP-003415,Female,Yes,1,Not Graduate,No,36853.09,0.0,134243.84,180,1,Rural,586,46,0,0.0803
APP-003416,Male,Yes,1,Graduate,No,29886.93,22201.17,122614.6,300,1,Rural,686,62,1,0.9929
APP-003417,Female,No,0,Graduate,No,86953.64,0.0,226331.25,240,1,Rural,690,46,1,0.9862
APP-003418,Male,Yes,2,Graduate,No,39719.65,17113.77,318690.92,180,1,Semiurban,760,37,1,0.8122
APP-003419,Female,Yes,2,Graduate,No,45201.53,0.0,251365.61,300,1,Urban,692,21,1,0.8236
APP-003420,Male,Yes,3+,Graduate,No,45403.39,0.0,123983.89,240,1,Urban,784,43,1,0.9993
APP-003421,Female,No,1,Not Graduate,No,22804.8,0.0,116204.91,240,1,Semiurban,681,54,0,0.6973
APP-003422,Female,No,2,Not Graduate,No,42604.05,0.0,200197.47,300,1,Semiurban,670,61,0,0.8346
APP-003423,Female,No,0,Graduate,No,71989.41,8231.15,500000.0,360,1,Urban,770,40,1,0.9975
APP-003424,Female,Yes,0,Graduate,No,90217.62,0.0,500000.0,360,1,Semiurban,597,65,0,0.4598
APP-003425,Female,No,1,Graduate,No,21347.75,0.0,117874.24,240,1,Rural,850,61,1,0.9986
APP-003426,Male,Yes,1,Graduate,Yes,17409.47,0.0,54388.7,360,1,Urban,712,36,1,0.9931
APP-003427,Female,No,0,Graduate,No,41530.11,0.0,247384.55,360,1,Urban,712,58,1,0.9807
APP-003428,Female,Yes,1,Graduate,No,73869.34,11635.37,228080.57,240,1,Semiurban,725,41,1,0.9964
APP-003429,Male,Yes,0,Not Graduate,No,48912.0,39220.46,500000.0,180,1,Rural,840,50,1,0.9844
APP-003430,Male,Yes,0,Not Graduate,No,58346.98,0.0,143241.52,180,1,Urban,747,24,0,0.9919
APP-003431,Female,No,0,Not Graduate,No,18993.71,12722.46,164705.6,300,0,Rural,544,64,0,0.0121
APP-003432,Female,No,2,Not Graduate,Yes,29301.88,19531.64,208358.12,360,1,Urban,799,56,1,0.9992
APP-003433,Male,No,0,Not Graduate,Yes,12000.0,0.0,42467.99,120,0,Urban,651,54,0,0.0154
APP-003434,Male,No,0,Not Graduate,No,37109.62,30304.0,231916.05,240,1,Urban,689,57,1,0.9719
APP-003435,Female,Yes,1,Graduate,No,12205.96,0.0,96036.89,180,0,Rural,571,23,0,0.0
APP-003436,Male,No,0,Graduate,No,83530.23,0.0,459487.41,300,1,Urban,725,57,1,0.9809
APP-003437,Female,Yes,0,Graduate,No,94386.36,0.0,375717.51,360,1,Urban,625,29,1,0.8624
APP-003438,Female,Yes,0,Graduate,No,43362.66,0.0,403061.24,360,1,Rural,689,26,1,0.4587
APP-003439,Female,Yes,3+,Graduate,No,17467.28,17306.09,140533.45,360,1,Rural,656,21,1,0.8713
APP-003440,Male,No,0,Graduate,No,49347.48,0.0,292826.73,240,1,Urban,844,22,1,0.9968
APP-003441,Female,Yes,1,Graduate,No,111582.88,24063.99,316357.88,300,1,Rural,848,69,1,1.0
APP-003442,Female,No,0,Not Graduate,No,52138.27,0.0,124556.47,360,1,Rural,684,56,1,0.9909
APP-003443,Male,No,2,Graduate,No,77013.9,50564.41,500000.0,300,1,Urban,685,43,1,0.9776
APP-003444,Female,No,1,Graduate,Yes,30735.05,0.0,150510.2,360,0,Urban,648,30,1,0.4146
APP-003445,Male,Yes,3+,Not Graduate,No,24855.5,0.0,278414.02,180,0,Urban,774,51,0,0.0003
APP-003446,Male,No,3+,Graduate,Yes,38600.71,0.0,119806.31,180,0,Semiurban,652,47,1,0.2154
APP-003447,Female,Yes,3+,Graduate,No,13909.29,0.0,80369.09,180,1,Urban,644,50,0,0.0492
APP-003448,Male,Yes,0,Graduate,No,139420.34,0.0,500000.0,360,1,Semiurban,763,41,1,0.9992
APP-003449,Male,Yes,1,Not Graduate,No,43338.97,0.0,270630.67,120,1,Rural,634,23,0,0.0001
APP-003450,Female,Yes,2,Graduate,No,64648.82,0.0,389526.4,360,1,Semiurban,677,44,1,0.8876
APP-003451,Male,Yes,0,Graduate,No,31137.57,0.0,131108.94,240,0,Urban,546,27,0,0.0134
APP-003452,Female,No,0,Graduate,No,17176.59,0.0,52473.35,300,1,Urban,740,55,1,0.9986
APP-003453,Male,Yes,1,Graduate,Yes,87921.37,35841.57,452922.77,360,1,Semiurban,845,59,1,0.9999
APP-003454,Female,No,2,Not Graduate,Yes,21628.02,6593.95,72918.94,240,1,Semiurban,741,64,1,0.9934
APP-003455,Female,Yes,2,Not Graduate,No,48623.46,20858.73,349053.4,180,1,Urban,804,32,1,0.969
APP-003456,Female,No,2,Not Graduate,No,51210.34,44749.9,115576.73,300,1,Semiurban,608,49,1,0.9418
APP-003457,Female,Yes,0,Graduate,No,41800.9,13204.05,180534.05,360,1,Urban,700,36,1,0.996
APP-003458,Female,Yes,2,Not Graduate,No,26068.39,0.0,166929.25,120,1,Urban,600,57,0,0.0
APP-003459,Female,Yes,0,Graduate,No,36964.09,0.0,234165.77,180,1,Semiurban,661,65,0,0.0488
APP-003460,Male,Yes,3+,Graduate,No,23800.74,0.0,49120.38,360,1,Semiurban,746,69,1,0.999
APP-003461,Male,Yes,1,Graduate,No,62633.01,0.0,347094.49,120,1,Urban,689,67,0,0.0079
APP-003462,Female,No,2,Graduate,Yes,54959.44,52879.33,275092.09,120,0,Rural,560,40,0,0.0048
APP-003463,Female,Yes,3+,Graduate,No,39665.17,73583.29,407215.67,360,1,Urban,568,53,0,0.5788
APP-003464,Male,Yes,1,Not Graduate,Yes,29360.53,7669.09,222828.05,360,0,Urban,563,55,0,0.0202
APP-003465,Male,No,0,Graduate,No,127902.67,19333.67,404732.32,240,0,Semiurban,722,62,1,0.9824
APP-003466,Female,Yes,0,Graduate,No,19611.37,6191.27,209054.8,360,1,Semiurban,850,49,1,0.9994
APP-003467,Female,No,0,Graduate,No,17162.17,0.0,82131.12,360,1,Semiurban,796,24,1,0.999
APP-003468,Female,Yes,1,Graduate,No,38364.84,0.0,201413.54,180,0,Urban,519,23,0,0.0002
APP-003469,Male,No,3+,Graduate,No,34824.41,18297.44,367726.57,240,1,Urban,801,35,1,0.9697
APP-003470,Female,Yes,2,Not Graduate,No,73399.35,48477.51,500000.0,360,1,Rural,760,30,1,0.9966
APP-003471,Male,Yes,3+,Graduate,No,57260.37,0.0,350395.27,300,1,Urban,549,35,0,0.0275
APP-003472,Male,No,0,Not Graduate,No,40791.91,0.0,129347.61,300,1,Urban,654,43,0,0.9492
APP-003473,Female,No,0,Graduate,No,52848.56,6207.51,152714.46,240,1,Semiurban,773,44,1,0.9995
APP-003474,Male,Yes,0,Graduate,No,52322.99,52172.8,392336.93,180,1,Urban,727,40,1,0.9725
APP-003475,Male,No,1,Graduate,No,127638.36,0.0,500000.0,300,1,Semiurban,569,63,0,0.3348
APP-003476,Male,No,2,Graduate,No,46136.05,20407.69,159069.89,180,1,Semiurban,732,23,1,0.9891
APP-003477,Female,No,2,Not Graduate,Yes,27595.49,0.0,152923.44,360,0,Semiurban,498,39,0,0.0013
APP-003478,Male,No,0,Graduate,No,44764.72,40153.24,428459.84,180,1,Urban,661,61,0,0.3646
APP-003479,Male,No,1,Graduate,No,12000.0,127109.65,500000.0,180,1,Semiurban,777,64,1,0.9943
APP-003480,Female,No,0,Not Graduate,Yes,39420.6,21132.92,265393.35,120,1,Semiurban,682,30,0,0.0271
APP-003481,Female,Yes,0,Graduate,No,73213.88,11828.39,373324.57,360,1,Urban,638,52,1,0.9408
APP-003482,Female,Yes,2,Graduate,No,55893.38,51277.93,500000.0,240,1,Urban,756,35,1,0.9886
APP-003483,Male,Yes,3+,Graduate,No,47297.17,0.0,282121.74,240,1,Urban,763,66,1,0.9484
APP-003484,Female,No,1,Graduate,Yes,57358.8,19535.63,500000.0,300,1,Semiurban,791,46,1,0.9912
APP-003485,Male,No,0,Not Graduate,No,73628.77,0.0,338702.29,300,1,Semiurban,754,37,1,0.9927
APP-003486,Male,Yes,0,Graduate,No,87893.26,0.0,280415.82,360,1,Semiurban,772,22,1,0.9991
APP-003487,Female,No,3+,Graduate,No,51333.6,11305.31,113250.65,240,1,Urban,742,56,1,0.9992
APP-003488,Male,No,1,Graduate,No,33729.86,0.0,76309.7,180,0,Rural,703,24,1,0.8635
APP-003489,Female,Yes,2,Graduate,No,12000.0,0.0,36382.59,360,0,Semiurban,688,61,1,0.9506
APP-003490,Male,Yes,1,Graduate,No,68733.73,0.0,399609.72,240,0,Urban,660,56,0,0.1632
APP-003491,Male,Yes,1,Graduate,No,53282.4,0.0,190168.94,300,0,Urban,577,50,1,0.1988
APP-003492,Female,Yes,1,Graduate,No,43650.18,0.0,223460.59,180,1,Rural,599,39,0,0.0231
APP-003493,Male,No,2,Not Graduate,No,27489.84,33300.67,186421.62,360,1,Urban,656,22,1,0.9393
APP-003494,Female,No,3+,Graduate,No,68243.24,0.0,357103.96,360,1,Urban,701,50,1,0.972
APP-003495,Male,Yes,1,Graduate,No,34839.95,16503.33,324122.27,240,1,Rural,802,31,1,0.9825
APP-003496,Male,No,3+,Not Graduate,No,39382.15,0.0,140094.77,120,1,Rural,676,44,0,0.1137
APP-003497,Female,No,2,Not Graduate,No,38917.77,0.0,201782.88,120,1,Semiurban,765,36,0,0.0977
APP-003498,Male,No,2,Graduate,Yes,51401.28,0.0,179734.56,240,1,Urban,772,51,1,0.9964
APP-003499,Female,No,3+,Graduate,Yes,21338.16,0.0,52256.0,240,1,Semiurban,660,66,1,0.9026
APP-003500,Female,Yes,0,Graduate,No,54688.22,26346.56,443209.01,240,1,Urban,731,56,1,0.9651
APP-003501,Female,Yes,0,Not Graduate,No,26997.82,19881.86,240644.55,300,0,Rural,659,39,1,0.4264
APP-003502,Female,Yes,0,Graduate,No,27523.84,0.0,153255.88,240,1,Rural,792,22,1,0.9809
APP-003503,Male,No,1,Not Graduate,No,65308.8,0.0,427997.09,180,1,Rural,734,41,0,0.1935
APP-003504,Female,No,2,Graduate,No,23219.19,21876.56,171884.73,360,0,Urban,579,58,0,0.2887
APP-003505,Male,Yes,0,Graduate,No,65244.26,0.0,257063.01,240,1,Rural,694,69,1,0.9394
APP-003506,Female,No,1,Not Graduate,No,42435.97,0.0,159142.4,360,1,Semiurban,820,63,1,0.9998
APP-003507,Female,Yes,1,Graduate,No,16211.04,0.0,80726.93,300,0,Urban,665,32,1,0.5405
APP-003508,Female,Yes,1,Not Graduate,No,85004.69,27241.08,449553.33,120,1,Semiurban,718,57,0,0.3342
APP-003509,Male,No,0,Not Graduate,No,47602.45,0.0,214765.23,300,1,Rural,726,23,1,0.9645
APP-003510,Female,Yes,0,Graduate,No,49849.77,15025.06,199970.55,360,1,Urban,592,39,1,0.8729
APP-003511,Female,Yes,0,Graduate,Yes,69841.47,0.0,187505.88,360,1,Semiurban,723,60,1,0.997
APP-003512,Male,Yes,0,Not Graduate,No,91543.67,0.0,259274.96,240,0,Urban,562,29,0,0.0673
APP-003513,Female,Yes,0,Not Graduate,No,44826.95,33861.0,404623.08,180,1,Semiurban,627,28,0,0.0489
APP-003514,Male,No,1,Graduate,No,56359.61,0.0,235677.63,240,1,Semiurban,771,66,1,0.9948
APP-003515,Female,No,1,Graduate,Yes,49224.77,0.0,168057.3,180,1,Urban,710,31,1,0.8917
APP-003516,Female,Yes,1,Graduate,No,33237.13,0.0,190980.14,240,1,Urban,654,39,1,0.4251
APP-003517,Female,No,2,Graduate,No,16799.59,17207.25,279383.26,360,1,Rural,718,26,1,0.8271
APP-003518,Female,Yes,0,Graduate,No,45170.84,0.0,154131.25,300,1,Urban,675,51,1,0.9817
APP-003519,Female,Yes,1,Not Graduate,No,85683.52,0.0,224272.83,360,1,Semiurban,681,41,1,0.9868
APP-003520,Female,No,0,Graduate,No,55316.87,0.0,360821.72,300,1,Rural,736,64,1,0.9522
APP-003521,Male,No,1,Not Graduate,No,22312.83,0.0,95784.9,180,0,Rural,618,47,0,0.0214
APP-003522,Female,Yes,2,Graduate,No,73396.89,0.0,288115.7,180,1,Semiurban,683,29,1,0.6388
APP-003523,Female,Yes,1,Graduate,No,33853.29,0.0,228154.97,360,0,Urban,653,56,0,0.3839
APP-003524,Female,Yes,0,Graduate,No,12700.36,0.0,48109.75,240,1,Urban,545,28,0,0.0962
APP-003525,Male,No,0,Not Graduate,No,70252.21,0.0,358084.67,240,0,Urban,602,34,0,0.0307
APP-003526,Female,Yes,1,Graduate,No,23861.96,22871.69,214130.1,180,1,Rural,813,21,1,0.9848
APP-003527,Female,No,3+,Not Graduate,No,106873.44,16216.81,500000.0,240,1,Semiurban,713,50,1,0.953
APP-003528,Male,No,1,Graduate,No,75453.77,6023.1,326976.24,180,1,Semiurban,567,68,0,0.0499
APP-003529,Male,No,0,Not Graduate,No,35408.61,0.0,230101.98,180,0,Rural,549,29,0,0.0001
APP-003530,Male,No,2,Graduate,No,51670.79,0.0,196782.05,360,1,Semiurban,670,53,1,0.9691
APP-003531,Female,Yes,0,Graduate,No,152231.13,12260.87,500000.0,360,1,Semiurban,813,54,1,0.9999
APP-003532,Female,Yes,0,Not Graduate,No,69564.1,0.0,271525.91,360,1,Urban,664,63,1,0.9594
APP-003533,Male,Yes,0,Graduate,No,45752.88,43899.57,500000.0,360,1,Urban,791,21,1,0.9985
APP-003534,Male,Yes,1,Not Graduate,No,196621.28,0.0,500000.0,300,1,Semiurban,710,51,1,0.9941
APP-003535,Female,Yes,2,Graduate,No,42816.1,26694.86,371689.74,240,1,Urban,720,55,1,0.9375
APP-003536,Female,Yes,0,Graduate,No,55270.7,14908.01,212905.18,240,1,Urban,566,57,0,0.5211
APP-003537,Male,No,1,Graduate,No,23982.57,0.0,71438.74,120,1,Rural,760,60,1,0.9501
APP-003538,Female,Yes,1,Not Graduate,No,15976.99,0.0,29201.42,360,0,Semiurban,652,57,1,0.911
APP-003539,Female,No,1,Graduate,No,34259.14,17616.69,260724.4,360,1,Rural,753,65,1,0.9966
APP-003540,Female,Yes,0,Graduate,No,40991.68,0.0,130493.37,300,0,Urban,611,26,0,0.4316
APP-003541,Male,No,1,Not Graduate,No,48102.77,0.0,500000.0,240,0,Rural,695,58,0,0.0022
APP-003542,Male,No,3+,Graduate,Yes,18381.98,0.0,63359.58,180,1,Semiurban,710,27,1,0.7922
APP-003543,Female,No,0,Graduate,Yes,57720.68,0.0,431167.38,120,0,Urban,667,33,0,0.0
APP-003544,Male,Yes,2,Not Graduate,No,25419.91,0.0,181362.33,240,1,Rural,714,30,0,0.2843
APP-003545,Female,Yes,2,Graduate,No,56095.11,42309.89,375548.06,360,1,Urban,657,69,1,0.9613
APP-003546,Male,Yes,3+,Graduate,No,67118.14,42457.23,335318.84,120,1,Rural,625,26,0,0.0702
APP-003547,Female,Yes,0,Not Graduate,No,32288.62,0.0,129554.76,360,1,Semiurban,816,45,1,0.9998
APP-003548,Female,No,2,Graduate,No,23621.19,15580.1,278498.76,300,0,Semiurban,769,28,1,0.8562
APP-003549,Male,Yes,0,Graduate,Yes,93808.16,12804.07,500000.0,240,1,Rural,615,64,0,0.2662
APP-003550,Female,No,1,Graduate,No,64867.48,0.0,158645.36,180,1,Urban,728,60,1,0.9936
APP-003551,Female,Yes,1,Graduate,No,43633.78,14304.2,248588.29,120,0,Semiurban,617,44,0,0.0024
APP-003552,Male,No,2,Not Graduate,No,90006.33,0.0,292318.82,300,1,Semiurban,579,45,0,0.4215
APP-003553,Female,No,0,Not Graduate,No,42015.5,0.0,152210.56,300,1,Urban,768,27,1,0.9977
APP-003554,Male,Yes,0,Graduate,No,28530.27,87323.0,500000.0,240,0,Urban,535,29,0,0.012
APP-003555,Male,No,3+,Graduate,No,23134.12,39167.95,187858.19,240,1,Urban,759,23,1,0.9965
APP-003556,Male,No,1,Graduate,Yes,37824.43,16360.74,112064.79,120,0,Urban,659,65,0,0.4197
APP-003557,Female,Yes,1,Graduate,Yes,61355.88,0.0,286460.86,240,1,Semiurban,662,27,1,0.4816
APP-003558,Female,No,0,Not Graduate,No,86195.01,0.0,435904.53,360,1,Rural,715,43,1,0.979
APP-003559,Male,Yes,3+,Not Graduate,No,40657.18,0.0,143407.67,300,1,Semiurban,729,56,1,0.9899
APP-003560,Male,Yes,2,Graduate,No,78215.16,0.0,245390.79,180,0,Semiurban,610,66,0,0.099
APP-003561,Male,No,3+,Graduate,No,35673.09,0.0,163456.87,360,1,Semiurban,741,42,1,0.9942
APP-003562,Male,Yes,0,Graduate,No,26111.24,0.0,60637.24,180,0,Urban,690,27,1,0.8778
APP-003563,Male,No,0,Not Graduate,No,19565.59,10578.94,155368.33,360,1,Rural,573,33,1,0.234
APP-003564,Female,No,2,Graduate,No,30380.86,0.0,110757.32,300,1,Rural,666,22,1,0.8768
APP-003565,Male,No,2,Graduate,No,19975.03,0.0,158957.32,360,1,Urban,797,28,1,0.9908
APP-003566,Male,No,2,Graduate,No,121204.13,0.0,500000.0,180,1,Urban,823,63,1,0.9969
APP-003567,Male,No,0,Graduate,Yes,51103.74,28658.26,317343.8,360,1,Semiurban,741,34,1,0.9964
APP-003568,Female,Yes,1,Graduate,No,38078.76,0.0,146392.67,360,1,Semiurban,579,35,0,0.5352
APP-003569,Male,No,0,Graduate,Yes,103476.62,0.0,184781.55,180,1,Urban,722,45,1,0.9954
APP-003570,Male,Yes,1,Graduate,No,19609.18,0.0,79055.29,180,1,Urban,752,47,0,0.9753
APP-003571,Male,Yes,3+,Graduate,Yes,37218.88,0.0,144800.25,360,1,Urban,742,63,1,0.9947
APP-003572,Male,Yes,2,Graduate,No,120550.08,0.0,500000.0,240,1,Urban,747,39,1,0.9891
APP-003573,Male,No,0,Not Graduate,No,37077.95,15068.19,204060.44,300,1,Urban,711,66,1,0.9889
APP-003574,Female,Yes,1,Graduate,Yes,154160.2,0.0,500000.0,120,1,Semiurban,674,67,0,0.2222
APP-003575,Female,Yes,1,Graduate,No,61826.21,0.0,233529.76,180,1,Rural,628,41,0,0.3164
APP-003576,Male,Yes,1,Not Graduate,No,82310.94,0.0,240025.7,360,0,Semiurban,519,23,0,0.0207
APP-003577,Male,Yes,0,Not Graduate,Yes,83632.89,0.0,168564.11,180,1,Urban,709,42,1,0.9836
APP-003578,Female,Yes,1,Graduate,No,40170.23,21727.8,215901.84,180,1,Urban,696,37,1,0.9308
APP-003579,Male,Yes,1,Not Graduate,No,30683.6,36715.76,179373.3,180,1,Rural,727,25,1,0.974
APP-003580,Female,Yes,0,Graduate,No,37665.8,0.0,89540.18,360,0,Urban,566,47,0,0.4343
APP-003581,Male,Yes,0,Not Graduate,No,23322.81,0.0,86413.41,240,1,Rural,735,51,1,0.986
APP-003582,Male,Yes,1,Not Graduate,Yes,38704.86,0.0,275391.56,300,1,Semiurban,850,69,1,0.995
APP-003583,Male,Yes,1,Graduate,Yes,40037.7,0.0,259974.11,300,1,Urban,687,48,1,0.7278
APP-003584,Male,No,0,Graduate,No,101628.5,0.0,243331.94,240,1,Urban,675,25,1,0.9758
APP-003585,Male,Yes,2,Graduate,No,55620.2,29691.13,369746.17,180,0,Semiurban,706,21,0,0.2925
APP-003586,Female,Yes,2,Graduate,No,147184.13,21718.79,500000.0,240,1,Urban,850,22,1,0.9999
APP-003587,Male,Yes,0,Graduate,Yes,12237.38,0.0,67870.84,180,1,Rural,593,46,0,0.0076
APP-003588,Female,Yes,2,Not Graduate,No,20550.2,15157.5,313254.13,360,1,Urban,697,58,1,0.7078
APP-003589,Male,Yes,1,Graduate,No,33009.81,0.0,83133.69,360,0,Urban,612,54,1,0.7491
APP-003590,Male,No,0,Graduate,Yes,91205.63,0.0,260993.52,360,1,Urban,634,35,1,0.9283
APP-003591,Female,Yes,2,Graduate,No,37787.46,0.0,119558.3,360,1,Semiurban,676,42,0,0.9826
APP-003592,Female,No,1,Graduate,No,17902.49,0.0,89999.17,120,1,Rural,795,38,1,0.4269
APP-003593,Male,Yes,1,Graduate,No,35072.81,0.0,43929.92,360,1,Rural,833,24,1,1.0
APP-003594,Female,Yes,0,Graduate,No,20771.16,83519.78,401129.71,240,1,Semiurban,718,61,1,0.987
APP-003595,Female,No,2,Not Graduate,No,18648.22,0.0,35647.31,360,1,Semiurban,648,35,1,0.9651
APP-003596,Male,Yes,0,Not Graduate,No,120494.01,0.0,500000.0,360,1,Rural,850,39,1,0.9999
APP-003597,Male,No,0,Graduate,No,33077.72,0.0,357950.75,240,1,Rural,644,54,0,0.0022
APP-003598,Male,Yes,2,Graduate,No,44144.96,0.0,282288.73,300,1,Urban,631,54,1,0.3819
APP-003599,Male,No,0,Graduate,Yes,38134.48,0.0,93626.63,240,0,Rural,529,52,0,0.0314
APP-003600,Female,No,3+,Not Graduate,No,34950.13,0.0,123413.01,360,1,Semiurban,799,32,1,0.9993
APP-003601,Male,Yes,0,Graduate,No,25276.65,0.0,72202.81,240,1,Semiurban,762,37,1,0.9985
APP-003602,Female,Yes,0,Graduate,Yes,33831.61,0.0,258256.43,240,1,Urban,850,56,1,0.9867
APP-003603,Male,No,2,Graduate,No,48314.14,0.0,76470.77,360,0,Rural,562,34,0,0.3075
APP-003604,Female,No,0,Graduate,No,87574.88,27296.17,401881.01,180,1,Rural,804,52,1,0.9984
APP-003605,Female,Yes,0,Graduate,No,67581.5,63742.56,409205.78,240,1,Rural,686,40,1,0.9778
APP-003606,Male,No,0,Graduate,No,20527.35,0.0,51615.15,300,1,Urban,749,51,1,0.9994
APP-003607,Female,Yes,0,Graduate,No,69126.46,17678.91,500000.0,300,0,Urban,540,67,0,0.0134
APP-003608,Male,No,3+,Graduate,No,52129.74,14979.91,141393.74,180,1,Urban,805,56,1,0.9997
APP-003609,Male,Yes,0,Graduate,No,28464.23,16027.82,110817.46,120,1,Urban,747,55,1,0.988
APP-003610,Male,Yes,3+,Graduate,Yes,44362.66,34658.49,500000.0,240,1,Urban,677,44,0,0.3366
APP-003611,Female,Yes,1,Graduate,No,54981.82,0.0,224121.27,240,1,Semiurban,735,69,1,0.9822
APP-003612,Female,No,1,Graduate,No,41187.05,26717.22,267500.0,360,1,Rural,615,30,1,0.7894
APP-003613,Male,No,2,Graduate,Yes,52267.7,0.0,168169.66,360,1,Urban,631,54,1,0.8896
APP-003614,Male,No,0,Graduate,No,24968.67,0.0,106339.78,300,1,Urban,641,45,1,0.8827
APP-003615,Male,Yes,3+,Not Graduate,No,120097.31,12644.8,466512.91,180,1,Urban,523,24,0,0.0078
APP-003616,Female,No,2,Not Graduate,No,13889.57,23997.98,116052.83,360,0,Semiurban,753,23,1,0.9881
APP-003617,Female,Yes,2,Not Graduate,No,55150.34,0.0,125138.97,180,1,Semiurban,781,57,1,0.9983
APP-003618,Female,Yes,1,Graduate,No,49105.18,16227.1,283609.72,360,0,Semiurban,620,60,0,0.5305
APP-003619,Female,Yes,1,Not Graduate,No,57160.53,7005.24,209096.97,360,0,Rural,710,27,1,0.9518
APP-003620,Female,No,1,Not Graduate,Yes,27184.34,161554.91,500000.0,360,1,Urban,657,63,1,0.9654
APP-003621,Male,Yes,0,Graduate,No,76348.1,47604.28,500000.0,240,1,Semiurban,708,24,1,0.9595
APP-003622,Male,No,0,Graduate,No,37820.65,42589.69,273026.94,180,1,Semiurban,627,25,1,0.4575
APP-003623,Male,Yes,2,Graduate,No,20901.62,0.0,84806.41,300,1,Rural,605,62,1,0.5384
APP-003624,Male,Yes,1,Not Graduate,No,21979.25,25730.23,431942.7,240,1,Urban,769,48,1,0.5526
APP-003625,Female,Yes,0,Graduate,No,42984.2,0.0,217776.53,240,1,Urban,675,38,1,0.7893
APP-003626,Male,No,2,Graduate,No,16679.12,54911.32,239384.39,300,1,Semiurban,850,36,1,0.9999
APP-003627,Male,No,0,Not Graduate,No,108042.32,54689.42,423428.11,300,1,Semiurban,684,66,1,0.9885
APP-003628,Female,No,3+,Not Graduate,No,71460.97,35210.94,428408.39,240,0,Urban,601,37,0,0.0768
APP-003629,Male,Yes,2,Graduate,No,109618.82,0.0,500000.0,240,1,Semiurban,784,39,1,0.9943
APP-003630,Male,Yes,2,Graduate,No,103443.71,0.0,338146.92,300,1,Urban,734,31,1,0.9957
APP-003631,Female,Yes,1,Graduate,No,33072.3,0.0,138269.8,120,1,Urban,742,55,0,0.5371
APP-003632,Male,No,1,Not Graduate,Yes,24881.23,0.0,80406.97,300,1,Rural,781,40,1,0.9979
APP-003633,Male,Yes,0,Not Graduate,No,12000.0,39442.79,182543.65,360,1,Urban,625,62,0,0.9136
APP-003634,Male,No,3+,Graduate,No,32098.71,10125.25,101308.41,360,1,Urban,669,63,1,0.9902
APP-003635,Female,Yes,0,Not Graduate,No,105990.96,17700.33,500000.0,360,1,Urban,665,53,1,0.9711
APP-003636,Male,No,1,Graduate,Yes,25455.37,0.0,112683.87,300,0,Semiurban,570,51,0,0.0403
APP-003637,Male,No,0,Graduate,No,35758.51,31988.45,500000.0,360,1,Semiurban,658,31,1,0.6814
APP-003638,Female,Yes,0,Graduate,No,29583.92,27150.03,246626.68,240,1,Urban,794,69,1,0.9985
APP-003639,Male,Yes,2,Not Graduate,No,49328.01,27644.35,231211.19,360,1,Semiurban,700,67,1,0.9911
APP-003640,Female,No,1,Graduate,No,81417.59,0.0,500000.0,120,0,Urban,566,40,0,0.0
APP-003641,Male,No,0,Graduate,No,17213.24,17773.33,170619.56,360,1,Semiurban,548,63,0,0.2549
APP-003642,Female,Yes,0,Graduate,Yes,19124.46,0.0,86189.24,180,1,Urban,822,57,1,0.9936
APP-003643,Female,Yes,3+,Not Graduate,No,90911.43,0.0,373844.61,120,0,Rural,672,27,0,0.0042
APP-003644,Female,Yes,1,Not Graduate,No,60065.25,28071.98,390394.37,300,1,Urban,625,27,1,0.6156
APP-003645,Female,No,1,Not Graduate,No,34798.89,37206.24,201828.46,180,1,Semiurban,657,39,1,0.8316
APP-003646,Male,No,3+,Graduate,No,102631.02,0.0,408420.31,240,1,Rural,554,37,0,0.0626
APP-003647,Male,Yes,1,Graduate,No,18943.84,56683.01,282892.72,360,1,Semiurban,801,42,1,0.9998
APP-003648,Male,Yes,3+,Graduate,No,66981.21,31977.43,479700.75,300,1,Urban,647,49,0,0.8208
APP-003649,Female,Yes,0,Graduate,Yes,38656.45,39901.36,500000.0,360,1,Urban,796,45,1,0.9982
APP-003650,Male,Yes,1,Graduate,No,56027.57,0.0,357275.59,360,1,Semiurban,684,47,0,0.9069
APP-003651,Male,Yes,1,Graduate,Yes,12000.0,0.0,62359.49,240,1,Urban,802,66,1,0.9924
APP-003652,Female,Yes,0,Graduate,No,34773.58,21261.0,106521.68,360,1,Urban,702,44,1,0.9988
APP-003653,Male,Yes,1,Graduate,No,60188.6,34681.15,322075.77,180,1,Semiurban,753,66,1,0.9896
APP-003654,Female,Yes,2,Graduate,No,38760.94,0.0,70489.38,180,1,Urban,741,65,1,0.9978
APP-003655,Female,Yes,0,Graduate,No,80050.56,0.0,500000.0,240,1,Semiurban,733,60,0,0.8824
APP-003656,Male,No,0,Not Graduate,No,78589.45,0.0,307357.73,360,1,Urban,710,47,1,0.9924
APP-003657,Male,No,3+,Not Graduate,No,23689.57,0.0,91540.19,180,1,Semiurban,660,49,1,0.4186
APP-003658,Male,Yes,1,Graduate,Yes,63145.44,22527.84,259813.16,240,1,Urban,843,65,1,0.9999
APP-003659,Male,No,2,Graduate,No,23249.42,0.0,169541.19,300,0,Semiurban,603,38,0,0.0148
APP-003660,Male,Yes,2,Graduate,No,41345.07,0.0,178701.92,360,1,Rural,680,21,1,0.9198
APP-003661,Female,Yes,0,Graduate,No,57576.54,0.0,225808.27,360,1,Urban,681,54,1,0.9868
APP-003662,Male,No,2,Graduate,No,25351.53,23827.7,214838.07,180,1,Rural,714,62,1,0.825
APP-003663,Male,No,3+,Not Graduate,No,61871.16,0.0,279780.91,240,1,Urban,643,60,0,0.4719
APP-003664,Male,No,3+,Graduate,No,30395.64,0.0,118123.78,300,1,Rural,707,27,1,0.9633
APP-003665,Male,Yes,0,Graduate,No,29161.84,0.0,212530.63,360,1,Rural,666,57,1,0.7344
APP-003666,Male,Yes,0,Graduate,Yes,59198.89,27100.48,500000.0,180,1,Urban,546,49,0,0.002
APP-003667,Male,Yes,0,Graduate,No,25341.91,0.0,109156.91,360,0,Urban,681,24,1,0.8523
APP-003668,Female,Yes,0,Not Graduate,No,24642.81,0.0,71707.21,180,0,Rural,586,53,0,0.058
APP-003669,Male,Yes,0,Graduate,No,71156.42,0.0,340392.92,180,1,Urban,533,44,0,0.0069
APP-003670,Male,No,1,Graduate,Yes,42604.13,0.0,134586.7,240,1,Urban,692,65,1,0.9602
APP-003671,Male,Yes,0,Not Graduate,No,18037.97,19752.06,296583.86,360,1,Urban,721,66,0,0.9309
APP-003672,Female,No,2,Graduate,No,64254.22,21461.46,500000.0,360,1,Urban,725,35,1,0.9852
APP-003673,Female,Yes,3+,Graduate,No,32092.23,0.0,183285.0,240,1,Semiurban,728,24,1,0.776
APP-003674,Male,No,0,Not Graduate,Yes,18552.18,19380.04,92930.74,360,0,Urban,516,33,0,0.0421
APP-003675,Male,Yes,0,Not Graduate,No,12000.0,46103.13,194594.64,240,0,Rural,564,65,0,0.0543
APP-003676,Male,Yes,0,Not Graduate,No,65964.89,0.0,248976.87,180,1,Semiurban,848,64,1,0.9989
APP-003677,Female,Yes,3+,Graduate,No,25010.35,0.0,70773.51,360,0,Semiurban,591,21,1,0.2192
APP-003678,Female,No,1,Graduate,No,20249.5,14914.06,126752.16,120,1,Urban,732,38,1,0.7625
APP-003679,Male,No,0,Graduate,No,57049.33,46116.48,473260.88,360,1,Semiurban,622,41,1,0.8529
APP-003680,Female,No,0,Graduate,No,62516.47,0.0,327451.61,360,1,Urban,687,57,1,0.9725
APP-003681,Female,Yes,2,Not Graduate,No,26032.3,0.0,192019.06,360,1,Rural,626,24,0,0.1267
APP-003682,Female,No,2,Graduate,No,66300.48,30962.54,398017.52,300,1,Rural,728,23,1,0.984
APP-003683,Male,Yes,1,Graduate,No,124267.42,0.0,448662.73,360,1,Urban,692,43,1,0.9908
APP-003684,Female,Yes,0,Graduate,No,84175.97,0.0,194842.84,120,1,Semiurban,642,23,1,0.4627
APP-003685,Female,Yes,3+,Graduate,No,77271.57,0.0,373383.29,300,0,Semiurban,591,26,0,0.042
APP-003686,Female,Yes,2,Graduate,No,47704.02,6367.91,182295.81,240,1,Semiurban,703,59,1,0.9816
APP-003687,Female,No,0,Graduate,No,31443.73,38395.37,262833.33,300,0,Rural,577,63,0,0.1761
APP-003688,Female,Yes,1,Not Graduate,Yes,38919.97,0.0,124734.56,300,1,Rural,716,22,1,0.9621
APP-003689,Male,No,0,Not Graduate,No,51144.38,0.0,166013.76,180,1,Semiurban,850,63,1,0.9995
APP-003690,Female,No,1,Graduate,No,20097.86,0.0,114783.28,180,1,Semiurban,795,37,1,0.9192
APP-003691,Female,Yes,3+,Graduate,No,26287.27,23894.8,202260.85,300,1,Urban,741,23,1,0.9919
APP-003692,Male,No,0,Not Graduate,No,18301.48,0.0,152846.34,360,0,Urban,673,29,0,0.164
APP-003693,Male,No,0,Graduate,No,45677.11,0.0,114211.91,300,0,Urban,515,39,1,0.0671
APP-003694,Female,No,1,Graduate,No,42010.7,0.0,304977.52,240,1,Urban,568,52,0,0.0081
APP-003695,Female,Yes,0,Graduate,No,28029.43,0.0,92850.21,360,1,Semiurban,789,37,1,0.9997
APP-003696,Female,No,0,Graduate,No,63024.23,0.0,254245.39,360,1,Urban,613,36,1,0.8341
APP-003697,Female,Yes,0,Graduate,No,22594.68,9146.54,163984.84,360,1,Semiurban,621,45,1,0.7979
APP-003698,Female,No,0,Graduate,No,27462.89,13524.67,269049.5,240,1,Urban,666,34,1,0.3995
APP-003699,Male,Yes,0,Graduate,Yes,61653.76,0.0,411947.06,240,0,Rural,590,31,0,0.0021
APP-003700,Male,Yes,3+,Graduate,No,66892.94,38642.04,500000.0,240,1,Semiurban,576,63,1,0.0988
APP-003701,Female,No,3+,Graduate,No,25909.13,128883.6,500000.0,360,1,Urban,676,40,1,0.9862
APP-003702,Male,No,1,Not Graduate,No,45598.2,29197.96,500000.0,240,1,Rural,604,22,0,0.0145
APP-003703,Male,Yes,0,Graduate,No,26151.35,13104.8,214161.61,360,1,Semiurban,617,66,0,0.7071
APP-003704,Female,Yes,0,Graduate,No,36006.81,16196.33,57446.94,360,1,Rural,614,31,1,0.9713
APP-003705,Male,No,2,Graduate,No,43438.9,0.0,184558.79,300,0,Semiurban,724,38,1,0.9352
APP-003706,Male,Yes,1,Graduate,Yes,54622.51,0.0,192621.61,180,1,Urban,660,50,1,0.6378
APP-003707,Male,No,0,Not Graduate,No,47794.1,0.0,173776.39,120,1,Semiurban,665,37,0,0.113
APP-003708,Male,No,3+,Graduate,No,46641.19,0.0,260033.97,300,1,Semiurban,731,25,1,0.9389
APP-003709,Female,Yes,2,Graduate,No,22177.33,22583.1,215157.49,180,1,Rural,668,32,0,0.2792
APP-003710,Female,Yes,0,Graduate,No,49689.66,0.0,153460.7,120,1,Urban,656,57,1,0.4033
APP-003711,Male,Yes,3+,Graduate,No,54343.81,42286.89,500000.0,240,1,Urban,720,53,1,0.9382
APP-003712,Female,Yes,2,Not Graduate,No,58624.85,15413.91,173867.44,300,1,Urban,737,61,1,0.9985
APP-003713,Male,Yes,3+,Graduate,No,27018.14,0.0,61548.13,300,0,Semiurban,667,42,0,0.904
APP-003714,Female,Yes,3+,Graduate,No,66407.95,22152.46,227455.3,180,1,Urban,687,67,1,0.9613
APP-003715,Female,Yes,0,Not Graduate,No,19448.41,9411.8,147583.58,300,1,Semiurban,614,36,1,0.4515
APP-003716,Male,Yes,1,Graduate,No,31667.62,0.0,156431.99,240,0,Urban,607,61,0,0.0669
APP-003717,Male,Yes,0,Not Graduate,No,34491.37,11776.13,134408.95,240,1,Urban,745,32,1,0.9969
APP-003718,Male,Yes,0,Graduate,No,20043.8,0.0,64205.37,360,0,Urban,718,59,1,0.9888
APP-003719,Female,No,0,Graduate,Yes,34204.38,0.0,142952.5,120,1,Semiurban,719,56,0,0.2164
APP-003720,Male,Yes,1,Not Graduate,No,45334.09,0.0,117358.76,300,0,Urban,704,28,1,0.9514
APP-003721,Female,No,2,Not Graduate,No,14703.27,0.0,88187.17,180,0,Urban,684,29,0,0.0149
APP-003722,Male,Yes,0,Graduate,Yes,32303.19,0.0,273688.57,180,1,Urban,739,22,0,0.0135
APP-003723,Female,No,1,Graduate,No,15342.46,16507.22,123118.18,300,1,Semiurban,759,66,1,0.9982
APP-003724,Female,Yes,2,Graduate,Yes,123358.04,16336.16,500000.0,300,0,Urban,757,45,1,0.9883
APP-003725,Male,No,1,Graduate,Yes,45110.49,0.0,198341.16,300,1,Urban,671,48,1,0.9009
APP-003726,Female,No,0,Not Graduate,No,43010.78,0.0,333245.94,360,1,Urban,798,57,1,0.9948
APP-003727,Male,Yes,1,Graduate,No,45598.97,0.0,457313.79,360,1,Urban,699,48,1,0.6026
APP-003728,Female,No,0,Graduate,Yes,55965.26,0.0,199515.74,180,1,Urban,734,25,1,0.9349
APP-003729,Female,Yes,1,Not Graduate,No,68733.03,0.0,292037.76,300,1,Urban,704,48,1,0.9746
APP-003730,Female,No,1,Graduate,No,16984.31,0.0,104647.39,300,1,Rural,701,66,1,0.8627
APP-003731,Female,No,0,Graduate,No,82503.64,36357.99,500000.0,300,1,Semiurban,617,24,0,0.6609
APP-003732,Female,No,0,Graduate,No,79634.6,24704.52,289888.42,240,1,Urban,740,48,1,0.9985
APP-003733,Male,No,0,Not Graduate,No,38696.69,0.0,71795.37,360,1,Semiurban,850,65,1,1.0
APP-003734,Male,Yes,3+,Graduate,No,37597.74,17408.63,176061.43,240,0,Urban,648,33,1,0.592
APP-003735,Female,No,0,Graduate,No,12000.0,28486.03,196500.67,360,0,Semiurban,686,39,1,0.8989
APP-003736,Male,Yes,3+,Graduate,No,20247.87,0.0,71015.07,240,0,Semiurban,642,59,0,0.401
APP-003737,Male,Yes,3+,Graduate,No,53389.38,0.0,139094.15,360,1,Semiurban,639,28,1,0.9259
APP-003738,Female,Yes,1,Graduate,No,77678.95,0.0,250544.89,240,1,Urban,811,28,1,0.9995
APP-003739,Female,Yes,3+,Not Graduate,No,59925.67,0.0,500000.0,120,1,Urban,623,44,0,0.0
APP-003740,Female,Yes,1,Graduate,No,38497.81,0.0,97023.3,240,0,Semiurban,640,21,1,0.5357
APP-003741,Female,Yes,0,Graduate,No,115754.86,0.0,420744.76,300,1,Urban,545,38,1,0.2759
APP-003742,Female,Yes,0,Not Graduate,No,69762.13,0.0,231604.68,180,0,Semiurban,616,35,0,0.0823
APP-003743,Male,No,3+,Graduate,Yes,32318.51,0.0,326402.95,300,1,Semiurban,535,52,0,0.0003
APP-003744,Female,No,2,Not Graduate,No,133273.79,0.0,287723.44,360,1,Rural,734,51,1,0.9981
APP-003745,Female,Yes,3+,Not Graduate,No,21962.86,0.0,64598.91,360,1,Rural,850,21,1,0.9998
APP-003746,Female,No,1,Not Graduate,No,17863.02,0.0,77022.98,240,1,Rural,649,55,1,0.5953
APP-003747,Female,Yes,0,Graduate,No,31837.24,0.0,143878.98,240,0,Urban,538,39,0,0.0109
APP-003748,Female,Yes,0,Graduate,No,26443.03,0.0,183548.31,360,1,Semiurban,756,36,1,0.9878
APP-003749,Male,Yes,2,Graduate,No,32836.23,0.0,217572.32,360,1,Urban,618,48,1,0.4495
APP-003750,Male,Yes,0,Graduate,No,62252.25,32233.69,288430.77,120,1,Urban,790,21,1,0.98
APP-003751,Male,Yes,1,Not Graduate,Yes,39391.73,0.0,190077.45,120,1,Rural,656,59,0,0.0033
APP-003752,Male,Yes,3+,Graduate,No,39952.11,38004.1,302195.51,120,1,Semiurban,626,50,0,0.028
APP-003753,Male,Yes,2,Graduate,No,41454.35,38390.59,272310.02,240,1,Semiurban,665,22,1,0.8641
APP-003754,Female,No,1,Graduate,No,12000.0,0.0,79441.24,360,1,Rural,744,45,1,0.9829
APP-003755,Male,Yes,0,Graduate,Yes,17441.48,0.0,81956.25,180,1,Semiurban,661,63,0,0.2315
APP-003756,Male,No,1,Graduate,No,32470.23,11443.94,377143.71,300,0,Rural,638,43,0,0.0256
APP-003757,Male,No,1,Not Graduate,No,25245.15,0.0,131064.73,180,1,Semiurban,663,46,1,0.1451
APP-003758,Female,No,0,Graduate,No,35331.03,36782.71,458687.48,120,1,Urban,572,49,0,0.0
APP-003759,Female,Yes,0,Graduate,Yes,86878.91,57123.79,177921.37,300,0,Urban,714,23,1,0.9898
APP-003760,Male,No,0,Not Graduate,No,38524.62,0.0,168159.57,300,1,Rural,528,39,0,0.0491
APP-003761,Male,Yes,0,Graduate,No,19395.72,0.0,98813.21,240,1,Semiurban,642,32,0,0.4368
APP-003762,Male,Yes,0,Not Graduate,No,25946.58,66569.69,491329.4,240,1,Urban,745,65,1,0.9674
APP-003763,Female,No,3+,Not Graduate,No,102828.39,0.0,500000.0,240,1,Semiurban,706,21,1,0.6822
APP-003764,Male,Yes,1,Graduate,No,93234.37,0.0,500000.0,360,1,Semiurban,730,64,1,0.9891
APP-003765,Female,No,3+,Graduate,No,55699.84,28333.36,204461.09,360,1,Urban,674,46,1,0.9923
APP-003766,Male,No,2,Not Graduate,No,16994.32,0.0,90947.32,300,1,Urban,779,48,1,0.9944
APP-003767,Male,No,2,Graduate,No,47512.24,14672.35,380704.92,360,1,Semiurban,759,33,1,0.9928
APP-003768,Female,Yes,1,Not Graduate,No,49564.66,8752.75,186177.8,300,1,Semiurban,718,36,1,0.9929
APP-003769,Male,No,1,Graduate,No,40702.59,0.0,142099.33,180,1,Rural,759,21,1,0.9711
APP-003770,Female,Yes,0,Not Graduate,No,29333.75,0.0,175675.47,240,1,Rural,744,31,1,0.8527
APP-003771,Female,Yes,1,Not Graduate,No,32877.8,0.0,138431.23,360,1,Semiurban,643,26,1,0.7936
APP-003772,Female,Yes,1,Graduate,No,28230.46,43757.62,495396.34,300,1,Rural,566,47,0,0.0441
APP-003773,Male,Yes,1,Graduate,No,21379.96,0.0,97800.14,360,1,Urban,716,55,1,0.9926
APP-003774,Male,Yes,1,Graduate,No,85075.41,0.0,134106.21,300,1,Rural,726,56,1,0.9989
APP-003775,Male,Yes,2,Graduate,No,65203.77,7346.5,313549.55,360,1,Rural,773,23,1,0.9978
APP-003776,Female,No,1,Graduate,No,34313.32,0.0,120816.2,360,0,Urban,600,45,0,0.4805
APP-003777,Male,Yes,0,Graduate,No,48712.85,0.0,270713.53,360,1,Rural,603,58,0,0.5034
APP-003778,Female,No,0,Not Graduate,No,49728.6,50486.52,500000.0,360,0,Urban,719,67,1,0.9496
APP-003779,Female,No,2,Graduate,Yes,145595.27,0.0,401410.75,240,1,Semiurban,674,60,1,0.9367
APP-003780,Male,Yes,3+,Not Graduate,Yes,64855.23,0.0,298802.07,300,0,Urban,520,35,0,0.0026
APP-003781,Male,Yes,2,Graduate,No,63520.84,0.0,340692.91,240,1,Rural,712,26,1,0.764
APP-003782,Male,No,2,Not Graduate,No,40982.05,0.0,210906.05,360,0,Rural,523,30,0,0.0049
APP-003783,Male,No,2,Graduate,No,31604.88,0.0,206740.74,300,1,Rural,600,56,0,0.1127
APP-003784,Male,No,2,Graduate,No,85861.49,0.0,228417.13,180,1,Urban,795,52,1,0.9991
APP-003785,Male,Yes,0,Not Graduate,No,57454.56,28856.46,339076.67,240,1,Urban,835,66,1,0.9997
APP-003786,Male,Yes,0,Graduate,No,25431.71,0.0,39328.02,180,1,Semiurban,577,37,1,0.6987
APP-003787,Male,Yes,2,Graduate,No,51514.91,0.0,369226.53,240,1,Rural,652,67,0,0.0769
APP-003788,Female,Yes,2,Graduate,No,63612.31,33730.76,433419.93,120,1,Urban,684,41,1,0.0794
APP-003789,Male,Yes,0,Graduate,No,12673.81,0.0,51379.3,360,1,Urban,831,48,1,0.9999
APP-003790,Female,No,0,Graduate,No,24165.64,18137.44,170244.32,300,1,Semiurban,638,60,1,0.8994
APP-003791,Male,No,3+,Graduate,No,48997.31,0.0,259271.47,360,1,Rural,639,21,0,0.5307
APP-003792,Male,Yes,1,Not Graduate,No,13926.47,0.0,94830.84,180,1,Rural,812,32,0,0.6717
APP-003793,Male,No,2,Graduate,No,15193.57,0.0,56817.26,240,1,Rural,648,44,0,0.7664
APP-003794,Male,No,0,Not Graduate,No,34587.45,0.0,177286.58,360,1,Semiurban,741,49,1,0.9928
APP-003795,Female,No,1,Graduate,No,52593.58,7056.78,304155.09,300,1,Rural,554,56,0,0.1218
APP-003796,Female,No,1,Graduate,No,53948.28,25592.03,126084.55,120,0,Rural,665,65,1,0.7628
APP-003797,Male,Yes,0,Graduate,No,95828.92,0.0,297067.91,360,0,Rural,539,34,0,0.0877
APP-003798,Male,Yes,0,Graduate,Yes,41992.45,0.0,217775.18,180,0,Semiurban,590,31,0,0.0019
APP-003799,Female,No,2,Graduate,No,32697.08,0.0,242868.14,240,1,Urban,751,53,1,0.7843
APP-003800,Female,Yes,0,Not Graduate,No,19554.33,0.0,153665.75,360,1,Rural,676,55,0,0.6295
APP-003801,Male,Yes,2,Graduate,No,32482.44,0.0,79805.98,360,0,Urban,653,57,1,0.9156
APP-003802,Female,No,1,Graduate,Yes,59227.49,0.0,395884.43,300,1,Urban,616,43,0,0.1492
APP-003803,Female,No,0,Graduate,No,60718.11,0.0,412057.16,120,1,Semiurban,661,54,0,0.0003
APP-003804,Female,Yes,3+,Graduate,No,46422.54,0.0,238296.23,180,1,Rural,706,39,0,0.4139
APP-003805,Male,No,2,Graduate,No,54225.86,18357.89,124687.79,240,1,Semiurban,764,35,1,0.9995
APP-003806,Male,Yes,1,Not Graduate,Yes,80984.33,0.0,271116.16,240,0,Urban,457,35,0,0.0006
APP-003807,Male,No,1,Not Graduate,Yes,41831.27,0.0,187238.86,120,1,Semiurban,609,66,0,0.0014
APP-003808,Male,Yes,3+,Graduate,No,85137.71,0.0,326393.29,300,1,Urban,694,36,1,0.9716
APP-003809,Male,Yes,3+,Not Graduate,No,26912.45,77153.34,167193.93,360,0,Urban,672,28,1,0.9453
APP-003810,Male,Yes,2,Graduate,Yes,38549.17,33284.76,272265.83,360,1,Urban,714,55,1,0.9926
APP-003811,Female,No,1,Graduate,No,30808.37,0.0,86399.9,360,1,Semiurban,703,26,1,0.9927
APP-003812,Male,Yes,3+,Graduate,Yes,62068.12,31623.32,500000.0,180,1,Urban,654,52,0,0.0929
APP-003813,Male,Yes,0,Not Graduate,No,22972.05,34333.04,303189.43,300,0,Semiurban,635,27,0,0.1778
APP-003814,Male,No,2,Graduate,No,33625.13,0.0,181391.9,360,0,Semiurban,659,21,0,0.3742
APP-003815,Female,Yes,0,Not Graduate,No,14431.63,0.0,52102.04,120,1,Semiurban,778,45,1,0.8944
APP-003816,Female,No,1,Graduate,Yes,55653.87,87903.58,500000.0,180,0,Urban,618,49,0,0.1035
APP-003817,Male,No,0,Graduate,No,79676.87,0.0,327084.94,240,1,Urban,675,35,1,0.9059
APP-003818,Female,No,1,Graduate,No,66230.04,0.0,425927.07,300,0,Semiurban,696,53,1,0.5411
APP-003819,Male,No,0,Graduate,No,62751.97,0.0,210438.29,360,1,Urban,813,43,1,0.9999
APP-003820,Female,Yes,0,Graduate,No,63682.83,0.0,193094.13,240,1,Semiurban,654,51,1,0.938
APP-003821,Male,Yes,1,Graduate,No,58972.8,28221.89,500000.0,300,1,Semiurban,761,45,1,0.9927
APP-003822,Male,Yes,3+,Graduate,No,56270.04,21811.69,481614.86,300,0,Semiurban,785,47,1,0.9693
APP-003823,Female,No,0,Graduate,No,58302.63,48358.13,500000.0,360,0,Semiurban,675,27,1,0.8193
APP-003824,Male,No,0,Graduate,Yes,27983.63,45544.08,500000.0,240,1,Rural,662,28,0,0.122
APP-003825,Male,Yes,0,Graduate,No,35950.33,89282.52,500000.0,300,1,Semiurban,652,24,1,0.8895
APP-003826,Male,Yes,1,Graduate,No,41715.74,0.0,309411.32,360,1,Urban,658,43,1,0.6837
APP-003827,Male,No,0,Graduate,No,33368.32,28945.86,189783.66,360,1,Urban,753,43,1,0.9996
APP-003828,Male,Yes,0,Graduate,No,16958.59,0.0,105084.84,240,1,Rural,700,33,1,0.6229
APP-003829,Male,Yes,1,Graduate,No,20348.15,0.0,91158.06,180,1,Rural,700,67,1,0.6598
APP-003830,Male,Yes,0,Graduate,No,45546.4,47953.93,309490.98,360,0,Semiurban,584,32,1,0.3727
APP-003831,Male,Yes,1,Not Graduate,No,66050.62,9182.08,229770.16,360,0,Rural,598,29,0,0.3232
APP-003832,Female,No,0,Graduate,No,40341.58,0.0,194135.37,180,1,Semiurban,850,50,1,0.9976
APP-003833,Male,No,2,Not Graduate,Yes,183625.2,0.0,500000.0,180,1,Urban,665,35,1,0.7325
APP-003834,Female,Yes,0,Graduate,No,24200.55,0.0,191918.45,180,1,Rural,614,29,0,0.0006
APP-003835,Male,Yes,1,Graduate,No,51262.67,51489.85,500000.0,300,1,Urban,802,64,1,0.9993
APP-003836,Male,No,0,Graduate,Yes,81647.09,0.0,450642.88,240,1,Semiurban,704,38,1,0.7429
APP-003837,Male,Yes,2,Graduate,No,72122.58,0.0,280262.55,180,1,Rural,729,53,1,0.9283
APP-003838,Male,Yes,0,Graduate,No,57542.94,0.0,270417.66,360,0,Semiurban,668,56,1,0.8157
APP-003839,Male,Yes,0,Graduate,No,72304.36,15596.19,191235.28,180,1,Semiurban,653,48,1,0.9573
APP-003840,Female,No,2,Graduate,Yes,41376.44,12294.74,295077.8,360,1,Rural,666,58,0,0.8347
APP-003841,Female,No,1,Graduate,No,100166.09,42957.44,500000.0,240,1,Rural,562,61,1,0.2441
APP-003842,Female,No,0,Graduate,No,81286.69,58748.33,500000.0,240,1,Semiurban,673,64,1,0.9515
APP-003843,Male,No,1,Not Graduate,No,25116.36,0.0,105178.08,360,1,Urban,705,44,1,0.9865
APP-003844,Male,Yes,0,Graduate,No,47899.6,0.0,349037.56,180,1,Rural,837,60,1,0.8623
APP-003845,Female,Yes,0,Not Graduate,No,17136.86,0.0,59013.26,180,1,Semiurban,687,55,1,0.8531
APP-003846,Female,Yes,1,Not Graduate,Yes,92687.04,0.0,500000.0,240,0,Semiurban,482,28,0,0.0001
APP-003847,Female,Yes,3+,Graduate,No,45402.72,6834.72,427548.06,300,0,Rural,672,43,0,0.0791
APP-003848,Male,Yes,1,Graduate,No,84273.7,0.0,500000.0,300,1,Urban,850,33,1,0.9995
APP-003849,Female,Yes,0,Graduate,No,37792.02,18857.69,248139.1,360,1,Urban,754,36,1,0.9987
APP-003850,Female,No,1,Graduate,No,14458.72,0.0,55773.09,360,1,Urban,611,42,1,0.8358
APP-003851,Female,Yes,2,Graduate,No,171193.91,0.0,500000.0,120,1,Rural,730,47,1,0.8669
APP-003852,Female,Yes,0,Graduate,No,43135.37,15845.48,162306.32,180,1,Rural,617,62,1,0.687
APP-003853,Male,No,1,Graduate,No,23153.13,12767.19,188999.15,300,0,Semiurban,565,67,0,0.0332
APP-003854,Male,No,0,Graduate,No,75370.35,0.0,287334.8,360,1,Rural,650,21,0,0.8912
APP-003855,Male,Yes,1,Graduate,No,122973.17,10208.74,500000.0,240,1,Rural,688,44,0,0.9554
APP-003856,Female,Yes,3+,Not Graduate,No,35905.98,0.0,165228.6,240,0,Rural,521,59,0,0.0016
APP-003857,Male,No,0,Graduate,No,38002.86,0.0,99930.34,180,1,Rural,582,63,0,0.3555
APP-003858,Male,Yes,0,Graduate,No,45749.01,0.0,314425.17,360,1,Rural,681,62,1,0.8546
APP-003859,Male,Yes,0,Not Graduate,No,21784.77,33431.88,245796.98,180,1,Semiurban,645,27,0,0.1987
APP-003860,Female,Yes,0,Graduate,Yes,27450.31,0.0,172495.04,300,0,Semiurban,714,48,0,0.6213
APP-003861,Male,Yes,1,Graduate,No,106943.85,0.0,269854.22,120,0,Rural,577,47,0,0.0163
APP-003862,Male,Yes,2,Graduate,No,37320.07,0.0,112817.3,300,1,Rural,741,23,1,0.9945
APP-003863,Female,Yes,1,Graduate,No,25319.84,0.0,90470.62,240,0,Semiurban,579,60,0,0.0871
APP-003864,Female,No,1,Not Graduate,No,31300.11,58422.1,426676.54,300,1,Urban,820,48,1,0.9995
APP-003865,Female,No,0,Not Graduate,No,72406.62,0.0,294621.43,180,0,Urban,534,62,0,0.0024
APP-003866,Female,No,0,Not Graduate,No,13538.01,10073.99,185993.65,180,1,Urban,587,36,0,0.0004
APP-003867,Female,Yes,2,Not Graduate,No,46168.7,34242.34,500000.0,180,1,Urban,715,21,0,0.1307
APP-003868,Male,Yes,2,Graduate,No,155471.9,0.0,477015.56,360,1,Rural,821,36,1,0.9999
APP-003869,Male,No,0,Not Graduate,No,122649.31,21095.91,500000.0,360,1,Semiurban,707,40,1,0.9938
APP-003870,Female,No,2,Graduate,Yes,55009.52,62615.71,482670.31,180,1,Semiurban,728,39,0,0.8725
APP-003871,Female,No,3+,Graduate,No,82788.42,13557.4,500000.0,240,1,Urban,681,22,0,0.6311
APP-003872,Male,Yes,2,Graduate,No,82351.71,45301.15,478789.36,240,1,Semiurban,593,23,0,0.2686
APP-003873,Female,No,1,Graduate,No,37450.73,0.0,211484.55,180,0,Urban,638,38,0,0.0122
APP-003874,Male,Yes,0,Graduate,No,66745.13,0.0,436300.9,360,1,Semiurban,577,32,1,0.1465
APP-003875,Female,Yes,3+,Not Graduate,No,107336.14,0.0,232534.46,240,0,Rural,571,48,0,0.115
APP-003876,Male,No,0,Graduate,No,20028.89,16128.69,338322.68,300,1,Rural,714,46,1,0.5513
APP-003877,Male,Yes,0,Not Graduate,Yes,55113.94,0.0,165308.86,300,1,Urban,585,54,0,0.5255
APP-003878,Male,Yes,1,Graduate,Yes,48962.57,7781.79,206739.79,360,1,Semiurban,707,37,1,0.9896
APP-003879,Female,No,3+,Graduate,No,42477.95,29971.12,235228.38,360,0,Urban,569,36,1,0.2283
APP-003880,Female,No,2,Not Graduate,No,40459.16,0.0,133625.47,120,1,Semiurban,705,60,0,0.4585
APP-003881,Female,Yes,2,Not Graduate,No,45588.85,9910.76,187227.52,180,0,Semiurban,638,65,0,0.157
APP-003882,Female,Yes,0,Graduate,No,47741.9,0.0,118927.87,240,1,Urban,800,62,1,0.9998
APP-003883,Male,Yes,2,Graduate,No,74253.37,0.0,445875.66,180,0,Semiurban,708,46,0,0.0647
APP-003884,Female,Yes,3+,Graduate,Yes,52160.62,16338.65,307564.56,240,1,Semiurban,785,25,1,0.9867
APP-003885,Male,Yes,2,Not Graduate,No,36394.32,0.0,145791.94,360,1,Semiurban,616,43,1,0.7077
APP-003886,Female,Yes,1,Graduate,Yes,25286.94,0.0,170294.23,180,0,Urban,685,61,0,0.0082
APP-003887,Male,Yes,1,Graduate,No,30950.88,31006.46,500000.0,360,0,Urban,597,51,0,0.044
APP-003888,Female,Yes,2,Graduate,No,46334.47,22436.53,145294.21,240,1,Rural,645,67,1,0.9507
APP-003889,Female,Yes,1,Graduate,No,27218.74,39685.35,500000.0,120,1,Semiurban,658,44,0,0.0001
APP-003890,Female,Yes,0,Graduate,No,67523.6,0.0,284875.03,180,0,Semiurban,618,37,0,0.0426
APP-003891,Female,No,1,Not Graduate,No,50844.66,0.0,118019.97,180,0,Semiurban,577,24,0,0.0481
APP-003892,Female,Yes,2,Not Graduate,No,75277.76,0.0,386411.52,240,1,Rural,560,38,0,0.0185
APP-003893,Male,Yes,0,Graduate,Yes,28244.37,0.0,114237.7,360,0,Urban,481,49,0,0.0065
APP-003894,Male,No,1,Not Graduate,No,25410.37,47043.92,454955.35,300,1,Semiurban,590,49,1,0.119
APP-003895,Male,No,2,Not Graduate,Yes,74969.11,0.0,341211.35,180,1,Semiurban,733,27,1,0.5767
APP-003896,Female,No,1,Not Graduate,No,43108.47,48076.5,456437.18,120,0,Semiurban,544,37,0,0.0
APP-003897,Female,Yes,0,Graduate,No,35904.42,0.0,125840.27,360,0,Semiurban,564,36,0,0.1768
APP-003898,Male,Yes,2,Not Graduate,No,58939.29,0.0,158176.88,180,1,Semiurban,832,69,1,0.9993
APP-003899,Female,No,1,Not Graduate,No,57745.29,0.0,343722.4,240,1,Urban,626,66,0,0.1191
APP-003900,Female,Yes,1,Not Graduate,No,20117.19,0.0,67717.39,360,1,Urban,707,55,1,0.9932
APP-003901,Female,Yes,0,Graduate,No,85952.91,0.0,439164.36,300,1,Urban,735,62,1,0.9896
APP-003902,Female,Yes,3+,Graduate,No,32025.13,23556.43,462425.47,180,1,Urban,736,22,0,0.0215
APP-003903,Female,Yes,0,Graduate,No,102233.01,10184.54,445997.47,300,0,Urban,551,56,0,0.101
APP-003904,Female,No,2,Graduate,No,19274.69,91078.25,500000.0,240,0,Rural,660,46,0,0.3756
APP-003905,Female,Yes,1,Graduate,No,47789.89,0.0,200948.13,300,1,Rural,542,64,0,0.1134
APP-003906,Male,Yes,0,Graduate,No,36239.62,65339.65,367508.45,180,1,Semiurban,850,29,1,0.9995
APP-003907,Male,Yes,0,Graduate,No,13542.94,19931.88,70649.87,360,0,Urban,544,54,0,0.369
APP-003908,Female,Yes,0,Not Graduate,No,57642.44,0.0,241417.97,300,1,Semiurban,591,48,1,0.4237
APP-003909,Female,No,0,Graduate,No,13930.48,42897.06,225003.72,120,0,Rural,592,36,0,0.0017
APP-003910,Male,Yes,3+,Graduate,No,34186.4,12565.01,134691.22,300,1,Urban,553,58,0,0.4632
APP-003911,Male,No,2,Graduate,No,73670.04,22890.33,164741.78,240,1,Urban,795,42,1,0.9999
APP-003912,Female,Yes,3+,Graduate,No,29985.83,41943.61,144620.52,360,1,Rural,850,41,1,1.0
APP-003913,Male,No,3+,Not Graduate,No,24414.83,0.0,232421.32,180,1,Urban,640,32,0,0.0001
APP-003914,Female,Yes,0,Graduate,No,62329.87,0.0,270279.16,240,0,Rural,568,22,0,0.014
APP-003915,Female,No,2,Not Graduate,No,34988.16,0.0,78156.54,360,0,Urban,490,47,0,0.0252
APP-003916,Female,No,1,Graduate,Yes,32119.45,0.0,104429.11,180,1,Rural,659,40,1,0.611
APP-003917,Male,No,0,Graduate,Yes,80922.39,0.0,346558.82,240,1,Urban,653,46,1,0.7149
APP-003918,Female,Yes,1,Not Graduate,Yes,21120.44,0.0,110191.72,360,0,Semiurban,625,36,0,0.1379
APP-003919,Male,Yes,0,Not Graduate,No,31170.14,17195.63,185645.9,360,1,Urban,699,28,1,0.9873
APP-003920,Female,No,3+,Graduate,No,64637.23,0.0,500000.0,240,1,Rural,714,32,0,0.228
APP-003921,Male,Yes,2,Graduate,No,20382.44,37463.12,500000.0,240,1,Urban,707,61,1,0.2082
APP-003922,Male,Yes,2,Not Graduate,No,106557.6,11871.8,500000.0,300,1,Semiurban,653,34,0,0.821
APP-003923,Male,Yes,0,Graduate,No,35622.54,0.0,128788.23,360,0,Semiurban,586,21,0,0.1876
APP-003924,Female,No,0,Graduate,No,64925.13,0.0,328783.97,300,1,Urban,737,29,1,0.9866
APP-003925,Female,No,0,Graduate,No,64850.46,13864.22,184531.99,300,1,Semiurban,681,30,1,0.9917
APP-003926,Female,Yes,2,Graduate,No,36910.14,0.0,246719.25,360,1,Rural,756,68,1,0.9828
APP-003927,Male,No,1,Not Graduate,Yes,30839.24,0.0,142033.66,240,1,Rural,747,28,1,0.9196
APP-003928,Female,No,1,Graduate,No,39197.55,18233.05,142226.1,240,0,Urban,559,51,0,0.2103
APP-003929,Male,Yes,0,Graduate,No,59395.65,0.0,194669.39,300,1,Rural,558,21,1,0.2262
APP-003930,Male,No,1,Graduate,No,23329.32,0.0,128736.36,240,0,Semiurban,616,24,0,0.0231
APP-003931,Male,Yes,1,Graduate,No,20706.6,18500.32,79005.39,240,0,Urban,590,32,0,0.4789
APP-003932,Male,No,3+,Graduate,No,90790.64,0.0,258908.67,180,1,Rural,744,57,1,0.9873
APP-003933,Female,No,2,Not Graduate,No,26791.23,0.0,92613.47,300,1,Semiurban,710,27,1,0.9739
APP-003934,Male,Yes,0,Not Graduate,No,48763.93,0.0,322414.66,300,1,Semiurban,773,35,1,0.9783
APP-003935,Male,Yes,1,Graduate,Yes,35910.6,0.0,331125.09,360,1,Urban,714,32,0,0.6421
APP-003936,Male,No,2,Not Graduate,No,36797.09,0.0,186018.96,180,1,Rural,698,48,1,0.3414
APP-003937,Female,No,2,Graduate,No,88142.87,0.0,90638.09,360,1,Urban,782,46,1,0.9999
APP-003938,Female,No,1,Graduate,No,38298.15,137688.27,453892.7,180,1,Semiurban,720,61,1,0.9906
APP-003939,Male,No,2,Not Graduate,No,32982.94,22796.76,500000.0,360,1,Semiurban,686,45,1,0.5391
APP-003940,Male,No,1,Graduate,No,34601.64,51342.13,393282.66,300,1,Semiurban,806,48,1,0.9995
APP-003941,Female,No,0,Graduate,No,30427.37,0.0,40143.56,240,1,Urban,690,57,1,0.9975
APP-003942,Female,No,2,Not Graduate,No,27762.74,8710.07,452285.78,360,1,Semiurban,654,29,0,0.0211
APP-003943,Male,Yes,3+,Graduate,No,30494.58,0.0,71260.77,240,0,Urban,609,27,0,0.3505
APP-003944,Male,No,0,Not Graduate,Yes,100184.18,39872.89,500000.0,120,1,Urban,740,67,1,0.6478
APP-003945,Male,Yes,1,Graduate,No,59356.62,0.0,151068.08,300,1,Semiurban,785,25,1,0.9995
APP-003946,Male,Yes,1,Graduate,No,33194.58,21767.19,500000.0,300,1,Semiurban,676,51,0,0.2859
APP-003947,Female,Yes,1,Graduate,No,68865.5,11220.51,180458.18,360,1,Semiurban,791,25,1,0.9998
APP-003948,Male,Yes,3+,Graduate,No,16764.91,0.0,54921.23,240,1,Urban,513,64,0,0.0476
APP-003949,Male,Yes,3+,Not Graduate,No,85530.05,0.0,500000.0,120,1,Urban,675,29,0,0.0009
APP-003950,Male,Yes,0,Graduate,No,81824.8,0.0,271965.17,240,1,Urban,677,37,1,0.9617
APP-003951,Male,Yes,2,Graduate,Yes,137308.25,0.0,500000.0,300,1,Semiurban,618,64,1,0.617
APP-003952,Male,Yes,0,Not Graduate,Yes,70007.19,0.0,433725.38,300,1,Rural,850,42,1,0.9982
APP-003953,Female,Yes,1,Not Graduate,No,51045.82,15800.61,308617.49,360,1,Semiurban,674,68,1,0.9429
APP-003954,Female,No,2,Not Graduate,No,81644.29,0.0,211110.74,240,1,Urban,645,47,1,0.9043
APP-003955,Female,Yes,0,Graduate,No,28447.19,0.0,85105.74,300,1,Urban,682,41,1,0.9888
APP-003956,Male,No,0,Graduate,No,32290.26,32921.56,233947.95,360,0,Urban,510,22,0,0.0273
APP-003957,Male,Yes,3+,Graduate,No,38741.45,28125.39,371301.75,240,0,Semiurban,615,22,0,0.0183
APP-003958,Male,Yes,1,Graduate,No,85210.92,0.0,500000.0,240,1,Urban,764,48,1,0.973
APP-003959,Male,No,0,Not Graduate,No,25065.98,26820.19,242585.25,360,1,Urban,627,26,0,0.7561
APP-003960,Male,No,1,Not Graduate,Yes,23644.03,42637.99,387568.49,180,0,Rural,610,54,0,0.0014
APP-003961,Male,Yes,1,Graduate,No,45711.08,10205.83,116469.48,300,1,Semiurban,791,69,1,0.9999
APP-003962,Female,Yes,2,Graduate,No,59554.18,0.0,290282.08,240,1,Urban,794,39,1,0.9955
APP-003963,Female,No,0,Graduate,Yes,27263.54,0.0,112882.94,120,1,Urban,724,48,0,0.3052
APP-003964,Male,Yes,0,Graduate,No,58030.84,0.0,309149.76,360,1,Rural,641,46,1,0.8214
APP-003965,Female,No,2,Graduate,No,85188.32,20841.21,500000.0,180,0,Rural,660,57,0,0.0848
APP-003966,Male,No,0,Not Graduate,No,77672.3,23981.86,270043.31,360,1,Urban,612,57,1,0.9312
APP-003967,Male,Yes,0,Graduate,Yes,48742.71,40499.62,362076.71,240,0,Urban,595,47,0,0.1018
APP-003968,Female,Yes,2,Graduate,No,38183.98,0.0,296762.05,180,1,Rural,591,68,0,0.0003
APP-003969,Female,No,3+,Graduate,No,104254.78,0.0,500000.0,180,0,Semiurban,627,22,0,0.0085
APP-003970,Female,Yes,3+,Graduate,No,40476.31,19190.55,243146.44,360,1,Semiurban,592,27,0,0.5195
APP-003971,Male,No,1,Graduate,No,67318.81,0.0,165902.62,240,0,Urban,547,42,0,0.1074
APP-003972,Male,Yes,0,Graduate,No,117836.67,0.0,500000.0,240,1,Rural,699,66,1,0.9358
APP-003973,Male,Yes,2,Graduate,No,63538.25,19482.55,189326.65,180,0,Semiurban,700,67,1,0.9213
APP-003974,Female,Yes,0,Graduate,No,23192.86,26116.48,193995.17,300,1,Semiurban,825,41,1,0.9999
APP-003975,Male,Yes,2,Graduate,Yes,20303.27,0.0,69389.25,240,1,Urban,623,39,1,0.5763
APP-003976,Female,Yes,2,Graduate,No,34074.47,56214.6,459464.25,360,1,Urban,705,35,1,0.9824
APP-003977,Female,Yes,3+,Not Graduate,No,59291.69,0.0,193071.03,120,1,Urban,707,30,0,0.4166
APP-003978,Female,No,1,Not Graduate,No,51258.27,0.0,188495.0,180,1,Urban,658,51,1,0.6065
APP-003979,Male,Yes,3+,Not Graduate,No,135116.84,0.0,382344.0,240,1,Urban,743,48,1,0.9949
APP-003980,Female,Yes,0,Graduate,No,50984.7,0.0,194363.47,180,0,Semiurban,746,41,1,0.8884
APP-003981,Male,Yes,0,Graduate,No,33520.33,0.0,157398.66,360,1,Semiurban,708,52,1,0.9892
APP-003982,Female,Yes,2,Not Graduate,Yes,21518.36,0.0,78459.53,360,1,Semiurban,658,65,1,0.8733
APP-003983,Male,Yes,3+,Not Graduate,No,76821.56,0.0,284405.67,300,0,Semiurban,650,62,0,0.4913
APP-003984,Male,No,0,Not Graduate,No,40001.26,0.0,183634.95,360,0,Rural,564,60,0,0.06
APP-003985,Female,No,0,Graduate,No,17529.2,0.0,117256.28,360,1,Urban,611,37,0,0.4216
APP-003986,Male,No,3+,Not Graduate,No,40629.24,25593.21,394687.54,180,1,Semiurban,627,69,0,0.0117
APP-003987,Female,No,2,Graduate,No,23210.13,0.0,55278.67,120,0,Rural,584,36,0,0.0193
APP-003988,Female,Yes,1,Graduate,No,31757.98,0.0,191228.67,300,0,Semiurban,717,32,1,0.7128
APP-003989,Male,No,3+,Graduate,No,40271.75,0.0,317724.26,360,1,Urban,782,47,0,0.989
APP-003990,Female,Yes,1,Graduate,No,24395.45,0.0,142873.24,360,0,Semiurban,603,24,0,0.0771
APP-003991,Female,Yes,0,Not Graduate,No,30693.52,25254.81,80507.42,300,1,Rural,704,66,1,0.9975
APP-003992,Female,Yes,1,Graduate,No,26655.05,76866.52,497163.91,180,1,Rural,592,61,0,0.0401
APP-003993,Male,No,0,Not Graduate,Yes,27051.32,0.0,214927.99,360,1,Semiurban,654,33,0,0.257
APP-003994,Female,No,1,Not Graduate,No,23053.87,0.0,80314.94,300,1,Semiurban,621,63,1,0.7443
APP-003995,Male,Yes,0,Not Graduate,Yes,30775.66,0.0,483857.39,360,1,Rural,731,32,0,0.017
APP-003996,Male,No,1,Not Graduate,No,24536.47,0.0,39214.31,360,0,Semiurban,622,59,1,0.8034
APP-003997,Female,Yes,2,Not Graduate,No,55415.87,11807.29,306060.95,180,1,Urban,766,37,1,0.9491
APP-003998,Female,Yes,2,Graduate,No,44821.36,0.0,264597.34,300,1,Urban,659,22,1,0.5346
APP-003999,Male,Yes,0,Not Graduate,No,77427.2,24707.6,470469.68,240,1,Urban,625,44,1,0.503
APP-004000,Female,No,2,Graduate,No,113287.81,28085.03,500000.0,240,1,Urban,573,36,0,0.3185
APP-004001,Male,Yes,3+,Not Graduate,No,58251.71,41663.75,266737.44,300,1,Urban,702,47,1,0.9923
APP-004002,Male,No,2,Not Graduate,No,51393.8,0.0,169122.67,360,1,Semiurban,756,22,1,0.9964
APP-004003,Male,Yes,0,Graduate,No,60305.92,22572.29,457382.97,360,1,Rural,703,25,1,0.9633
APP-004004,Male,Yes,2,Graduate,No,51876.64,21920.66,121527.45,120,1,Semiurban,850,41,1,0.9999
APP-004005,Female,Yes,2,Graduate,No,41258.38,0.0,264342.81,180,1,Rural,802,68,1,0.788
APP-004006,Female,Yes,0,Graduate,No,39492.69,24819.01,260452.57,240,0,Rural,654,25,1,0.3874
APP-004007,Female,Yes,3+,Graduate,No,22881.44,0.0,125067.03,300,0,Semiurban,653,58,0,0.2842
APP-004008,Female,No,0,Not Graduate,No,63665.99,0.0,397233.34,300,1,Urban,720,69,0,0.9196
APP-004009,Male,No,3+,Graduate,No,39449.94,27729.82,500000.0,300,0,Urban,609,61,0,0.024
APP-004010,Male,Yes,1,Graduate,No,89075.13,0.0,500000.0,240,1,Urban,779,39,1,0.986
APP-004011,Female,Yes,0,Graduate,Yes,66391.53,0.0,164808.8,360,1,Urban,711,46,1,0.9969
APP-004012,Female,No,2,Not Graduate,No,28444.97,0.0,320775.99,180,1,Semiurban,702,39,0,0.0001
APP-004013,Male,No,1,Graduate,Yes,79672.53,36887.69,146556.19,300,1,Rural,738,22,1,0.9984
APP-004014,Male,Yes,2,Graduate,No,12000.0,23560.49,124157.67,360,1,Rural,826,53,1,0.9999
APP-004015,Male,Yes,0,Graduate,No,116032.33,24562.47,500000.0,240,1,Rural,695,34,1,0.97
APP-004016,Female,Yes,0,Graduate,No,19222.85,20998.22,148204.1,180,0,Semiurban,670,65,1,0.4541
APP-004017,Female,No,0,Graduate,No,52696.89,0.0,255021.4,300,1,Rural,808,40,1,0.9991
APP-004018,Male,Yes,1,Graduate,No,50770.91,21167.24,284254.16,180,1,Rural,762,21,1,0.9633
APP-004019,Female,Yes,0,Graduate,Yes,74462.0,0.0,500000.0,240,0,Rural,653,68,0,0.0211
APP-004020,Male,Yes,1,Graduate,Yes,33497.19,0.0,114944.66,360,1,Semiurban,680,54,1,0.9745
APP-004021,Female,No,1,Graduate,No,12332.15,16500.04,116682.27,120,1,Semiurban,697,45,0,0.2527
APP-004022,Female,Yes,0,Not Graduate,No,33523.15,0.0,317161.66,360,1,Urban,711,40,0,0.7033
APP-004023,Female,No,2,Not Graduate,No,35577.22,39809.62,496850.65,180,0,Semiurban,565,38,0,0.0001
APP-004024,Female,Yes,1,Not Graduate,No,13003.12,0.0,51353.93,240,1,Urban,549,29,0,0.0542
APP-004025,Male,No,1,Graduate,Yes,41148.98,23492.93,340837.3,180,0,Urban,605,60,0,0.0054
APP-004026,Male,No,2,Graduate,No,22209.64,0.0,219910.5,360,0,Rural,598,24,0,0.0028
APP-004027,Female,Yes,1,Graduate,No,57353.94,12522.66,159760.18,360,1,Semiurban,625,42,1,0.9657
APP-004028,Female,Yes,0,Graduate,No,35054.39,20348.72,144788.03,240,1,Urban,734,60,1,0.9984
APP-004029,Male,Yes,1,Not Graduate,No,118019.15,0.0,388492.73,360,1,Semiurban,666,24,1,0.9379
APP-004030,Female,Yes,0,Graduate,No,34860.22,20893.49,262088.01,360,1,Urban,697,63,1,0.9891
APP-004031,Male,No,2,Graduate,No,50854.06,19950.13,466702.09,360,1,Urban,576,51,0,0.2061
APP-004032,Female,Yes,1,Graduate,No,35696.6,0.0,107863.26,300,1,Urban,641,52,1,0.9495
APP-004033,Female,No,1,Graduate,Yes,16435.56,24751.29,114936.58,300,1,Semiurban,730,23,0,0.9935
APP-004034,Female,No,1,Not Graduate,No,35861.08,0.0,84725.06,360,1,Semiurban,731,60,1,0.9982
APP-004035,Female,Yes,0,Graduate,No,60741.19,13347.6,206695.4,360,1,Urban,618,61,1,0.9577
APP-004036,Male,Yes,1,Graduate,Yes,55887.41,0.0,177372.4,360,1,Urban,694,40,1,0.9879
APP-004037,Male,No,2,Graduate,Yes,34156.31,45646.76,128510.07,240,1,Urban,850,59,1,1.0
APP-004038,Male,Yes,0,Graduate,No,18011.83,0.0,59646.34,180,1,Rural,679,22,1,0.7654
APP-004039,Male,No,0,Not Graduate,Yes,57208.18,19118.93,202906.88,300,1,Semiurban,621,56,0,0.8522
APP-004040,Male,Yes,3+,Graduate,No,50549.97,36322.17,344014.76,240,0,Semiurban,665,64,0,0.5347
APP-004041,Male,Yes,2,Not Graduate,No,63823.45,12300.59,500000.0,240,0,Rural,688,31,0,0.0759
APP-004042,Male,No,0,Graduate,No,34518.07,30306.17,134912.56,360,1,Semiurban,667,62,1,0.9941
APP-004043,Male,No,0,Graduate,No,15892.36,20012.35,241565.34,300,1,Semiurban,677,67,1,0.7523
APP-004044,Female,No,2,Not Graduate,No,53829.03,0.0,486031.8,360,1,Semiurban,557,42,0,0.0083
APP-004045,Male,No,2,Not Graduate,No,39933.53,0.0,262803.83,240,0,Rural,598,65,0,0.0031
APP-004046,Male,Yes,0,Not Graduate,No,86286.3,0.0,429126.59,240,1,Urban,667,31,0,0.6157
APP-004047,Female,Yes,1,Not Graduate,No,40774.13,0.0,313983.06,180,1,Urban,666,47,0,0.0065
APP-004048,Female,Yes,0,Graduate,No,39143.64,0.0,221859.07,360,1,Semiurban,632,36,1,0.7158
APP-004049,Female,No,1,Graduate,Yes,50487.95,61784.26,500000.0,240,0,Semiurban,665,31,0,0.2943
APP-004050,Male,No,0,Not Graduate,No,28902.63,0.0,129974.22,360,0,Rural,685,40,1,0.8214
APP-004051,Female,Yes,0,Graduate,No,28146.42,9884.2,100609.8,240,1,Semiurban,756,69,1,0.9988
APP-004052,Female,Yes,0,Not Graduate,No,38031.03,0.0,273715.96,240,1,Urban,672,64,1,0.1859
APP-004053,Female,Yes,3+,Graduate,No,24191.98,53999.68,500000.0,360,1,Urban,714,68,1,0.9624
APP-004054,Male,Yes,0,Not Graduate,No,35383.38,0.0,129419.05,300,1,Rural,634,25,1,0.7078
APP-004055,Male,No,1,Graduate,No,116629.64,0.0,500000.0,300,1,Urban,729,43,1,0.9926
APP-004056,Male,Yes,0,Graduate,No,71214.27,0.0,319287.86,240,1,Rural,712,68,1,0.9441
APP-004057,Male,No,0,Not Graduate,Yes,47544.48,0.0,104648.13,240,1,Urban,754,48,1,0.9981
APP-004058,Male,Yes,0,Graduate,No,94223.27,0.0,274224.05,360,1,Semiurban,741,64,1,0.9989
APP-004059,Female,Yes,0,Graduate,Yes,25496.77,17091.27,208222.72,180,1,Semiurban,730,65,0,0.7722
APP-004060,Male,No,1,Graduate,No,157903.9,19607.72,500000.0,120,1,Urban,672,60,0,0.6975
APP-004061,Male,Yes,1,Graduate,No,31154.8,9805.08,175935.16,120,0,Semiurban,701,41,0,0.0417
APP-004062,Female,Yes,0,Not Graduate,No,120824.37,0.0,500000.0,240,1,Rural,770,63,1,0.9927
APP-004063,Male,Yes,3+,Graduate,Yes,120532.13,0.0,487661.06,360,1,Urban,625,41,1,0.7328
APP-004064,Male,Yes,1,Not Graduate,No,15301.77,0.0,46219.13,300,1,Urban,627,43,1,0.8726
APP-004065,Male,Yes,2,Graduate,No,89940.24,16161.46,500000.0,360,1,Semiurban,695,64,1,0.9792
APP-004066,Female,Yes,1,Graduate,No,34332.58,39356.71,364195.29,300,1,Rural,715,53,1,0.9793
APP-004067,Male,Yes,0,Not Graduate,No,29366.72,0.0,84246.5,300,1,Semiurban,610,22,0,0.6701
APP-004068,Female,No,0,Graduate,No,53559.63,0.0,275180.4,300,1,Semiurban,674,29,1,0.8595
APP-004069,Female,No,0,Graduate,No,23055.2,17232.38,129735.26,360,1,Urban,672,43,1,0.9912
APP-004070,Male,Yes,1,Graduate,No,52896.81,0.0,302545.95,120,1,Urban,492,33,0,0.0
APP-004071,Male,No,2,Graduate,Yes,23922.22,19268.14,180583.05,240,1,Urban,661,62,1,0.7655
APP-004072,Female,No,0,Graduate,No,44240.4,0.0,225208.82,240,1,Semiurban,667,50,0,0.7267
APP-004073,Male,Yes,3+,Graduate,No,83654.41,33534.22,500000.0,360,1,Rural,666,69,1,0.9359
APP-004074,Female,Yes,3+,Graduate,No,49641.62,0.0,206331.59,180,1,Rural,800,42,1,0.9881
APP-004075,Female,No,0,Not Graduate,No,32929.19,22731.24,274911.44,120,1,Semiurban,577,27,0,0.0003
APP-004076,Female,Yes,0,Not Graduate,No,54056.02,44525.27,500000.0,300,0,Semiurban,610,66,0,0.1342
APP-004077,Male,Yes,3+,Graduate,No,18516.84,0.0,83338.02,300,0,Semiurban,458,51,0,0.001
APP-004078,Female,Yes,3+,Graduate,No,25301.69,16767.81,187962.4,240,1,Rural,639,35,0,0.5041
APP-004079,Male,No,1,Not Graduate,No,31677.17,0.0,115163.45,300,1,Semiurban,646,39,1,0.8573
APP-004080,Female,Yes,2,Graduate,No,61868.57,0.0,116350.13,300,0,Semiurban,637,26,1,0.7675
APP-004081,Female,Yes,3+,Not Graduate,No,50170.84,0.0,217157.01,240,1,Rural,774,35,1,0.9849
APP-004082,Female,Yes,3+,Graduate,No,53870.68,17882.38,173015.76,240,1,Rural,753,56,1,0.9984
APP-004083,Female,Yes,1,Not Graduate,No,39534.92,0.0,130648.13,180,1,Semiurban,687,51,0,0.8565
APP-004084,Female,No,1,Graduate,No,26018.03,0.0,75119.65,360,1,Rural,648,29,1,0.9476
APP-004085,Male,No,1,Graduate,No,90986.31,0.0,280844.74,240,1,Rural,767,60,1,0.9981
APP-004086,Male,No,2,Not Graduate,No,27342.94,0.0,86801.7,300,1,Semiurban,678,34,1,0.9525
APP-004087,Male,Yes,0,Graduate,No,50537.53,0.0,268058.71,240,0,Urban,610,42,0,0.0605
APP-004088,Male,Yes,2,Not Graduate,No,37734.97,0.0,186853.18,180,1,Semiurban,534,56,0,0.0021
APP-004089,Male,Yes,1,Graduate,No,54701.49,39456.84,421958.91,360,1,Urban,642,22,1,0.8664
APP-004090,Male,Yes,1,Graduate,Yes,28766.94,0.0,211342.46,240,1,Urban,744,30,1,0.5718
APP-004091,Male,No,2,Graduate,No,71608.74,30454.03,500000.0,180,1,Urban,850,37,1,0.9971
APP-004092,Female,Yes,3+,Graduate,No,85652.43,0.0,458815.83,360,1,Rural,685,46,1,0.9254
APP-004093,Male,No,0,Graduate,No,69232.64,0.0,444122.55,360,0,Semiurban,615,60,0,0.1613
APP-004094,Female,Yes,2,Not Graduate,No,43769.56,0.0,211682.99,360,0,Semiurban,579,40,0,0.065
APP-004095,Female,No,1,Graduate,No,31592.69,0.0,180277.58,300,1,Rural,727,30,0,0.9482
APP-004096,Female,Yes,0,Graduate,No,189503.26,32542.49,455742.38,300,1,Urban,530,51,1,0.5802
APP-004097,Female,No,1,Graduate,No,23262.7,0.0,29364.29,240,1,Semiurban,727,27,1,0.9984
APP-004098,Male,Yes,1,Not Graduate,Yes,65164.9,0.0,107298.23,240,1,Semiurban,750,64,1,0.998
APP-004099,Female,Yes,2,Graduate,No,48196.02,0.0,155121.93,300,1,Semiurban,717,23,1,0.987
APP-004100,Male,Yes,1,Not Graduate,No,38777.85,15879.16,431025.62,360,1,Rural,661,26,0,0.3818
APP-004101,Female,Yes,2,Not Graduate,No,44437.53,0.0,212511.45,240,1,Semiurban,728,40,1,0.9262
APP-004102,Female,No,0,Graduate,No,30314.5,0.0,108400.15,360,0,Urban,695,59,1,0.9679
APP-004103,Female,No,1,Graduate,No,50760.84,0.0,279603.85,240,1,Semiurban,614,34,0,0.1423
APP-004104,Female,No,1,Graduate,No,47774.79,0.0,238746.27,240,1,Semiurban,837,67,1,0.9988
APP-004105,Female,No,1,Graduate,No,175029.41,65346.91,500000.0,240,1,Rural,650,66,1,0.967
APP-004106,Female,Yes,0,Graduate,No,72326.96,0.0,380771.07,360,1,Rural,746,29,1,0.9922
APP-004107,Male,No,0,Graduate,No,53302.34,0.0,330474.22,120,0,Urban,474,50,0,0.0
APP-004108,Female,Yes,0,Graduate,No,55080.85,0.0,500000.0,240,1,Urban,789,37,1,0.7389
APP-004109,Male,Yes,3+,Graduate,No,110386.79,30104.87,500000.0,360,1,Urban,805,49,1,0.9998
APP-004110,Female,No,3+,Graduate,No,23535.5,0.0,215014.66,300,1,Rural,683,55,0,0.1794
APP-004111,Female,Yes,0,Graduate,No,36297.24,30695.3,238036.75,240,1,Urban,727,25,1,0.99
APP-004112,Male,No,2,Graduate,No,14059.78,15709.9,361549.4,300,1,Semiurban,727,55,0,0.1295
APP-004113,Male,No,1,Not Graduate,No,54574.7,0.0,178007.26,360,0,Urban,625,48,1,0.638
APP-004114,Male,No,0,Not Graduate,No,63990.86,5797.97,397291.34,300,1,Semiurban,727,64,1,0.9672
APP-004115,Female,No,2,Graduate,No,23211.89,0.0,112578.45,360,1,Rural,611,25,1,0.4589
APP-004116,Female,Yes,3+,Graduate,No,88370.55,0.0,500000.0,180,0,Urban,628,64,0,0.0061
APP-004117,Male,Yes,0,Graduate,No,27027.66,0.0,211987.4,240,1,Urban,776,30,1,0.8414
APP-004118,Female,Yes,0,Graduate,No,33244.43,0.0,88657.91,240,1,Rural,763,69,1,0.9985
APP-004119,Male,Yes,3+,Graduate,No,42862.87,0.0,157070.97,360,1,Urban,620,38,1,0.8372
APP-004120,Male,Yes,2,Graduate,No,96452.7,35012.66,500000.0,180,0,Urban,618,39,0,0.0885
APP-004121,Female,No,0,Graduate,No,25034.03,54426.18,354194.84,360,1,Urban,625,67,1,0.8856
APP-004122,Female,Yes,0,Graduate,No,47107.43,27781.83,460484.96,240,1,Semiurban,742,67,1,0.93
APP-004123,Male,Yes,1,Graduate,No,61461.16,0.0,161862.73,240,1,Rural,595,66,0,0.6331
APP-004124,Male,No,1,Graduate,No,54866.52,0.0,209400.68,300,1,Urban,710,23,1,0.9811
APP-004125,Male,Yes,0,Graduate,No,55992.36,0.0,173521.81,180,1,Rural,743,33,1,0.9855
APP-004126,Male,No,1,Graduate,No,61011.96,50787.01,500000.0,180,1,Urban,672,42,0,0.6136
APP-004127,Male,No,0,Not Graduate,No,29581.44,0.0,175751.12,240,1,Rural,766,39,1,0.9439
APP-004128,Female,No,1,Graduate,No,101547.19,0.0,500000.0,360,1,Urban,654,36,1,0.9046
APP-004129,Male,No,0,Graduate,No,37754.8,9129.41,122646.41,360,1,Urban,662,68,1,0.9904
APP-004130,Male,Yes,2,Graduate,No,35097.44,16851.55,283486.19,360,1,Semiurban,597,23,0,0.323
APP-004131,Male,Yes,0,Graduate,No,84220.53,0.0,362317.72,180,1,Urban,766,51,1,0.9818
APP-004132,Female,No,0,Graduate,No,28372.86,76243.42,148441.34,360,1,Urban,615,61,1,0.9818
APP-004133,Female,Yes,2,Not Graduate,No,47865.63,0.0,251347.32,180,1,Semiurban,710,28,1,0.2986
APP-004134,Male,Yes,0,Graduate,No,26968.94,13090.6,305445.37,300,1,Urban,674,33,1,0.5836
APP-004135,Male,No,2,Graduate,No,160424.66,75210.59,500000.0,180,0,Semiurban,591,66,0,0.2433
APP-004136,Female,Yes,0,Graduate,No,142879.94,22568.6,500000.0,360,1,Rural,628,56,1,0.9534
APP-004137,Male,Yes,0,Graduate,No,37773.67,0.0,233904.09,300,1,Urban,798,63,1,0.9971
APP-004138,Female,Yes,1,Not Graduate,No,53418.98,0.0,291075.99,240,1,Urban,697,26,0,0.6535
APP-004139,Female,Yes,3+,Graduate,Yes,40249.78,0.0,121880.84,240,1,Semiurban,594,32,0,0.2924
APP-004140,Female,Yes,0,Graduate,No,33132.51,0.0,94350.48,240,1,Semiurban,706,66,1,0.9897
APP-004141,Female,No,0,Graduate,No,42864.42,94332.98,500000.0,180,1,Semiurban,668,25,0,0.7156
APP-004142,Male,Yes,2,Graduate,No,39248.53,0.0,150478.78,300,1,Urban,850,62,1,0.9999
APP-004143,Male,No,3+,Graduate,No,17389.69,70324.38,389077.28,300,1,Semiurban,704,57,1,0.9751
APP-004144,Male,Yes,1,Graduate,No,46381.82,0.0,163846.0,180,0,Semiurban,648,65,0,0.2272
APP-004145,Female,Yes,1,Not Graduate,No,39212.03,0.0,183936.91,180,1,Semiurban,801,30,1,0.9682
APP-004146,Male,No,0,Not Graduate,No,47653.45,0.0,125722.64,240,0,Urban,524,55,0,0.0352
APP-004147,Male,Yes,0,Not Graduate,No,38459.66,0.0,325446.66,240,0,Urban,688,66,0,0.0197
APP-004148,Female,Yes,0,Graduate,No,32919.27,20067.89,99592.82,180,1,Semiurban,850,30,1,1.0
APP-004149,Female,Yes,0,Graduate,No,64938.8,45755.75,455004.82,180,0,Urban,670,65,0,0.3567
APP-004150,Male,No,2,Not Graduate,Yes,53810.5,13162.06,260516.74,180,1,Urban,533,45,0,0.0082
APP-004151,Male,No,1,Not Graduate,Yes,86493.63,14803.16,406303.18,240,1,Semiurban,646,25,1,0.4554
APP-004152,Male,Yes,2,Graduate,No,52685.81,0.0,153632.63,300,1,Semiurban,804,38,1,0.9997
APP-004153,Male,Yes,1,Graduate,No,36001.52,86319.98,264191.86,300,1,Urban,712,51,1,0.9985
APP-004154,Male,Yes,0,Graduate,Yes,56343.53,0.0,267635.27,240,0,Semiurban,609,28,1,0.0321
APP-004155,Male,Yes,1,Graduate,No,13502.94,0.0,52494.47,240,1,Semiurban,622,22,1,0.4264
APP-004156,Male,No,1,Graduate,No,127647.0,0.0,500000.0,300,0,Urban,632,37,0,0.5148
APP-004157,Male,Yes,0,Graduate,No,46672.44,0.0,94695.38,240,1,Semiurban,711,57,1,0.9969
APP-004158,Male,Yes,3+,Graduate,No,133445.81,16172.43,500000.0,360,1,Semiurban,794,65,1,0.9997
APP-004159,Female,No,2,Graduate,Yes,24881.01,0.0,102326.79,300,1,Rural,769,67,1,0.9944
APP-004160,Female,No,3+,Graduate,No,21704.94,0.0,23542.11,300,1,Rural,719,58,1,0.9986
APP-004161,Female,Yes,1,Graduate,No,49080.07,0.0,227785.31,240,0,Semiurban,567,32,0,0.0148
APP-004162,Female,No,2,Not Graduate,No,48991.11,0.0,168894.59,240,1,Urban,567,47,0,0.1938
APP-004163,Male,Yes,0,Graduate,No,48340.97,29952.57,200440.56,240,1,Rural,725,64,1,0.9968
APP-004164,Female,No,2,Not Graduate,No,44453.74,0.0,329923.33,120,1,Urban,566,37,0,0.0
APP-004165,Female,No,3+,Graduate,No,28411.11,0.0,184039.77,360,0,Urban,661,32,1,0.3328
APP-004166,Male,Yes,0,Graduate,No,17730.73,72868.6,450448.01,360,1,Urban,706,46,1,0.9912
APP-004167,Male,Yes,1,Graduate,No,46898.12,15652.89,276065.64,360,1,Urban,583,59,0,0.6408
APP-004168,Female,Yes,0,Not Graduate,No,19822.53,0.0,106059.76,240,1,Urban,593,69,0,0.081
APP-004169,Female,No,1,Graduate,No,18819.46,0.0,39441.85,360,1,Rural,672,45,1,0.9912
APP-004170,Male,Yes,3+,Graduate,No,32553.9,12165.93,207820.53,360,0,Urban,723,30,1,0.9535
APP-004171,Female,Yes,0,Graduate,No,50861.55,0.0,378427.22,240,1,Urban,770,61,1,0.903
APP-004172,Female,No,1,Not Graduate,Yes,119762.7,0.0,500000.0,360,1,Urban,732,31,1,0.9869
APP-004173,Male,Yes,0,Graduate,No,68774.8,0.0,182741.33,360,1,Urban,686,61,1,0.9951
APP-004174,Male,No,1,Graduate,No,88280.07,0.0,409123.28,300,1,Semiurban,617,61,1,0.6065
APP-004175,Female,No,0,Graduate,No,57498.49,60813.57,304316.63,360,1,Urban,589,56,1,0.9098
APP-004176,Male,Yes,3+,Graduate,No,49107.62,90733.49,500000.0,360,0,Urban,637,46,1,0.7577
APP-004177,Male,Yes,0,Graduate,No,159242.69,0.0,483931.26,300,1,Semiurban,715,42,1,0.9956
APP-004178,Male,Yes,0,Graduate,No,19388.38,28751.5,138740.79,240,1,Urban,709,51,1,0.9951
APP-004179,Female,No,3+,Graduate,No,31975.44,9114.66,205802.69,180,0,Urban,502,57,0,0.0003
APP-004180,Male,Yes,1,Graduate,No,33377.96,0.0,102648.08,360,1,Rural,613,42,1,0.8703
APP-004181,Male,Yes,1,Graduate,No,65608.23,36418.57,304182.43,120,1,Urban,782,37,1,0.9857
APP-004182,Male,No,2,Not Graduate,No,23427.66,38669.24,310111.76,180,1,Rural,687,22,0,0.1918
APP-004183,Male,No,2,Not Graduate,No,61076.73,0.0,133681.1,240,1,Rural,560,48,0,0.3379
APP-004184,Male,No,2,Graduate,No,55204.92,0.0,203597.91,240,1,Rural,850,29,1,0.9997
APP-004185,Male,Yes,0,Graduate,No,62776.81,62127.98,266635.99,240,1,Semiurban,678,58,1,0.9917
APP-004186,Female,Yes,0,Graduate,No,62154.14,13499.75,175284.26,120,1,Semiurban,713,52,1,0.9674
APP-004187,Female,No,1,Graduate,No,93533.58,0.0,500000.0,360,1,Urban,714,24,1,0.9734
APP-004188,Male,No,1,Not Graduate,No,39063.15,0.0,138078.32,300,0,Urban,649,40,1,0.6471
APP-004189,Female,Yes,0,Graduate,No,53722.48,22866.73,236440.84,360,1,Semiurban,618,41,1,0.936
APP-004190,Male,Yes,0,Not Graduate,No,26766.27,0.0,167346.63,360,1,Urban,850,24,1,0.9994
APP-004191,Male,No,1,Graduate,No,23608.52,19723.63,382256.42,240,1,Rural,765,61,0,0.5869
APP-004192,Female,No,2,Graduate,No,105942.93,19815.6,500000.0,240,1,Semiurban,750,64,1,0.9926
APP-004193,Female,No,0,Graduate,No,25676.58,0.0,173279.1,240,1,Urban,729,25,0,0.7232
APP-004194,Female,Yes,0,Not Graduate,No,57109.27,41531.81,328079.92,360,0,Semiurban,595,54,1,0.4377
APP-004195,Male,Yes,0,Graduate,No,53748.63,50498.89,455428.92,300,1,Semiurban,789,30,1,0.999
APP-004196,Male,No,1,Graduate,No,76591.36,0.0,327596.09,360,1,Semiurban,608,64,1,0.7251
APP-004197,Male,No,3+,Graduate,No,16122.8,0.0,79516.58,360,1,Semiurban,704,39,1,0.9714
APP-004198,Male,Yes,0,Not Graduate,Yes,65523.48,0.0,431166.46,180,1,Rural,541,49,0,0.0002
APP-004199,Male,No,2,Graduate,No,38874.06,22778.84,135671.04,360,0,Urban,507,36,1,0.0771
APP-004200,Male,Yes,1,Graduate,No,28855.33,24975.35,153743.89,360,1,Urban,707,56,1,0.9977
APP-004201,Male,Yes,3+,Graduate,No,34963.17,0.0,119811.57,240,1,Urban,611,40,1,0.5784
APP-004202,Male,Yes,0,Graduate,No,70985.0,34045.85,289363.26,360,0,Urban,511,51,0,0.1039
APP-004203,Male,Yes,3+,Not Graduate,No,60004.95,22171.15,388493.38,300,1,Rural,726,50,1,0.9738
APP-004204,Male,Yes,2,Graduate,No,37408.08,0.0,175861.46,240,1,Semiurban,850,26,1,0.999
APP-004205,Female,Yes,3+,Graduate,No,21450.24,0.0,93888.62,180,1,Urban,798,44,1,0.9881
APP-004206,Female,Yes,2,Graduate,No,22299.07,18833.53,146289.78,360,1,Rural,658,31,1,0.9512
APP-004207,Female,No,0,Graduate,No,60728.39,0.0,474805.99,360,1,Urban,681,54,1,0.8235
APP-004208,Male,Yes,1,Graduate,No,19875.47,57856.84,365311.14,180,1,Urban,755,24,1,0.9216
APP-004209,Male,Yes,0,Graduate,No,37609.62,0.0,149854.44,240,1,Rural,775,26,1,0.9947
APP-004210,Male,Yes,0,Graduate,Yes,175358.84,21744.56,500000.0,120,0,Urban,651,48,0,0.2179
APP-004211,Female,No,3+,Graduate,No,51676.5,0.0,307954.63,300,1,Urban,683,32,1,0.7689
APP-004212,Female,Yes,2,Graduate,Yes,60369.37,0.0,283369.86,300,1,Urban,706,41,1,0.9488
APP-004213,Female,Yes,0,Graduate,No,22391.36,9395.54,91850.88,360,1,Urban,727,43,1,0.999
APP-004214,Female,No,1,Not Graduate,No,20434.59,0.0,192579.15,120,1,Urban,669,33,0,0.0
APP-004215,Female,Yes,0,Graduate,No,62174.62,0.0,326305.07,180,1,Rural,670,67,0,0.2126
APP-004216,Male,Yes,0,Graduate,No,34361.99,0.0,87229.72,120,1,Semiurban,797,44,1,0.9961
APP-004217,Male,Yes,3+,Graduate,No,76534.11,10660.69,164186.06,360,1,Urban,783,48,1,0.9999
APP-004218,Female,Yes,3+,Graduate,No,43422.08,0.0,252379.39,300,0,Rural,721,37,1,0.7054
APP-004219,Female,No,1,Graduate,No,283792.76,55723.4,500000.0,180,1,Urban,826,42,1,1.0
APP-004220,Male,No,2,Graduate,No,30952.97,0.0,161720.11,120,1,Urban,647,69,0,0.0028
APP-004221,Female,Yes,0,Graduate,No,49713.03,38942.01,497930.45,180,0,Rural,818,29,1,0.8629
APP-004222,Male,Yes,2,Graduate,Yes,25931.66,177164.79,500000.0,360,0,Urban,726,60,1,0.9902
APP-004223,Male,No,0,Graduate,No,74805.3,0.0,319586.89,240,1,Rural,850,29,1,0.9995
APP-004224,Male,No,0,Not Graduate,No,54029.3,6666.22,121413.77,360,0,Urban,579,68,1,0.523
APP-004225,Female,Yes,1,Not Graduate,No,24992.86,12573.42,116934.14,240,1,Rural,621,42,1,0.7115
APP-004226,Female,Yes,0,Graduate,No,35613.97,29241.18,395326.64,240,1,Urban,716,67,1,0.8729
APP-004227,Female,Yes,0,Graduate,No,90175.15,0.0,500000.0,300,1,Urban,714,28,1,0.9541
APP-004228,Male,Yes,0,Graduate,No,84409.9,21956.26,415238.52,180,1,Semiurban,846,59,1,0.9994
APP-004229,Male,Yes,1,Graduate,No,19478.81,0.0,64887.85,240,1,Urban,623,28,0,0.6943
APP-004230,Male,Yes,0,Not Graduate,No,32817.48,0.0,151290.07,180,1,Urban,757,34,1,0.9241
APP-004231,Male,Yes,0,Not Graduate,No,115470.25,0.0,421830.85,360,1,Urban,779,28,1,0.9991
APP-004232,Female,Yes,0,Graduate,No,38679.0,0.0,159096.36,300,1,Semiurban,740,62,1,0.9954
APP-004233,Female,No,0,Graduate,No,46905.13,0.0,212221.98,240,0,Urban,598,38,1,0.0817
APP-004234,Male,No,1,Graduate,Yes,74593.79,67669.45,427492.1,300,0,Rural,800,52,1,0.9982
APP-004235,Female,No,0,Graduate,No,20380.04,13717.39,208355.66,180,1,Urban,784,43,1,0.9074
APP-004236,Female,Yes,1,Graduate,Yes,25290.05,0.0,100112.74,360,1,Urban,731,46,1,0.9948
APP-004237,Male,No,0,Not Graduate,No,35488.55,0.0,188410.22,360,0,Semiurban,697,46,1,0.8341
APP-004238,Female,No,0,Graduate,No,82252.0,34723.91,500000.0,180,1,Rural,699,57,0,0.83
APP-004239,Female,Yes,0,Graduate,No,74300.35,0.0,500000.0,360,0,Semiurban,673,52,1,0.5589
APP-004240,Female,Yes,0,Graduate,Yes,62998.83,21260.87,458615.8,240,1,Semiurban,734,51,1,0.9352
APP-004241,Male,Yes,0,Graduate,No,39279.66,0.0,201164.82,240,1,Semiurban,683,42,1,0.8067
APP-004242,Female,Yes,2,Graduate,No,78925.79,25823.16,500000.0,300,1,Urban,608,49,1,0.5959
APP-004243,Female,Yes,0,Graduate,No,38989.4,0.0,424571.59,360,1,Urban,591,38,0,0.0183
APP-004244,Female,No,1,Graduate,No,58272.32,31192.81,373900.35,180,1,Semiurban,616,50,0,0.2287
APP-004245,Female,No,0,Not Graduate,Yes,70025.97,0.0,321380.18,240,1,Rural,699,55,1,0.8076
APP-004246,Female,Yes,0,Not Graduate,No,107823.51,0.0,481861.29,360,0,Urban,678,58,1,0.85
APP-004247,Female,Yes,0,Graduate,No,41110.61,61776.75,181080.12,360,1,Urban,698,41,1,0.9987
APP-004248,Male,No,0,Graduate,No,34737.13,11255.7,204453.72,360,1,Urban,723,52,1,0.9967
APP-004249,Female,Yes,1,Not Graduate,No,86447.4,0.0,500000.0,180,1,Rural,627,58,0,0.0172
APP-004250,Female,Yes,1,Graduate,No,90176.03,0.0,484644.36,300,1,Rural,805,57,1,0.9982
APP-004251,Female,No,0,Graduate,Yes,31449.68,20322.27,435645.42,240,1,Semiurban,657,41,1,0.0349
APP-004252,Male,No,0,Graduate,Yes,23091.77,0.0,140187.25,180,1,Semiurban,643,53,0,0.0248
APP-004253,Female,No,0,Graduate,Yes,82906.52,52993.56,500000.0,120,1,Semiurban,721,35,0,0.4794
APP-004254,Female,No,0,Graduate,No,17189.43,0.0,109319.41,360,1,Rural,524,27,0,0.0207
APP-004255,Female,No,1,Not Graduate,No,16713.29,0.0,83960.42,180,1,Semiurban,613,64,0,0.0321
APP-004256,Female,No,2,Not Graduate,No,36586.61,0.0,137469.18,240,1,Rural,763,53,1,0.9921
APP-004257,Male,Yes,1,Not Graduate,No,42461.02,0.0,170843.77,180,1,Rural,532,37,0,0.0064
APP-004258,Male,No,0,Not Graduate,Yes,22404.71,0.0,32684.6,300,1,Urban,775,69,1,0.9996
APP-004259,Female,No,0,Graduate,No,45343.65,0.0,396251.67,360,1,Urban,808,21,1,0.9893
APP-004260,Female,No,1,Graduate,No,46469.83,25236.53,279598.39,240,1,Semiurban,649,31,1,0.7944
APP-004261,Female,No,3+,Not Graduate,No,30815.92,0.0,82144.2,360,0,Urban,705,69,1,0.9607
APP-004262,Male,Yes,0,Not Graduate,Yes,122811.42,4367.88,459782.65,180,1,Urban,775,46,1,0.989
APP-004263,Male,Yes,0,Graduate,Yes,50836.44,0.0,477866.52,240,1,Urban,640,62,0,0.0063
APP-004264,Female,No,1,Graduate,Yes,74657.7,38865.27,499863.76,180,1,Rural,754,42,1,0.9245
APP-004265,Female,Yes,1,Graduate,No,18017.21,0.0,86225.02,240,1,Semiurban,623,38,0,0.3554
APP-004266,Female,Yes,3+,Not Graduate,Yes,17931.91,21082.89,425271.51,360,0,Semiurban,639,43,0,0.005
APP-004267,Male,Yes,1,Graduate,Yes,51690.77,19462.91,441768.71,360,1,Semiurban,612,27,0,0.2742
APP-004268,Male,Yes,0,Not Graduate,No,111320.84,8717.79,449498.33,180,1,Semiurban,709,57,1,0.9162
APP-004269,Male,Yes,1,Graduate,Yes,23029.59,8181.47,61920.25,360,1,Rural,778,40,1,0.9997
APP-004270,Male,Yes,0,Not Graduate,No,43427.89,0.0,246819.92,300,0,Urban,664,31,0,0.3144
APP-004271,Male,No,2,Graduate,No,20347.17,0.0,63926.88,240,0,Semiurban,572,52,0,0.095
APP-004272,Female,No,1,Not Graduate,No,27031.48,0.0,155083.63,360,1,Urban,588,67,0,0.2499
APP-004273,Male,Yes,2,Graduate,No,44632.22,30563.21,313686.75,360,1,Rural,714,28,1,0.9877
APP-004274,Female,No,0,Not Graduate,No,30609.44,0.0,156844.38,360,1,Semiurban,837,44,1,0.9997
APP-004275,Female,Yes,1,Graduate,No,19574.09,37408.98,363539.23,180,1,Semiurban,713,38,0,0.2521
APP-004276,Female,Yes,2,Graduate,No,19334.48,15197.82,67608.19,180,0,Urban,647,58,1,0.806
APP-004277,Male,No,0,Graduate,No,14224.14,0.0,64255.42,360,1,Rural,745,69,1,0.9961
APP-004278,Male,No,1,Not Graduate,No,52162.6,0.0,220562.42,300,1,Urban,660,31,0,0.8508
APP-004279,Male,No,1,Graduate,No,55752.06,0.0,270556.46,360,1,Rural,648,38,1,0.857
APP-004280,Male,Yes,1,Graduate,No,55598.1,0.0,297414.08,360,0,Urban,599,62,0,0.187
APP-004281,Female,No,0,Graduate,Yes,24341.87,0.0,111118.63,360,1,Urban,800,68,1,0.9993
APP-004282,Female,No,0,Graduate,No,69791.9,0.0,222290.34,240,0,Urban,464,42,0,0.0036
APP-004283,Female,Yes,0,Graduate,Yes,59203.05,20888.53,205395.85,240,1,Urban,748,43,1,0.9983
APP-004284,Female,Yes,0,Not Graduate,No,40296.18,20242.47,126319.5,180,0,Semiurban,641,41,0,0.6622
APP-004285,Male,No,1,Graduate,No,36818.08,0.0,165644.2,180,1,Rural,645,41,0,0.232
APP-004286,Female,No,0,Not Graduate,No,28084.88,0.0,151752.73,240,1,Semiurban,824,30,1,0.9951
APP-004287,Male,Yes,0,Graduate,No,44608.92,4049.11,177844.53,240,0,Semiurban,619,60,1,0.3671
APP-004288,Male,No,0,Graduate,No,97683.34,0.0,500000.0,180,1,Urban,622,63,0,0.0853
APP-004289,Male,Yes,2,Not Graduate,No,75043.34,43380.29,479504.91,300,0,Rural,669,63,1,0.6571
APP-004290,Male,Yes,0,Graduate,No,34859.61,0.0,142992.94,240,1,Urban,715,64,1,0.978
APP-004291,Male,Yes,2,Graduate,Yes,53973.14,22592.18,170876.6,240,1,Semiurban,642,60,1,0.9187
APP-004292,Male,Yes,2,Graduate,No,21899.38,60968.27,289376.84,300,0,Rural,546,53,0,0.0659
APP-004293,Male,No,2,Not Graduate,No,59966.24,12748.56,469116.02,240,1,Urban,606,55,0,0.05
APP-004294,Female,No,0,Graduate,Yes,25413.32,25864.61,410000.18,300,1,Urban,789,54,1,0.9779
APP-004295,Female,Yes,2,Graduate,No,58667.46,0.0,229579.19,300,1,Rural,686,27,1,0.9361
APP-004296,Male,No,2,Not Graduate,No,205456.52,0.0,500000.0,240,1,Urban,718,49,1,0.9933
APP-004297,Male,Yes,0,Graduate,No,29333.73,17356.02,376162.11,240,1,Urban,658,34,0,0.0926
APP-004298,Female,Yes,3+,Graduate,No,200294.05,8826.36,500000.0,120,1,Rural,624,42,1,0.3358
APP-004299,Female,No,2,Not Graduate,No,52567.3,0.0,258513.32,360,1,Urban,823,68,1,0.9995
APP-004300,Male,Yes,2,Graduate,Yes,26574.46,0.0,123420.85,360,1,Semiurban,664,56,1,0.8834
APP-004301,Female,No,1,Graduate,No,25912.98,0.0,179200.08,180,0,Semiurban,642,23,0,0.0011
APP-004302,Female,No,0,Graduate,No,147373.52,0.0,431456.62,240,1,Urban,773,27,1,0.9987
APP-004303,Male,No,0,Not Graduate,No,52635.38,0.0,258645.21,360,1,Urban,619,29,1,0.6247
APP-004304,Female,Yes,2,Not Graduate,No,29396.06,0.0,111566.47,360,1,Rural,629,43,0,0.793
APP-004305,Male,Yes,2,Not Graduate,No,35885.79,0.0,185226.37,240,1,Urban,681,46,0,0.6814
APP-004306,Male,No,0,Graduate,No,50864.81,20131.84,500000.0,300,1,Rural,680,60,0,0.7206
APP-004307,Male,Yes,1,Graduate,No,39942.8,0.0,331037.5,360,1,Rural,702,24,1,0.6756
APP-004308,Male,No,2,Not Graduate,No,48544.91,13644.34,461168.06,180,1,Urban,850,44,1,0.8765
APP-004309,Male,Yes,0,Not Graduate,No,106455.89,31853.19,377614.59,300,0,Urban,709,29,1,0.9721
APP-004310,Female,Yes,1,Graduate,No,21582.03,0.0,74368.97,360,0,Semiurban,478,65,0,0.0095
APP-004311,Male,Yes,0,Graduate,Yes,57213.59,33217.47,500000.0,180,1,Semiurban,708,42,1,0.4037
APP-004312,Male,No,0,Graduate,Yes,38557.52,0.0,215793.74,360,1,Semiurban,683,55,1,0.9157
APP-004313,Male,Yes,0,Not Graduate,Yes,30501.31,18404.56,185244.41,360,1,Semiurban,684,31,1,0.9602
APP-004314,Male,No,0,Graduate,No,72380.76,0.0,204288.63,360,0,Rural,701,36,1,0.9742
APP-004315,Female,No,1,Graduate,Yes,17965.63,0.0,13202.5,300,1,Rural,678,54,1,0.9947
APP-004316,Female,No,0,Not Graduate,No,12000.0,0.0,24966.45,300,1,Semiurban,676,46,1,0.9887
APP-004317,Male,Yes,2,Graduate,No,45410.25,24122.11,258354.12,300,1,Urban,732,31,1,0.995
APP-004318,Male,No,3+,Graduate,No,37197.66,0.0,139159.28,180,1,Urban,634,47,0,0.3931
APP-004319,Female,Yes,2,Graduate,No,19071.19,0.0,97823.37,240,0,Semiurban,599,69,0,0.0243
APP-004320,Female,Yes,1,Not Graduate,No,15665.19,43593.65,331176.25,180,1,Urban,850,36,1,0.9898
APP-004321,Female,Yes,2,Graduate,Yes,116058.35,0.0,500000.0,240,0,Urban,619,61,0,0.0897
APP-004322,Female,No,3+,Not Graduate,No,51774.77,39375.51,274813.08,360,1,Urban,689,56,1,0.9894
APP-004323,Female,No,1,Not Graduate,No,40570.85,30747.99,126359.6,360,0,Rural,553,42,0,0.2617
APP-004324,Female,Yes,0,Graduate,No,134240.02,0.0,376766.04,240,1,Semiurban,690,56,1,0.9854
APP-004325,Male,No,0,Graduate,No,70413.08,0.0,500000.0,300,1,Rural,601,32,0,0.0775
APP-004326,Female,Yes,0,Graduate,No,106202.43,0.0,455386.36,300,1,Urban,642,55,1,0.8869
APP-004327,Male,Yes,3+,Graduate,No,20973.72,48398.63,466406.33,240,1,Semiurban,769,28,1,0.8904
APP-004328,Female,Yes,2,Graduate,No,20546.26,16519.34,122658.44,300,0,Semiurban,720,48,1,0.9778
APP-004329,Female,Yes,1,Not Graduate,No,56353.04,0.0,191712.72,180,1,Rural,728,22,1,0.896
APP-004330,Female,No,0,Graduate,No,50411.5,86894.39,270649.49,120,1,Semiurban,529,61,0,0.0799
APP-004331,Male,No,3+,Graduate,No,79802.82,0.0,293161.1,240,1,Urban,836,58,1,0.9997
APP-004332,Male,Yes,2,Graduate,No,16367.72,0.0,70119.55,360,0,Semiurban,579,39,0,0.1363
APP-004333,Male,Yes,0,Graduate,Yes,59099.55,0.0,372268.03,360,1,Urban,810,46,1,0.9986
APP-004334,Male,No,1,Graduate,No,69154.45,18519.86,481113.68,300,1,Urban,767,56,1,0.9962
APP-004335,Female,Yes,0,Graduate,No,67164.13,0.0,500000.0,300,1,Rural,729,22,0,0.7865
APP-004336,Male,No,3+,Not Graduate,No,32090.59,25203.73,227916.64,300,1,Semiurban,607,55,1,0.5494
APP-004337,Female,Yes,1,Graduate,No,53382.5,0.0,253817.12,240,1,Semiurban,693,25,1,0.8079
APP-004338,Female,Yes,0,Graduate,No,26196.7,30428.97,239712.96,240,1,Rural,640,35,1,0.6989
APP-004339,Male,Yes,0,Graduate,Yes,34162.36,8921.33,134336.81,120,1,Rural,682,23,1,0.2888
APP-004340,Male,Yes,1,Not Graduate,No,22615.37,0.0,115929.04,120,1,Semiurban,659,53,0,0.0043
APP-004341,Male,No,1,Not Graduate,No,26442.66,0.0,99574.81,360,1,Rural,507,44,0,0.0602
APP-004342,Male,No,0,Graduate,Yes,35153.19,16734.42,467554.0,360,1,Semiurban,775,30,1,0.9566
APP-004343,Female,Yes,2,Graduate,No,30637.65,0.0,91558.81,300,1,Rural,673,54,1,0.9723
APP-004344,Male,Yes,0,Not Graduate,Yes,26440.83,0.0,96736.58,360,0,Semiurban,639,37,0,0.4943
APP-004345,Male,No,3+,Graduate,No,19638.0,42831.8,152169.56,300,0,Rural,632,65,1,0.7204
APP-004346,Female,No,2,Not Graduate,Yes,118019.21,0.0,500000.0,300,1,Rural,710,49,1,0.9397
APP-004347,Male,Yes,1,Graduate,No,30475.87,18919.87,115871.31,360,1,Urban,604,52,1,0.9447
APP-004348,Male,Yes,0,Not Graduate,No,48121.34,0.0,204399.53,180,0,Rural,488,43,0,0.0003
APP-004349,Male,Yes,0,Graduate,No,15253.52,0.0,38427.87,180,1,Semiurban,715,62,1,0.9882
APP-004350,Male,No,0,Graduate,No,84686.12,17427.15,279626.21,300,1,Rural,724,51,1,0.998
APP-004351,Male,No,2,Not Graduate,No,43999.71,11696.56,168291.1,180,0,Semiurban,663,47,0,0.4607
APP-004352,Male,Yes,3+,Graduate,No,31441.03,0.0,186119.49,300,0,Rural,582,59,0,0.0184
APP-004353,Male,Yes,1,Graduate,No,31592.42,0.0,129071.21,360,1,Semiurban,688,57,1,0.9827
APP-004354,Female,No,3+,Graduate,No,64742.65,0.0,261172.09,360,0,Semiurban,556,55,0,0.0741
APP-004355,Female,Yes,3+,Graduate,No,12000.0,0.0,65890.99,240,1,Rural,593,33,0,0.0447
APP-004356,Male,Yes,1,Not Graduate,No,25506.63,24745.89,159178.39,180,1,Rural,616,32,1,0.3268
APP-004357,Male,Yes,0,Graduate,Yes,37590.4,0.0,66165.8,360,1,Semiurban,752,21,1,0.9988
APP-004358,Female,Yes,2,Graduate,Yes,37352.83,0.0,97114.79,360,1,Rural,649,36,1,0.9306
APP-004359,Female,No,0,Graduate,No,159200.8,0.0,500000.0,240,1,Urban,642,45,1,0.912
APP-004360,Male,Yes,3+,Graduate,No,33333.68,0.0,139009.17,360,1,Semiurban,846,48,1,0.9999
APP-004361,Female,No,0,Graduate,Yes,69190.91,8227.06,424391.25,360,1,Rural,710,34,1,0.9644
APP-004362,Male,Yes,0,Graduate,No,108707.0,0.0,434110.27,240,1,Urban,709,66,1,0.9746
APP-004363,Male,No,0,Graduate,No,58037.1,0.0,390996.12,240,1,Rural,649,58,0,0.1684
APP-004364,Female,No,0,Not Graduate,No,27705.91,0.0,138980.43,360,1,Semiurban,629,22,0,0.5647
APP-004365,Male,Yes,1,Not Graduate,No,19801.87,0.0,44796.18,360,0,Urban,494,35,0,0.027
APP-004366,Male,No,0,Graduate,No,60474.75,0.0,81936.56,300,1,Rural,762,43,1,0.9998
APP-004367,Female,No,1,Graduate,No,99187.16,8870.91,292754.23,360,1,Semiurban,718,36,1,0.9979
APP-004368,Male,No,0,Graduate,No,54191.52,0.0,245808.18,360,1,Semiurban,665,26,1,0.9256
APP-004369,Male,No,1,Graduate,Yes,79094.33,0.0,398461.87,120,0,Semiurban,668,36,0,0.001
APP-004370,Female,Yes,1,Graduate,Yes,166970.24,0.0,500000.0,240,1,Urban,743,29,1,0.9923
APP-004371,Female,Yes,3+,Graduate,Yes,63611.9,18305.46,368638.24,360,0,Semiurban,548,56,0,0.0309
APP-004372,Male,Yes,3+,Graduate,No,21908.98,0.0,169210.96,180,1,Semiurban,630,54,0,0.0016
APP-004373,Male,No,0,Graduate,No,41277.94,0.0,177086.11,120,1,Rural,583,28,0,0.0017
APP-004374,Male,No,1,Graduate,No,85273.44,0.0,425516.63,360,0,Rural,831,47,1,0.9988
APP-004375,Female,No,0,Graduate,Yes,35002.37,0.0,306078.77,360,1,Semiurban,754,32,0,0.9101
APP-004376,Female,No,0,Graduate,No,91870.76,0.0,173344.64,180,0,Rural,493,50,0,0.0153
APP-004377,Female,Yes,0,Graduate,No,38684.13,74745.0,500000.0,180,1,Rural,551,52,0,0.0218
APP-004378,Male,No,3+,Graduate,No,48237.46,0.0,65009.05,360,1,Semiurban,669,27,1,0.9883
APP-004379,Female,No,2,Graduate,No,33093.51,28234.84,180283.33,180,1,Rural,640,37,1,0.7054
APP-004380,Female,No,3+,Graduate,No,43815.59,0.0,145238.42,180,1,Semiurban,567,22,0,0.0405
APP-004381,Female,Yes,0,Not Graduate,Yes,45109.41,30593.32,154754.1,360,1,Urban,845,59,1,1.0
APP-004382,Male,Yes,2,Graduate,Yes,16569.22,0.0,65585.79,360,1,Semiurban,707,38,1,0.9798
APP-004383,Female,Yes,2,Not Graduate,No,31480.5,0.0,131149.6,240,0,Semiurban,720,28,1,0.7157
APP-004384,Male,Yes,0,Graduate,No,20368.31,9990.51,180567.32,300,1,Semiurban,621,56,0,0.4987
APP-004385,Female,No,0,Graduate,Yes,32083.28,0.0,188077.87,240,1,Urban,741,36,1,0.8955
APP-004386,Female,Yes,2,Graduate,No,25917.14,0.0,119462.66,240,1,Urban,648,23,1,0.4809
APP-004387,Male,No,0,Graduate,No,70017.58,31312.93,500000.0,360,1,Urban,656,45,1,0.9514
APP-004388,Male,No,0,Not Graduate,No,70464.9,18876.55,500000.0,300,1,Rural,732,32,1,0.9638
APP-004389,Female,No,3+,Graduate,No,54620.35,36737.61,336489.39,300,1,Urban,542,45,0,0.2272
APP-004390,Female,Yes,1,Graduate,No,19986.11,0.0,89893.15,240,1,Urban,816,29,1,0.9984
APP-004391,Male,Yes,0,Graduate,Yes,38026.02,33486.09,229017.26,300,1,Urban,696,30,1,0.9849
APP-004392,Male,No,0,Graduate,No,19130.6,34471.98,131647.6,240,1,Urban,789,49,1,0.9998
APP-004393,Female,Yes,1,Not Graduate,No,37011.67,27641.64,334153.58,240,1,Urban,589,47,0,0.1187
APP-004394,Male,Yes,1,Graduate,No,57301.47,24798.14,178294.07,300,1,Semiurban,602,64,1,0.9043
APP-004395,Female,Yes,2,Graduate,No,69262.39,26431.7,374954.54,360,0,Semiurban,581,55,0,0.2533
APP-004396,Male,Yes,1,Graduate,No,52055.44,14095.13,100266.2,360,1,Rural,701,45,1,0.9984
APP-004397,Female,No,3+,Graduate,No,80190.42,0.0,352956.44,120,0,Semiurban,686,52,0,0.0116
APP-004398,Female,No,1,Graduate,No,46298.55,0.0,142304.75,300,0,Semiurban,641,56,1,0.7452
APP-004399,Male,No,1,Graduate,No,35296.6,0.0,194314.13,240,1,Semiurban,594,51,0,0.0981
APP-004400,Female,Yes,2,Graduate,No,64894.18,0.0,250296.4,300,0,Semiurban,572,39,0,0.088
APP-004401,Female,No,0,Graduate,Yes,66076.06,61734.18,500000.0,360,1,Semiurban,676,58,1,0.9737
APP-004402,Female,Yes,1,Graduate,No,30082.7,0.0,131293.47,360,0,Urban,640,69,1,0.6233
APP-004403,Female,Yes,1,Not Graduate,No,49436.3,0.0,160057.01,240,1,Urban,622,35,0,0.6657
APP-004404,Female,Yes,0,Graduate,No,34136.68,20038.89,178981.11,360,1,Semiurban,812,39,1,0.9999
APP-004405,Female,No,0,Graduate,No,13296.72,24918.92,126278.74,180,1,Urban,673,34,1,0.8949
APP-004406,Female,Yes,1,Graduate,No,51126.52,0.0,206020.82,180,1,Urban,788,22,1,0.9849
APP-004407,Male,No,3+,Graduate,No,19692.89,0.0,65341.59,180,0,Semiurban,635,38,0,0.1486
APP-004408,Male,Yes,1,Graduate,No,48075.28,0.0,251005.52,240,0,Semiurban,701,62,1,0.5412
APP-004409,Male,Yes,1,Not Graduate,No,17250.24,0.0,33163.17,300,1,Urban,675,49,1,0.9902
APP-004410,Female,No,3+,Graduate,Yes,27015.96,0.0,58663.17,240,0,Urban,536,65,0,0.0381
APP-004411,Female,Yes,0,Graduate,No,31619.23,0.0,315332.27,300,1,Rural,801,46,1,0.9206
APP-004412,Female,Yes,0,Graduate,No,77726.27,44671.85,429196.39,180,1,Urban,669,46,1,0.8771
APP-004413,Female,Yes,0,Not Graduate,No,29928.51,0.0,80817.74,300,1,Urban,743,48,1,0.9985
APP-004414,Male,Yes,0,Graduate,Yes,22220.4,0.0,93647.48,240,1,Semiurban,616,22,0,0.2181
APP-004415,Male,No,1,Not Graduate,No,49039.91,41906.95,500000.0,240,0,Rural,666,60,1,0.1636
APP-004416,Female,Yes,0,Graduate,No,35620.07,0.0,202627.32,300,0,Semiurban,606,35,0,0.0797
APP-004417,Female,Yes,0,Graduate,No,61994.96,0.0,188738.71,180,1,Semiurban,785,26,1,0.9965
APP-004418,Male,Yes,0,Not Graduate,No,23004.98,0.0,77867.49,240,1,Rural,706,45,1,0.9717
APP-004419,Male,Yes,0,Graduate,No,45069.89,0.0,165344.91,360,1,Urban,711,61,1,0.9958
APP-004420,Male,No,1,Graduate,No,156101.5,0.0,500000.0,240,1,Semiurban,795,30,1,0.999
APP-004421,Male,Yes,0,Graduate,No,35185.75,0.0,153102.35,360,1,Urban,778,29,1,0.9991
APP-004422,Female,Yes,1,Not Graduate,No,44475.85,0.0,125498.19,180,1,Semiurban,745,46,1,0.9889
APP-004423,Male,Yes,2,Graduate,No,16097.64,19830.26,121781.83,360,0,Semiurban,559,65,1,0.1636
APP-004424,Female,Yes,2,Not Graduate,No,25105.98,23607.97,184302.77,180,1,Rural,621,46,0,0.2171
APP-004425,Female,Yes,1,Graduate,No,51681.05,0.0,429237.83,360,0,Semiurban,595,28,0,0.0131
APP-004426,Male,No,1,Not Graduate,No,33475.07,28844.4,245295.01,180,1,Semiurban,742,22,1,0.9119
APP-004427,Male,No,1,Not Graduate,No,56271.2,0.0,500000.0,360,1,Semiurban,695,54,1,0.6095
APP-004428,Male,Yes,0,Not Graduate,No,50701.78,0.0,191485.75,180,1,Urban,562,26,0,0.029
APP-004429,Male,No,0,Graduate,No,19439.92,0.0,38857.95,360,1,Semiurban,664,56,1,0.9924
APP-004430,Male,No,1,Not Graduate,No,70151.92,0.0,350272.35,240,1,Urban,553,40,0,0.0296
APP-004431,Male,Yes,2,Graduate,No,20262.42,0.0,138380.55,180,1,Semiurban,675,64,0,0.0288
APP-004432,Female,Yes,1,Not Graduate,No,26351.83,21801.53,254215.59,120,0,Urban,539,60,0,0.0
APP-004433,Male,Yes,0,Graduate,No,45534.1,0.0,212081.09,180,1,Urban,725,32,1,0.8436
APP-004434,Male,Yes,0,Graduate,No,95021.9,0.0,341465.67,240,1,Rural,712,47,1,0.9819
APP-004435,Female,No,0,Graduate,No,23106.47,0.0,86646.97,300,1,Urban,842,27,1,0.9999
APP-004436,Female,Yes,3+,Graduate,No,43530.91,26077.93,104119.71,240,1,Semiurban,752,53,1,0.9995
APP-004437,Male,Yes,0,Not Graduate,No,43730.95,0.0,274411.71,300,0,Semiurban,644,23,0,0.0727
APP-004438,Male,No,3+,Graduate,No,57615.56,29398.32,312763.87,180,0,Semiurban,750,29,1,0.8728
APP-004439,Female,Yes,3+,Not Graduate,No,76973.52,0.0,500000.0,300,0,Urban,561,52,0,0.0051
APP-004440,Female,Yes,1,Graduate,No,32136.85,26592.45,197011.93,360,1,Rural,598,36,1,0.7923
APP-004441,Male,Yes,1,Graduate,No,70018.66,0.0,291398.95,180,1,Urban,708,35,1,0.8467
APP-004442,Female,No,0,Graduate,No,83422.8,0.0,500000.0,360,0,Urban,497,66,0,0.0043
APP-004443,Female,Yes,1,Graduate,Yes,107063.52,0.0,500000.0,240,0,Semiurban,677,43,0,0.3395
APP-004444,Female,Yes,0,Not Graduate,No,52894.67,0.0,329261.76,240,1,Rural,593,57,0,0.0303
APP-004445,Male,No,0,Graduate,No,43765.03,0.0,80384.54,360,1,Rural,689,35,1,0.9959
APP-004446,Male,Yes,0,Graduate,No,30914.44,0.0,74184.58,300,0,Rural,588,64,1,0.4226
APP-004447,Female,Yes,0,Not Graduate,No,17989.75,13691.81,185164.01,300,1,Urban,716,63,1,0.9564
APP-004448,Male,Yes,0,Graduate,No,34445.22,0.0,107241.08,240,1,Rural,682,51,1,0.9698
APP-004449,Male,Yes,1,Not Graduate,Yes,42692.81,0.0,188146.11,300,1,Urban,799,44,1,0.998
APP-004450,Male,Yes,0,Not Graduate,No,37789.22,26612.09,301411.54,300,1,Urban,681,31,1,0.9293
APP-004451,Male,No,2,Graduate,Yes,55756.26,12849.99,328212.65,360,0,Urban,615,37,0,0.2535
APP-004452,Male,No,1,Graduate,No,18037.44,34103.73,138223.65,360,1,Urban,659,59,1,0.9892
APP-004453,Female,Yes,2,Not Graduate,No,36312.39,0.0,245290.8,180,0,Semiurban,566,38,0,0.0001
APP-004454,Male,No,0,Graduate,No,120225.36,0.0,404788.54,240,1,Semiurban,715,46,1,0.9888
APP-004455,Male,Yes,1,Graduate,No,69395.64,28722.03,500000.0,300,1,Semiurban,730,41,1,0.9867
APP-004456,Male,No,0,Graduate,No,56325.61,20022.81,296509.07,360,1,Urban,850,39,1,1.0
APP-004457,Male,Yes,1,Graduate,No,49755.45,7050.37,500000.0,180,0,Semiurban,627,61,0,0.0001
APP-004458,Male,Yes,1,Not Graduate,No,32827.19,88998.5,500000.0,360,1,Semiurban,657,59,1,0.9405
APP-004459,Male,Yes,1,Not Graduate,No,15294.7,12932.32,314034.05,300,0,Urban,631,26,0,0.0013
APP-004460,Male,No,0,Not Graduate,No,51607.42,28671.19,500000.0,120,1,Urban,698,49,0,0.0032
APP-004461,Female,No,3+,Not Graduate,No,12000.0,0.0,48157.34,120,1,Urban,712,49,0,0.2044
APP-004462,Female,Yes,1,Not Graduate,No,33555.1,0.0,112495.55,300,1,Urban,675,40,1,0.9637
APP-004463,Female,Yes,1,Graduate,No,40054.15,19386.03,152022.56,360,1,Semiurban,772,50,1,0.9998
APP-004464,Male,Yes,0,Graduate,No,31383.74,15503.41,225325.48,240,0,Urban,628,38,1,0.2042
APP-004465,Female,Yes,2,Graduate,No,132489.77,0.0,500000.0,180,1,Rural,764,29,1,0.9705
APP-004466,Female,Yes,3+,Not Graduate,No,109468.11,0.0,457728.59,180,0,Semiurban,726,30,0,0.3855
APP-004467,Female,No,3+,Graduate,No,70830.6,18996.93,263698.19,240,1,Urban,679,33,1,0.9661
APP-004468,Male,No,2,Not Graduate,No,24126.6,0.0,120996.36,300,1,Urban,653,34,0,0.6783
APP-004469,Female,No,1,Not Graduate,No,115471.43,60120.46,500000.0,180,1,Urban,850,35,1,0.9998
APP-004470,Male,No,0,Graduate,No,56411.77,0.0,193550.58,360,1,Rural,611,39,1,0.8455
APP-004471,Male,No,0,Graduate,Yes,23906.63,0.0,109717.13,180,1,Urban,705,61,1,0.6784
APP-004472,Female,Yes,2,Graduate,No,40863.57,30069.98,291984.87,360,1,Rural,616,62,1,0.7986
APP-004473,Female,Yes,0,Graduate,No,67996.82,7343.32,169056.33,360,1,Rural,832,41,1,1.0
APP-004474,Male,Yes,0,Graduate,No,28871.69,0.0,86348.45,180,1,Urban,755,58,1,0.9956
APP-004475,Female,No,0,Graduate,No,43360.01,0.0,234912.22,360,0,Rural,622,37,0,0.2741
APP-004476,Female,No,0,Not Graduate,No,47765.65,0.0,199303.34,360,1,Urban,724,35,1,0.993
APP-004477,Male,No,1,Graduate,Yes,21906.31,0.0,38963.66,360,0,Urban,702,54,1,0.9852
APP-004478,Male,Yes,2,Not Graduate,No,34594.46,25102.98,348538.88,240,1,Rural,636,69,0,0.1369
APP-004479,Female,No,0,Not Graduate,No,22833.76,0.0,95201.2,360,1,Semiurban,744,64,1,0.9962
APP-004480,Female,No,0,Not Graduate,No,64716.24,68382.71,351887.76,240,1,Semiurban,713,61,1,0.9932
APP-004481,Male,No,2,Graduate,No,24356.88,5192.24,93227.17,180,1,Semiurban,698,50,1,0.9505
APP-004482,Male,Yes,0,Graduate,No,47121.85,0.0,216391.2,360,1,Semiurban,676,60,1,0.9677
APP-004483,Male,Yes,1,Graduate,Yes,18683.84,0.0,29481.92,360,1,Rural,717,50,1,0.9978
APP-004484,Male,Yes,1,Not Graduate,No,21517.24,13769.03,181767.56,180,1,Urban,699,35,0,0.4585
APP-004485,Male,Yes,1,Graduate,No,20951.5,0.0,139246.0,240,1,Rural,685,45,0,0.3981
APP-004486,Female,No,3+,Not Graduate,Yes,34225.75,9000.13,275116.79,360,0,Rural,626,38,0,0.0589
APP-004487,Female,No,0,Graduate,No,44320.82,0.0,317623.09,300,1,Urban,824,40,1,0.9973
APP-004488,Female,No,2,Graduate,No,49050.98,0.0,147214.16,240,1,Semiurban,591,61,1,0.5221
APP-004489,Male,Yes,1,Graduate,No,15142.65,0.0,102801.8,180,1,Urban,716,37,0,0.1559
APP-004490,Female,Yes,2,Graduate,No,36579.69,0.0,176272.92,240,1,Rural,653,28,0,0.4408
APP-004491,Male,No,1,Graduate,No,26560.63,21395.2,140385.81,240,1,Rural,830,30,1,0.9998
APP-004492,Female,Yes,0,Graduate,Yes,53841.41,0.0,283185.41,360,0,Urban,603,53,0,0.1694
APP-004493,Male,Yes,1,Graduate,No,34641.24,0.0,179725.57,240,1,Urban,618,39,0,0.2734
APP-004494,Male,Yes,3+,Graduate,No,38389.64,0.0,327345.93,300,1,Semiurban,598,43,0,0.0197
APP-004495,Female,No,0,Graduate,Yes,26642.9,0.0,194659.32,180,1,Semiurban,707,45,0,0.0388
APP-004496,Female,No,3+,Not Graduate,No,103627.32,22348.29,393597.6,360,0,Urban,563,64,0,0.1533
APP-004497,Female,No,1,Graduate,No,19811.77,18876.16,192256.41,120,1,Semiurban,639,42,0,0.0058
APP-004498,Female,Yes,2,Graduate,No,32213.67,43649.74,375183.85,300,1,Semiurban,497,57,0,0.0199
APP-004499,Male,Yes,2,Not Graduate,Yes,42581.67,27914.5,336515.99,360,1,Semiurban,700,63,1,0.9505
APP-004500,Female,Yes,0,Graduate,No,34952.73,0.0,129906.78,360,1,Urban,637,51,1,0.9483
APP-004501,Male,Yes,0,Graduate,Yes,26366.12,0.0,247568.46,180,1,Urban,554,62,0,0.0
APP-004502,Female,No,1,Graduate,Yes,14817.65,0.0,47723.18,360,1,Urban,772,64,1,0.9992
APP-004503,Male,Yes,2,Not Graduate,No,27437.61,24908.11,472361.22,120,1,Rural,569,24,0,0.0
APP-004504,Female,No,0,Not Graduate,No,23678.87,0.0,53166.06,120,1,Urban,748,63,1,0.9839
APP-004505,Female,No,3+,Graduate,No,101070.5,5594.88,383008.75,360,1,Semiurban,620,35,1,0.8466
APP-004506,Male,Yes,0,Not Graduate,No,139466.93,0.0,500000.0,180,1,Urban,816,67,1,0.9978
APP-004507,Male,Yes,1,Graduate,No,39029.17,0.0,103599.77,240,1,Urban,744,34,1,0.9976
APP-004508,Female,Yes,1,Graduate,No,18534.4,0.0,56762.66,360,0,Semiurban,594,27,0,0.3382
APP-004509,Male,Yes,1,Graduate,No,60229.9,15053.02,408293.19,180,0,Urban,602,66,0,0.0063
APP-004510,Female,Yes,0,Not Graduate,No,23398.05,0.0,45827.32,360,1,Semiurban,731,45,1,0.9989
APP-004511,Female,Yes,1,Graduate,No,29671.91,15636.17,317550.89,300,0,Semiurban,658,45,0,0.1966
APP-004512,Male,Yes,0,Graduate,No,28399.67,18482.69,388772.43,240,1,Rural,666,55,0,0.0887
APP-004513,Female,Yes,1,Graduate,No,30476.83,0.0,257657.7,240,1,Semiurban,788,63,1,0.797
APP-004514,Female,Yes,0,Graduate,No,33021.16,50915.83,414285.38,240,1,Urban,616,44,0,0.4484
APP-004515,Female,No,2,Graduate,No,19488.39,0.0,68532.7,360,1,Semiurban,688,69,1,0.9824
APP-004516,Female,Yes,0,Graduate,No,27279.55,71120.29,356361.26,360,1,Urban,761,57,1,0.9995
APP-004517,Male,Yes,1,Graduate,Yes,70331.1,0.0,341218.8,240,1,Semiurban,749,50,1,0.966
APP-004518,Female,Yes,2,Graduate,No,39400.89,17345.37,256442.09,300,1,Semiurban,666,42,1,0.9149
APP-004519,Male,Yes,1,Not Graduate,No,42998.59,0.0,154480.52,300,1,Semiurban,655,65,1,0.8939
APP-004520,Male,Yes,0,Graduate,No,12000.0,0.0,104343.27,360,0,Rural,532,27,0,0.0011
APP-004521,Male,Yes,2,Graduate,No,67594.44,65627.28,500000.0,120,1,Urban,590,66,0,0.0126
APP-004522,Female,Yes,0,Graduate,Yes,27528.14,0.0,224076.19,240,1,Rural,707,46,0,0.1626
APP-004523,Female,Yes,1,Graduate,No,74472.31,90752.09,500000.0,240,1,Rural,668,31,1,0.9429
APP-004524,Female,Yes,1,Not Graduate,No,43688.98,0.0,189454.71,300,1,Urban,686,23,1,0.9012
APP-004525,Female,No,0,Graduate,No,29462.41,0.0,158576.21,180,1,Urban,768,48,1,0.9247
APP-004526,Female,Yes,1,Graduate,No,15950.03,0.0,85348.07,300,1,Urban,579,61,0,0.2108
APP-004527,Female,Yes,2,Not Graduate,No,132742.35,17832.39,500000.0,360,1,Rural,660,49,1,0.9583
APP-004528,Male,Yes,1,Graduate,No,62429.05,0.0,343140.07,120,1,Semiurban,696,23,0,0.0054
APP-004529,Female,Yes,1,Graduate,No,64517.44,0.0,374778.62,300,0,Urban,620,49,0,0.1429
APP-004530,Female,No,0,Graduate,No,109136.56,0.0,500000.0,180,1,Urban,802,66,1,0.9908
APP-004531,Female,Yes,0,Graduate,No,45399.11,0.0,199853.9,300,1,Rural,757,31,1,0.995
APP-004532,Female,Yes,0,Not Graduate,No,84441.99,31897.31,349022.03,180,0,Urban,705,31,1,0.825
APP-004533,Male,Yes,0,Graduate,No,30846.66,17793.55,152859.09,360,1,Rural,833,61,1,1.0
APP-004534,Female,No,0,Not Graduate,Yes,60214.48,0.0,500000.0,240,0,Urban,553,52,0,0.0001
APP-004535,Male,Yes,0,Graduate,No,28380.19,0.0,51924.66,360,1,Semiurban,679,36,1,0.9951
APP-004536,Male,Yes,3+,Graduate,No,30420.67,0.0,75918.08,120,0,Urban,711,62,1,0.6464
APP-004537,Male,No,0,Graduate,Yes,42334.19,23173.78,282550.29,360,1,Urban,602,49,0,0.7197
APP-004538,Male,No,2,Not Graduate,Yes,19988.86,28110.83,155471.89,240,1,Semiurban,706,65,1,0.9556
APP-004539,Male,No,0,Graduate,No,48107.02,0.0,296460.85,180,0,Rural,586,65,0,0.0008
APP-004540,Female,No,1,Graduate,No,33806.99,22507.21,333646.42,360,1,Semiurban,739,44,1,0.9919
APP-004541,Male,No,0,Graduate,No,13451.44,0.0,45082.47,240,0,Urban,770,23,1,0.987
APP-004542,Female,Yes,3+,Not Graduate,Yes,31203.51,0.0,261704.17,300,1,Semiurban,703,24,0,0.1475
APP-004543,Male,Yes,0,Graduate,No,33197.17,0.0,86139.37,360,1,Urban,523,40,0,0.3919
APP-004544,Male,No,0,Graduate,Yes,64155.18,0.0,196279.92,240,1,Semiurban,598,50,0,0.5273
APP-004545,Male,No,3+,Graduate,No,46950.96,0.0,406143.58,180,1,Urban,728,64,0,0.0145
APP-004546,Male,Yes,0,Graduate,No,88974.92,0.0,210801.15,360,0,Rural,682,47,1,0.9703
APP-004547,Male,No,0,Graduate,No,53426.4,0.0,266239.96,300,0,Rural,451,60,0,0.0007
APP-004548,Female,No,0,Not Graduate,No,29593.84,0.0,255514.09,360,1,Semiurban,786,28,1,0.9712
APP-004549,Female,No,0,Graduate,No,38867.06,0.0,51443.61,360,1,Urban,692,56,1,0.9986
APP-004550,Male,Yes,0,Graduate,No,33142.56,0.0,121371.9,360,0,Rural,610,33,1,0.4332
APP-004551,Male,No,0,Not Graduate,No,52490.37,62764.09,500000.0,300,1,Urban,765,60,1,0.9979
APP-004552,Female,No,0,Graduate,Yes,41477.33,0.0,156589.05,120,0,Urban,622,62,0,0.0048
APP-004553,Female,Yes,0,Graduate,No,28404.2,0.0,124365.52,360,1,Urban,621,52,1,0.8669
APP-004554,Female,Yes,1,Graduate,No,40325.14,0.0,187089.73,360,1,Rural,710,47,1,0.9863
APP-004555,Female,Yes,2,Graduate,No,51722.56,0.0,253820.02,360,1,Urban,831,28,1,0.9997
APP-004556,Male,Yes,2,Graduate,Yes,23074.15,0.0,68447.78,360,1,Rural,818,40,1,0.9998
APP-004557,Female,Yes,0,Not Graduate,No,47779.64,0.0,287552.99,180,1,Semiurban,711,43,0,0.2472
APP-004558,Female,Yes,1,Graduate,No,16843.57,0.0,80537.31,240,1,Rural,719,59,1,0.9409
APP-004559,Female,Yes,3+,Graduate,No,73722.57,0.0,187648.66,180,1,Semiurban,747,57,1,0.9936
APP-004560,Female,No,3+,Graduate,No,53634.59,29954.41,288982.94,300,0,Urban,573,52,0,0.1828
APP-004561,Male,No,3+,Not Graduate,No,98332.09,0.0,221945.38,240,1,Semiurban,735,34,1,0.9941
APP-004562,Female,Yes,0,Graduate,No,21717.46,0.0,101936.08,180,1,Rural,618,34,0,0.0813
APP-004563,Male,No,3+,Graduate,No,74861.76,0.0,397993.79,300,1,Semiurban,707,56,1,0.9387
APP-004564,Female,Yes,0,Not Graduate,No,67149.65,20757.16,412297.66,240,1,Urban,661,51,0,0.7765
APP-004565,Male,Yes,0,Graduate,No,36307.24,20584.33,310619.78,240,1,Semiurban,723,65,1,0.9372
APP-004566,Male,No,0,Not Graduate,No,32625.39,22063.82,247579.16,240,0,Urban,690,38,0,0.6627
APP-004567,Male,No,0,Graduate,No,22096.39,20268.71,254493.84,180,0,Semiurban,419,58,0,0.0
APP-004568,Male,Yes,1,Graduate,No,19145.15,0.0,77052.91,240,1,Semiurban,695,59,1,0.9467
APP-004569,Female,Yes,3+,Not Graduate,No,26550.96,0.0,155225.3,180,1,Urban,735,39,0,0.3921
APP-004570,Female,Yes,2,Not Graduate,No,20117.06,10443.4,73044.14,240,1,Urban,718,49,1,0.9952
APP-004571,Male,Yes,1,Graduate,No,96533.69,0.0,219450.83,240,1,Rural,671,61,1,0.9763
APP-004572,Female,No,0,Not Graduate,No,17568.65,32015.75,219785.72,360,1,Urban,820,21,1,0.9996
APP-004573,Female,Yes,2,Graduate,No,43559.91,0.0,252685.44,180,1,Semiurban,706,38,1,0.2707
APP-004574,Male,No,0,Not Graduate,Yes,51002.9,0.0,191969.59,240,1,Semiurban,717,35,1,0.9459
APP-004575,Male,Yes,0,Graduate,Yes,48855.61,0.0,277555.04,360,1,Semiurban,769,53,1,0.9954
APP-004576,Male,Yes,1,Not Graduate,No,51272.44,0.0,251287.62,240,1,Urban,711,56,1,0.908
APP-004577,Male,Yes,3+,Not Graduate,No,67543.03,29809.98,165069.14,240,1,Semiurban,604,54,0,0.8434
APP-004578,Male,Yes,0,Not Graduate,No,31405.64,0.0,380888.34,360,0,Rural,473,36,0,0.0
APP-004579,Female,No,3+,Graduate,No,42114.73,0.0,101900.12,120,1,Semiurban,639,68,0,0.373
APP-004580,Male,No,1,Graduate,No,34150.8,0.0,95169.22,360,1,Semiurban,745,31,1,0.9987
APP-004581,Male,Yes,0,Not Graduate,No,82157.14,16027.79,500000.0,240,1,Urban,650,47,0,0.6009
APP-004582,Male,Yes,1,Not Graduate,No,127379.52,23304.23,500000.0,360,1,Semiurban,748,60,1,0.9985
APP-004583,Male,Yes,1,Not Graduate,No,20813.07,32537.86,160995.78,360,1,Semiurban,693,55,1,0.9922
APP-004584,Male,Yes,3+,Graduate,No,13133.15,0.0,45323.1,360,1,Rural,789,68,1,0.9993
APP-004585,Female,Yes,0,Not Graduate,No,54886.48,0.0,157443.36,180,0,Rural,655,54,0,0.4262
APP-004586,Female,Yes,0,Graduate,No,72309.09,0.0,215038.26,300,1,Urban,720,23,1,0.9945
APP-004587,Male,Yes,1,Not Graduate,No,117752.18,0.0,500000.0,240,1,Semiurban,723,35,1,0.9516
APP-004588,Female,No,0,Graduate,No,60224.81,0.0,205188.52,300,1,Semiurban,808,26,1,0.9996
APP-004589,Male,No,1,Not Graduate,No,86480.96,54083.35,370505.26,360,0,Urban,535,43,1,0.1278
APP-004590,Female,No,1,Graduate,Yes,100010.79,0.0,302860.88,240,1,Urban,641,28,1,0.7647
APP-004591,Male,Yes,0,Graduate,No,89825.82,0.0,357082.68,240,1,Semiurban,752,36,1,0.993
APP-004592,Male,Yes,3+,Not Graduate,Yes,65162.43,0.0,198302.62,300,1,Semiurban,811,26,1,0.9988
APP-004593,Male,Yes,0,Graduate,No,19826.7,0.0,73584.54,240,1,Semiurban,700,46,1,0.9731
APP-004594,Male,Yes,0,Graduate,No,39950.68,0.0,199198.01,300,0,Urban,655,27,0,0.4464
APP-004595,Female,Yes,0,Not Graduate,No,47335.76,40031.03,299989.32,180,1,Semiurban,744,37,1,0.9802
APP-004596,Female,No,1,Graduate,No,37991.01,24842.91,181929.64,300,1,Urban,754,21,1,0.9985
APP-004597,Female,Yes,1,Graduate,No,39302.43,20809.66,187287.9,180,1,Semiurban,649,67,1,0.7777
APP-004598,Female,Yes,2,Not Graduate,No,95032.62,24346.25,500000.0,360,1,Urban,708,33,1,0.986
APP-004599,Male,Yes,0,Not Graduate,No,26469.35,0.0,300278.92,180,1,Urban,780,22,0,0.0011
APP-004600,Female,Yes,3+,Graduate,No,62285.18,25127.98,380465.96,300,1,Urban,841,35,1,0.9998
APP-004601,Female,Yes,0,Graduate,No,47764.74,16309.45,378510.92,300,1,Urban,743,32,1,0.9853
APP-004602,Male,Yes,1,Graduate,No,25043.19,0.0,69940.65,240,0,Semiurban,684,43,1,0.8988
APP-004603,Male,No,1,Not Graduate,No,22200.48,24166.57,151565.29,300,1,Semiurban,675,36,1,0.9662
APP-004604,Female,Yes,0,Graduate,No,15744.98,13911.12,154801.77,360,1,Urban,727,33,1,0.9933
APP-004605,Female,No,0,Graduate,No,52421.25,29732.45,120899.03,180,1,Urban,670,30,1,0.989
APP-004606,Male,Yes,1,Not Graduate,No,38762.76,0.0,233957.72,300,0,Rural,696,35,0,0.4143
APP-004607,Female,Yes,0,Graduate,No,25484.42,0.0,84268.47,240,0,Semiurban,590,62,0,0.178
APP-004608,Male,No,0,Graduate,No,14301.82,165359.84,471552.74,300,1,Semiurban,790,23,1,0.9997
APP-004609,Male,Yes,1,Graduate,No,50918.98,77956.86,500000.0,360,1,Semiurban,583,46,0,0.6853
APP-004610,Female,No,1,Graduate,No,36477.47,0.0,297612.24,300,1,Urban,643,65,0,0.1767
APP-004611,Female,No,1,Graduate,No,27104.87,0.0,100369.29,180,1,Urban,688,48,1,0.8691
APP-004612,Male,No,3+,Graduate,No,23618.32,0.0,114833.74,240,1,Rural,849,26,1,0.9983
APP-004613,Male,Yes,3+,Graduate,No,35199.38,0.0,184045.9,300,0,Rural,644,25,0,0.1427
APP-004614,Female,No,2,Graduate,Yes,51973.96,28843.89,383829.88,180,0,Semiurban,623,32,0,0.0109
APP-004615,Female,Yes,3+,Not Graduate,No,33473.5,0.0,91125.84,300,1,Urban,633,25,0,0.8112
APP-004616,Female,Yes,0,Not Graduate,No,20875.06,0.0,98409.71,360,1,Semiurban,821,33,1,0.9996
APP-004617,Male,No,0,Not Graduate,No,38872.07,52138.55,421512.8,360,0,Semiurban,441,61,0,0.0012
APP-004618,Male,Yes,1,Not Graduate,No,71328.49,0.0,89026.32,180,1,Semiurban,595,62,1,0.7971
APP-004619,Female,No,2,Graduate,No,41033.63,28555.34,436380.16,360,1,Semiurban,850,56,1,0.9998
APP-004620,Female,No,2,Graduate,No,41674.01,0.0,90308.53,240,1,Urban,730,43,1,0.9978
APP-004621,Male,No,1,Graduate,No,33553.02,0.0,151538.04,180,1,Rural,586,22,0,0.0181
APP-004622,Female,Yes,0,Graduate,No,24604.51,83129.78,500000.0,300,0,Semiurban,676,37,0,0.7815
APP-004623,Male,Yes,0,Graduate,No,24158.86,0.0,92289.66,300,0,Semiurban,686,61,1,0.895
APP-004624,Female,Yes,0,Graduate,No,16090.43,0.0,42840.09,240,1,Semiurban,752,36,1,0.9983
APP-004625,Female,No,1,Graduate,No,76854.88,0.0,421380.42,360,1,Rural,836,41,1,0.9997
APP-004626,Male,No,0,Not Graduate,No,51758.8,36178.72,500000.0,180,1,Semiurban,713,46,0,0.4424
APP-004627,Male,Yes,1,Graduate,No,41997.6,0.0,108716.11,240,1,Semiurban,634,52,1,0.9093
APP-004628,Male,No,1,Graduate,No,47219.89,0.0,69615.56,240,1,Urban,747,26,1,0.9992
APP-004629,Female,Yes,0,Graduate,No,48375.13,0.0,351141.26,120,0,Semiurban,621,45,0,0.0
APP-004630,Male,Yes,2,Graduate,No,26795.78,15519.44,264946.89,240,0,Rural,592,66,0,0.0073
APP-004631,Male,Yes,0,Not Graduate,No,33560.52,0.0,170127.75,360,1,Urban,530,25,1,0.0512
APP-004632,Male,No,0,Graduate,No,30920.83,22245.16,100836.4,300,1,Urban,547,40,1,0.718
APP-004633,Female,No,1,Not Graduate,No,159736.88,7598.09,500000.0,240,1,Semiurban,604,29,0,0.5517
APP-004634,Male,Yes,2,Graduate,Yes,70341.07,67255.6,500000.0,240,0,Urban,580,38,0,0.0593
APP-004635,Female,Yes,1,Graduate,Yes,44017.18,0.0,495198.35,240,1,Urban,707,37,0,0.007
APP-004636,Female,No,0,Graduate,No,85075.24,0.0,319540.39,180,1,Rural,578,52,0,0.0977
APP-004637,Male,Yes,1,Graduate,No,79366.25,15940.39,436449.22,300,0,Urban,413,33,0,0.0003
APP-004638,Female,Yes,2,Not Graduate,No,18783.08,26713.0,73620.66,360,1,Urban,591,32,1,0.8721
APP-004639,Male,No,0,Graduate,Yes,35505.07,43625.05,500000.0,360,1,Semiurban,640,52,0,0.6602
APP-004640,Female,Yes,3+,Graduate,No,39776.1,40159.23,500000.0,180,1,Rural,629,50,0,0.0145
APP-004641,Male,Yes,0,Graduate,No,56181.36,20727.65,393214.07,240,1,Urban,809,35,1,0.998
APP-004642,Male,No,0,Graduate,Yes,35482.82,0.0,258134.46,300,0,Urban,628,59,0,0.0383
APP-004643,Female,No,1,Graduate,No,38017.73,36518.27,223515.97,360,1,Rural,755,21,1,0.9985
APP-004644,Male,Yes,1,Not Graduate,Yes,31140.3,0.0,120342.32,180,1,Urban,678,56,0,0.5636
APP-004645,Male,No,1,Graduate,Yes,71461.52,12478.58,330140.05,180,0,Urban,676,46,1,0.3155
APP-004646,Male,Yes,1,Graduate,No,18145.23,16735.04,243853.0,360,1,Urban,609,45,1,0.4187
APP-004647,Female,Yes,2,Graduate,No,31728.0,0.0,224066.43,180,1,Rural,675,55,0,0.0204
APP-004648,Female,Yes,3+,Graduate,No,14559.2,0.0,71606.8,360,0,Rural,615,38,0,0.201
APP-004649,Male,No,2,Graduate,No,22781.37,63286.56,413444.45,300,1,Semiurban,694,37,1,0.9531
APP-004650,Female,Yes,1,Graduate,No,47784.07,41960.73,490235.89,240,1,Rural,660,49,1,0.5745
APP-004651,Female,Yes,0,Graduate,No,48285.42,0.0,176921.24,180,1,Urban,600,35,0,0.2288
APP-004652,Male,Yes,1,Graduate,No,33784.07,0.0,265802.11,360,1,Urban,764,58,1,0.9856
APP-004653,Male,Yes,2,Not Graduate,No,74472.99,23218.44,339829.34,180,1,Semiurban,716,24,1,0.8801
APP-004654,Female,Yes,2,Graduate,No,84518.32,36438.14,500000.0,240,1,Rural,642,34,1,0.652
APP-004655,Male,Yes,0,Graduate,Yes,38635.43,13857.86,171119.29,120,1,Urban,692,39,1,0.5235
APP-004656,Female,No,2,Graduate,No,46061.75,18558.03,421826.36,120,1,Urban,673,27,0,0.0004
APP-004657,Male,No,0,Graduate,No,31291.46,0.0,127552.28,360,0,Urban,606,59,1,0.4777
APP-004658,Female,No,1,Graduate,Yes,56657.99,0.0,500000.0,180,1,Semiurban,686,53,0,0.0019
APP-004659,Female,No,2,Graduate,Yes,20811.62,25162.32,185150.61,300,1,Urban,627,61,1,0.7357
APP-004660,Male,No,3+,Graduate,No,107765.1,0.0,500000.0,360,0,Semiurban,600,29,0,0.1352
APP-004661,Female,No,0,Not Graduate,No,75131.25,0.0,241172.9,240,1,Urban,542,37,1,0.1337
APP-004662,Male,Yes,0,Graduate,No,20756.0,0.0,77059.49,300,1,Semiurban,650,39,1,0.924
APP-004663,Female,Yes,0,Not Graduate,No,26004.89,0.0,108783.85,180,1,Urban,728,58,1,0.9112
APP-004664,Female,No,2,Graduate,No,50598.99,0.0,252661.92,360,0,Rural,621,30,0,0.2148
APP-004665,Female,Yes,0,Graduate,No,33321.63,32058.57,199196.58,180,1,Semiurban,850,66,1,0.9998
APP-004666,Male,Yes,0,Graduate,No,54150.89,0.0,178558.36,300,1,Semiurban,755,43,1,0.9987
APP-004667,Male,Yes,0,Graduate,No,32936.34,14322.07,209727.06,360,1,Urban,791,22,1,0.9994
APP-004668,Female,Yes,2,Graduate,No,92841.26,0.0,473572.51,360,1,Urban,748,50,1,0.9958
APP-004669,Female,Yes,0,Graduate,No,40318.63,19417.7,250536.48,120,1,Urban,837,37,1,0.9775
APP-004670,Female,Yes,1,Not Graduate,Yes,151949.78,0.0,500000.0,240,0,Urban,613,42,0,0.152
APP-004671,Female,Yes,0,Graduate,No,55908.48,0.0,131157.31,360,1,Semiurban,462,54,0,0.076
APP-004672,Male,Yes,1,Graduate,Yes,19107.34,0.0,102028.1,360,1,Urban,642,27,0,0.6465
APP-004673,Male,Yes,0,Graduate,Yes,126446.32,34751.7,500000.0,300,1,Semiurban,727,35,1,0.9952
APP-004674,Female,Yes,0,Graduate,No,73443.63,34093.47,500000.0,180,1,Rural,693,23,1,0.5314
APP-004675,Male,Yes,2,Graduate,No,49468.0,28854.87,357237.1,240,1,Semiurban,703,54,1,0.94
APP-004676,Female,Yes,0,Not Graduate,No,57276.65,0.0,186120.22,360,1,Urban,792,33,1,0.9996
APP-004677,Female,Yes,0,Graduate,Yes,20869.09,0.0,76973.78,180,1,Semiurban,712,61,1,0.8884
APP-004678,Male,Yes,2,Graduate,No,14877.32,21093.24,164371.95,360,1,Rural,748,31,1,0.9956
APP-004679,Male,No,0,Graduate,No,39223.75,0.0,165809.69,240,0,Rural,600,54,0,0.0981
APP-004680,Female,Yes,0,Graduate,No,85675.63,27004.1,328395.75,360,1,Urban,587,57,1,0.8796
APP-004681,Female,Yes,0,Not Graduate,Yes,49893.19,20018.98,139795.96,120,1,Semiurban,817,48,1,0.9987
APP-004682,Male,Yes,1,Graduate,Yes,102748.99,45293.63,491507.12,120,1,Urban,689,35,1,0.3952
APP-004683,Female,No,0,Graduate,No,83006.27,0.0,312408.88,240,1,Rural,627,55,0,0.6951
APP-004684,Female,No,2,Not Graduate,No,40592.35,0.0,198879.24,360,0,Urban,627,38,1,0.2966
APP-004685,Male,Yes,0,Not Graduate,No,76961.94,0.0,272858.53,300,1,Semiurban,625,38,1,0.7833
APP-004686,Male,No,3+,Graduate,No,92728.16,26433.9,453642.47,300,1,Semiurban,620,40,0,0.7578
APP-004687,Female,Yes,0,Graduate,No,38403.35,37314.64,339421.58,360,0,Urban,571,32,1,0.1661
APP-004688,Female,No,0,Graduate,No,35682.78,0.0,307866.75,240,0,Semiurban,552,55,0,0.0002
APP-004689,Male,Yes,0,Graduate,No,43358.05,32163.27,298732.74,360,0,Semiurban,663,50,0,0.896
APP-004690,Male,Yes,2,Graduate,No,12000.0,0.0,25482.77,180,0,Urban,630,44,1,0.5675
APP-004691,Male,No,0,Graduate,No,46828.04,0.0,146708.6,180,1,Urban,774,42,1,0.9971
APP-004692,Male,Yes,0,Graduate,No,59649.49,0.0,500000.0,240,1,Semiurban,705,30,0,0.1663
APP-004693,Female,Yes,1,Graduate,No,43455.0,117343.62,500000.0,360,1,Rural,703,66,1,0.9948
APP-004694,Female,No,0,Not Graduate,No,48512.22,0.0,315650.84,360,0,Rural,617,29,0,0.0664
APP-004695,Female,No,1,Graduate,No,39186.52,0.0,229067.91,180,1,Urban,670,62,0,0.1332
APP-004696,Female,Yes,1,Graduate,No,13381.63,0.0,78627.02,360,1,Rural,711,36,1,0.9621
APP-004697,Male,Yes,0,Graduate,Yes,100150.28,0.0,383421.91,360,1,Rural,741,68,1,0.9951
APP-004698,Male,Yes,3+,Not Graduate,No,32783.94,0.0,206483.91,360,1,Rural,672,42,0,0.7077
APP-004699,Female,No,0,Graduate,No,28573.26,0.0,183142.89,300,1,Semiurban,772,58,1,0.9902
APP-004700,Female,Yes,0,Graduate,No,84701.66,45794.75,500000.0,240,1,Urban,681,38,1,0.9589
APP-004701,Female,Yes,1,Not Graduate,Yes,68753.66,22201.76,296185.5,180,1,Rural,747,47,1,0.9708
APP-004702,Female,Yes,2,Graduate,No,46638.71,0.0,171796.56,300,1,Urban,638,49,1,0.8887
APP-004703,Male,Yes,1,Not Graduate,No,61276.6,9189.74,225054.36,180,0,Urban,526,41,0,0.0071
APP-004704,Male,No,2,Not Graduate,No,21263.69,24703.17,306906.48,300,1,Semiurban,703,56,1,0.811
APP-004705,Female,Yes,0,Graduate,No,38388.3,33649.49,351989.07,300,1,Rural,742,24,1,0.9872
APP-004706,Male,Yes,0,Not Graduate,No,81808.08,0.0,416063.99,300,1,Semiurban,729,57,1,0.9778
APP-004707,Male,Yes,1,Not Graduate,No,27655.28,30203.29,319579.01,360,1,Semiurban,716,25,1,0.9624
APP-004708,Female,No,2,Graduate,No,23177.02,29897.39,119855.08,240,0,Urban,650,40,0,0.8605
APP-004709,Female,No,0,Graduate,No,41908.01,0.0,265685.6,240,0,Semiurban,611,63,0,0.0172
APP-004710,Male,No,1,Graduate,No,42452.09,35345.13,260007.77,120,1,Urban,727,43,1,0.839
APP-004711,Female,No,2,Graduate,No,57306.23,0.0,199522.38,240,0,Urban,716,63,1,0.9276
APP-004712,Female,Yes,0,Graduate,No,18807.6,41261.21,175812.25,180,0,Rural,632,67,1,0.3432
APP-004713,Female,No,0,Graduate,No,12000.0,10809.37,100803.63,180,1,Semiurban,774,60,1,0.9843
APP-004714,Female,No,1,Graduate,No,66614.5,0.0,275572.7,240,1,Rural,605,51,1,0.3727
APP-004715,Male,Yes,1,Graduate,No,22122.71,0.0,50432.1,240,1,Urban,630,32,1,0.9125
APP-004716,Female,Yes,1,Not Graduate,No,28695.78,33831.96,119165.29,360,1,Semiurban,819,50,1,1.0
APP-004717,Male,No,2,Graduate,No,12078.96,0.0,47008.89,180,1,Urban,754,63,1,0.9752
APP-004718,Female,No,0,Graduate,No,70446.02,55892.03,500000.0,180,1,Urban,650,49,1,0.6627
APP-004719,Female,Yes,2,Graduate,No,48663.57,30061.47,463506.22,360,0,Urban,704,58,1,0.8843
APP-004720,Female,Yes,2,Graduate,No,47600.9,0.0,318344.94,120,1,Urban,693,23,0,0.0004
APP-004721,Female,Yes,0,Graduate,No,47424.79,0.0,184962.01,300,1,Rural,447,39,0,0.0069
APP-004722,Female,No,2,Graduate,No,12924.9,7901.02,75719.72,360,1,Semiurban,603,25,0,0.704
APP-004723,Female,Yes,1,Graduate,No,23345.48,19054.61,171945.13,300,0,Rural,676,50,1,0.8369
APP-004724,Female,No,0,Graduate,No,31305.53,0.0,191676.96,240,1,Urban,650,34,1,0.3098
APP-004725,Male,No,1,Graduate,No,26587.37,0.0,234183.6,180,1,Rural,701,30,0,0.0034
APP-004726,Female,Yes,0,Not Graduate,Yes,34567.48,0.0,119791.3,360,1,Urban,776,61,1,0.999
APP-004727,Female,No,2,Graduate,No,45954.63,22485.69,258875.95,360,0,Urban,653,29,1,0.7866
APP-004728,Male,Yes,0,Graduate,No,69810.6,0.0,301778.84,360,1,Rural,590,43,0,0.599
APP-004729,Male,Yes,0,Not Graduate,No,17781.04,0.0,67273.54,180,1,Urban,708,25,0,0.8302
APP-004730,Male,Yes,1,Graduate,Yes,39940.28,0.0,131114.93,240,0,Rural,652,54,1,0.4612
APP-004731,Male,Yes,1,Graduate,No,59358.41,10284.14,280571.97,360,1,Rural,667,41,1,0.9681
APP-004732,Female,Yes,1,Graduate,Yes,24143.11,0.0,72110.43,180,1,Urban,655,29,1,0.6675
APP-004733,Male,No,1,Graduate,No,36096.17,14961.97,301711.56,360,1,Rural,850,44,1,0.9998
APP-004734,Female,Yes,3+,Graduate,No,51875.59,0.0,429267.83,360,0,Semiurban,490,44,0,0.0004
APP-004735,Female,No,1,Not Graduate,No,40383.03,50807.86,342125.32,180,1,Semiurban,647,67,1,0.4569
APP-004736,Female,No,1,Graduate,Yes,58151.61,54041.55,500000.0,180,1,Rural,680,61,0,0.4558
APP-004737,Female,Yes,0,Graduate,No,42280.61,17611.71,243222.77,240,1,Semiurban,614,53,0,0.624
APP-004738,Male,No,2,Graduate,No,33808.77,17508.38,159841.69,240,1,Rural,756,68,1,0.9969
APP-004739,Male,No,0,Graduate,No,21057.45,0.0,122254.8,240,1,Rural,749,40,0,0.9448
APP-004740,Male,Yes,1,Graduate,No,45979.12,0.0,129320.81,300,0,Urban,676,22,0,0.8761
APP-004741,Male,Yes,3+,Graduate,No,42403.45,0.0,239368.78,240,1,Semiurban,657,33,0,0.3063
APP-004742,Female,No,2,Graduate,No,23247.26,0.0,111102.36,180,1,Urban,670,37,0,0.3466
APP-004743,Male,Yes,1,Graduate,No,55278.02,84485.59,496855.59,240,1,Urban,671,37,1,0.9472
APP-004744,Female,No,1,Not Graduate,No,80608.38,0.0,273246.18,240,1,Urban,673,36,1,0.9134
APP-004745,Male,Yes,0,Graduate,Yes,27915.82,44975.02,209812.52,300,1,Urban,664,50,1,0.9769
APP-004746,Female,Yes,1,Not Graduate,No,26897.87,0.0,182411.36,360,1,Semiurban,701,42,1,0.8883
APP-004747,Female,No,1,Not Graduate,No,26363.04,8925.42,136091.69,180,1,Urban,744,58,1,0.97
APP-004748,Male,Yes,1,Graduate,No,15942.38,23988.7,195821.49,360,0,Urban,575,58,0,0.1625
APP-004749,Female,No,0,Graduate,Yes,120869.28,22247.14,500000.0,240,0,Rural,591,50,0,0.114
APP-004750,Female,No,2,Not Graduate,Yes,31354.5,0.0,121499.38,360,0,Rural,531,23,0,0.0064
APP-004751,Male,No,0,Not Graduate,No,25030.5,60059.56,420138.86,240,1,Semiurban,754,61,1,0.9818
APP-004752,Male,Yes,1,Graduate,No,21596.22,30518.24,279734.86,240,1,Rural,701,66,1,0.8416
APP-004753,Male,Yes,0,Graduate,Yes,32422.82,0.0,147111.79,240,1,Semiurban,723,40,1,0.944
APP-004754,Female,Yes,2,Graduate,No,27381.83,22296.48,194525.97,360,0,Semiurban,558,62,0,0.1216
APP-004755,Male,Yes,0,Graduate,No,88516.15,47648.84,355978.66,180,1,Semiurban,832,40,1,0.9998
APP-004756,Male,No,1,Graduate,No,20195.08,0.0,65618.33,240,1,Urban,628,24,0,0.7108
APP-004757,Male,Yes,2,Graduate,No,17219.65,0.0,63963.49,300,1,Urban,694,41,1,0.9808
APP-004758,Male,Yes,1,Graduate,No,54365.29,0.0,233445.48,300,1,Semiurban,753,37,1,0.9955
APP-004759,Female,Yes,1,Graduate,No,37836.76,0.0,73750.57,120,1,Semiurban,596,40,0,0.3645
APP-004760,Male,Yes,2,Not Graduate,No,35503.28,15600.33,287900.32,180,0,Semiurban,634,45,0,0.0073
APP-004761,Male,Yes,3+,Not Graduate,No,54600.59,18914.3,362120.67,360,1,Urban,695,30,1,0.9518
APP-004762,Male,Yes,0,Graduate,No,43268.99,0.0,141962.14,240,1,Semiurban,850,49,1,0.9999
APP-004763,Male,Yes,1,Graduate,No,39114.57,0.0,110406.49,180,1,Rural,706,23,1,0.9372
APP-004764,Male,No,0,Graduate,No,18525.34,0.0,57983.16,240,0,Rural,817,52,1,0.9987
APP-004765,Male,Yes,0,Graduate,No,16035.3,0.0,37680.21,300,1,Urban,782,43,1,0.9998
APP-004766,Male,No,0,Not Graduate,No,27303.34,27305.22,199835.23,360,1,Urban,711,45,1,0.9954
APP-004767,Male,Yes,2,Graduate,Yes,22105.89,20597.29,167922.3,360,0,Rural,596,36,0,0.1791
APP-004768,Male,Yes,2,Graduate,No,46539.8,0.0,299950.37,360,1,Urban,770,60,1,0.9947
APP-004769,Male,Yes,2,Graduate,No,14923.71,0.0,78758.38,300,1,Urban,553,44,1,0.0887
APP-004770,Male,Yes,0,Not Graduate,No,31384.27,18300.94,371263.43,240,1,Urban,816,67,1,0.9717
APP-004771,Female,Yes,0,Graduate,No,36490.56,0.0,163620.82,360,1,Semiurban,697,25,1,0.9744
APP-004772,Female,Yes,3+,Graduate,Yes,39268.96,0.0,111100.29,180,0,Urban,455,40,0,0.0004
APP-004773,Male,No,1,Graduate,No,49982.61,11661.78,500000.0,360,1,Urban,651,49,1,0.5967
APP-004774,Male,No,3+,Graduate,No,33536.94,11423.06,166072.65,240,1,Urban,736,48,1,0.9923
APP-004775,Male,Yes,0,Graduate,No,27802.45,23186.59,108427.91,300,1,Semiurban,660,63,1,0.9894
APP-004776,Female,Yes,0,Graduate,No,79575.7,0.0,374591.92,360,1,Semiurban,741,63,1,0.9962
APP-004777,Female,Yes,1,Graduate,No,33657.19,73002.1,222339.54,360,1,Rural,608,32,1,0.9219
APP-004778,Male,No,2,Graduate,No,87598.72,19595.03,439902.59,360,1,Urban,569,59,0,0.5312
APP-004779,Female,Yes,0,Not Graduate,Yes,33563.02,0.0,115531.22,360,0,Semiurban,674,46,1,0.8221
APP-004780,Male,Yes,1,Graduate,No,39777.3,0.0,214638.89,240,1,Urban,683,33,0,0.7163
APP-004781,Female,No,2,Graduate,Yes,37186.05,0.0,243477.62,240,1,Semiurban,650,64,0,0.0936
APP-004782,Female,No,0,Not Graduate,No,45577.54,0.0,167883.3,300,1,Urban,784,22,1,0.9983
APP-004783,Male,Yes,1,Graduate,No,31859.26,17265.22,175228.93,240,1,Semiurban,608,32,1,0.5733
APP-004784,Male,Yes,3+,Not Graduate,No,42314.04,25015.73,403739.1,240,1,Semiurban,707,51,1,0.6761
APP-004785,Female,Yes,0,Graduate,No,93148.26,0.0,281222.59,180,0,Rural,686,46,1,0.7327
APP-004786,Male,Yes,1,Graduate,No,71458.24,0.0,313601.82,360,0,Urban,548,41,0,0.0696
APP-004787,Female,No,0,Graduate,No,71729.41,0.0,390166.01,360,0,Rural,568,27,0,0.0374
APP-004788,Male,No,3+,Graduate,No,19186.04,0.0,57306.5,120,1,Semiurban,681,22,1,0.3102
APP-004789,Male,No,1,Not Graduate,No,20971.8,0.0,78092.12,300,1,Semiurban,848,68,1,0.9998
APP-004790,Male,Yes,3+,Graduate,No,45241.18,17433.52,279601.37,360,1,Semiurban,729,21,1,0.9871
APP-004791,Male,No,2,Not Graduate,No,61322.73,23123.52,500000.0,360,1,Urban,533,46,0,0.0538
APP-004792,Male,No,2,Not Graduate,No,30166.14,22953.55,131405.03,240,1,Semiurban,416,65,0,0.0032
APP-004793,Male,Yes,0,Graduate,Yes,27346.08,0.0,109009.64,300,1,Urban,742,67,1,0.9936
APP-004794,Female,Yes,1,Graduate,No,86388.83,12952.21,500000.0,240,1,Rural,672,25,1,0.6338
APP-004795,Male,Yes,0,Not Graduate,No,58526.34,33283.16,500000.0,360,1,Urban,777,22,1,0.9966
APP-004796,Female,Yes,1,Not Graduate,Yes,71818.16,0.0,270461.86,360,1,Rural,605,61,0,0.5215
APP-004797,Female,No,3+,Not Graduate,Yes,31482.98,0.0,129976.64,120,1,Semiurban,710,32,0,0.0564
APP-004798,Female,Yes,0,Not Graduate,No,30151.46,0.0,158060.22,240,1,Rural,752,57,1,0.9606
APP-004799,Female,No,0,Graduate,Yes,67635.61,0.0,357877.99,180,1,Urban,642,21,0,0.0376
APP-004800,Male,Yes,0,Graduate,No,34734.92,19400.78,429085.93,240,0,Urban,644,48,0,0.0186
APP-004801,Male,No,1,Graduate,No,28682.1,11202.62,282916.0,120,1,Rural,682,43,0,0.0003
APP-004802,Male,Yes,3+,Not Graduate,No,24288.1,23800.79,110059.43,360,1,Rural,726,60,1,0.9974
APP-004803,Female,Yes,1,Not Graduate,No,30296.51,0.0,63007.88,240,1,Semiurban,679,33,0,0.9752
APP-004804,Female,Yes,2,Graduate,No,64944.99,0.0,216781.05,300,1,Urban,763,51,1,0.9989
APP-004805,Female,Yes,0,Graduate,No,17495.24,0.0,32404.6,360,1,Urban,641,27,1,0.9787
APP-004806,Male,Yes,0,Graduate,No,56725.48,0.0,436514.03,360,0,Rural,567,46,0,0.0125
APP-004807,Female,Yes,0,Graduate,No,27186.61,52010.18,172221.98,240,1,Semiurban,848,45,1,1.0
APP-004808,Female,No,0,Graduate,No,35751.05,0.0,133213.31,360,0,Semiurban,629,23,0,0.52
APP-004809,Female,Yes,2,Not Graduate,No,37033.01,0.0,106674.39,300,1,Urban,632,52,1,0.8916
APP-004810,Female,No,2,Graduate,No,35546.26,0.0,74191.17,180,1,Urban,674,28,1,0.9537
APP-004811,Female,Yes,0,Graduate,Yes,34271.86,28984.62,458764.48,120,1,Semiurban,686,24,0,0.0001
APP-004812,Male,No,1,Graduate,No,31432.71,0.0,103370.35,360,1,Urban,647,55,1,0.967
APP-004813,Male,Yes,1,Graduate,No,29310.94,0.0,294751.42,180,1,Semiurban,679,24,0,0.0002
APP-004814,Male,No,2,Graduate,No,82940.23,15457.47,500000.0,180,1,Rural,677,54,1,0.3366
APP-004815,Male,Yes,0,Not Graduate,No,40691.61,0.0,173225.82,240,1,Urban,695,48,1,0.9306
APP-004816,Female,No,0,Not Graduate,No,37448.74,29279.31,110805.64,360,0,Urban,480,54,0,0.0509
APP-004817,Male,No,0,Not Graduate,Yes,28153.9,16615.77,163766.33,360,1,Urban,840,39,1,0.9999
APP-004818,Female,Yes,0,Graduate,No,32068.54,0.0,382424.26,360,0,Urban,667,54,1,0.03
APP-004819,Female,Yes,0,Graduate,No,28207.86,0.0,145807.68,240,1,Semiurban,729,61,1,0.9529
APP-004820,Female,No,2,Not Graduate,No,61141.08,0.0,241748.33,360,0,Urban,563,48,0,0.0916
APP-004821,Female,No,3+,Graduate,No,26516.45,0.0,85850.75,240,1,Urban,640,62,1,0.8275
APP-004822,Male,No,1,Graduate,No,12000.0,14230.47,166693.8,360,0,Rural,623,55,0,0.2139
APP-004823,Male,No,2,Graduate,No,41442.8,0.0,208654.84,300,1,Urban,805,21,1,0.9975
APP-004824,Male,Yes,1,Graduate,No,34418.0,0.0,166722.62,300,1,Semiurban,630,43,1,0.6734
APP-004825,Female,Yes,1,Not Graduate,No,29080.31,14314.41,308457.84,360,1,Urban,744,30,1,0.9713
APP-004826,Female,Yes,2,Graduate,No,66260.94,38963.88,500000.0,360,0,Urban,625,41,1,0.4967
APP-004827,Male,Yes,3+,Graduate,No,12000.0,17142.92,151255.42,120,1,Semiurban,642,49,0,0.003
APP-004828,Male,Yes,0,Not Graduate,Yes,95505.03,40300.56,283477.9,180,1,Urban,659,22,1,0.8603
APP-004829,Female,Yes,2,Graduate,No,71687.58,0.0,196425.15,300,1,Urban,789,48,1,0.9997
APP-004830,Female,Yes,0,Graduate,No,28412.11,0.0,91776.14,120,0,Rural,519,58,0,0.0006
APP-004831,Female,Yes,0,Graduate,No,31321.77,41691.37,306086.6,240,0,Urban,568,69,0,0.0509
APP-004832,Female,Yes,0,Graduate,No,52966.39,80498.52,500000.0,180,0,Semiurban,514,39,0,0.0031
APP-004833,Female,No,1,Graduate,No,53753.75,0.0,500000.0,300,1,Rural,588,36,0,0.0076
APP-004834,Female,No,0,Graduate,No,28321.17,40441.01,349641.51,300,1,Urban,611,64,1,0.6126
APP-004835,Female,No,2,Graduate,No,16494.34,30911.12,258870.76,180,0,Urban,543,58,0,0.0007
APP-004836,Male,No,1,Graduate,No,128351.9,0.0,277197.12,300,1,Rural,618,37,1,0.9101
APP-004837,Female,No,1,Not Graduate,No,67905.22,26016.3,331030.17,240,0,Urban,509,50,0,0.0094
APP-004838,Male,Yes,2,Graduate,No,43750.97,0.0,145416.7,360,1,Semiurban,593,45,1,0.7379
APP-004839,Female,No,2,Graduate,No,44208.68,11215.34,177420.15,120,1,Urban,782,62,1,0.9755
APP-004840,Male,No,2,Graduate,No,56484.66,0.0,312574.08,360,1,Semiurban,714,61,1,0.9758
APP-004841,Female,No,0,Graduate,Yes,60330.0,17300.21,270162.39,360,1,Urban,696,37,1,0.9907
APP-004842,Male,Yes,0,Graduate,No,12739.95,23275.35,65439.85,300,0,Rural,595,66,1,0.6646
APP-004843,Male,Yes,0,Graduate,No,33091.13,0.0,206114.87,300,1,Urban,549,67,0,0.0439
APP-004844,Female,Yes,2,Graduate,No,31252.15,15614.94,343397.25,180,1,Rural,583,61,0,0.0007
APP-004845,Male,Yes,0,Graduate,No,36724.92,0.0,178248.18,240,0,Urban,676,67,0,0.4849
APP-004846,Female,No,0,Not Graduate,Yes,61324.62,0.0,242374.62,180,0,Semiurban,754,59,1,0.7616
APP-004847,Female,Yes,1,Graduate,No,14994.76,0.0,42647.81,300,1,Semiurban,757,60,1,0.999
APP-004848,Male,No,0,Graduate,No,19110.09,20478.26,115786.74,360,1,Semiurban,734,32,1,0.9987
APP-004849,Male,No,1,Graduate,No,27585.35,23504.71,352666.6,120,0,Rural,617,55,0,0.0
APP-004850,Female,Yes,1,Not Graduate,No,43690.67,0.0,133002.17,240,0,Urban,682,23,1,0.7157
APP-004851,Female,Yes,0,Graduate,No,63428.53,26906.5,500000.0,360,0,Semiurban,653,62,0,0.6421
APP-004852,Male,Yes,3+,Graduate,No,98442.5,71398.98,500000.0,240,1,Rural,663,37,0,0.9273
APP-004853,Male,Yes,1,Graduate,No,34286.44,0.0,170305.4,300,1,Urban,850,29,1,0.9997
APP-004854,Male,Yes,1,Graduate,No,63371.18,37887.94,500000.0,240,1,Urban,530,31,0,0.0228
APP-004855,Male,Yes,2,Graduate,No,59313.33,0.0,448950.47,300,1,Urban,660,26,1,0.2595
APP-004856,Male,Yes,1,Graduate,No,54063.69,33571.58,307812.84,120,1,Urban,783,61,1,0.9628
APP-004857,Female,No,0,Graduate,No,39602.42,0.0,106511.03,300,1,Urban,555,67,0,0.5377
APP-004858,Female,Yes,1,Not Graduate,No,32217.25,25842.43,204521.82,300,1,Urban,625,68,1,0.8252
APP-004859,Female,Yes,3+,Graduate,Yes,22337.68,0.0,90927.52,180,1,Urban,635,27,0,0.1197
APP-004860,Male,No,3+,Graduate,No,21539.07,0.0,65275.52,300,1,Urban,661,24,1,0.9298
APP-004861,Female,Yes,0,Not Graduate,No,48576.49,10947.66,152990.94,240,0,Rural,544,39,0,0.062
APP-004862,Female,Yes,0,Graduate,No,38951.31,36978.23,359872.52,300,1,Semiurban,731,55,1,0.9927
APP-004863,Female,Yes,0,Graduate,Yes,31935.42,41156.01,464706.25,300,1,Urban,737,52,1,0.9663
APP-004864,Male,Yes,3+,Graduate,No,57852.08,26707.88,500000.0,240,1,Rural,723,56,1,0.842
APP-004865,Male,No,3+,Graduate,No,35944.49,7887.17,193420.97,360,1,Semiurban,606,36,1,0.659
APP-004866,Male,Yes,1,Graduate,No,24288.33,0.0,135791.63,240,1,Urban,687,24,1,0.6187
APP-004867,Male,Yes,2,Not Graduate,Yes,34662.93,0.0,64240.85,240,0,Semiurban,604,44,0,0.2989
APP-004868,Female,No,0,Graduate,No,63028.76,0.0,395429.07,240,1,Rural,652,57,0,0.2716
APP-004869,Male,Yes,1,Graduate,No,22858.26,0.0,61888.52,240,0,Urban,850,31,1,0.9997
APP-004870,Male,No,0,Not Graduate,No,45030.81,7224.38,255520.05,360,1,Rural,688,69,1,0.9571
APP-004871,Female,Yes,0,Graduate,No,38929.82,0.0,162772.55,360,1,Semiurban,579,58,0,0.5733
APP-004872,Female,Yes,0,Graduate,No,26411.49,0.0,100983.82,120,1,Semiurban,695,32,0,0.2486
APP-004873,Male,Yes,2,Not Graduate,No,34154.73,0.0,74681.0,240,1,Urban,565,68,0,0.4081
APP-004874,Female,Yes,0,Graduate,No,16908.54,28162.03,136671.12,180,1,Urban,578,42,1,0.3481
APP-004875,Female,Yes,0,Not Graduate,No,42629.51,0.0,118274.54,360,0,Urban,592,59,0,0.4731
APP-004876,Female,Yes,1,Graduate,Yes,18946.92,0.0,61824.6,360,1,Rural,642,35,1,0.8837
APP-004877,Male,Yes,0,Graduate,No,72391.23,5566.83,500000.0,300,1,Semiurban,760,34,1,0.9858
APP-004878,Female,Yes,0,Graduate,No,38155.12,0.0,138787.28,240,1,Rural,729,57,1,0.9895
APP-004879,Male,No,1,Graduate,No,29304.68,11407.49,128216.41,120,1,Semiurban,724,49,1,0.8602
APP-004880,Female,No,0,Not Graduate,No,75986.25,0.0,433916.68,240,1,Rural,587,54,0,0.0427
APP-004881,Female,Yes,0,Graduate,No,22753.7,21069.75,216400.54,300,0,Urban,634,64,0,0.449
APP-004882,Female,Yes,3+,Graduate,No,26602.87,0.0,283029.01,360,1,Rural,703,44,1,0.3481
APP-004883,Female,Yes,1,Graduate,No,14675.2,0.0,98609.27,300,0,Rural,627,27,0,0.0387
APP-004884,Male,Yes,2,Graduate,No,82473.18,0.0,143663.78,360,1,Semiurban,656,39,1,0.9863
APP-004885,Female,Yes,0,Graduate,No,112428.88,31817.84,500000.0,240,0,Semiurban,718,25,1,0.9291
APP-004886,Female,Yes,2,Graduate,No,15986.87,91260.53,500000.0,120,1,Rural,650,60,0,0.012
APP-004887,Male,Yes,0,Graduate,No,25625.04,0.0,230520.86,300,1,Urban,699,62,0,0.4918
APP-004888,Male,Yes,2,Graduate,No,41705.88,16630.62,227445.24,180,1,Urban,815,26,1,0.9964
APP-004889,Male,Yes,2,Graduate,No,30223.29,0.0,211026.42,180,1,Rural,665,55,0,0.0161
APP-004890,Female,Yes,1,Graduate,Yes,39449.5,40026.66,288841.39,120,1,Urban,780,65,1,0.9008
APP-004891,Male,No,0,Graduate,No,37621.13,36118.44,358250.89,300,1,Urban,728,55,1,0.9927
APP-004892,Female,No,1,Graduate,No,50219.24,0.0,133176.78,180,0,Semiurban,555,41,0,0.0393
APP-004893,Female,No,0,Graduate,No,23658.29,0.0,54337.36,360,1,Urban,586,53,1,0.8925
APP-004894,Female,Yes,0,Not Graduate,No,44621.13,53620.03,500000.0,360,0,Rural,609,49,0,0.2383
APP-004895,Male,Yes,0,Graduate,No,21723.07,15294.64,158064.31,360,0,Semiurban,607,66,0,0.4432
APP-004896,Female,Yes,0,Not Graduate,No,31999.58,7710.12,95130.59,240,1,Rural,672,50,1,0.9766
APP-004897,Male,Yes,0,Graduate,No,15441.08,0.0,94970.13,120,1,Semiurban,732,57,0,0.0116
APP-004898,Female,Yes,1,Graduate,No,32128.49,17228.43,61439.29,300,1,Semiurban,787,60,1,0.9999
APP-004899,Male,No,0,Graduate,Yes,29289.79,0.0,86729.37,120,1,Semiurban,706,23,0,0.5326
APP-004900,Female,Yes,3+,Graduate,No,67438.32,11932.04,160259.78,240,1,Urban,642,27,1,0.942
APP-004901,Male,Yes,1,Graduate,No,38847.81,60666.74,500000.0,120,0,Urban,503,43,0,0.0
APP-004902,Male,No,1,Not Graduate,No,42932.17,53321.31,337607.64,300,1,Semiurban,686,30,1,0.9656
APP-004903,Female,Yes,1,Graduate,No,39642.28,27865.33,298194.98,300,1,Rural,682,26,1,0.9274
APP-004904,Female,No,1,Graduate,No,12443.95,5274.0,86614.94,300,1,Urban,696,46,1,0.9722
APP-004905,Female,No,0,Not Graduate,No,13382.18,0.0,82087.71,360,1,Semiurban,850,39,1,0.9996
APP-004906,Female,Yes,1,Graduate,No,33682.28,16645.22,293373.78,180,1,Urban,785,53,1,0.9311
APP-004907,Male,Yes,0,Not Graduate,No,46779.86,0.0,286005.82,180,1,Semiurban,747,59,1,0.5101
APP-004908,Male,No,1,Not Graduate,Yes,35271.27,0.0,133432.17,240,1,Rural,598,29,0,0.1298
APP-004909,Female,No,0,Not Graduate,Yes,24953.45,0.0,156165.04,360,0,Semiurban,636,29,1,0.0957
APP-004910,Female,No,0,Graduate,Yes,35165.75,0.0,111624.36,180,1,Semiurban,672,34,1,0.767
APP-004911,Female,Yes,1,Not Graduate,Yes,33526.89,0.0,119277.11,360,0,Urban,614,30,0,0.2607
APP-004912,Male,Yes,2,Graduate,No,61602.13,0.0,131518.4,240,1,Semiurban,723,37,1,0.9962
APP-004913,Female,Yes,0,Graduate,No,59734.26,0.0,500000.0,180,1,Semiurban,710,31,0,0.0126
APP-004914,Male,No,1,Graduate,No,29602.73,0.0,80698.99,300,0,Urban,587,60,1,0.4057
APP-004915,Female,Yes,3+,Graduate,No,39047.79,0.0,314082.54,240,1,Urban,782,35,0,0.7858
APP-004916,Male,Yes,3+,Graduate,Yes,46719.16,77494.39,500000.0,240,1,Semiurban,689,39,1,0.8709
APP-004917,Male,Yes,0,Graduate,No,50693.57,12282.12,293659.46,120,0,Rural,533,22,0,0.0
APP-004918,Male,No,0,Graduate,No,99601.15,28500.17,500000.0,240,1,Semiurban,676,66,1,0.9358
APP-004919,Male,Yes,0,Graduate,Yes,39518.29,32865.82,191066.79,240,1,Urban,704,63,1,0.9909
APP-004920,Male,No,1,Graduate,No,76329.11,26504.21,500000.0,180,1,Semiurban,763,37,1,0.9432
APP-004921,Male,Yes,2,Graduate,No,21204.19,0.0,76817.84,240,0,Semiurban,651,51,0,0.5053
APP-004922,Male,Yes,0,Graduate,No,28262.17,0.0,190058.23,360,1,Rural,750,27,1,0.9794
APP-004923,Male,No,1,Graduate,Yes,12398.08,0.0,41391.39,360,0,Semiurban,696,40,1,0.9281
APP-004924,Male,Yes,2,Not Graduate,No,43617.71,0.0,97644.57,240,1,Semiurban,568,25,1,0.2847
APP-004925,Male,Yes,0,Graduate,No,57304.71,16241.75,500000.0,360,1,Urban,560,41,0,0.1415
APP-004926,Male,Yes,0,Not Graduate,No,12000.0,0.0,38991.52,180,1,Urban,775,55,1,0.9952
APP-004927,Male,Yes,0,Graduate,No,44513.93,21876.04,348408.0,360,1,Urban,782,25,1,0.9986
APP-004928,Female,Yes,1,Graduate,No,55955.71,0.0,61072.59,360,1,Semiurban,707,54,1,0.999
APP-004929,Male,No,0,Graduate,No,54229.52,25481.8,329143.8,300,1,Semiurban,807,42,1,0.9997
APP-004930,Male,Yes,0,Not Graduate,No,20791.02,0.0,116320.31,120,1,Urban,770,56,0,0.1037
APP-004931,Female,No,3+,Graduate,No,61403.12,13140.48,338836.47,360,1,Semiurban,738,68,1,0.9945
APP-004932,Male,Yes,0,Graduate,No,40340.75,40097.3,328120.81,240,0,Rural,603,40,1,0.1453
APP-004933,Male,Yes,0,Not Graduate,No,55551.77,0.0,215368.09,180,1,Urban,827,38,1,0.9978
APP-004934,Female,Yes,2,Graduate,No,37450.61,0.0,236223.93,360,1,Rural,726,39,1,0.9662
APP-004935,Male,Yes,3+,Graduate,No,49492.21,17407.35,159340.24,240,1,Semiurban,647,58,1,0.9473
APP-004936,Male,No,1,Graduate,No,73871.3,0.0,283099.55,240,0,Urban,623,21,0,0.1602
APP-004937,Male,Yes,2,Graduate,No,35874.71,0.0,291675.89,300,1,Rural,702,53,0,0.5489
APP-004938,Male,Yes,0,Graduate,No,46922.74,20001.45,146400.27,360,0,Urban,538,39,0,0.2804
APP-004939,Female,Yes,0,Graduate,Yes,79807.5,21285.26,410804.76,300,1,Urban,739,34,1,0.994
APP-004940,Male,Yes,3+,Not Graduate,No,37299.06,0.0,96784.37,360,1,Semiurban,599,24,0,0.6193
APP-004941,Male,Yes,3+,Graduate,Yes,21612.61,0.0,105501.27,180,0,Urban,712,30,0,0.1294
APP-004942,Female,Yes,0,Graduate,No,58210.66,0.0,251875.31,300,1,Urban,636,49,1,0.8603
APP-004943,Female,No,2,Graduate,No,88360.71,48364.18,381143.27,300,1,Semiurban,658,59,1,0.9736
APP-004944,Female,No,0,Graduate,No,81538.53,0.0,351421.49,240,1,Urban,616,24,0,0.3833
APP-004945,Female,Yes,0,Graduate,No,59470.95,0.0,261144.86,180,0,Rural,666,27,0,0.1027
APP-004946,Male,Yes,2,Graduate,No,12000.0,0.0,38889.97,120,1,Rural,841,64,1,0.9932
APP-004947,Male,Yes,1,Graduate,No,28290.8,12482.24,144108.27,240,1,Rural,798,64,1,0.9992
APP-004948,Male,Yes,0,Not Graduate,No,29099.31,0.0,92675.14,300,1,Semiurban,710,46,1,0.9913
APP-004949,Female,Yes,1,Not Graduate,No,41137.59,18990.51,91859.51,240,1,Semiurban,678,48,1,0.9921
APP-004950,Male,Yes,1,Graduate,No,101574.28,0.0,500000.0,360,1,Semiurban,752,61,1,0.9965
APP-004951,Female,Yes,0,Not Graduate,No,22152.42,18033.37,293298.14,360,1,Semiurban,776,49,1,0.9927
APP-004952,Female,No,0,Not Graduate,No,137752.12,0.0,267162.97,300,0,Rural,609,49,1,0.623
APP-004953,Female,Yes,3+,Graduate,Yes,32523.55,67378.14,500000.0,360,1,Urban,673,21,1,0.8288
APP-004954,Female,Yes,3+,Not Graduate,Yes,26323.16,26728.77,270951.2,300,0,Urban,525,51,0,0.0035
APP-004955,Male,No,3+,Graduate,No,63886.45,0.0,165858.58,360,1,Semiurban,775,53,1,0.9996
APP-004956,Male,Yes,2,Not Graduate,No,66727.16,0.0,258905.23,360,1,Urban,850,58,1,0.9999
APP-004957,Female,No,3+,Graduate,No,57381.13,60647.51,366286.3,240,1,Rural,687,66,1,0.962
APP-004958,Male,No,2,Not Graduate,No,26286.2,0.0,169786.12,360,0,Urban,499,26,0,0.001
APP-004959,Female,Yes,1,Graduate,No,52897.72,17832.3,199528.44,300,1,Semiurban,732,35,1,0.9979
APP-004960,Male,Yes,1,Graduate,No,22732.33,18091.1,452401.91,360,0,Rural,603,27,0,0.0027
APP-004961,Male,No,1,Graduate,No,25887.48,0.0,185880.98,240,0,Urban,624,27,0,0.0074
APP-004962,Female,No,0,Graduate,No,38094.36,0.0,93582.18,300,1,Semiurban,733,65,1,0.9985
APP-004963,Female,Yes,0,Graduate,No,25566.04,0.0,227820.3,360,1,Rural,702,64,0,0.7354
APP-004964,Male,Yes,3+,Graduate,No,71611.54,10087.35,483701.71,360,0,Rural,639,28,0,0.2172
APP-004965,Female,Yes,1,Not Graduate,No,29202.45,0.0,116334.78,240,1,Urban,625,55,0,0.5594
APP-004966,Female,Yes,0,Graduate,No,35551.91,29923.13,378324.18,240,1,Urban,691,66,1,0.8037
APP-004967,Female,Yes,3+,Graduate,No,24732.93,0.0,159849.06,240,1,Urban,645,24,0,0.0921
APP-004968,Female,Yes,2,Not Graduate,Yes,71017.77,27733.94,299275.24,360,0,Urban,586,26,0,0.1537
APP-004969,Male,Yes,1,Graduate,No,27823.33,0.0,172709.01,120,1,Urban,652,53,0,0.0006
APP-004970,Female,Yes,3+,Graduate,Yes,75215.01,0.0,263914.55,360,1,Urban,709,51,1,0.9885
APP-004971,Male,No,2,Graduate,No,72236.37,0.0,444238.68,300,1,Urban,665,68,1,0.6664
APP-004972,Female,Yes,0,Graduate,No,31405.32,0.0,125912.89,240,0,Urban,560,60,0,0.0429
APP-004973,Female,No,2,Graduate,No,40795.1,0.0,110526.98,120,1,Rural,764,51,1,0.9719
APP-004974,Female,No,0,Not Graduate,Yes,30929.33,18165.43,277924.78,300,0,Semiurban,447,56,0,0.0002
APP-004975,Female,Yes,2,Not Graduate,No,54184.33,0.0,194800.13,300,1,Urban,642,66,0,0.841
APP-004976,Male,No,0,Not Graduate,No,36063.65,0.0,164815.99,300,0,Urban,627,59,0,0.3101
APP-004977,Male,Yes,0,Not Graduate,No,31900.78,46659.39,402563.14,300,1,Semiurban,693,26,1,0.9014
APP-004978,Female,Yes,2,Not Graduate,No,41167.26,11331.57,433529.88,300,1,Semiurban,728,38,1,0.6982
APP-004979,Male,Yes,0,Graduate,No,16810.88,0.0,58904.81,240,1,Urban,776,44,1,0.9987
APP-004980,Female,Yes,3+,Graduate,No,38494.99,0.0,112042.39,180,1,Semiurban,619,66,1,0.4631
APP-004981,Female,Yes,0,Graduate,No,57370.56,0.0,500000.0,240,1,Semiurban,730,26,0,0.2218
APP-004982,Male,No,0,Graduate,Yes,43300.95,0.0,184861.52,240,1,Semiurban,697,47,1,0.9085
APP-004983,Female,Yes,0,Graduate,No,67738.58,0.0,225955.97,360,0,Semiurban,535,54,0,0.0975
APP-004984,Male,Yes,2,Graduate,No,32613.65,0.0,163656.32,180,1,Semiurban,842,30,1,0.9907
APP-004985,Female,No,1,Graduate,No,31175.57,14439.21,166600.96,300,1,Urban,558,42,0,0.4213
APP-004986,Male,Yes,1,Graduate,No,21708.83,13970.85,134840.14,120,1,Urban,716,65,1,0.5592
APP-004987,Female,Yes,2,Graduate,Yes,32107.35,0.0,435823.75,120,0,Semiurban,713,43,0,0.0
APP-004988,Male,Yes,1,Graduate,No,118330.99,0.0,323396.93,240,1,Semiurban,703,61,1,0.9891
APP-004989,Male,Yes,3+,Not Graduate,No,46702.31,10123.08,126830.71,240,1,Rural,638,21,0,0.7892
APP-004990,Female,Yes,0,Graduate,No,29084.34,0.0,215226.13,180,1,Urban,750,51,0,0.2719
APP-004991,Female,No,0,Not Graduate,No,23077.7,21572.98,160489.49,360,0,Semiurban,547,57,0,0.1037
APP-004992,Male,Yes,2,Graduate,Yes,16660.7,40642.63,282012.97,240,1,Semiurban,674,41,1,0.6561
APP-004993,Female,No,3+,Graduate,No,25419.8,35486.73,346037.08,240,1,Urban,632,57,0,0.2788
APP-004994,Female,Yes,2,Graduate,No,60934.6,25062.05,166815.64,360,1,Urban,622,61,1,0.9708
APP-004995,Male,Yes,0,Not Graduate,No,31733.64,0.0,226024.71,240,1,Semiurban,716,66,0,0.4769
APP-004996,Male,No,2,Not Graduate,No,23694.67,16399.94,132771.35,300,1,Semiurban,772,59,1,0.9988
APP-004997,Male,No,0,Graduate,No,25172.29,39345.41,500000.0,360,0,Rural,651,26,1,0.1534
APP-004998,Female,Yes,1,Graduate,No,57366.42,0.0,170911.27,240,1,Urban,746,46,1,0.9976
APP-004999,Female,Yes,2,Graduate,Yes,38380.52,25850.79,500000.0,120,1,Rural,684,35,0,0.0
APP-005000,Female,Yes,1,Graduate,No,28425.38,0.0,265949.49,360,1,Urban,604,32,0,0.0576
APP-005001,Male,Yes,2,Graduate,Yes,33873.44,0.0,115857.12,240,1,Semiurban,658,39,1,0.7925
APP-005002,Male,Yes,1,Graduate,No,135027.77,0.0,500000.0,240,0,Urban,655,56,1,0.6083
APP-005003,Female,No,2,Graduate,No,78495.19,23739.14,378397.77,240,0,Semiurban,621,27,0,0.2029
APP-005004,Male,No,0,Graduate,No,90016.11,0.0,500000.0,120,1,Urban,716,61,0,0.0269
APP-005005,Female,Yes,1,Not Graduate,No,15311.25,0.0,70762.41,360,1,Urban,700,34,1,0.9728
APP-005006,Male,Yes,1,Graduate,No,36934.22,13498.02,273243.4,360,1,Semiurban,545,29,0,0.11
APP-005007,Female,No,1,Graduate,No,28151.78,0.0,112508.17,360,0,Semiurban,540,25,0,0.0344
APP-005008,Male,Yes,1,Graduate,No,54128.28,0.0,285375.47,180,1,Urban,716,27,0,0.5285
APP-005009,Male,No,3+,Graduate,No,71890.1,0.0,390279.74,360,1,Semiurban,611,23,0,0.3305
APP-005010,Male,Yes,0,Graduate,Yes,48027.76,0.0,156526.18,300,1,Semiurban,706,58,1,0.9875
APP-005011,Female,No,0,Not Graduate,No,24838.28,7478.29,305880.09,300,1,Semiurban,746,64,1,0.6974
APP-005012,Female,No,1,Not Graduate,No,27901.69,0.0,108529.36,360,1,Rural,572,63,1,0.3534
APP-005013,Female,No,3+,Graduate,No,56461.48,12571.45,467819.1,360,1,Urban,560,24,0,0.0515
APP-005014,Female,Yes,3+,Graduate,No,59637.52,25612.89,205984.07,240,1,Semiurban,822,35,1,0.9999
APP-005015,Male,Yes,3+,Graduate,No,43370.02,19014.54,361810.66,300,0,Urban,710,43,0,0.781
APP-005016,Male,Yes,2,Graduate,No,43104.6,0.0,296729.53,300,0,Urban,644,50,0,0.1153
APP-005017,Female,No,0,Not Graduate,Yes,41256.64,0.0,198237.58,120,1,Semiurban,601,38,0,0.0006
APP-005018,Male,Yes,1,Graduate,No,46537.01,13637.57,416299.15,120,1,Semiurban,637,26,0,0.0001
APP-005019,Female,No,1,Graduate,Yes,59502.79,0.0,184518.03,240,1,Rural,579,48,1,0.2799
APP-005020,Male,Yes,1,Graduate,No,56760.23,0.0,299307.84,300,1,Urban,755,59,1,0.9932
APP-005021,Male,No,2,Graduate,No,40658.86,0.0,87434.3,360,1,Urban,614,66,1,0.935
APP-005022,Female,Yes,3+,Graduate,No,39066.59,0.0,178060.14,360,1,Semiurban,773,60,1,0.9982
APP-005023,Female,Yes,3+,Graduate,No,38253.33,17563.19,166544.85,300,1,Rural,646,41,1,0.9328
APP-005024,Male,No,0,Graduate,No,26129.45,26394.84,217094.71,240,0,Semiurban,591,29,0,0.08
APP-005025,Male,No,0,Graduate,No,25947.6,19669.81,361748.07,300,1,Semiurban,644,67,1,0.2536
APP-005026,Female,No,0,Graduate,No,54131.74,17162.16,500000.0,240,0,Semiurban,457,57,0,0.0001
APP-005027,Male,No,0,Not Graduate,No,27117.16,25151.05,125124.52,360,1,Semiurban,670,58,1,0.9903
APP-005028,Female,Yes,2,Graduate,No,62797.07,37129.43,500000.0,240,1,Semiurban,666,39,1,0.6971
APP-005029,Female,Yes,1,Graduate,No,39017.34,6854.88,367037.78,360,1,Rural,750,31,1,0.9622
APP-005030,Male,No,1,Graduate,Yes,62992.91,17269.19,395991.04,180,0,Rural,520,46,0,0.0003
APP-005031,Male,Yes,2,Not Graduate,No,56972.69,10491.54,500000.0,360,1,Urban,779,68,1,0.9895
APP-005032,Male,No,0,Graduate,No,63806.57,0.0,225679.61,240,1,Semiurban,750,65,1,0.9955
APP-005033,Male,No,3+,Not Graduate,No,30884.16,0.0,104478.65,180,1,Semiurban,786,44,1,0.9915
APP-005034,Male,No,0,Not Graduate,No,50256.48,0.0,170344.7,300,1,Urban,676,63,1,0.9698
APP-005035,Male,No,0,Graduate,No,60224.73,18765.07,464329.51,180,1,Rural,766,56,1,0.8426
APP-005036,Male,Yes,2,Not Graduate,No,17098.92,25945.76,175646.47,240,0,Rural,555,42,0,0.0142
APP-005037,Male,Yes,2,Graduate,No,102327.26,8872.62,343508.27,240,1,Urban,741,22,1,0.9938
APP-005038,Female,Yes,0,Graduate,No,139563.39,14526.36,486375.4,240,0,Rural,614,62,0,0.4078
APP-005039,Female,No,0,Not Graduate,No,67576.03,27564.53,405816.7,240,1,Urban,540,28,1,0.0441
APP-005040,Female,No,1,Graduate,No,62519.54,0.0,181878.65,240,0,Urban,584,33,0,0.1801
APP-005041,Male,No,2,Graduate,No,55482.18,0.0,319522.63,120,1,Urban,680,63,0,0.0034
APP-005042,Female,Yes,3+,Graduate,No,33594.3,33326.56,488480.52,240,1,Urban,610,27,0,0.0184
APP-005043,Male,No,0,Graduate,No,37775.14,0.0,249605.76,240,1,Urban,712,21,1,0.5755
APP-005044,Female,Yes,2,Graduate,No,68215.2,10003.61,500000.0,300,0,Rural,526,39,0,0.0025
APP-005045,Male,Yes,0,Not Graduate,Yes,23499.41,15810.37,201612.29,240,0,Rural,499,56,0,0.0005
APP-005046,Male,Yes,0,Graduate,No,22395.28,0.0,204732.01,180,1,Semiurban,797,45,0,0.1148
APP-005047,Female,Yes,1,Graduate,No,32256.31,11728.79,203682.66,300,1,Urban,757,37,1,0.9969
APP-005048,Female,Yes,2,Graduate,No,57580.5,10466.28,255930.43,120,0,Rural,591,48,0,0.0022
APP-005049,Male,Yes,1,Not Graduate,No,24927.7,21200.07,207477.27,240,1,Semiurban,680,44,1,0.8441
APP-005050,Female,Yes,0,Graduate,No,35455.06,37773.25,336450.58,300,1,Rural,767,29,1,0.9967
APP-005051,Male,No,1,Graduate,Yes,37847.81,0.0,152619.3,300,0,Urban,716,29,1,0.8866
APP-005052,Female,Yes,1,Not Graduate,No,23005.12,31790.73,143521.14,180,0,Urban,693,44,1,0.8606
APP-005053,Male,No,3+,Graduate,No,12000.0,0.0,32922.65,240,1,Urban,773,51,1,0.999
APP-005054,Female,No,1,Graduate,No,22820.58,0.0,161999.61,240,0,Rural,618,30,0,0.0053
APP-005055,Female,Yes,1,Graduate,No,46327.34,0.0,287462.0,240,1,Semiurban,683,30,0,0.4388
APP-005056,Male,Yes,2,Not Graduate,No,52437.59,28813.37,500000.0,300,1,Urban,678,38,1,0.7445
APP-005057,Female,Yes,0,Not Graduate,No,52675.18,26162.41,281644.87,360,1,Urban,657,24,1,0.9468
APP-005058,Male,Yes,0,Graduate,No,56120.97,0.0,192249.07,120,1,Semiurban,647,49,0,0.1666
APP-005059,Female,Yes,2,Not Graduate,No,28438.04,34038.45,158801.7,360,1,Semiurban,686,32,1,0.9881
APP-005060,Male,Yes,2,Graduate,No,25277.37,28384.66,367926.15,360,1,Urban,683,38,1,0.8881
APP-005061,Male,No,3+,Not Graduate,No,49329.71,10077.57,169517.88,360,1,Rural,591,43,1,0.6882
APP-005062,Female,No,0,Graduate,Yes,35722.55,0.0,150189.54,120,1,Rural,748,21,0,0.2148
APP-005063,Female,Yes,1,Not Graduate,No,66097.97,0.0,324436.06,360,0,Semiurban,597,51,1,0.1442
APP-005064,Male,No,0,Not Graduate,No,49501.36,0.0,104421.72,180,1,Urban,661,54,1,0.95
APP-005065,Female,No,2,Not Graduate,No,81316.26,24570.55,500000.0,240,0,Semiurban,655,44,0,0.2292
APP-005066,Female,Yes,0,Not Graduate,No,31068.66,0.0,208664.6,240,1,Semiurban,710,45,0,0.5681
APP-005067,Male,No,1,Graduate,No,72196.28,0.0,348605.78,240,0,Rural,500,46,0,0.0014
APP-005068,Female,No,1,Not Graduate,No,122893.3,51889.22,500000.0,240,1,Urban,756,27,1,0.997
APP-005069,Male,Yes,1,Graduate,No,41338.87,0.0,173691.28,180,1,Rural,622,24,0,0.1023
APP-005070,Male,No,0,Graduate,No,52818.6,11652.66,500000.0,300,1,Semiurban,784,25,1,0.9729
APP-005071,Female,No,1,Graduate,No,24057.68,27488.54,225085.11,300,1,Urban,639,46,1,0.8794
APP-005072,Male,Yes,1,Graduate,No,65626.25,0.0,277243.14,300,1,Rural,676,39,1,0.9339
APP-005073,Male,Yes,0,Graduate,No,74681.08,0.0,233747.16,300,1,Semiurban,843,35,1,0.9999
APP-005074,Female,No,1,Graduate,No,30578.45,0.0,36991.7,180,1,Urban,656,67,1,0.9839
APP-005075,Male,Yes,3+,Not Graduate,No,55402.93,22321.81,500000.0,300,1,Semiurban,785,42,1,0.9868
APP-005076,Female,No,3+,Graduate,No,46829.1,0.0,199378.25,300,1,Semiurban,683,38,1,0.933
APP-005077,Female,No,3+,Graduate,No,49758.27,0.0,143058.98,120,1,Semiurban,715,32,0,0.7471
APP-005078,Male,Yes,2,Graduate,No,62730.99,0.0,500000.0,360,0,Urban,686,68,0,0.3574
APP-005079,Female,Yes,2,Graduate,No,53390.85,0.0,277375.86,300,1,Rural,752,59,1,0.9881
APP-005080,Female,Yes,2,Graduate,No,37181.13,73457.78,429905.77,300,1,Rural,622,56,1,0.7824
APP-005081,Male,No,1,Graduate,No,63469.39,0.0,427837.7,300,0,Rural,596,21,0,0.0097
APP-005082,Female,Yes,0,Graduate,No,73977.84,22019.26,482940.28,300,1,Semiurban,626,68,1,0.6749
APP-005083,Female,Yes,2,Not Graduate,Yes,29590.04,41351.76,353786.34,300,0,Urban,688,42,0,0.575
APP-005084,Male,Yes,1,Not Graduate,No,40095.14,8444.21,157349.77,360,1,Semiurban,661,62,1,0.9697
APP-005085,Male,Yes,2,Graduate,No,15172.18,12721.69,162675.34,180,1,Rural,740,40,0,0.5891
APP-005086,Male,No,3+,Graduate,No,55324.93,0.0,360088.65,180,1,Rural,791,60,1,0.6852
APP-005087,Male,Yes,0,Graduate,No,78646.21,0.0,255568.62,180,1,Semiurban,597,36,0,0.2885
APP-005088,Female,No,3+,Not Graduate,No,34838.82,0.0,63309.2,360,0,Urban,618,29,0,0.631
APP-005089,Male,Yes,0,Graduate,No,43191.11,0.0,282353.61,240,0,Semiurban,558,53,0,0.0024
APP-005090,Female,Yes,0,Graduate,No,35557.0,34464.98,396079.64,240,0,Semiurban,850,36,1,0.9951
APP-005091,Female,No,1,Not Graduate,No,32495.51,0.0,202359.43,180,1,Rural,706,33,0,0.1031
APP-005092,Male,No,3+,Graduate,No,45601.42,0.0,198486.47,240,0,Rural,721,54,1,0.7988
APP-005093,Male,No,3+,Graduate,No,26073.29,9172.22,231726.25,360,1,Urban,566,47,0,0.1314
APP-005094,Male,No,1,Not Graduate,No,35263.29,97195.38,420935.48,300,1,Urban,680,37,1,0.9788
APP-005095,Female,No,1,Graduate,No,24403.87,8187.73,127751.11,180,0,Rural,723,61,1,0.751
APP-005096,Female,No,1,Graduate,No,55491.89,0.0,147690.39,360,0,Semiurban,659,49,1,0.9205
APP-005097,Female,Yes,3+,Graduate,No,45779.01,0.0,328550.66,360,1,Urban,771,60,1,0.9898
APP-005098,Female,Yes,2,Graduate,No,31660.31,0.0,132161.59,360,1,Urban,850,25,1,0.9999
APP-005099,Male,No,0,Graduate,No,40961.72,40439.73,385184.11,300,1,Urban,599,43,0,0.5999
APP-005100,Female,No,0,Not Graduate,No,35546.65,13530.64,254265.9,300,1,Urban,593,45,1,0.3515
APP-005101,Female,Yes,0,Graduate,Yes,75292.99,15152.55,346330.88,360,1,Urban,605,29,1,0.7185
APP-005102,Female,No,3+,Graduate,No,31490.56,0.0,194372.42,360,1,Rural,817,57,1,0.9986
APP-005103,Female,No,2,Graduate,Yes,56912.75,27361.19,500000.0,300,1,Semiurban,769,68,1,0.9828
APP-005104,Female,Yes,0,Graduate,Yes,27231.67,0.0,180412.1,300,1,Rural,668,58,0,0.5016
APP-005105,Male,Yes,2,Graduate,No,62807.58,0.0,123298.04,180,1,Semiurban,683,32,1,0.97
APP-005106,Male,No,1,Graduate,No,71005.89,21017.64,412177.45,240,0,Rural,611,39,0,0.1074
APP-005107,Male,No,1,Graduate,No,72873.36,0.0,333142.9,180,1,Semiurban,756,25,0,0.9029
APP-005108,Female,Yes,1,Not Graduate,No,90134.59,0.0,500000.0,360,0,Urban,648,56,1,0.4374
APP-005109,Male,Yes,2,Graduate,No,47138.47,0.0,156961.41,360,0,Semiurban,658,66,1,0.8292
APP-005110,Female,No,0,Graduate,Yes,79290.27,0.0,211647.88,180,1,Semiurban,732,48,1,0.9866
APP-005111,Male,Yes,3+,Graduate,No,98056.49,0.0,500000.0,240,1,Urban,664,62,0,0.6058
APP-005112,Female,No,2,Graduate,No,21652.39,28305.84,211142.81,360,0,Urban,660,37,0,0.8182
APP-005113,Male,Yes,0,Not Graduate,Yes,28802.54,0.0,92737.27,120,1,Urban,681,41,1,0.2857
APP-005114,Male,No,2,Graduate,No,17630.13,13012.44,116203.15,240,1,Urban,748,24,1,0.9908
APP-005115,Female,Yes,1,Graduate,No,71942.99,21352.81,210773.4,360,1,Urban,820,65,1,1.0
APP-005116,Male,Yes,1,Graduate,No,17506.15,10881.32,130647.33,240,1,Semiurban,730,23,1,0.9571
APP-005117,Male,Yes,0,Graduate,Yes,15079.43,15074.8,112125.65,300,1,Urban,748,47,1,0.9975
APP-005118,Female,Yes,1,Not Graduate,No,21948.06,18454.14,218924.41,300,1,Semiurban,663,28,0,0.6924
APP-005119,Male,No,2,Graduate,No,15427.83,0.0,59976.17,360,0,Semiurban,620,57,0,0.5004
APP-005120,Male,Yes,0,Graduate,No,46615.43,15929.32,270928.95,180,1,Urban,736,59,1,0.9584
APP-005121,Female,No,1,Graduate,No,22103.73,0.0,76773.44,180,1,Semiurban,695,24,1,0.8306
APP-005122,Male,Yes,1,Graduate,No,15840.8,0.0,60220.3,120,0,Semiurban,559,26,0,0.0004
APP-005123,Female,Yes,0,Graduate,No,39221.08,8445.97,122223.14,240,1,Semiurban,652,67,1,0.9621
APP-005124,Female,Yes,3+,Graduate,No,40514.35,0.0,274830.14,180,1,Semiurban,673,44,0,0.0261
APP-005125,Female,No,2,Not Graduate,No,14351.64,30749.91,188700.2,300,1,Urban,637,53,1,0.813
APP-005126,Female,Yes,2,Graduate,Yes,27104.75,31260.08,101656.88,300,1,Semiurban,806,25,1,0.9998
APP-005127,Female,Yes,1,Graduate,No,38520.61,18019.09,118099.44,360,1,Semiurban,721,67,1,0.9988
APP-005128,Male,Yes,0,Graduate,No,32982.99,0.0,224278.36,360,1,Semiurban,797,55,1,0.9979
APP-005129,Male,No,3+,Graduate,No,33482.7,0.0,139990.4,240,0,Semiurban,702,66,1,0.7029
APP-005130,Female,No,0,Not Graduate,No,76772.96,0.0,324371.55,240,1,Urban,687,24,1,0.8417
APP-005131,Female,No,2,Graduate,No,130692.12,0.0,500000.0,180,0,Semiurban,600,66,0,0.0282
APP-005132,Female,No,0,Graduate,No,33782.08,0.0,179333.73,360,0,Rural,681,51,1,0.7989
APP-005133,Male,Yes,2,Graduate,No,19398.77,15623.42,297300.8,240,1,Urban,681,37,0,0.0994
APP-005134,Female,Yes,1,Graduate,No,35276.75,45728.74,421922.16,240,0,Rural,564,53,0,0.012
APP-005135,Female,Yes,1,Graduate,No,44661.24,20762.32,320280.57,360,1,Urban,634,58,1,0.8858
APP-005136,Female,Yes,3+,Graduate,Yes,38975.82,0.0,128491.88,240,1,Urban,653,29,1,0.7306
APP-005137,Female,No,3+,Graduate,Yes,56155.51,0.0,119574.58,240,1,Semiurban,715,54,1,0.9909
APP-005138,Male,Yes,0,Graduate,No,135476.04,19284.82,500000.0,240,1,Semiurban,719,31,1,0.9911
APP-005139,Male,Yes,3+,Graduate,Yes,15643.07,0.0,85617.64,240,1,Rural,631,51,0,0.1204
APP-005140,Male,Yes,0,Graduate,No,30366.83,0.0,212341.86,360,1,Semiurban,720,68,1,0.9556
APP-005141,Male,Yes,1,Graduate,Yes,93678.95,20088.73,500000.0,360,1,Semiurban,665,36,1,0.9251
APP-005142,Female,No,2,Graduate,No,30117.9,0.0,76185.43,300,0,Urban,436,26,0,0.0019
APP-005143,Male,No,0,Graduate,No,61958.58,0.0,200369.7,300,0,Semiurban,639,45,1,0.7355
APP-005144,Male,Yes,2,Not Graduate,No,56783.18,0.0,326999.56,180,1,Semiurban,772,60,1,0.7415
APP-005145,Female,Yes,1,Graduate,No,79243.76,0.0,338005.82,240,0,Urban,537,32,0,0.0094
APP-005146,Female,No,1,Graduate,No,114959.69,24072.22,500000.0,300,1,Semiurban,690,55,1,0.9861
APP-005147,Male,No,2,Graduate,No,48203.65,0.0,188354.03,240,1,Rural,815,43,1,0.999
APP-005148,Male,No,2,Graduate,No,15364.17,24779.88,421124.09,360,1,Urban,615,31,0,0.0419
APP-005149,Male,Yes,2,Not Graduate,No,27303.66,0.0,119368.3,300,1,Semiurban,680,45,1,0.9079
APP-005150,Male,Yes,0,Graduate,Yes,133563.07,0.0,500000.0,240,0,Semiurban,569,63,0,0.0337
APP-005151,Female,No,0,Graduate,No,18438.41,0.0,26611.69,240,1,Rural,818,66,1,0.9999
APP-005152,Female,No,1,Graduate,No,52746.02,23293.87,403475.39,360,0,Urban,673,24,0,0.7069
APP-005153,Male,Yes,2,Graduate,No,12000.0,0.0,51696.75,120,1,Semiurban,684,67,0,0.06
APP-005154,Male,Yes,2,Graduate,Yes,19088.19,31379.6,83864.29,360,1,Semiurban,795,48,1,0.9999
APP-005155,Female,No,1,Graduate,Yes,65369.79,85532.69,500000.0,120,1,Semiurban,736,37,1,0.751
APP-005156,Male,Yes,2,Graduate,No,40936.55,0.0,99986.2,180,0,Semiurban,606,28,0,0.1571
APP-005157,Female,Yes,3+,Graduate,Yes,32629.01,0.0,110096.52,360,0,Rural,625,56,0,0.4066
APP-005158,Female,Yes,1,Not Graduate,No,25645.01,22031.38,233170.31,240,1,Semiurban,722,48,1,0.9423
APP-005159,Female,Yes,0,Not Graduate,No,13385.16,34234.66,192086.42,240,0,Urban,627,65,0,0.2662
APP-005160,Female,Yes,1,Graduate,Yes,58769.2,0.0,294111.56,240,1,Semiurban,500,49,0,0.0037
APP-005161,Female,No,0,Graduate,No,34346.97,54441.5,406256.19,180,1,Semiurban,675,40,1,0.5898
APP-005162,Male,No,0,Graduate,No,17378.24,13224.12,376360.41,300,0,Urban,554,21,0,0.0
APP-005163,Female,Yes,3+,Not Graduate,No,40806.8,52491.39,446957.12,300,1,Urban,817,30,1,0.9988
APP-005164,Female,No,3+,Graduate,Yes,55253.47,0.0,247784.41,180,1,Urban,695,59,1,0.5081
APP-005165,Female,Yes,2,Graduate,No,35940.84,0.0,185172.14,360,1,Urban,603,21,1,0.3732
APP-005166,Male,No,0,Graduate,No,42778.72,0.0,180229.56,180,1,Rural,621,29,0,0.1398
APP-005167,Male,Yes,0,Graduate,No,40985.34,50334.86,190868.41,360,0,Rural,519,58,0,0.1436
APP-005168,Male,Yes,0,Graduate,No,27207.91,0.0,158354.34,360,1,Semiurban,587,26,0,0.2415
APP-005169,Female,No,0,Graduate,No,41350.62,11763.7,404749.09,360,0,Urban,766,59,1,0.9657
APP-005170,Female,No,0,Graduate,No,60136.32,0.0,500000.0,360,1,Semiurban,850,58,1,0.999
APP-005171,Female,No,1,Graduate,Yes,70902.01,0.0,412203.13,360,1,Semiurban,742,62,1,0.9828
APP-005172,Male,Yes,0,Not Graduate,No,62000.71,0.0,234195.38,360,1,Urban,672,29,1,0.9604
APP-005173,Male,Yes,0,Graduate,No,27686.39,25500.92,255223.86,360,1,Semiurban,643,24,1,0.8535
APP-005174,Male,Yes,3+,Graduate,No,56949.31,0.0,500000.0,360,0,Semiurban,599,68,0,0.0098
APP-005175,Male,No,2,Graduate,No,51844.62,18826.19,272394.25,180,1,Semiurban,850,37,1,0.9992
APP-005176,Female,Yes,1,Graduate,No,27164.33,56456.27,208348.65,360,1,Semiurban,664,65,1,0.9889
APP-005177,Female,Yes,1,Graduate,No,31089.58,64259.5,500000.0,300,1,Urban,850,25,1,0.9997
APP-005178,Female,Yes,3+,Graduate,No,58327.63,61715.1,323661.15,360,1,Urban,798,25,1,0.9998
APP-005179,Female,Yes,1,Graduate,No,85587.92,8292.09,197294.78,360,1,Rural,532,47,1,0.5254
APP-005180,Female,Yes,0,Not Graduate,Yes,14817.74,66451.88,399967.31,240,0,Semiurban,623,47,0,0.0594
APP-005181,Female,No,1,Graduate,No,98916.73,0.0,500000.0,180,0,Rural,623,46,0,0.0135
APP-005182,Female,No,1,Graduate,Yes,76136.86,0.0,398879.19,240,1,Urban,673,50,1,0.611
APP-005183,Male,Yes,3+,Not Graduate,No,44779.92,45131.78,500000.0,240,1,Rural,675,25,1,0.3277
APP-005184,Male,Yes,1,Not Graduate,No,35157.94,0.0,139364.95,300,1,Semiurban,850,25,1,0.9997
APP-005185,Male,Yes,2,Not Graduate,No,49748.64,0.0,198484.73,180,0,Semiurban,588,48,0,0.0113
APP-005186,Female,No,2,Graduate,No,28217.26,16856.98,148467.65,180,1,Urban,699,66,1,0.9432
APP-005187,Female,Yes,0,Graduate,No,36397.95,19542.74,253623.53,240,1,Rural,732,66,1,0.9788
APP-005188,Female,Yes,3+,Not Graduate,No,17831.74,0.0,97013.2,360,1,Semiurban,680,36,1,0.8569
APP-005189,Male,Yes,1,Not Graduate,No,15400.61,44280.25,382626.92,240,1,Rural,689,34,0,0.3983
APP-005190,Female,Yes,2,Graduate,No,144750.76,0.0,411991.45,120,0,Semiurban,591,24,0,0.0067
APP-005191,Male,Yes,1,Not Graduate,No,41551.6,0.0,101102.06,300,1,Rural,689,58,1,0.9865
APP-005192,Male,Yes,1,Not Graduate,No,44892.63,29119.28,469876.76,120,1,Semiurban,723,67,0,0.0033
APP-005193,Female,Yes,0,Graduate,No,39462.14,0.0,132593.17,300,1,Urban,708,30,0,0.9916
APP-005194,Female,Yes,0,Graduate,No,25456.45,25835.17,140359.26,360,1,Rural,728,31,1,0.9983
APP-005195,Female,No,2,Graduate,No,33898.15,47601.01,151113.73,180,0,Urban,800,24,1,0.9982
APP-005196,Male,No,0,Graduate,No,42199.08,0.0,338907.21,360,1,Urban,760,38,1,0.9823
APP-005197,Male,Yes,0,Graduate,No,36020.7,0.0,173841.25,300,0,Semiurban,686,55,0,0.7946
APP-005198,Male,No,1,Graduate,No,26536.82,24516.76,278201.65,180,0,Rural,580,45,0,0.0023
APP-005199,Male,Yes,0,Graduate,No,52246.01,0.0,271185.14,180,1,Urban,629,58,0,0.1044
APP-005200,Male,Yes,1,Graduate,No,44515.85,17997.51,293248.85,180,1,Rural,661,34,0,0.3135
APP-005201,Male,No,0,Not Graduate,Yes,49816.39,73088.21,500000.0,180,0,Rural,701,58,0,0.3293
APP-005202,Female,Yes,0,Graduate,No,59146.62,10976.36,289634.94,240,1,Semiurban,639,63,1,0.7687
APP-005203,Female,Yes,2,Graduate,No,36541.79,0.0,100368.47,360,1,Rural,600,23,0,0.6991
APP-005204,Male,No,0,Graduate,No,36574.69,0.0,70452.12,180,0,Urban,579,46,0,0.2966
APP-005205,Male,Yes,0,Graduate,No,90703.29,0.0,500000.0,360,0,Semiurban,540,61,0,0.0248
APP-005206,Female,No,0,Graduate,No,23879.88,0.0,103557.43,300,1,Rural,660,49,1,0.9094
APP-005207,Male,Yes,0,Graduate,No,14321.29,24968.88,137562.39,300,0,Semiurban,555,37,1,0.1167
APP-005208,Male,Yes,0,Graduate,No,54477.68,31182.0,254665.21,300,1,Rural,595,54,0,0.8142
APP-005209,Male,No,2,Not Graduate,No,28391.85,23197.8,352705.41,360,1,Semiurban,647,57,1,0.5763
APP-005210,Male,Yes,1,Graduate,No,22191.33,14225.36,165695.83,360,0,Urban,566,67,0,0.1322
APP-005211,Male,Yes,0,Graduate,No,65308.72,0.0,188782.05,120,1,Rural,712,63,1,0.8273
APP-005212,Male,Yes,1,Not Graduate,No,37063.11,0.0,137828.8,240,1,Urban,743,57,1,0.9907
APP-005213,Male,Yes,2,Not Graduate,No,20031.07,0.0,98235.93,180,1,Urban,633,33,0,0.0637
APP-005214,Male,Yes,1,Graduate,No,116333.97,42370.87,500000.0,180,1,Urban,643,30,1,0.7272
APP-005215,Female,Yes,3+,Graduate,No,16549.69,9979.18,163207.2,180,1,Rural,726,24,0,0.2082
APP-005216,Female,No,0,Graduate,No,38266.38,45246.38,500000.0,360,0,Semiurban,619,58,1,0.2938
APP-005217,Male,No,1,Graduate,No,14198.59,20894.11,123731.06,120,1,Semiurban,613,38,0,0.0446
APP-005218,Male,Yes,1,Graduate,Yes,46576.99,0.0,174666.78,360,1,Urban,782,48,1,0.9993
APP-005219,Male,No,1,Graduate,No,28208.83,0.0,82778.39,360,1,Rural,755,30,1,0.9987
APP-005220,Male,No,1,Graduate,Yes,62981.8,0.0,250578.65,240,1,Semiurban,731,64,1,0.9709
APP-005221,Female,No,1,Graduate,No,39752.88,0.0,70141.4,240,1,Urban,759,60,1,0.9996
APP-005222,Male,No,3+,Graduate,No,84358.79,0.0,500000.0,300,1,Semiurban,512,67,0,0.0076
APP-005223,Female,No,0,Not Graduate,No,31686.86,17893.99,115958.26,120,1,Urban,795,49,1,0.9975
APP-005224,Male,No,1,Graduate,No,16605.69,0.0,49249.9,240,1,Semiurban,713,67,1,0.9888
APP-005225,Male,No,0,Graduate,No,45735.67,39531.82,377477.03,180,1,Semiurban,766,42,1,0.9786
APP-005226,Male,Yes,0,Graduate,No,34929.72,12571.01,376376.61,180,1,Semiurban,713,52,0,0.0504
APP-005227,Male,Yes,1,Graduate,No,14756.03,0.0,42829.88,300,1,Rural,684,58,1,0.9847
APP-005228,Male,No,2,Graduate,No,22461.11,21288.06,171480.66,180,0,Semiurban,657,56,0,0.2326
APP-005229,Female,Yes,3+,Graduate,No,26757.69,8451.21,171294.5,240,1,Rural,711,56,1,0.9143
APP-005230,Male,Yes,2,Not Graduate,No,94415.53,59454.28,484877.95,360,1,Urban,654,40,1,0.9637
APP-005231,Male,Yes,2,Not Graduate,No,59224.77,0.0,239157.2,300,1,Urban,754,58,1,0.9955
APP-005232,Male,No,1,Graduate,No,33148.27,23177.67,117381.76,240,1,Urban,545,61,1,0.5308
APP-005233,Female,No,0,Graduate,No,51998.93,0.0,174820.94,120,1,Semiurban,634,35,0,0.1019
APP-005234,Male,Yes,2,Not Graduate,No,13072.91,0.0,96954.98,120,1,Semiurban,850,22,0,0.0104
APP-005235,Female,Yes,0,Graduate,No,29416.22,0.0,181017.79,240,0,Urban,627,65,0,0.0421
APP-005236,Female,Yes,2,Graduate,Yes,50038.47,16287.08,231569.75,240,0,Rural,660,44,0,0.4941
APP-005237,Male,No,2,Not Graduate,No,43956.55,0.0,118785.35,360,1,Urban,605,23,1,0.7213
APP-005238,Female,Yes,0,Graduate,Yes,29832.51,54491.85,326721.4,180,1,Semiurban,709,63,1,0.8773
APP-005239,Male,Yes,0,Graduate,No,39298.06,0.0,86706.44,360,0,Rural,617,24,0,0.6543
APP-005240,Male,No,1,Graduate,No,48337.34,0.0,188605.65,180,0,Semiurban,664,67,0,0.2251
APP-005241,Male,Yes,0,Graduate,Yes,39928.83,21976.4,219442.09,240,1,Rural,752,53,1,0.9944
APP-005242,Female,Yes,0,Graduate,No,64444.02,0.0,224713.21,360,1,Rural,621,62,1,0.8871
APP-005243,Male,Yes,1,Graduate,No,47824.16,0.0,191332.13,360,1,Urban,747,31,1,0.9976
APP-005244,Female,Yes,2,Graduate,No,53166.42,0.0,288581.32,300,1,Semiurban,750,21,1,0.9707
APP-005245,Female,Yes,0,Graduate,No,102997.0,0.0,275148.15,180,1,Semiurban,770,34,1,0.9974
APP-005246,Female,Yes,3+,Graduate,No,63267.59,0.0,415015.44,300,1,Rural,692,54,1,0.7311
APP-005247,Female,Yes,1,Graduate,No,104561.13,18563.9,500000.0,360,1,Rural,850,53,1,1.0
APP-005248,Male,No,2,Graduate,No,27734.91,63878.37,500000.0,240,1,Urban,770,50,1,0.9874
APP-005249,Male,No,0,Not Graduate,No,16716.85,0.0,81431.76,180,1,Semiurban,708,50,0,0.6171
APP-005250,Male,Yes,0,Graduate,No,37154.7,0.0,307340.42,240,1,Rural,606,21,0,0.0038
APP-005251,Male,No,0,Graduate,No,35451.54,31525.64,443080.88,360,1,Urban,672,43,1,0.9101
APP-005252,Female,No,3+,Graduate,No,89561.23,0.0,415972.81,300,1,Semiurban,801,35,1,0.9983
APP-005253,Male,No,2,Graduate,No,21557.42,0.0,53145.62,180,1,Semiurban,825,64,1,0.9997
APP-005254,Male,No,0,Not Graduate,No,38430.88,0.0,245114.23,360,1,Semiurban,806,23,1,0.9963
APP-005255,Female,No,1,Graduate,No,50153.75,57939.94,500000.0,360,1,Urban,747,34,1,0.9975
APP-005256,Female,Yes,1,Graduate,Yes,42406.48,14095.52,500000.0,300,1,Urban,573,47,0,0.0085
APP-005257,Male,Yes,0,Graduate,No,36521.58,0.0,217238.74,120,1,Semiurban,721,63,0,0.0111
APP-005258,Male,Yes,3+,Graduate,Yes,48884.35,0.0,335149.43,180,1,Rural,574,53,0,0.0004
APP-005259,Female,No,1,Graduate,No,72656.9,7316.35,262815.92,300,0,Urban,554,30,0,0.1106
APP-005260,Male,Yes,1,Graduate,No,93401.25,0.0,444508.87,360,1,Semiurban,700,55,0,0.982
APP-005261,Female,Yes,0,Graduate,No,40865.6,0.0,73307.85,240,1,Urban,724,61,1,0.9987
APP-005262,Female,Yes,0,Not Graduate,No,25624.0,6524.78,175897.48,240,1,Rural,757,26,1,0.9457
APP-005263,Female,Yes,1,Not Graduate,No,93339.04,0.0,500000.0,360,1,Rural,722,55,1,0.9771
APP-005264,Female,Yes,2,Graduate,No,22187.88,0.0,176957.99,240,1,Semiurban,725,45,0,0.3895
APP-005265,Female,No,1,Graduate,No,107454.03,8047.31,419710.3,360,1,Semiurban,596,57,1,0.8046
APP-005266,Male,No,2,Graduate,Yes,84059.02,12841.47,182636.93,300,1,Rural,671,40,1,0.9822
APP-005267,Female,No,2,Graduate,No,91050.48,0.0,304750.07,300,0,Semiurban,552,37,0,0.0655
APP-005268,Female,Yes,2,Not Graduate,No,58510.7,0.0,240851.98,180,0,Semiurban,510,46,0,0.0006
APP-005269,Male,Yes,1,Not Graduate,Yes,12558.22,0.0,64350.18,240,1,Semiurban,743,67,1,0.8989
APP-005270,Male,No,2,Graduate,No,22662.88,0.0,38763.57,360,0,Urban,616,62,1,0.8232
APP-005271,Male,Yes,0,Graduate,Yes,47514.42,0.0,193250.1,360,1,Urban,754,47,1,0.9979
APP-005272,Female,Yes,0,Graduate,No,27678.03,0.0,73977.89,240,1,Semiurban,774,67,1,0.9992
APP-005273,Male,Yes,2,Not Graduate,Yes,33745.29,0.0,275826.4,300,0,Rural,627,46,0,0.0057
APP-005274,Female,Yes,0,Graduate,No,56220.94,0.0,83811.73,180,1,Urban,730,23,1,0.9975
APP-005275,Male,No,0,Not Graduate,No,36552.84,0.0,245788.52,360,1,Urban,624,61,1,0.4459
APP-005276,Male,No,1,Graduate,Yes,20527.87,17131.41,149424.6,120,1,Semiurban,523,34,0,0.0004
APP-005277,Female,Yes,1,Graduate,No,65323.84,12881.81,132719.62,240,1,Rural,690,46,1,0.9953
APP-005278,Female,Yes,0,Graduate,No,53273.62,49538.61,500000.0,240,1,Urban,640,66,0,0.6423
APP-005279,Male,Yes,1,Graduate,No,34998.21,42455.14,500000.0,300,1,Urban,643,55,1,0.5902
APP-005280,Female,No,0,Graduate,No,59349.35,18624.58,500000.0,240,1,Rural,848,51,1,0.9978
APP-005281,Male,No,0,Graduate,No,42288.73,0.0,187996.63,360,1,Urban,550,61,0,0.319
APP-005282,Male,Yes,3+,Graduate,No,83470.51,13817.46,306578.73,360,1,Rural,713,55,1,0.9955
APP-005283,Male,No,0,Graduate,No,43615.35,0.0,191465.34,360,0,Urban,595,41,0,0.3198
APP-005284,Male,Yes,1,Graduate,No,83129.94,44888.07,500000.0,300,1,Rural,757,41,1,0.9978
APP-005285,Male,Yes,0,Graduate,No,14321.12,24957.13,131180.97,240,0,Rural,705,46,1,0.9376
APP-005286,Female,Yes,3+,Not Graduate,No,51666.79,0.0,149725.2,360,1,Urban,712,26,1,0.9896
APP-005287,Female,No,0,Graduate,No,32246.86,15802.18,255734.02,180,1,Urban,600,56,0,0.0456
APP-005288,Male,Yes,0,Graduate,No,25022.28,6077.63,144769.7,360,1,Semiurban,615,39,1,0.8054
APP-005289,Male,Yes,1,Graduate,No,75900.25,116215.47,500000.0,180,1,Urban,759,38,1,0.9978
APP-005290,Male,Yes,0,Graduate,No,65447.14,0.0,500000.0,360,1,Rural,831,23,1,0.9972
APP-005291,Male,Yes,0,Graduate,No,13312.22,0.0,83432.33,360,1,Urban,721,30,1,0.9743
APP-005292,Male,Yes,0,Graduate,No,59487.57,15176.31,189513.99,300,1,Urban,604,27,1,0.878
APP-005293,Female,No,1,Not Graduate,No,55646.89,0.0,235845.84,360,1,Semiurban,709,63,1,0.9842
APP-005294,Male,Yes,3+,Graduate,No,26965.42,0.0,136824.06,180,1,Rural,850,48,1,0.993
APP-005295,Male,Yes,1,Not Graduate,No,25351.24,0.0,155549.65,240,0,Urban,689,34,0,0.1586
APP-005296,Female,No,2,Graduate,Yes,16733.76,0.0,104959.29,240,1,Urban,804,44,1,0.9769
APP-005297,Female,Yes,3+,Graduate,No,33334.81,44953.63,325148.34,360,0,Semiurban,617,62,0,0.4394
APP-005298,Female,Yes,2,Graduate,No,36402.1,31859.23,233376.08,240,0,Urban,676,38,1,0.8105
APP-005299,Female,No,2,Graduate,No,62214.8,28365.85,500000.0,120,1,Semiurban,733,57,0,0.0422
APP-005300,Female,Yes,2,Graduate,No,46544.27,69303.01,500000.0,240,1,Semiurban,714,50,1,0.9678
APP-005301,Male,Yes,0,Graduate,No,22405.25,30491.56,255958.05,360,1,Semiurban,615,58,1,0.8019
APP-005302,Male,No,0,Not Graduate,No,45769.85,7764.71,166206.69,360,1,Rural,611,50,1,0.8726
APP-005303,Male,Yes,0,Not Graduate,No,34901.15,0.0,382771.13,360,1,Urban,764,69,1,0.8198
APP-005304,Female,Yes,1,Graduate,No,24000.88,77280.02,482975.99,180,1,Urban,781,55,1,0.9813
APP-005305,Female,Yes,1,Not Graduate,No,16743.59,20218.19,151534.95,300,1,Urban,809,37,1,0.9995
APP-005306,Female,Yes,1,Graduate,No,56593.07,74492.79,500000.0,240,1,Rural,833,39,1,0.9997
APP-005307,Male,Yes,2,Graduate,No,51303.71,44989.59,386898.75,360,1,Urban,691,60,1,0.9888
APP-005308,Female,Yes,0,Not Graduate,No,54514.55,0.0,130128.84,360,1,Urban,654,55,1,0.9819
APP-005309,Male,Yes,2,Graduate,No,26888.81,0.0,131120.28,240,1,Urban,795,32,1,0.9946
APP-005310,Female,No,1,Graduate,No,44094.66,29849.88,164037.51,300,1,Semiurban,741,60,1,0.9992
APP-005311,Female,No,1,Graduate,Yes,18836.46,52171.94,317091.8,240,0,Urban,596,45,0,0.0585
APP-005312,Female,Yes,0,Graduate,No,23327.3,0.0,48554.46,240,1,Semiurban,592,67,1,0.7911
APP-005313,Male,No,0,Graduate,No,40886.4,0.0,66112.45,240,1,Urban,722,57,1,0.9989
APP-005314,Male,Yes,1,Graduate,No,46364.72,0.0,260444.7,240,1,Rural,665,26,1,0.3602
APP-005315,Male,Yes,2,Not Graduate,No,16385.47,0.0,42510.66,240,0,Rural,678,25,1,0.6967
APP-005316,Female,No,2,Graduate,Yes,22434.39,0.0,116278.71,240,1,Urban,771,56,1,0.9776
APP-005317,Male,No,2,Not Graduate,No,32827.9,0.0,151029.4,300,1,Urban,745,48,1,0.9902
APP-005318,Female,No,0,Not Graduate,Yes,67994.72,0.0,309674.66,300,1,Urban,793,26,1,0.996
APP-005319,Female,Yes,1,Graduate,No,25662.69,0.0,82505.07,360,0,Urban,516,31,0,0.0403
APP-005320,Male,Yes,1,Graduate,No,43361.03,17600.89,245008.66,240,1,Rural,702,40,1,0.9611
APP-005321,Male,No,0,Graduate,Yes,45934.23,0.0,145746.83,300,1,Rural,739,69,1,0.9946
APP-005322,Female,No,1,Not Graduate,No,34984.82,9236.34,288406.79,360,0,Urban,550,43,0,0.0155
APP-005323,Male,No,0,Graduate,No,46509.46,0.0,159540.7,240,1,Rural,624,62,0,0.7287
APP-005324,Male,No,2,Graduate,No,19154.55,0.0,73022.19,360,1,Rural,609,24,0,0.6115
APP-005325,Male,Yes,3+,Graduate,No,27982.01,0.0,166781.29,360,1,Rural,682,52,1,0.882
APP-005326,Male,Yes,3+,Graduate,No,88335.55,0.0,284705.84,360,1,Urban,818,42,1,0.9999
APP-005327,Female,Yes,0,Graduate,No,91823.24,0.0,174829.41,180,1,Rural,850,38,1,0.9999
APP-005328,Female,Yes,1,Graduate,No,63806.25,0.0,168750.73,180,1,Semiurban,611,34,1,0.5528
APP-005329,Female,Yes,2,Graduate,No,73512.87,0.0,500000.0,240,1,Rural,725,63,1,0.6404
APP-005330,Male,No,1,Graduate,No,14702.15,41965.12,250727.7,300,1,Urban,727,36,1,0.9922
APP-005331,Male,Yes,0,Graduate,No,23818.49,0.0,115807.63,300,1,Rural,713,69,1,0.9697
APP-005332,Male,Yes,1,Graduate,No,33822.93,0.0,164714.55,180,1,Urban,714,48,0,0.7597
APP-005333,Female,Yes,1,Graduate,No,151539.72,9192.71,500000.0,240,1,Urban,706,57,1,0.9915
APP-005334,Female,Yes,2,Graduate,No,33786.07,0.0,56612.22,240,1,Urban,823,54,1,1.0
APP-005335,Female,Yes,2,Graduate,No,60457.59,0.0,243332.68,300,1,Urban,774,28,1,0.9977
APP-005336,Male,Yes,1,Graduate,No,49419.71,0.0,213551.41,240,0,Semiurban,590,64,0,0.0556
APP-005337,Male,Yes,0,Graduate,No,48818.66,16911.83,277671.37,180,1,Rural,748,52,1,0.9681
APP-005338,Male,No,1,Graduate,No,39618.77,0.0,242034.57,300,1,Urban,756,56,1,0.9872
APP-005339,Male,No,3+,Not Graduate,Yes,20743.37,30012.35,313631.28,180,0,Urban,707,49,0,0.025
APP-005340,Female,Yes,0,Not Graduate,No,12000.0,0.0,46415.43,300,1,Semiurban,776,59,1,0.9984
APP-005341,Female,Yes,2,Not Graduate,No,81227.84,0.0,161900.07,240,1,Rural,696,42,1,0.9861
APP-005342,Female,Yes,0,Not Graduate,No,28593.26,53588.05,500000.0,300,1,Semiurban,697,58,1,0.8901
APP-005343,Female,Yes,3+,Not Graduate,Yes,14372.73,12005.81,112139.58,360,0,Rural,690,67,1,0.7207
APP-005344,Female,No,3+,Graduate,Yes,51066.22,19534.82,313064.91,180,0,Rural,508,25,0,0.0002
APP-005345,Male,No,3+,Not Graduate,No,50530.59,43281.69,500000.0,180,0,Urban,673,22,0,0.021
APP-005346,Male,Yes,0,Graduate,No,61226.83,0.0,218679.87,360,1,Urban,623,38,1,0.9129
APP-005347,Female,No,2,Graduate,No,74135.04,25529.27,500000.0,360,0,Rural,579,22,0,0.0539
APP-005348,Male,No,0,Graduate,Yes,24210.88,0.0,89913.75,240,1,Semiurban,802,48,1,0.9986
APP-005349,Male,No,0,Graduate,No,24804.0,0.0,240832.38,360,1,Rural,723,67,1,0.7542
APP-005350,Male,Yes,1,Not Graduate,No,33681.81,0.0,176241.0,240,1,Rural,677,40,0,0.5695
APP-005351,Male,Yes,2,Graduate,No,63063.79,0.0,198381.47,300,0,Urban,632,52,1,0.675
APP-005352,Male,Yes,0,Not Graduate,No,12626.44,25458.92,433112.63,360,0,Semiurban,705,61,0,0.1031
APP-005353,Male,Yes,1,Graduate,No,43067.05,14224.3,320290.43,120,1,Rural,764,24,0,0.0567
APP-005354,Female,Yes,1,Not Graduate,No,67014.68,9604.38,248353.57,300,1,Semiurban,610,46,1,0.7814
APP-005355,Male,No,2,Graduate,Yes,65510.85,0.0,148265.55,240,1,Urban,680,49,1,0.9756
APP-005356,Female,No,0,Graduate,No,59261.13,0.0,345801.08,300,1,Semiurban,754,23,1,0.9773
APP-005357,Female,No,0,Not Graduate,Yes,72016.48,0.0,500000.0,240,1,Semiurban,515,58,0,0.0006
APP-005358,Male,No,0,Not Graduate,No,12000.0,0.0,60890.82,360,1,Semiurban,675,29,1,0.8977
APP-005359,Female,Yes,1,Graduate,No,97480.51,0.0,482114.48,300,0,Rural,644,39,0,0.3327
APP-005360,Female,Yes,1,Graduate,No,48132.97,0.0,413784.05,360,0,Urban,669,59,0,0.2209
APP-005361,Male,No,0,Graduate,No,83621.69,20968.72,500000.0,240,1,Urban,637,56,1,0.676
APP-005362,Male,No,1,Graduate,No,21035.17,0.0,66695.83,240,1,Urban,692,63,1,0.9784
APP-005363,Female,No,0,Graduate,No,15296.74,27190.96,137344.42,360,0,Semiurban,844,56,1,0.9999
APP-005364,Male,Yes,0,Graduate,No,107206.02,0.0,500000.0,180,0,Urban,652,69,0,0.0815
APP-005365,Female,Yes,0,Graduate,No,24110.75,0.0,128845.69,360,1,Urban,705,39,1,0.9821
APP-005366,Male,Yes,1,Graduate,No,33827.63,17409.7,356397.75,300,1,Rural,850,58,1,0.999
APP-005367,Male,Yes,3+,Not Graduate,Yes,53642.67,0.0,269946.7,360,1,Urban,633,36,1,0.5053
APP-005368,Female,No,1,Graduate,No,61395.24,0.0,355410.2,180,1,Urban,834,58,1,0.983
APP-005369,Male,Yes,1,Not Graduate,No,72629.68,23862.46,481118.14,240,1,Rural,680,67,1,0.7025
APP-005370,Female,Yes,2,Not Graduate,No,45381.62,0.0,298574.19,240,1,Rural,831,37,1,0.9825
APP-005371,Female,No,1,Graduate,No,22474.35,0.0,134022.23,360,1,Semiurban,744,40,1,0.9899
APP-005372,Female,Yes,0,Not Graduate,No,59198.29,0.0,224670.97,180,1,Semiurban,706,54,1,0.8737
APP-005373,Male,Yes,0,Not Graduate,No,59719.02,49707.71,428584.8,360,1,Semiurban,674,55,1,0.9762
APP-005374,Male,Yes,0,Graduate,No,14790.36,22779.98,185299.64,300,1,Semiurban,627,43,0,0.7355
APP-005375,Male,No,3+,Graduate,No,87577.26,22617.39,494071.5,360,0,Semiurban,686,25,1,0.8042
APP-005376,Female,Yes,3+,Graduate,Yes,12000.0,17887.63,230177.67,360,1,Urban,756,59,1,0.9673
APP-005377,Male,Yes,0,Graduate,No,70893.12,0.0,332465.9,360,1,Urban,679,58,1,0.975
APP-005378,Male,No,1,Not Graduate,No,28317.62,0.0,63621.41,240,0,Rural,653,22,1,0.5861
APP-005379,Male,Yes,0,Graduate,Yes,59161.73,44401.31,259379.16,360,1,Semiurban,659,23,1,0.9647
APP-005380,Male,No,0,Graduate,No,53135.83,0.0,203414.72,300,1,Rural,764,51,1,0.9984
APP-005381,Male,No,0,Not Graduate,No,39323.7,30326.87,410877.9,300,1,Semiurban,784,22,1,0.9897
APP-005382,Male,Yes,0,Not Graduate,No,51436.21,47414.11,304065.38,240,1,Semiurban,623,35,1,0.7643
APP-005383,Male,Yes,1,Graduate,No,38271.21,19729.91,331477.42,360,0,Rural,623,67,0,0.2596
APP-005384,Female,Yes,1,Graduate,No,59437.04,0.0,179423.52,240,1,Urban,712,50,1,0.9918
APP-005385,Female,Yes,2,Graduate,No,133505.7,0.0,500000.0,360,1,Urban,810,65,1,0.9998
APP-005386,Male,Yes,3+,Graduate,Yes,19193.34,37595.92,291746.68,240,1,Urban,777,64,1,0.9826
APP-005387,Male,Yes,3+,Not Graduate,No,12000.0,0.0,30582.52,300,1,Rural,574,35,0,0.3926
APP-005388,Female,No,0,Graduate,No,31932.49,28354.39,307092.89,180,1,Urban,658,51,1,0.3425
APP-005389,Female,Yes,1,Not Graduate,No,30754.32,0.0,271246.74,180,0,Rural,601,36,0,0.0
APP-005390,Male,Yes,3+,Graduate,No,32608.8,0.0,127190.41,360,1,Urban,657,46,1,0.9486
APP-005391,Female,No,3+,Graduate,No,24111.85,12448.69,161316.58,360,0,Rural,816,37,1,0.9983
APP-005392,Male,No,2,Graduate,No,64850.43,9566.58,355564.23,180,0,Urban,559,36,0,0.0028
APP-005393,Female,Yes,0,Graduate,No,18774.76,0.0,83370.77,300,1,Urban,542,52,0,0.1693
APP-005394,Male,No,1,Not Graduate,No,51427.4,0.0,221626.42,360,0,Rural,610,66,0,0.2261
APP-005395,Female,No,0,Graduate,Yes,57019.93,31994.26,370496.72,300,1,Rural,704,59,1,0.9751
APP-005396,Female,Yes,0,Not Graduate,No,47765.37,0.0,100580.18,240,1,Semiurban,733,26,1,0.9957
APP-005397,Male,Yes,0,Graduate,No,52466.43,25888.43,409554.46,360,1,Semiurban,717,34,1,0.9888
APP-005398,Female,No,2,Not Graduate,No,67649.62,25519.14,244856.89,120,1,Urban,780,30,1,0.983
APP-005399,Female,No,2,Not Graduate,No,41334.84,0.0,208747.41,300,0,Rural,530,45,0,0.0048
APP-005400,Male,No,1,Not Graduate,No,33170.85,40580.91,431054.61,240,1,Rural,781,65,1,0.9723
APP-005401,Male,Yes,3+,Graduate,No,52444.13,0.0,268500.46,300,1,Rural,653,32,1,0.6247
APP-005402,Male,No,2,Graduate,No,55837.53,0.0,159939.49,240,1,Rural,742,57,1,0.9958
APP-005403,Male,No,1,Graduate,No,65468.51,15550.77,398067.14,180,1,Semiurban,568,21,0,0.0082
APP-005404,Female,Yes,2,Graduate,No,15649.34,0.0,60599.53,360,1,Urban,680,21,1,0.9573
APP-005405,Male,Yes,0,Graduate,No,36281.3,0.0,118612.57,360,1,Rural,700,62,1,0.9933
APP-005406,Female,Yes,1,Graduate,No,22338.06,19439.11,450773.53,360,1,Urban,778,41,1,0.9465
APP-005407,Female,Yes,0,Graduate,No,54640.5,0.0,155491.35,360,0,Rural,545,53,0,0.1584
APP-005408,Male,Yes,3+,Graduate,No,59855.59,0.0,318800.02,120,1,Urban,683,59,0,0.0084
APP-005409,Male,Yes,0,Not Graduate,No,34512.37,14996.78,419369.77,300,1,Semiurban,588,22,0,0.0105
APP-005410,Male,Yes,0,Not Graduate,No,26873.68,0.0,136101.67,240,1,Semiurban,723,68,1,0.9084
APP-005411,Male,No,2,Graduate,No,55733.12,0.0,180145.75,240,1,Urban,746,65,1,0.9956
APP-005412,Male,Yes,3+,Graduate,No,37298.81,0.0,124076.57,180,1,Urban,789,59,1,0.9963
APP-005413,Male,Yes,2,Not Graduate,No,87952.89,32814.25,274576.79,180,0,Rural,635,65,0,0.408
APP-005414,Male,No,0,Graduate,No,106417.38,0.0,473158.83,180,1,Urban,759,40,1,0.9681
APP-005415,Male,Yes,3+,Graduate,No,69591.04,24940.7,427326.38,180,1,Semiurban,796,36,1,0.9833
APP-005416,Male,No,0,Graduate,No,45613.62,0.0,173711.31,360,1,Semiurban,540,61,0,0.2977
APP-005417,Female,Yes,0,Graduate,No,109542.31,58781.28,500000.0,360,1,Urban,732,64,1,0.999
APP-005418,Female,No,0,Graduate,No,45816.34,11065.63,238454.63,240,1,Urban,761,62,1,0.9965
APP-005419,Male,Yes,0,Graduate,No,30836.16,14865.79,96991.99,180,1,Urban,658,37,1,0.9671
APP-005420,Male,No,1,Not Graduate,No,27682.69,18881.64,392779.85,180,0,Urban,577,32,0,0.0
APP-005421,Male,Yes,2,Not Graduate,No,27257.23,0.0,69304.73,360,1,Urban,760,33,1,0.9991
APP-005422,Female,Yes,1,Not Graduate,Yes,39994.48,0.0,218141.19,240,1,Urban,578,66,0,0.0227
APP-005423,Male,Yes,1,Graduate,No,51776.82,0.0,299571.77,300,0,Rural,665,40,0,0.343
APP-005424,Male,Yes,1,Graduate,No,18428.68,0.0,77221.2,180,1,Urban,677,38,0,0.6583
APP-005425,Female,No,2,Graduate,Yes,31353.8,0.0,207294.69,360,1,Rural,741,39,1,0.9555
APP-005426,Male,Yes,0,Graduate,No,45119.42,28688.36,331957.16,300,1,Urban,627,33,1,0.7937
APP-005427,Male,No,1,Graduate,Yes,57182.0,0.0,211338.14,180,1,Rural,622,40,0,0.1844
APP-005428,Female,Yes,3+,Graduate,No,39566.67,25206.14,110148.65,360,1,Urban,688,66,1,0.9967
APP-005429,Female,Yes,0,Graduate,No,45911.89,26969.95,145280.82,300,0,Semiurban,766,38,1,0.9988
APP-005430,Male,Yes,0,Graduate,Yes,20308.86,0.0,304743.03,180,1,Semiurban,850,55,0,0.001
APP-005431,Male,Yes,0,Graduate,Yes,24306.94,0.0,147086.74,300,1,Urban,552,31,0,0.0267
APP-005432,Male,No,1,Graduate,No,38813.6,18610.79,439330.46,240,1,Urban,707,62,0,0.4714
APP-005433,Male,No,0,Graduate,No,53146.27,0.0,500000.0,360,1,Rural,588,46,0,0.0374
APP-005434,Female,No,0,Graduate,No,45579.66,0.0,168668.27,240,1,Urban,767,42,1,0.9978
APP-005435,Male,No,1,Graduate,No,25163.42,0.0,102889.88,360,1,Urban,600,55,1,0.7592
APP-005436,Male,Yes,0,Graduate,No,35238.37,15051.89,104280.41,360,1,Semiurban,623,49,1,0.9753
APP-005437,Male,Yes,3+,Graduate,No,92181.16,0.0,352566.37,300,0,Urban,630,35,0,0.4136
APP-005438,Male,Yes,1,Graduate,No,54140.73,0.0,204641.96,180,0,Semiurban,674,68,1,0.3234
APP-005439,Female,No,3+,Graduate,No,36702.74,0.0,134132.98,180,1,Semiurban,707,54,1,0.8889
APP-005440,Female,No,1,Graduate,No,22829.06,0.0,159666.03,360,1,Urban,721,54,1,0.9664
APP-005441,Male,No,1,Graduate,No,27109.67,0.0,163015.4,300,1,Urban,680,56,1,0.8508
APP-005442,Female,No,1,Graduate,Yes,40280.58,21954.18,410383.32,360,0,Urban,567,63,0,0.0218
APP-005443,Male,Yes,0,Graduate,No,46712.68,67764.26,288151.73,300,1,Urban,742,28,1,0.999
APP-005444,Female,No,0,Not Graduate,No,54778.87,0.0,241822.26,300,0,Semiurban,675,66,0,0.6662
APP-005445,Female,No,0,Graduate,No,49681.71,62158.78,500000.0,360,1,Semiurban,779,27,1,0.999
APP-005446,Male,Yes,0,Not Graduate,No,32740.56,22298.49,500000.0,360,1,Rural,620,50,0,0.1181
APP-005447,Female,Yes,2,Graduate,No,30299.68,0.0,139150.93,240,1,Urban,544,45,0,0.0461
APP-005448,Male,No,2,Graduate,No,123728.37,20199.76,500000.0,360,1,Semiurban,677,69,1,0.9813
APP-005449,Male,Yes,0,Graduate,No,29553.07,18828.95,343777.12,240,1,Urban,790,69,1,0.9678
APP-005450,Male,No,0,Graduate,Yes,19723.44,0.0,76514.15,300,1,Semiurban,694,60,1,0.9674
APP-005451,Male,No,0,Graduate,No,16296.5,0.0,87738.43,180,0,Urban,663,59,0,0.0554
APP-005452,Male,No,1,Not Graduate,Yes,33048.98,26768.73,317784.79,360,0,Urban,606,35,0,0.1091
APP-005453,Female,Yes,1,Not Graduate,No,67305.09,0.0,232077.98,360,1,Semiurban,829,57,1,0.9999
APP-005454,Male,No,3+,Not Graduate,No,29238.12,0.0,93338.61,360,1,Rural,592,47,1,0.5827
APP-005455,Female,Yes,3+,Graduate,No,90457.28,14359.49,440543.45,240,1,Semiurban,618,68,1,0.4299
APP-005456,Female,No,3+,Graduate,No,39974.42,29792.53,244788.05,360,1,Urban,728,45,1,0.9975
APP-005457,Male,Yes,1,Not Graduate,No,73884.4,16699.12,196768.74,240,0,Urban,522,69,0,0.0463
APP-005458,Female,Yes,2,Graduate,Yes,26456.4,0.0,156050.17,240,1,Semiurban,788,39,1,0.9639
APP-005459,Male,Yes,2,Graduate,No,26682.97,0.0,147036.76,360,1,Semiurban,733,42,1,0.9876
APP-005460,Female,No,0,Graduate,No,42195.76,36887.79,241351.23,120,1,Rural,756,46,1,0.9594
APP-005461,Male,Yes,1,Graduate,No,52334.18,7160.99,173814.41,120,1,Rural,727,53,1,0.9059
APP-005462,Female,Yes,1,Not Graduate,No,36372.69,37199.07,390777.34,300,0,Urban,666,60,0,0.5126
APP-005463,Male,Yes,1,Graduate,No,47139.0,0.0,442102.15,360,1,Rural,590,44,0,0.0336
APP-005464,Male,No,1,Graduate,No,55473.86,10277.43,443735.43,240,1,Semiurban,668,50,0,0.3463
APP-005465,Male,Yes,0,Graduate,No,18374.55,0.0,134458.18,300,1,Urban,597,53,0,0.1085
APP-005466,Female,Yes,2,Graduate,No,33272.43,0.0,123682.37,360,1,Urban,721,65,1,0.9953
APP-005467,Male,Yes,0,Graduate,No,30173.66,35123.2,335593.3,180,1,Semiurban,749,26,1,0.8458
APP-005468,Female,No,0,Graduate,No,30990.4,0.0,124474.08,360,1,Semiurban,806,50,1,0.9998
APP-005469,Male,No,2,Graduate,No,50200.62,8313.69,179924.63,300,1,Rural,712,63,1,0.9936
APP-005470,Male,No,3+,Graduate,No,30405.11,0.0,141550.77,240,1,Urban,759,40,1,0.9856
APP-005471,Female,Yes,3+,Not Graduate,No,13322.47,22049.95,102047.99,120,1,Semiurban,655,67,0,0.2556
APP-005472,Female,Yes,3+,Graduate,No,35239.21,0.0,107430.84,240,1,Semiurban,639,57,1,0.8327
APP-005473,Male,Yes,0,Graduate,No,22349.89,0.0,77985.93,360,0,Rural,720,67,1,0.9789
APP-005474,Female,Yes,1,Not Graduate,No,52732.25,35433.97,322759.37,300,1,Rural,647,31,1,0.8477
APP-005475,Female,Yes,0,Graduate,No,62513.22,82096.7,500000.0,180,1,Semiurban,703,57,1,0.9543
APP-005476,Male,Yes,1,Graduate,No,12134.94,32784.15,75568.2,180,0,Urban,590,47,1,0.5002
APP-005477,Male,Yes,2,Graduate,No,26217.24,0.0,73468.71,360,0,Semiurban,605,68,1,0.5074
APP-005478,Female,Yes,3+,Graduate,No,48744.87,33143.49,500000.0,240,1,Semiurban,734,61,1,0.8748
APP-005479,Female,Yes,3+,Graduate,No,18492.47,0.0,78522.17,180,1,Rural,755,53,1,0.9419
APP-005480,Female,No,1,Graduate,No,61726.18,0.0,338774.1,360,1,Semiurban,596,64,1,0.4219
APP-005481,Female,No,0,Graduate,No,71476.51,0.0,367468.87,240,0,Urban,737,59,1,0.8753
APP-005482,Male,No,0,Graduate,Yes,36713.19,0.0,149069.44,360,1,Semiurban,635,29,0,0.7911
APP-005483,Male,Yes,1,Graduate,No,26221.86,0.0,75133.97,120,1,Urban,681,42,0,0.6744
APP-005484,Female,No,0,Graduate,No,12000.0,0.0,39943.32,240,1,Semiurban,800,64,1,0.9994
APP-005485,Female,No,0,Graduate,No,62800.22,0.0,500000.0,240,1,Semiurban,749,22,1,0.505
APP-005486,Male,No,0,Graduate,No,120740.07,30625.66,500000.0,360,1,Rural,748,51,1,0.9992
APP-005487,Male,Yes,0,Graduate,Yes,107754.22,0.0,500000.0,360,1,Rural,842,45,1,0.9998
APP-005488,Male,No,3+,Not Graduate,No,36053.69,16870.96,187162.73,240,1,Urban,620,30,1,0.5168
APP-005489,Female,Yes,0,Not Graduate,No,22005.07,36582.34,216347.79,360,0,Urban,596,38,1,0.3919
APP-005490,Male,No,1,Not Graduate,No,63620.65,0.0,280712.85,360,1,Rural,619,21,1,0.4881
APP-005491,Female,No,2,Not Graduate,No,37429.79,51739.03,351176.43,300,1,Urban,658,27,1,0.867
APP-005492,Female,No,1,Graduate,Yes,52207.03,0.0,145892.51,300,0,Urban,480,39,0,0.0074
APP-005493,Female,Yes,3+,Graduate,No,47406.44,0.0,200810.64,300,1,Rural,662,27,0,0.7993
APP-005494,Female,Yes,3+,Graduate,No,42241.22,47056.15,196271.96,180,1,Semiurban,634,41,1,0.8554
APP-005495,Male,No,0,Not Graduate,No,70663.37,19879.45,454777.85,360,1,Urban,747,55,1,0.9967
APP-005496,Male,No,1,Graduate,No,72122.22,0.0,340195.06,360,1,Semiurban,710,33,1,0.9834
APP-005497,Female,No,0,Not Graduate,No,30107.26,25951.93,331688.9,360,0,Urban,629,37,0,0.2928
APP-005498,Female,No,3+,Not Graduate,Yes,24156.0,23376.8,162039.3,360,1,Semiurban,730,21,1,0.9833
APP-005499,Male,No,0,Not Graduate,No,12000.0,0.0,71317.36,360,1,Semiurban,741,26,1,0.9771
APP-005500,Male,No,2,Graduate,No,33176.97,0.0,171683.91,360,1,Rural,615,43,1,0.5788
APP-005501,Male,No,2,Graduate,No,21997.22,14791.62,166098.04,360,1,Urban,638,59,1,0.9062
APP-005502,Female,Yes,2,Graduate,No,50541.92,12874.34,500000.0,300,0,Urban,491,66,0,0.0003
APP-005503,Female,Yes,1,Not Graduate,No,33365.35,6733.84,211288.37,360,1,Rural,587,44,0,0.3334
APP-005504,Female,No,1,Not Graduate,No,35415.83,59292.92,327688.85,360,1,Urban,617,67,1,0.8634
APP-005505,Female,Yes,1,Graduate,No,62729.14,0.0,500000.0,240,1,Rural,686,52,1,0.1479
APP-005506,Male,Yes,0,Not Graduate,No,49935.63,0.0,267824.21,300,0,Urban,600,44,0,0.0806
APP-005507,Male,No,0,Graduate,Yes,37639.92,61993.92,500000.0,360,1,Semiurban,636,38,1,0.7824
APP-005508,Female,No,2,Not Graduate,No,101471.59,22356.4,229099.74,180,1,Urban,576,65,0,0.5244
APP-005509,Female,Yes,1,Not Graduate,No,60233.38,0.0,224293.5,300,1,Urban,695,30,1,0.9667
APP-005510,Male,Yes,3+,Not Graduate,No,31929.21,10380.09,157725.54,120,1,Semiurban,716,25,1,0.2418
APP-005511,Male,Yes,0,Not Graduate,No,32722.25,0.0,59637.07,180,1,Rural,714,61,1,0.9918
APP-005512,Female,No,0,Not Graduate,No,61920.64,0.0,284435.27,240,1,Urban,681,62,1,0.8401
APP-005513,Male,Yes,1,Graduate,No,44871.81,13213.88,209482.89,240,0,Rural,549,63,0,0.034
APP-005514,Female,Yes,0,Graduate,No,21663.02,0.0,37565.88,360,0,Urban,627,48,1,0.9132
APP-005515,Male,Yes,2,Graduate,No,65649.95,0.0,198248.77,300,1,Urban,645,33,1,0.9298
APP-005516,Female,No,0,Graduate,No,80135.78,0.0,500000.0,240,1,Rural,646,24,1,0.1389
APP-005517,Female,No,1,Graduate,Yes,76861.77,0.0,493211.13,120,1,Semiurban,686,49,0,0.0006
APP-005518,Male,Yes,0,Graduate,Yes,93761.72,18772.69,348271.75,240,0,Urban,801,24,1,0.9957
APP-005519,Male,Yes,1,Graduate,Yes,125248.99,0.0,382568.99,300,1,Urban,749,32,1,0.9969
APP-005520,Female,No,1,Graduate,No,103930.48,0.0,500000.0,360,0,Rural,596,22,0,0.0963
APP-005521,Female,Yes,1,Graduate,No,48405.27,31780.7,141152.27,300,1,Urban,738,69,1,0.9994
APP-005522,Male,Yes,3+,Graduate,No,35787.88,28025.12,355338.3,120,1,Semiurban,734,36,0,0.0275
APP-005523,Male,Yes,1,Not Graduate,No,14672.34,35892.49,94534.64,240,1,Rural,611,46,1,0.8734
APP-005524,Female,Yes,1,Not Graduate,No,40375.45,20668.21,500000.0,360,1,Semiurban,752,47,1,0.9622
APP-005525,Male,Yes,1,Graduate,Yes,53397.8,84398.74,500000.0,360,1,Rural,666,48,1,0.959
APP-005526,Male,Yes,2,Not Graduate,No,41107.84,18159.26,110192.76,360,0,Urban,560,59,0,0.3438
APP-005527,Male,Yes,3+,Graduate,No,14206.83,0.0,51034.56,240,1,Semiurban,719,52,1,0.9796
APP-005528,Female,No,0,Graduate,No,34281.4,0.0,168575.69,120,1,Urban,698,50,0,0.058
APP-005529,Male,No,2,Not Graduate,No,57235.67,0.0,99790.73,240,0,Semiurban,661,67,0,0.8478
APP-005530,Male,Yes,0,Graduate,No,22828.08,8953.03,132857.83,240,0,Rural,677,45,0,0.6931
APP-005531,Male,Yes,0,Not Graduate,No,43964.17,29213.04,387457.07,300,0,Rural,619,32,0,0.1141
APP-005532,Female,Yes,2,Not Graduate,Yes,50888.63,48882.53,167677.95,120,1,Urban,732,32,1,0.9794
APP-005533,Male,No,1,Not Graduate,Yes,74226.92,12202.39,500000.0,360,1,Urban,676,69,1,0.834
APP-005534,Male,Yes,2,Graduate,No,102943.23,14378.7,472856.66,360,1,Semiurban,694,50,1,0.9883
APP-005535,Female,No,0,Graduate,No,32604.18,0.0,209978.53,360,0,Urban,710,64,1,0.8596
APP-005536,Male,Yes,0,Graduate,Yes,44403.19,0.0,170339.3,360,0,Urban,582,68,0,0.174
APP-005537,Female,Yes,1,Graduate,Yes,45174.5,0.0,119682.95,240,1,Rural,604,52,0,0.6061
APP-005538,Female,Yes,1,Not Graduate,No,57363.08,0.0,145442.31,300,0,Rural,492,67,0,0.0108
APP-005539,Male,Yes,0,Graduate,No,53936.98,29303.01,308365.63,360,1,Urban,728,68,1,0.998
APP-005540,Male,No,1,Graduate,Yes,87882.24,0.0,344145.1,180,0,Rural,577,40,0,0.0068
APP-005541,Male,Yes,1,Graduate,No,12000.0,0.0,82577.15,120,1,Rural,691,39,0,0.0004
APP-005542,Female,No,0,Graduate,No,50509.24,24733.36,282882.69,240,1,Urban,712,44,1,0.9883
APP-005543,Male,Yes,2,Graduate,Yes,52474.16,0.0,110849.78,240,1,Semiurban,731,51,1,0.9957
APP-005544,Male,No,1,Graduate,No,35264.21,0.0,122345.22,300,0,Semiurban,578,41,0,0.1717
APP-005545,Female,Yes,0,Graduate,No,12000.0,0.0,25765.06,240,1,Urban,674,48,1,0.9896
APP-005546,Female,Yes,1,Graduate,No,38810.73,0.0,193672.69,240,1,Urban,822,48,1,0.9986
APP-005547,Male,Yes,0,Graduate,No,27151.61,20304.44,262629.92,300,1,Semiurban,826,48,1,0.9995
APP-005548,Female,Yes,3+,Graduate,Yes,100999.97,0.0,500000.0,360,1,Urban,764,41,1,0.9949
APP-005549,Female,Yes,1,Graduate,No,49336.05,0.0,183556.84,180,1,Rural,709,36,1,0.886
APP-005550,Male,Yes,0,Graduate,No,25912.57,0.0,80624.79,360,1,Semiurban,595,31,0,0.7812
APP-005551,Male,No,1,Not Graduate,No,12978.45,0.0,43967.95,360,1,Semiurban,741,56,1,0.9974
APP-005552,Female,No,0,Graduate,No,55538.94,0.0,227235.23,240,0,Semiurban,667,30,0,0.506
APP-005553,Female,Yes,3+,Not Graduate,No,58857.94,0.0,199536.81,300,1,Semiurban,728,28,1,0.9849
APP-005554,Male,Yes,0,Graduate,No,35643.52,115731.72,500000.0,120,1,Rural,626,61,0,0.118
APP-005555,Female,Yes,0,Graduate,No,55939.25,0.0,202257.54,360,1,Semiurban,665,63,1,0.9747
APP-005556,Male,Yes,3+,Graduate,No,33138.51,11863.47,183216.32,360,1,Urban,694,45,1,0.9877
APP-005557,Male,Yes,3+,Graduate,No,72183.62,22108.03,286651.12,120,1,Semiurban,701,52,1,0.7079
APP-005558,Female,Yes,0,Graduate,Yes,69284.51,0.0,212779.39,360,1,Urban,722,27,1,0.9946
APP-005559,Male,No,0,Graduate,No,16294.63,0.0,39172.22,180,1,Rural,631,26,1,0.7267
APP-005560,Male,Yes,3+,Graduate,No,18632.16,51291.13,187647.88,360,0,Semiurban,566,47,0,0.2845
APP-005561,Male,Yes,0,Not Graduate,No,122664.09,0.0,500000.0,300,1,Urban,818,42,1,0.9996
APP-005562,Female,Yes,2,Graduate,No,67017.43,33601.89,500000.0,240,1,Urban,850,54,1,0.9995
APP-005563,Male,Yes,1,Not Graduate,Yes,20044.11,0.0,73364.35,360,1,Urban,718,61,1,0.989
APP-005564,Male,Yes,2,Not Graduate,No,16920.67,0.0,53682.27,300,0,Semiurban,567,29,0,0.0631
APP-005565,Male,Yes,1,Not Graduate,No,44993.56,19761.65,481304.97,120,1,Urban,614,26,0,0.0
APP-005566,Female,Yes,2,Not Graduate,No,21412.42,25151.88,136289.54,360,1,Rural,723,69,1,0.9954
APP-005567,Male,Yes,0,Graduate,Yes,33718.8,0.0,66793.84,180,1,Semiurban,794,30,1,0.9991
APP-005568,Female,Yes,3+,Not Graduate,No,39104.64,6776.56,242231.6,360,1,Rural,577,28,0,0.1342
APP-005569,Male,No,0,Graduate,Yes,38187.32,0.0,107283.32,180,1,Urban,669,53,1,0.8893
APP-005570,Female,Yes,0,Graduate,Yes,74577.64,36508.91,265799.95,240,1,Semiurban,697,46,1,0.9899
APP-005571,Male,Yes,2,Graduate,No,110096.87,5872.26,302396.0,300,1,Urban,753,49,1,0.9994
APP-005572,Female,No,0,Graduate,No,30840.84,0.0,158474.74,300,1,Semiurban,651,22,0,0.6613
APP-005573,Female,Yes,0,Not Graduate,No,21550.14,0.0,87660.74,300,0,Semiurban,547,68,0,0.027
APP-005574,Female,Yes,2,Not Graduate,No,49705.23,0.0,136060.86,240,1,Urban,733,61,1,0.9941
APP-005575,Female,No,2,Graduate,No,98450.98,25475.54,500000.0,360,1,Semiurban,776,68,1,0.9992
APP-005576,Female,Yes,1,Graduate,No,32152.06,0.0,94451.6,180,0,Semiurban,673,26,0,0.5179
APP-005577,Female,No,0,Not Graduate,No,64067.81,24730.98,181332.72,360,1,Semiurban,714,28,1,0.9974
APP-005578,Male,Yes,0,Graduate,No,25325.71,14199.02,93540.45,120,1,Rural,640,55,0,0.6339
APP-005579,Male,No,0,Not Graduate,No,40607.14,11687.43,225155.78,360,1,Urban,608,28,1,0.6926
APP-005580,Male,Yes,2,Graduate,No,21182.52,0.0,63470.17,360,1,Semiurban,767,35,1,0.9993
APP-005581,Male,No,0,Graduate,No,40374.66,0.0,180471.03,360,1,Rural,713,41,1,0.9901
APP-005582,Female,No,2,Graduate,Yes,37644.79,59786.86,500000.0,240,1,Semiurban,722,45,1,0.8982
APP-005583,Male,Yes,3+,Graduate,No,56076.25,0.0,180045.56,360,1,Semiurban,808,31,1,0.9997
APP-005584,Female,Yes,3+,Not Graduate,No,106716.8,0.0,500000.0,300,1,Urban,590,58,0,0.2439
APP-005585,Female,No,1,Graduate,No,32406.28,0.0,156436.83,360,1,Urban,633,25,1,0.7609
APP-005586,Male,No,1,Graduate,Yes,13361.72,14761.69,110749.5,120,1,Semiurban,693,67,1,0.1462
APP-005587,Female,No,1,Graduate,No,35912.58,20209.0,131223.81,360,0,Semiurban,632,68,1,0.8572
APP-005588,Female,Yes,1,Graduate,No,47316.99,0.0,172437.32,300,1,Semiurban,747,29,1,0.9959
APP-005589,Male,No,2,Graduate,No,44848.48,0.0,170963.08,360,1,Urban,664,54,1,0.9686
APP-005590,Female,Yes,2,Graduate,No,36806.05,18156.09,329813.47,240,0,Urban,596,62,0,0.0171
APP-005591,Male,No,0,Not Graduate,Yes,90966.19,0.0,296602.16,240,1,Semiurban,686,33,1,0.9038
APP-005592,Male,Yes,0,Not Graduate,No,43257.16,42707.71,445193.8,360,1,Urban,694,31,1,0.966
APP-005593,Female,Yes,1,Not Graduate,Yes,37886.95,0.0,164599.7,240,1,Urban,759,62,1,0.9801
APP-005594,Female,Yes,0,Graduate,No,26167.19,0.0,172975.87,360,1,Rural,713,23,1,0.9201
APP-005595,Male,Yes,1,Graduate,No,15356.73,0.0,105180.98,240,1,Semiurban,719,65,0,0.6457
APP-005596,Male,Yes,2,Graduate,No,48101.93,0.0,238278.06,360,1,Urban,707,62,1,0.9828
APP-005597,Female,No,1,Graduate,No,45934.87,0.0,276294.74,300,0,Semiurban,664,54,0,0.3514
APP-005598,Male,Yes,0,Not Graduate,No,22412.37,19759.09,298075.76,240,1,Rural,619,36,0,0.0341
APP-005599,Female,No,2,Not Graduate,No,39167.21,0.0,212648.16,360,1,Urban,705,56,1,0.9632
APP-005600,Male,No,0,Graduate,No,37081.81,17578.11,264048.89,120,1,Rural,652,61,0,0.0127
APP-005601,Female,Yes,1,Not Graduate,No,28467.68,0.0,145899.06,180,1,Semiurban,824,38,1,0.9795
APP-005602,Male,Yes,2,Not Graduate,No,25943.57,0.0,228417.65,360,1,Urban,794,64,1,0.9799
APP-005603,Female,No,0,Graduate,Yes,50151.06,0.0,224914.53,240,1,Semiurban,734,58,1,0.9663
APP-005604,Female,Yes,3+,Graduate,No,35447.34,0.0,209783.29,180,1,Semiurban,712,51,0,0.2772
APP-005605,Female,Yes,0,Graduate,No,28997.17,0.0,91182.82,300,1,Rural,673,41,1,0.9756
APP-005606,Male,Yes,2,Graduate,No,24986.24,11063.19,301961.22,240,1,Rural,573,38,0,0.002
APP-005607,Male,No,3+,Not Graduate,No,37365.69,0.0,195007.7,360,0,Semiurban,662,22,0,0.2975
APP-005608,Female,Yes,0,Graduate,No,66733.74,0.0,243545.71,360,1,Semiurban,689,27,1,0.9828
APP-005609,Female,Yes,0,Not Graduate,No,44965.56,0.0,185741.83,360,1,Urban,700,43,1,0.9869
APP-005610,Female,Yes,0,Graduate,No,35227.52,25614.42,235098.19,360,1,Semiurban,720,29,1,0.9954
APP-005611,Male,Yes,2,Not Graduate,No,47556.31,0.0,203192.14,360,1,Rural,758,23,1,0.9925
APP-005612,Female,Yes,0,Graduate,No,85000.44,0.0,398238.22,240,1,Rural,621,51,1,0.4108
APP-005613,Male,No,2,Graduate,No,52560.9,0.0,205085.19,300,1,Urban,622,27,1,0.6868
APP-005614,Male,Yes,1,Graduate,No,46309.88,0.0,96615.54,360,1,Semiurban,803,45,1,0.9999
APP-005615,Female,Yes,2,Graduate,No,57021.93,0.0,500000.0,300,0,Rural,746,48,0,0.3999
APP-005616,Female,No,2,Graduate,No,36794.09,9932.27,224559.69,360,1,Semiurban,647,53,1,0.9025
APP-005617,Female,Yes,2,Graduate,No,44410.77,45522.25,433164.9,360,1,Urban,671,48,1,0.9628
APP-005618,Male,Yes,0,Graduate,No,30671.05,0.0,127958.71,120,1,Urban,671,24,0,0.0553
APP-005619,Male,No,2,Graduate,No,17106.19,0.0,109734.31,300,1,Rural,683,68,0,0.6794
APP-005620,Female,Yes,1,Not Graduate,Yes,48463.19,0.0,211135.48,240,1,Semiurban,720,33,1,0.89
APP-005621,Male,No,1,Graduate,No,48565.76,27868.07,283299.21,360,0,Rural,850,28,1,0.9997
APP-005622,Female,Yes,2,Graduate,Yes,34260.83,19058.34,203393.66,360,1,Urban,696,30,1,0.9789
APP-005623,Female,Yes,1,Graduate,No,70947.94,0.0,500000.0,300,1,Semiurban,736,34,1,0.9146
APP-005624,Female,No,1,Graduate,No,26987.21,25252.62,243939.4,120,0,Rural,537,66,0,0.0
APP-005625,Male,No,1,Graduate,No,15149.74,0.0,63572.22,240,0,Semiurban,639,57,0,0.2975
APP-005626,Female,Yes,2,Graduate,No,27353.13,0.0,95858.95,180,0,Urban,784,33,1,0.9702
APP-005627,Female,Yes,3+,Not Graduate,Yes,17196.88,62154.55,292846.94,300,0,Urban,714,32,1,0.8678
APP-005628,Female,No,1,Not Graduate,No,48335.42,21916.95,487056.73,360,0,Urban,307,23,0,0.0
APP-005629,Male,No,0,Not Graduate,No,26538.64,0.0,74907.42,240,1,Urban,737,21,1,0.9916
APP-005630,Male,Yes,1,Graduate,No,68980.49,35493.61,500000.0,360,1,Urban,843,26,1,0.9999
APP-005631,Female,Yes,3+,Graduate,No,68192.46,41493.23,500000.0,360,1,Semiurban,510,67,1,0.0561
APP-005632,Female,No,0,Graduate,Yes,24131.28,0.0,113357.01,360,1,Rural,809,46,1,0.9993
APP-005633,Male,Yes,3+,Graduate,No,25733.3,0.0,100719.06,180,0,Rural,444,39,0,0.0001
APP-005634,Female,No,2,Graduate,No,53849.15,0.0,117833.7,180,1,Urban,760,22,1,0.9964
APP-005635,Female,Yes,0,Graduate,No,68796.76,11924.21,463989.41,180,1,Urban,679,69,0,0.2476
APP-005636,Male,No,2,Graduate,No,13267.31,0.0,27592.04,240,0,Urban,480,34,0,0.0116
APP-005637,Female,No,2,Graduate,No,46859.97,0.0,215344.49,120,1,Urban,718,42,0,0.1374
APP-005638,Female,Yes,3+,Graduate,Yes,12000.0,0.0,52370.72,300,1,Semiurban,778,49,1,0.9958
APP-005639,Female,Yes,1,Graduate,No,29682.6,0.0,178783.15,360,1,Semiurban,711,59,1,0.9693
APP-005640,Female,Yes,2,Graduate,No,73241.04,31902.07,299540.86,240,1,Rural,730,25,1,0.9914
APP-005641,Female,No,0,Graduate,Yes,210107.29,0.0,500000.0,300,0,Urban,645,41,1,0.8177
APP-005642,Female,No,0,Graduate,Yes,35194.56,26483.36,334450.96,300,1,Semiurban,522,45,0,0.0247
APP-005643,Female,Yes,0,Graduate,No,20213.1,18595.12,153203.85,180,1,Rural,739,38,1,0.9651
APP-005644,Female,Yes,1,Not Graduate,No,30259.92,0.0,52045.8,180,1,Urban,829,59,1,0.9999
APP-005645,Male,No,0,Not Graduate,No,41620.09,23455.67,276651.94,180,1,Rural,776,24,1,0.9617
APP-005646,Female,Yes,3+,Graduate,No,27760.44,0.0,266959.92,240,0,Rural,511,58,0,0.0
APP-005647,Male,Yes,0,Not Graduate,No,24133.28,25024.34,268247.57,300,1,Urban,551,27,0,0.0553
APP-005648,Female,No,1,Not Graduate,No,31736.81,21299.38,132615.99,240,0,Semiurban,608,30,0,0.3337
APP-005649,Female,Yes,3+,Not Graduate,No,49889.58,0.0,262740.79,180,1,Urban,545,25,0,0.0011
APP-005650,Female,Yes,1,Not Graduate,No,36564.21,0.0,242579.15,240,1,Semiurban,684,30,0,0.2463
APP-005651,Male,No,0,Graduate,No,24713.83,0.0,48477.58,120,1,Semiurban,713,51,1,0.9791
APP-005652,Female,Yes,0,Graduate,No,27763.17,0.0,103996.67,360,1,Urban,558,62,0,0.5009
APP-005653,Female,No,3+,Graduate,No,31964.39,49784.98,500000.0,300,1,Semiurban,746,63,1,0.974
APP-005654,Male,No,3+,Graduate,No,23163.09,0.0,49732.85,300,1,Rural,731,56,1,0.9978
APP-005655,Female,Yes,2,Graduate,No,27202.67,0.0,102241.83,300,1,Rural,633,53,1,0.8163
APP-005656,Male,Yes,1,Graduate,Yes,57182.31,18810.53,294068.39,240,1,Rural,665,39,1,0.8081
APP-005657,Female,Yes,1,Graduate,No,35359.54,0.0,125032.86,180,0,Urban,514,27,0,0.0021
APP-005658,Male,Yes,1,Graduate,Yes,15299.6,35345.55,401005.97,300,1,Urban,652,60,1,0.2283
APP-005659,Female,Yes,1,Graduate,No,70524.95,13375.3,500000.0,360,1,Semiurban,681,57,1,0.9405
APP-005660,Male,Yes,0,Graduate,No,50473.11,22798.83,272617.48,360,1,Urban,694,24,1,0.9893
APP-005661,Female,Yes,2,Graduate,No,18756.15,0.0,50593.29,360,1,Rural,712,34,1,0.995
APP-005662,Female,Yes,3+,Graduate,No,32828.15,12200.26,340401.3,300,0,Semiurban,701,30,0,0.2492
APP-005663,Male,No,2,Graduate,No,25960.87,13003.81,235419.41,360,1,Urban,658,55,1,0.8729
APP-005664,Female,Yes,0,Graduate,Yes,58238.28,26290.11,357639.14,360,1,Rural,704,51,1,0.986
APP-005665,Female,No,0,Not Graduate,No,32715.08,26012.05,336167.35,360,1,Semiurban,765,35,1,0.9955
APP-005666,Male,Yes,3+,Graduate,Yes,38560.15,0.0,219995.46,120,1,Rural,672,50,0,0.001
APP-005667,Male,No,0,Graduate,No,36168.47,0.0,104026.02,180,1,Semiurban,707,68,1,0.9705
APP-005668,Male,Yes,0,Graduate,No,17781.72,16511.76,111906.26,300,1,Rural,664,52,1,0.9752
APP-005669,Male,No,0,Not Graduate,No,86939.51,0.0,371574.43,240,1,Rural,625,46,0,0.4355
APP-005670,Male,Yes,0,Graduate,No,57773.27,0.0,103184.52,240,1,Rural,724,55,1,0.9983
APP-005671,Male,Yes,1,Not Graduate,No,26607.25,0.0,97220.39,360,1,Rural,633,50,1,0.8617
APP-005672,Female,No,0,Graduate,No,44601.56,8816.55,159428.31,300,1,Semiurban,713,39,1,0.9965
APP-005673,Female,No,1,Graduate,Yes,68580.59,29544.7,451861.35,300,0,Rural,682,53,1,0.6854
APP-005674,Male,Yes,1,Graduate,No,41384.33,34809.56,195686.0,120,1,Urban,654,33,1,0.6176
APP-005675,Female,Yes,1,Graduate,Yes,94486.74,0.0,488670.83,240,0,Urban,652,38,0,0.1209
APP-005676,Male,Yes,2,Not Graduate,Yes,199749.22,0.0,500000.0,300,1,Semiurban,637,51,0,0.8588
APP-005677,Female,No,0,Graduate,No,37445.17,0.0,152482.46,240,0,Urban,540,40,0,0.0191
APP-005678,Male,No,0,Graduate,No,29132.47,38005.23,353499.86,180,0,Urban,713,68,0,0.3112
APP-005679,Male,Yes,2,Not Graduate,Yes,23291.06,0.0,129622.56,300,0,Semiurban,700,25,0,0.305
APP-005680,Female,No,2,Graduate,No,12000.0,37060.01,187914.27,360,1,Urban,752,42,1,0.9988
APP-005681,Female,No,1,Graduate,Yes,79736.26,0.0,345383.86,180,1,Urban,635,45,0,0.1825
APP-005682,Female,Yes,0,Graduate,No,33043.44,20816.99,169185.67,240,1,Urban,841,24,1,0.9999
APP-005683,Male,No,3+,Not Graduate,No,64954.72,0.0,202966.82,120,1,Semiurban,648,40,0,0.1152
APP-005684,Female,Yes,0,Not Graduate,No,72551.26,25263.5,500000.0,240,0,Semiurban,606,58,0,0.0483
APP-005685,Female,No,0,Graduate,No,22147.2,65852.44,342513.55,300,1,Urban,596,58,1,0.7402
APP-005686,Female,Yes,0,Graduate,No,24053.89,29995.46,229205.94,240,1,Semiurban,533,41,0,0.0663
APP-005687,Male,Yes,1,Not Graduate,No,104775.77,13827.09,488352.19,240,1,Urban,810,31,1,0.9986
APP-005688,Male,Yes,1,Not Graduate,No,38617.63,0.0,194589.55,360,1,Semiurban,797,31,1,0.9983
APP-005689,Male,Yes,3+,Graduate,No,27912.83,12249.66,134041.3,240,1,Urban,731,30,1,0.9905
APP-005690,Male,No,1,Graduate,No,22587.56,7833.2,106019.4,300,1,Urban,604,25,1,0.7095
APP-005691,Male,No,0,Graduate,No,37130.7,0.0,241312.84,360,1,Urban,834,52,1,0.9996
APP-005692,Male,No,2,Graduate,No,91981.42,0.0,200796.98,300,0,Rural,650,64,1,0.8456
APP-005693,Female,Yes,0,Graduate,No,58512.22,0.0,271332.85,180,0,Semiurban,657,34,0,0.0818
APP-005694,Female,Yes,3+,Graduate,No,44354.49,44243.51,261045.1,180,1,Semiurban,802,67,1,0.9985
APP-005695,Male,No,0,Graduate,No,96152.09,12171.39,186991.03,360,1,Urban,736,67,1,0.9996
APP-005696,Female,No,1,Not Graduate,No,86480.68,0.0,355450.85,360,1,Urban,850,57,1,0.9999
APP-005697,Female,No,3+,Graduate,No,48231.48,13860.38,157450.89,240,0,Semiurban,701,28,1,0.9284
APP-005698,Male,Yes,2,Graduate,No,184769.76,0.0,432294.34,300,0,Semiurban,646,36,1,0.8164
APP-005699,Male,Yes,0,Graduate,Yes,35028.5,0.0,480231.14,180,1,Semiurban,628,39,0,0.0
APP-005700,Female,Yes,2,Graduate,No,73417.36,39417.02,500000.0,180,0,Rural,523,54,0,0.0011
APP-005701,Female,No,0,Graduate,No,32333.27,0.0,177874.11,360,0,Rural,656,25,1,0.4305
APP-005702,Male,No,0,Graduate,No,65944.36,0.0,274471.53,240,1,Urban,777,38,1,0.9972
APP-005703,Male,No,1,Graduate,No,35009.93,0.0,87205.43,180,1,Urban,731,66,1,0.993
APP-005704,Male,No,3+,Graduate,No,51727.9,0.0,204695.47,300,1,Rural,682,29,1,0.9176
APP-005705,Female,Yes,1,Graduate,No,149428.72,0.0,500000.0,360,1,Rural,595,21,1,0.5778
APP-005706,Female,Yes,0,Graduate,No,67745.85,0.0,121490.98,360,1,Urban,699,60,1,0.9983
APP-005707,Male,No,1,Not Graduate,No,52169.99,0.0,497994.92,300,1,Rural,766,48,1,0.7245
APP-005708,Female,Yes,3+,Graduate,No,26210.45,23183.48,202267.12,360,1,Semiurban,717,57,1,0.9933
APP-005709,Female,No,1,Graduate,No,44512.52,0.0,130452.9,360,1,Semiurban,694,67,1,0.9925
APP-005710,Female,No,0,Graduate,No,23054.09,13848.03,166282.72,360,1,Semiurban,612,63,1,0.8099
APP-005711,Female,Yes,3+,Not Graduate,Yes,65371.19,16130.92,186839.04,300,1,Urban,754,37,1,0.9981
APP-005712,Female,No,3+,Not Graduate,No,64474.99,0.0,180231.2,300,0,Semiurban,414,64,0,0.0005
APP-005713,Female,No,1,Not Graduate,No,36359.13,0.0,309468.02,360,1,Semiurban,713,64,1,0.7711
APP-005714,Male,Yes,2,Graduate,No,100201.92,0.0,338089.35,240,1,Urban,850,58,1,0.9999
APP-005715,Male,Yes,0,Not Graduate,No,92743.49,2811.35,404046.7,240,0,Urban,552,21,0,0.0104
APP-005716,Male,No,0,Graduate,No,43577.91,32490.16,339748.12,360,1,Semiurban,659,54,0,0.9626
APP-005717,Female,Yes,1,Graduate,No,54777.3,0.0,215926.33,360,1,Urban,679,24,1,0.9665
APP-005718,Male,No,3+,Graduate,No,29037.65,0.0,97143.61,240,0,Semiurban,641,23,1,0.2779
APP-005719,Female,Yes,2,Not Graduate,No,34554.76,0.0,408968.94,300,1,Rural,768,41,0,0.2339
APP-005720,Female,No,3+,Graduate,No,22183.32,21464.66,133312.79,360,0,Semiurban,720,28,1,0.9774
APP-005721,Male,Yes,2,Graduate,No,30850.7,0.0,87962.11,300,1,Semiurban,693,42,1,0.9885
APP-005722,Female,Yes,2,Graduate,Yes,37895.44,0.0,201465.39,240,1,Semiurban,748,33,1,0.9109
APP-005723,Male,Yes,2,Not Graduate,No,16103.6,21542.18,90018.48,120,1,Semiurban,681,36,1,0.7451
APP-005724,Male,Yes,0,Graduate,Yes,55118.89,27469.99,500000.0,180,1,Rural,850,24,1,0.9577
APP-005725,Female,Yes,2,Graduate,Yes,70415.63,0.0,274219.29,240,0,Rural,693,21,0,0.4056
APP-005726,Male,Yes,0,Not Graduate,No,39960.44,0.0,180540.04,240,1,Semiurban,697,31,1,0.8601
APP-005727,Male,Yes,1,Graduate,Yes,12000.0,0.0,58433.75,360,0,Semiurban,535,34,0,0.0125
APP-005728,Female,Yes,1,Graduate,No,34921.36,13023.05,175430.75,180,1,Urban,634,28,1,0.4645
APP-005729,Female,Yes,2,Graduate,No,18650.67,0.0,120054.28,120,0,Urban,778,35,0,0.0044
APP-005730,Female,Yes,3+,Not Graduate,No,28701.64,0.0,163914.01,300,1,Urban,566,69,0,0.0436
APP-005731,Female,No,0,Graduate,No,89193.64,0.0,479723.29,120,0,Urban,497,68,0,0.0
APP-005732,Female,No,3+,Graduate,No,12000.0,22357.8,74098.2,360,1,Urban,683,60,1,0.9952
APP-005733,Female,No,2,Graduate,No,25616.72,15417.66,149532.96,240,1,Semiurban,797,21,1,0.998
APP-005734,Male,Yes,1,Graduate,No,63339.43,45163.92,439966.35,360,1,Urban,684,23,1,0.976
APP-005735,Male,Yes,2,Not Graduate,No,27280.86,35116.14,500000.0,240,1,Rural,651,52,0,0.0335
APP-005736,Male,Yes,0,Not Graduate,Yes,26156.77,19155.53,102234.8,360,1,Urban,522,23,0,0.1678
APP-005737,Female,Yes,0,Graduate,No,122739.98,12699.1,433260.4,300,1,Rural,718,69,1,0.9953
APP-005738,Female,No,0,Graduate,No,49420.13,0.0,342773.82,360,1,Urban,736,56,1,0.9836
APP-005739,Male,No,0,Graduate,No,67095.1,0.0,187478.27,240,0,Urban,529,49,0,0.0548
APP-005740,Female,Yes,1,Graduate,Yes,52684.07,20965.75,233542.92,360,1,Rural,776,32,1,0.9991
APP-005741,Male,No,0,Graduate,No,43867.7,49581.58,500000.0,120,1,Semiurban,745,29,0,0.0822
APP-005742,Female,Yes,2,Graduate,No,80435.73,44148.87,500000.0,240,1,Urban,776,65,1,0.9974
APP-005743,Male,No,1,Graduate,No,114455.41,0.0,500000.0,240,1,Rural,730,35,1,0.9675
APP-005744,Female,Yes,1,Not Graduate,Yes,15899.86,23186.56,230653.69,360,1,Semiurban,736,68,1,0.9701
APP-005745,Male,Yes,0,Graduate,No,39362.76,0.0,176886.47,300,1,Semiurban,724,47,1,0.9897
APP-005746,Male,No,1,Graduate,No,39192.5,46008.73,378483.23,300,1,Semiurban,754,55,1,0.997
APP-005747,Male,No,2,Not Graduate,No,31694.47,0.0,201368.63,240,0,Semiurban,525,65,0,0.0004
APP-005748,Male,Yes,2,Graduate,No,68842.97,0.0,200474.45,180,1,Urban,552,36,0,0.1024
APP-005749,Female,Yes,2,Graduate,No,46225.56,0.0,430024.08,300,1,Rural,617,65,0,0.0187
APP-005750,Male,Yes,1,Graduate,No,115729.41,0.0,387969.12,240,1,Rural,669,62,0,0.9227
APP-005751,Female,Yes,3+,Not Graduate,No,73507.78,0.0,496598.6,240,1,Semiurban,713,39,1,0.424
APP-005752,Male,Yes,0,Graduate,No,85015.28,107068.43,500000.0,360,1,Semiurban,708,36,1,0.9977
APP-005753,Female,Yes,0,Graduate,Yes,20753.28,34775.95,185044.86,180,1,Rural,775,64,1,0.9926
APP-005754,Male,No,2,Graduate,No,25761.92,20595.77,245671.58,300,1,Urban,778,46,1,0.9973
APP-005755,Female,No,0,Graduate,No,26956.23,51222.67,352963.31,120,1,Rural,606,54,0,0.0053
APP-005756,Female,Yes,0,Graduate,No,83092.97,20232.51,199013.92,300,0,Rural,700,23,1,0.9768
APP-005757,Female,Yes,3+,Graduate,No,23577.62,29592.94,217994.85,300,0,Semiurban,608,34,0,0.2156
APP-005758,Female,No,0,Graduate,Yes,23959.88,0.0,58233.22,360,0,Semiurban,664,45,1,0.9118
APP-005759,Male,Yes,2,Not Graduate,No,21660.69,0.0,116032.34,360,1,Semiurban,707,35,0,0.9504
APP-005760,Female,No,1,Graduate,No,182437.87,20651.8,500000.0,180,1,Rural,390,34,0,0.0008
APP-005761,Male,Yes,0,Graduate,Yes,37114.85,0.0,234829.85,240,1,Rural,850,48,1,0.9953
APP-005762,Female,Yes,1,Graduate,No,53714.51,28161.68,255101.33,240,1,Semiurban,728,58,1,0.9952
APP-005763,Male,Yes,0,Graduate,No,21432.43,0.0,50996.35,300,1,Rural,629,49,1,0.947
APP-005764,Male,Yes,0,Graduate,No,68022.38,0.0,178670.96,240,1,Urban,844,51,1,1.0
APP-005765,Female,Yes,2,Graduate,No,15130.73,0.0,160096.48,300,1,Semiurban,650,34,0,0.0206
APP-005766,Female,No,1,Graduate,No,23424.75,8672.74,500000.0,240,0,Rural,691,44,0,0.0
APP-005767,Male,Yes,0,Not Graduate,No,26842.57,0.0,281627.86,300,1,Semiurban,639,50,0,0.0183
APP-005768,Male,Yes,1,Graduate,No,45269.07,0.0,96502.41,240,1,Rural,820,52,1,0.9999
APP-005769,Male,Yes,1,Not Graduate,No,25946.83,94101.68,275413.61,360,1,Semiurban,671,32,1,0.9858
APP-005770,Female,Yes,0,Graduate,No,92799.73,0.0,244972.09,360,0,Semiurban,693,36,1,0.9742
APP-005771,Male,Yes,0,Not Graduate,No,52932.5,0.0,319700.18,240,0,Urban,782,35,1,0.8729
APP-005772,Female,Yes,2,Graduate,No,27466.38,32440.21,500000.0,360,1,Semiurban,730,26,1,0.8855
APP-005773,Male,No,2,Not Graduate,No,69472.72,0.0,445007.98,360,1,Semiurban,675,54,0,0.7897
APP-005774,Female,Yes,0,Graduate,No,32328.14,43231.28,350865.2,180,1,Rural,774,38,1,0.9725
APP-005775,Female,No,0,Not Graduate,No,29006.05,0.0,81572.55,300,1,Semiurban,850,36,1,0.9999
APP-005776,Male,Yes,1,Graduate,No,65689.78,23866.11,335733.44,240,1,Semiurban,707,50,0,0.9809
APP-005777,Female,Yes,1,Graduate,No,12000.0,40360.11,232300.43,360,1,Semiurban,690,38,1,0.9824
APP-005778,Female,Yes,1,Graduate,No,60123.1,23277.45,500000.0,360,1,Rural,695,28,1,0.931
APP-005779,Male,Yes,0,Graduate,No,27113.79,11231.74,130589.66,300,1,Semiurban,791,29,1,0.9996
APP-005780,Female,Yes,2,Graduate,Yes,27091.25,9889.86,188847.9,300,1,Semiurban,629,45,0,0.5029
APP-005781,Female,Yes,0,Not Graduate,No,117827.3,0.0,500000.0,360,0,Urban,656,39,1,0.7331
APP-005782,Male,No,1,Graduate,No,29966.43,0.0,133650.77,240,0,Rural,549,59,0,0.0111
APP-005783,Male,No,0,Graduate,No,67897.4,0.0,242267.57,240,0,Semiurban,579,34,0,0.0845
APP-005784,Female,Yes,0,Not Graduate,No,46797.48,0.0,210663.43,300,0,Urban,636,66,0,0.3636
APP-005785,Male,No,1,Not Graduate,No,49545.42,0.0,202297.04,360,0,Urban,675,61,1,0.843
APP-005786,Female,No,1,Not Graduate,No,34968.46,19099.17,162131.29,300,1,Semiurban,830,37,1,0.9999
APP-005787,Male,No,0,Graduate,No,33979.29,0.0,215677.55,180,1,Semiurban,726,51,0,0.3694
APP-005788,Female,Yes,0,Not Graduate,No,93003.61,28802.17,500000.0,180,0,Urban,602,47,0,0.0359
APP-005789,Male,No,1,Graduate,No,66953.46,0.0,308137.95,240,0,Urban,618,45,0,0.1361
APP-005790,Female,Yes,2,Not Graduate,No,30490.65,0.0,127322.29,300,0,Semiurban,797,37,1,0.9921
APP-005791,Female,Yes,0,Graduate,No,22578.83,0.0,135430.16,240,1,Urban,776,56,1,0.9828
APP-005792,Male,No,2,Graduate,No,29101.34,14676.13,202856.59,240,1,Semiurban,682,50,1,0.8738
APP-005793,Female,No,3+,Graduate,No,68859.43,0.0,490400.84,360,0,Rural,642,66,0,0.118
APP-005794,Female,Yes,1,Graduate,No,76747.84,26499.68,461731.86,360,1,Semiurban,776,24,1,0.9985
APP-005795,Female,Yes,2,Graduate,No,54459.85,0.0,302244.91,240,1,Urban,596,32,0,0.0742
APP-005796,Male,Yes,2,Graduate,No,16494.4,0.0,153405.71,360,1,Semiurban,713,23,1,0.5795
APP-005797,Female,No,2,Graduate,No,60753.41,0.0,458190.39,240,1,Urban,850,26,1,0.9832
APP-005798,Female,No,0,Graduate,No,82204.72,0.0,326568.04,300,1,Rural,697,49,1,0.9806
APP-005799,Male,No,0,Graduate,Yes,44154.76,0.0,306230.56,240,1,Semiurban,614,51,0,0.0305
APP-005800,Female,Yes,1,Graduate,No,119239.78,0.0,314386.42,240,1,Urban,715,38,1,0.9942
APP-005801,Male,No,0,Graduate,No,19408.5,22466.24,163082.26,300,1,Semiurban,640,28,1,0.8733
APP-005802,Male,No,0,Graduate,No,58491.93,23443.08,500000.0,240,0,Urban,562,41,0,0.0066
APP-005803,Male,No,3+,Not Graduate,No,22899.68,0.0,194323.9,360,1,Urban,740,41,1,0.887
APP-005804,Female,Yes,2,Graduate,No,71840.1,12969.59,257821.03,240,1,Urban,775,44,1,0.9991
APP-005805,Female,Yes,0,Graduate,Yes,56222.57,24857.97,341432.69,120,1,Semiurban,654,23,0,0.0168
APP-005806,Female,No,0,Graduate,No,108092.83,0.0,461443.27,360,1,Semiurban,648,42,1,0.9322
APP-005807,Male,Yes,1,Not Graduate,No,52830.28,0.0,216068.97,240,0,Urban,598,69,0,0.0637
APP-005808,Female,Yes,1,Graduate,No,32138.07,0.0,79261.86,240,1,Rural,667,28,1,0.9501
APP-005809,Female,No,0,Not Graduate,No,30635.4,23350.76,288315.93,240,1,Urban,632,50,1,0.3837
APP-005810,Male,Yes,2,Not Graduate,No,34975.48,0.0,83983.79,180,1,Rural,594,66,0,0.3261
APP-005811,Male,No,3+,Graduate,No,30306.02,0.0,215583.95,360,1,Urban,841,43,1,0.9992
APP-005812,Male,No,0,Not Graduate,No,84196.61,0.0,500000.0,240,1,Semiurban,720,29,1,0.7378
APP-005813,Male,No,1,Graduate,No,80951.14,0.0,258920.25,360,0,Semiurban,729,53,1,0.9895
APP-005814,Female,No,0,Not Graduate,No,17621.73,0.0,42437.88,240,0,Semiurban,755,38,1,0.9912
APP-005815,Male,No,3+,Graduate,No,40990.6,14271.4,232199.33,240,1,Urban,746,25,1,0.9827
APP-005816,Male,No,1,Graduate,No,41538.27,16219.77,194862.93,300,0,Semiurban,645,42,1,0.7669
APP-005817,Female,Yes,0,Graduate,No,26115.59,0.0,101309.06,120,1,Semiurban,703,59,0,0.3446
APP-005818,Male,No,0,Graduate,No,51074.34,0.0,226894.51,120,0,Semiurban,657,55,0,0.0065
APP-005819,Female,Yes,0,Not Graduate,No,89632.03,0.0,251413.24,180,0,Semiurban,717,32,1,0.8567
APP-005820,Male,Yes,1,Not Graduate,No,65545.18,0.0,500000.0,180,1,Rural,709,26,0,0.013
APP-005821,Male,No,0,Graduate,No,84194.73,34017.23,377643.46,360,1,Rural,647,59,1,0.9717
APP-005822,Female,No,1,Not Graduate,No,27033.79,18217.57,293880.42,360,0,Semiurban,567,33,0,0.0183
APP-005823,Female,Yes,2,Graduate,No,40948.86,8691.83,141793.86,240,1,Urban,692,53,1,0.9877
APP-005824,Female,Yes,0,Graduate,No,26341.31,0.0,115440.1,300,1,Urban,663,62,1,0.933
APP-005825,Female,Yes,0,Graduate,No,45783.84,9279.99,287474.01,300,1,Urban,519,65,0,0.0508
APP-005826,Male,Yes,0,Not Graduate,No,48107.72,23109.62,322715.93,180,1,Semiurban,723,53,1,0.857
APP-005827,Female,Yes,1,Graduate,No,68044.07,0.0,258755.84,240,1,Semiurban,762,22,1,0.9913
APP-005828,Female,Yes,0,Not Graduate,No,82654.17,6195.9,303414.84,360,1,Semiurban,850,22,1,0.9999
APP-005829,Female,Yes,1,Graduate,No,58626.23,59178.91,418206.47,180,1,Urban,647,63,1,0.7027
APP-005830,Female,Yes,1,Graduate,No,25006.89,11458.85,114726.36,180,1,Semiurban,634,56,1,0.7057
APP-005831,Female,No,3+,Not Graduate,No,19078.26,0.0,94482.36,240,1,Rural,586,46,0,0.0522
APP-005832,Female,No,3+,Graduate,No,53423.77,0.0,500000.0,300,1,Rural,698,38,1,0.2075
APP-005833,Female,Yes,0,Graduate,No,91609.17,18356.33,500000.0,360,1,Semiurban,697,39,1,0.9878
APP-005834,Female,No,1,Graduate,No,39591.29,0.0,220679.96,240,0,Urban,611,59,0,0.0415
APP-005835,Male,Yes,2,Graduate,No,17325.48,15606.11,228479.89,240,0,Semiurban,665,32,0,0.0444
APP-005836,Female,Yes,2,Graduate,No,126325.32,0.0,439613.95,240,0,Urban,512,26,0,0.0059
APP-005837,Male,Yes,0,Not Graduate,Yes,52531.72,0.0,99431.04,360,1,Semiurban,759,44,1,0.9993
APP-005838,Female,No,0,Graduate,No,44096.15,10650.36,233699.2,240,1,Urban,614,39,1,0.5847
APP-005839,Male,No,0,Graduate,No,21112.4,0.0,132236.76,240,1,Urban,677,58,1,0.5613
APP-005840,Female,No,0,Graduate,No,40494.4,0.0,426579.67,180,1,Urban,559,44,0,0.0
APP-005841,Female,Yes,2,Graduate,No,58558.78,12095.82,193776.68,180,0,Urban,630,36,0,0.383
APP-005842,Female,No,2,Graduate,No,52926.6,28979.31,500000.0,360,0,Rural,656,65,1,0.4283
APP-005843,Male,Yes,1,Not Graduate,No,27613.56,0.0,132391.69,240,1,Urban,679,49,1,0.7831
APP-005844,Female,Yes,1,Graduate,Yes,38894.73,0.0,139196.73,120,1,Urban,721,67,1,0.4725
APP-005845,Male,No,1,Not Graduate,No,28600.98,30608.8,157652.46,360,1,Semiurban,802,50,1,0.9999
APP-005846,Female,Yes,0,Graduate,No,100236.62,0.0,328579.64,360,1,Rural,742,41,1,0.9985
APP-005847,Male,No,0,Not Graduate,Yes,65655.76,37963.13,500000.0,180,1,Rural,762,68,1,0.8533
APP-005848,Male,Yes,0,Graduate,No,30080.0,28883.04,435787.88,240,1,Urban,803,47,1,0.9783
APP-005849,Male,Yes,0,Not Graduate,No,21106.61,0.0,26408.3,360,1,Urban,728,54,1,0.9994
APP-005850,Female,No,2,Not Graduate,No,46760.7,0.0,251050.9,120,0,Semiurban,677,41,0,0.0007
APP-005851,Female,Yes,1,Graduate,No,30605.97,0.0,100796.21,240,1,Semiurban,766,34,1,0.9974
APP-005852,Male,Yes,1,Not Graduate,Yes,31886.29,0.0,109518.1,240,0,Semiurban,771,33,1,0.9635
APP-005853,Female,Yes,2,Graduate,No,21496.22,86608.71,500000.0,360,0,Semiurban,735,40,1,0.9768
APP-005854,Female,No,1,Graduate,No,23010.94,59540.72,500000.0,240,0,Rural,556,38,0,0.0031
APP-005855,Female,No,0,Not Graduate,Yes,43891.18,26109.91,216043.12,240,1,Urban,608,56,1,0.6152
APP-005856,Male,No,1,Graduate,No,34655.68,21230.78,228216.09,360,1,Semiurban,657,61,1,0.9607
APP-005857,Female,Yes,0,Graduate,No,158432.34,21789.77,378125.2,360,1,Semiurban,746,53,1,0.9997
APP-005858,Female,No,0,Graduate,No,55650.11,16976.88,377156.89,180,0,Semiurban,678,63,0,0.1189
APP-005859,Female,No,3+,Not Graduate,No,21302.24,0.0,66573.8,180,1,Semiurban,777,64,1,0.9912
APP-005860,Female,No,2,Not Graduate,No,17247.11,36773.32,468055.14,300,1,Rural,792,61,1,0.9365
APP-005861,Female,Yes,1,Graduate,Yes,49960.81,0.0,250480.96,240,1,Urban,782,57,1,0.9892
APP-005862,Female,Yes,0,Graduate,No,32264.51,0.0,121087.17,300,1,Rural,782,21,1,0.9981
APP-005863,Male,Yes,1,Graduate,No,83475.73,42622.21,474722.92,180,1,Semiurban,592,42,0,0.1744
APP-005864,Female,Yes,1,Not Graduate,No,46864.94,0.0,235425.96,360,1,Rural,721,38,1,0.978
APP-005865,Female,Yes,0,Graduate,No,13488.78,0.0,78480.65,240,1,Rural,628,30,0,0.1487
APP-005866,Male,Yes,0,Graduate,No,22909.72,0.0,57718.92,240,0,Semiurban,540,54,0,0.086
APP-005867,Male,Yes,1,Not Graduate,No,27683.58,53080.7,322036.03,180,1,Urban,656,56,1,0.551
APP-005868,Male,Yes,3+,Graduate,No,51180.83,0.0,217929.04,180,1,Semiurban,793,69,1,0.9819
APP-005869,Female,Yes,0,Graduate,No,22493.6,24690.31,221255.68,300,1,Urban,719,55,1,0.9913
APP-005870,Male,Yes,2,Graduate,No,43653.98,87511.63,500000.0,300,1,Urban,850,22,1,0.9999
APP-005871,Male,Yes,0,Graduate,No,19247.14,0.0,43201.55,360,1,Urban,695,30,1,0.9962
APP-005872,Female,Yes,0,Graduate,No,40271.61,0.0,263964.28,300,0,Rural,850,22,1,0.9913
APP-005873,Female,Yes,2,Not Graduate,No,49193.38,0.0,247086.1,240,1,Rural,695,30,1,0.659
APP-005874,Male,Yes,0,Graduate,No,89664.54,0.0,305535.14,360,1,Rural,682,28,1,0.9794
APP-005875,Female,Yes,2,Not Graduate,No,45938.85,0.0,281502.42,120,0,Urban,571,67,0,0.0
APP-005876,Female,No,1,Graduate,No,25611.48,12551.92,136930.5,360,1,Urban,774,67,1,0.9996
APP-005877,Male,No,0,Graduate,No,91231.25,28089.71,225035.18,300,0,Urban,637,36,1,0.9185
APP-005878,Female,No,1,Graduate,Yes,36288.35,0.0,32992.51,180,1,Rural,625,41,1,0.931
APP-005879,Male,No,0,Graduate,No,61418.21,0.0,151459.97,300,1,Urban,789,61,1,0.9998
APP-005880,Female,Yes,2,Graduate,No,28649.96,0.0,95609.31,360,1,Semiurban,778,37,1,0.9994
APP-005881,Male,Yes,1,Graduate,No,42189.56,0.0,194306.54,240,1,Semiurban,776,38,1,0.9933
APP-005882,Male,Yes,2,Not Graduate,No,25830.28,0.0,144074.91,300,1,Urban,649,42,1,0.5797
APP-005883,Female,Yes,0,Graduate,No,47917.83,32694.23,305981.55,240,1,Semiurban,676,26,1,0.9158
APP-005884,Male,Yes,1,Not Graduate,Yes,62449.0,0.0,141147.39,240,1,Urban,675,26,1,0.9346
APP-005885,Male,No,1,Graduate,No,30572.63,0.0,109823.53,240,1,Urban,747,57,1,0.9955
APP-005886,Female,No,2,Graduate,No,29641.94,18175.55,184781.39,180,1,Urban,812,62,1,0.9977
APP-005887,Male,Yes,2,Graduate,No,48837.32,0.0,455044.18,180,1,Semiurban,711,27,0,0.002
APP-005888,Female,Yes,1,Graduate,No,25495.09,100777.37,500000.0,360,1,Rural,848,44,1,0.9999
APP-005889,Male,No,0,Graduate,No,17415.76,24413.85,84622.12,240,1,Urban,756,40,1,0.9996
APP-005890,Male,No,1,Not Graduate,No,48740.13,0.0,180320.43,300,1,Semiurban,660,44,1,0.9108
APP-005891,Male,No,2,Graduate,No,37826.55,0.0,220617.78,180,1,Urban,750,53,0,0.7075
APP-005892,Male,Yes,0,Graduate,No,37388.83,41884.76,341161.02,180,1,Urban,825,60,1,0.9982
APP-005893,Male,Yes,3+,Graduate,No,53454.64,0.0,109741.82,300,1,Semiurban,850,47,1,1.0
APP-005894,Female,No,1,Graduate,No,57723.1,0.0,355646.45,300,1,Urban,781,29,1,0.9913
APP-005895,Female,No,1,Graduate,No,36733.67,11524.98,242289.01,300,1,Semiurban,682,66,1,0.9303
APP-005896,Male,No,1,Not Graduate,Yes,21645.04,0.0,85981.03,300,1,Rural,662,34,1,0.7656
APP-005897,Male,No,3+,Graduate,No,28247.98,0.0,83776.99,300,1,Semiurban,729,37,1,0.9952
APP-005898,Male,No,1,Graduate,No,55366.51,0.0,372401.76,180,1,Semiurban,822,35,1,0.8682
APP-005899,Female,Yes,0,Graduate,No,43261.63,0.0,81529.76,120,1,Urban,717,69,1,0.9834
APP-005900,Female,No,1,Graduate,No,29662.31,25101.08,116000.77,240,1,Semiurban,719,34,1,0.9971
APP-005901,Male,Yes,0,Not Graduate,Yes,26071.22,39840.78,201874.83,240,1,Semiurban,684,35,1,0.9396
APP-005902,Male,No,0,Not Graduate,No,56376.21,11110.53,329619.21,180,0,Rural,652,37,0,0.0407
APP-005903,Female,No,0,Graduate,No,35528.53,0.0,81981.7,240,1,Semiurban,666,43,1,0.9791
APP-005904,Male,Yes,2,Graduate,Yes,60717.92,11365.13,240493.15,120,0,Urban,692,58,0,0.1278
APP-005905,Female,Yes,2,Graduate,No,65097.06,0.0,237998.93,240,1,Rural,826,59,1,0.9995
APP-005906,Male,No,2,Graduate,No,33790.61,0.0,168109.01,240,1,Rural,660,62,1,0.5624
APP-005907,Male,No,0,Graduate,No,67663.77,0.0,254674.73,360,1,Semiurban,684,32,1,0.9818
APP-005908,Male,Yes,0,Graduate,No,43309.42,0.0,163283.91,360,0,Semiurban,606,25,0,0.34
APP-005909,Female,Yes,3+,Graduate,No,46502.76,0.0,144300.37,360,0,Semiurban,741,65,1,0.9892
APP-005910,Female,Yes,1,Not Graduate,No,12042.39,0.0,83805.21,300,1,Semiurban,796,22,1,0.9735
APP-005911,Male,Yes,0,Graduate,No,23529.1,0.0,134979.8,360,1,Semiurban,818,36,1,0.9994
APP-005912,Female,Yes,1,Graduate,No,24241.42,0.0,136834.24,180,1,Semiurban,697,31,0,0.2455
APP-005913,Female,Yes,2,Graduate,No,33682.71,17583.86,153996.35,300,1,Urban,729,66,1,0.9975
APP-005914,Male,Yes,1,Graduate,No,42740.11,0.0,144671.99,360,1,Urban,667,64,1,0.9799
APP-005915,Male,No,0,Graduate,No,43712.43,33746.76,409172.09,240,1,Urban,725,28,1,0.9437
APP-005916,Male,Yes,1,Graduate,No,46965.14,0.0,153704.21,180,0,Urban,707,32,1,0.7755
APP-005917,Male,No,0,Graduate,No,27536.85,0.0,77369.61,300,1,Rural,685,56,1,0.9888
APP-005918,Male,Yes,3+,Graduate,No,58703.21,0.0,284978.01,360,1,Rural,692,60,1,0.9564
APP-005919,Female,Yes,2,Graduate,No,108565.47,0.0,256930.78,300,1,Semiurban,718,60,1,0.9969
APP-005920,Male,Yes,3+,Not Graduate,No,33046.51,0.0,128211.01,180,1,Urban,655,25,0,0.2767
APP-005921,Male,No,0,Graduate,Yes,27860.98,0.0,177460.77,120,1,Urban,659,64,0,0.0003
APP-005922,Female,Yes,0,Graduate,No,27530.99,0.0,125297.08,180,1,Urban,825,30,1,0.995
APP-005923,Female,Yes,1,Graduate,Yes,42066.51,0.0,111949.84,360,1,Semiurban,850,36,1,1.0
APP-005924,Male,Yes,0,Not Graduate,Yes,30056.38,0.0,158501.18,240,0,Semiurban,578,41,0,0.006
APP-005925,Female,Yes,0,Graduate,No,15495.72,19448.99,113672.07,180,1,Rural,573,26,0,0.1217
APP-005926,Female,No,2,Not Graduate,Yes,18011.87,0.0,112344.47,360,1,Urban,599,51,0,0.1631
APP-005927,Male,No,0,Graduate,No,70340.61,26362.84,500000.0,240,1,Urban,671,27,1,0.7289
APP-005928,Female,No,0,Graduate,No,81225.68,0.0,296195.48,360,1,Urban,756,44,1,0.9992
APP-005929,Male,No,2,Graduate,No,96755.19,0.0,294339.21,360,1,Semiurban,730,35,1,0.9972
APP-005930,Female,No,0,Graduate,No,45454.52,0.0,132228.79,360,1,Urban,695,31,1,0.9942
APP-005931,Male,No,2,Graduate,No,23271.9,85390.83,500000.0,360,0,Rural,725,42,1,0.9641
APP-005932,Male,No,1,Graduate,Yes,31542.5,0.0,47952.74,360,1,Semiurban,621,28,1,0.9185
APP-005933,Male,No,1,Graduate,No,17672.0,17495.6,67897.61,180,1,Rural,659,68,1,0.9574
APP-005934,Male,Yes,0,Graduate,No,17301.69,12303.27,207277.43,240,0,Rural,678,36,0,0.0878
APP-005935,Male,No,1,Graduate,No,46184.27,0.0,293424.34,360,0,Semiurban,545,61,0,0.0138
APP-005936,Male,Yes,3+,Not Graduate,No,53984.72,0.0,270657.7,300,0,Rural,581,54,0,0.0254
APP-005937,Male,Yes,2,Graduate,No,117842.64,0.0,204994.9,240,0,Semiurban,585,28,0,0.3093
APP-005938,Female,Yes,0,Not Graduate,Yes,38341.9,0.0,208307.02,360,1,Urban,745,23,1,0.9761
APP-005939,Male,Yes,0,Not Graduate,No,19018.94,16483.9,97394.1,300,1,Urban,701,39,1,0.9944
APP-005940,Male,No,0,Graduate,Yes,37531.8,15624.69,216755.4,240,1,Rural,732,69,1,0.9743
APP-005941,Female,Yes,2,Graduate,No,34359.97,0.0,175912.33,240,0,Semiurban,524,47,0,0.0023
APP-005942,Male,Yes,1,Graduate,No,30632.68,0.0,164027.07,360,1,Semiurban,554,30,1,0.1205
APP-005943,Female,Yes,1,Not Graduate,No,48487.55,0.0,154237.98,360,0,Urban,736,22,1,0.9773
APP-005944,Male,Yes,2,Graduate,No,20579.28,30435.58,387739.98,360,0,Urban,444,53,0,0.0002
APP-005945,Female,Yes,1,Graduate,No,43126.67,0.0,265057.46,360,1,Semiurban,784,43,1,0.9973
APP-005946,Male,Yes,1,Graduate,No,57432.17,14764.86,199802.74,180,0,Semiurban,525,53,0,0.0177
APP-005947,Male,Yes,0,Graduate,No,87627.99,0.0,301028.35,240,1,Rural,752,28,1,0.9939
APP-005948,Female,Yes,2,Graduate,Yes,47605.65,13458.88,185032.68,240,0,Urban,604,50,0,0.2483
APP-005949,Female,Yes,1,Not Graduate,No,71233.34,0.0,295236.69,240,1,Semiurban,769,63,1,0.9922
APP-005950,Male,Yes,3+,Graduate,No,31440.66,0.0,177901.69,360,1,Rural,850,41,1,0.9997
APP-005951,Male,Yes,0,Not Graduate,No,33949.87,62357.79,178525.69,180,1,Semiurban,487,46,0,0.0597
APP-005952,Female,Yes,0,Not Graduate,No,84230.8,17802.43,178113.44,240,1,Urban,739,38,1,0.9991
APP-005953,Male,Yes,0,Not Graduate,No,18875.66,0.0,55337.1,360,1,Rural,526,66,0,0.1922
APP-005954,Female,Yes,2,Graduate,No,32153.38,36573.42,500000.0,360,1,Urban,716,23,1,0.9143
APP-005955,Male,Yes,1,Graduate,No,74655.95,0.0,354175.18,240,0,Semiurban,662,41,1,0.3299
APP-005956,Male,No,0,Graduate,No,35735.1,0.0,309779.68,120,1,Rural,691,40,0,0.0
APP-005957,Male,Yes,0,Graduate,No,34300.63,0.0,136329.63,240,1,Urban,603,61,0,0.5085
APP-005958,Male,No,0,Graduate,No,34685.16,0.0,101229.99,300,1,Semiurban,746,35,1,0.9984
APP-005959,Female,No,0,Graduate,No,42806.0,16282.83,118468.39,360,0,Urban,557,65,1,0.4607
APP-005960,Male,Yes,0,Graduate,No,72936.62,0.0,214105.06,300,1,Semiurban,786,41,1,0.9997
APP-005961,Male,Yes,1,Graduate,No,66724.49,0.0,215185.04,240,0,Urban,645,24,0,0.4813
APP-005962,Male,Yes,2,Graduate,No,40388.54,31513.54,102921.25,300,1,Rural,561,53,1,0.7749
APP-005963,Female,Yes,1,Graduate,No,73189.97,0.0,213699.67,240,1,Urban,816,23,1,0.9996
APP-005964,Female,Yes,2,Graduate,No,48435.4,0.0,140863.69,360,1,Urban,674,38,1,0.9861
APP-005965,Female,Yes,1,Not Graduate,No,64377.28,0.0,277146.83,120,1,Urban,842,41,1,0.9464
APP-005966,Male,No,0,Graduate,No,22797.29,16677.12,165122.23,240,1,Urban,784,46,1,0.9986
APP-005967,Female,No,3+,Graduate,No,104422.87,0.0,500000.0,240,0,Semiurban,612,25,0,0.0317
APP-005968,Female,No,0,Not Graduate,No,45302.49,19319.66,132733.47,300,0,Urban,673,67,1,0.9572
APP-005969,Female,Yes,3+,Graduate,No,12000.0,45380.72,146782.47,240,1,Rural,690,52,1,0.9838
APP-005970,Male,Yes,3+,Graduate,No,99981.45,20968.55,500000.0,240,1,Rural,810,27,1,0.9978
APP-005971,Male,Yes,0,Not Graduate,No,40246.58,41911.41,311707.32,360,1,Semiurban,717,28,1,0.992
APP-005972,Male,Yes,0,Graduate,Yes,32288.88,19174.98,321179.61,180,1,Urban,695,62,0,0.158
APP-005973,Female,No,0,Not Graduate,No,28763.84,93549.17,489331.36,180,0,Rural,663,64,1,0.1889
APP-005974,Male,No,1,Graduate,No,51109.52,6536.03,267345.12,180,1,Urban,676,34,0,0.5428
APP-005975,Male,Yes,1,Graduate,No,24621.77,0.0,133158.64,240,1,Rural,791,34,1,0.988
APP-005976,Female,No,2,Graduate,No,29222.71,0.0,96982.39,300,0,Urban,680,44,1,0.9024
APP-005977,Male,Yes,3+,Not Graduate,No,29611.47,23669.89,168238.64,180,1,Semiurban,646,40,0,0.5905
APP-005978,Male,Yes,1,Not Graduate,No,34175.49,0.0,107288.21,120,1,Semiurban,632,29,0,0.0682
APP-005979,Female,Yes,0,Not Graduate,No,30231.37,25211.62,228211.65,360,1,Semiurban,633,61,1,0.8865
APP-005980,Female,Yes,3+,Graduate,No,64154.39,27761.99,500000.0,240,0,Urban,561,31,0,0.0057
APP-005981,Male,Yes,1,Not Graduate,No,46587.35,0.0,165396.9,360,1,Urban,616,52,1,0.8397
APP-005982,Male,No,1,Graduate,No,49819.92,0.0,357165.85,360,1,Semiurban,807,26,1,0.9959
APP-005983,Male,No,1,Graduate,No,56152.77,0.0,500000.0,180,0,Rural,662,64,0,0.0002
APP-005984,Male,Yes,2,Graduate,No,38131.58,0.0,109477.94,300,1,Urban,740,38,1,0.998
APP-005985,Male,Yes,1,Graduate,No,22898.57,113083.17,500000.0,300,0,Semiurban,469,57,0,0.0054
APP-005986,Female,Yes,0,Graduate,No,108319.98,0.0,458076.62,180,1,Urban,728,27,1,0.9004
APP-005987,Male,No,1,Graduate,No,66845.82,0.0,338230.39,180,0,Urban,666,46,0,0.0809
APP-005988,Male,Yes,1,Graduate,Yes,97446.12,0.0,391127.37,240,1,Urban,639,45,1,0.6274
APP-005989,Male,No,1,Not Graduate,No,70897.9,0.0,500000.0,240,1,Rural,695,49,0,0.287
APP-005990,Female,Yes,0,Not Graduate,No,31157.05,0.0,155300.15,240,0,Semiurban,638,63,0,0.1096
APP-005991,Female,No,0,Not Graduate,No,12000.0,0.0,43747.78,240,0,Semiurban,499,41,0,0.0038
APP-005992,Female,Yes,0,Graduate,No,20414.42,7189.12,97525.61,300,1,Semiurban,758,63,1,0.9989
APP-005993,Female,Yes,1,Graduate,Yes,56959.01,0.0,141423.3,240,1,Urban,701,52,1,0.9877
APP-005994,Male,No,1,Not Graduate,No,37950.53,0.0,125093.21,360,0,Semiurban,653,65,1,0.7654
APP-005995,Female,Yes,0,Graduate,No,31859.24,0.0,235208.58,120,0,Rural,598,26,0,0.0
APP-005996,Male,Yes,1,Graduate,No,12000.0,9697.33,150586.64,300,0,Semiurban,555,44,0,0.0067
APP-005997,Male,Yes,1,Graduate,No,39846.11,11735.88,164866.62,360,1,Semiurban,699,31,1,0.9933
APP-005998,Male,No,1,Graduate,No,22137.36,0.0,57579.16,240,1,Semiurban,817,23,1,0.9997
APP-005999,Male,Yes,2,Graduate,No,26945.98,0.0,176290.42,240,0,Urban,697,30,0,0.1556
APP-006000,Male,Yes,3+,Graduate,Yes,64058.84,64020.17,500000.0,240,1,Urban,562,45,0,0.1053
APP-006001,Male,No,0,Graduate,No,22787.6,15749.32,67517.95,240,1,Urban,699,48,1,0.9979
APP-006002,Male,Yes,2,Graduate,Yes,24015.89,19075.06,500000.0,180,1,Semiurban,675,42,0,0.0
APP-006003,Male,Yes,0,Graduate,No,44447.73,136376.76,500000.0,300,1,Urban,753,59,1,0.9995
APP-006004,Female,No,1,Not Graduate,No,64847.86,0.0,500000.0,300,0,Urban,732,69,0,0.4563
APP-006005,Male,Yes,2,Not Graduate,No,32161.06,0.0,148286.39,240,0,Urban,426,28,0,0.0001
APP-006006,Male,Yes,2,Graduate,Yes,89946.33,18562.41,289599.25,360,1,Rural,726,43,1,0.9967
APP-006007,Male,No,1,Graduate,No,19865.34,0.0,92415.62,360,0,Urban,595,63,0,0.2434
APP-006008,Male,No,2,Not Graduate,No,18038.6,0.0,39730.19,240,1,Semiurban,559,56,0,0.3595
APP-006009,Male,Yes,1,Not Graduate,No,17212.53,14724.95,128652.3,360,1,Urban,664,42,1,0.9618
APP-006010,Male,Yes,1,Graduate,No,16176.24,19487.53,93178.98,180,0,Urban,715,69,1,0.9447
APP-006011,Female,No,1,Not Graduate,No,48295.9,0.0,187796.52,360,0,Rural,541,66,0,0.0334
APP-006012,Male,No,1,Not Graduate,No,23440.39,20282.83,208404.69,360,1,Urban,740,54,1,0.9958
APP-006013,Female,No,0,Graduate,No,18479.07,0.0,89983.07,240,0,Urban,745,26,1,0.8783
APP-006014,Male,No,2,Graduate,No,49458.45,75676.81,276573.67,240,1,Rural,684,63,1,0.987
APP-006015,Female,Yes,0,Graduate,No,63143.94,17080.57,255868.98,300,1,Semiurban,606,60,1,0.8549
APP-006016,Male,Yes,0,Not Graduate,No,71537.15,13452.5,148957.92,240,0,Semiurban,597,68,0,0.5201
APP-006017,Male,No,0,Graduate,No,64952.17,24482.3,500000.0,300,1,Rural,767,32,1,0.9931
APP-006018,Male,Yes,0,Graduate,No,24222.64,14606.06,181349.22,360,0,Urban,552,62,0,0.1029
APP-006019,Male,Yes,0,Graduate,Yes,46716.38,9126.34,140309.13,240,1,Semiurban,770,39,1,0.999
APP-006020,Female,Yes,0,Graduate,No,52747.91,0.0,423341.16,180,1,Urban,666,56,0,0.0077
APP-006021,Female,No,1,Graduate,No,30909.36,0.0,162554.47,300,1,Urban,672,25,1,0.8145
APP-006022,Female,No,3+,Graduate,No,43941.46,0.0,178663.42,300,1,Semiurban,535,39,1,0.083
APP-006023,Female,Yes,0,Not Graduate,No,20163.11,0.0,69467.83,300,1,Urban,668,52,1,0.9629
APP-006024,Female,Yes,2,Graduate,No,28419.19,17139.53,145780.82,120,1,Urban,732,52,1,0.8827
APP-006025,Female,No,1,Not Graduate,No,49241.06,0.0,147167.99,300,0,Rural,566,35,0,0.0883
APP-006026,Male,No,1,Not Graduate,Yes,91963.63,24045.86,500000.0,120,1,Semiurban,722,69,0,0.1147
APP-006027,Male,Yes,0,Graduate,No,75606.07,0.0,364689.71,240,1,Urban,688,21,1,0.7958
APP-006028,Female,No,2,Graduate,Yes,57726.53,0.0,153496.91,240,0,Urban,625,37,0,0.3866
APP-006029,Male,Yes,1,Not Graduate,No,41933.28,0.0,320431.82,360,0,Semiurban,753,64,1,0.8382
APP-006030,Male,Yes,0,Graduate,No,38508.07,0.0,157620.59,360,0,Urban,493,32,0,0.0123
APP-006031,Male,No,0,Not Graduate,No,18102.77,0.0,51034.92,360,0,Urban,709,29,1,0.9728
APP-006032,Female,Yes,2,Not Graduate,Yes,25348.41,30158.06,500000.0,360,1,Rural,818,58,1,0.9827
APP-006033,Male,Yes,2,Graduate,No,25807.74,0.0,67217.03,180,1,Semiurban,802,69,1,0.9989
APP-006034,Female,Yes,2,Graduate,No,55056.63,13871.01,202694.68,360,1,Semiurban,713,24,1,0.9945
APP-006035,Male,Yes,0,Graduate,No,67489.09,0.0,287740.62,360,1,Rural,654,24,1,0.889
APP-006036,Female,Yes,0,Graduate,Yes,60181.21,16398.46,377410.56,360,0,Urban,626,55,0,0.4376
APP-006037,Female,Yes,1,Not Graduate,Yes,76915.8,18553.44,290038.76,360,1,Semiurban,654,53,0,0.9458
APP-006038,Male,Yes,1,Graduate,No,41761.98,0.0,65832.17,180,1,Urban,726,51,1,0.9981
APP-006039,Male,Yes,1,Graduate,No,23374.21,0.0,101114.08,240,1,Urban,611,69,0,0.394
APP-006040,Male,No,1,Graduate,No,39047.61,51107.19,240048.02,360,1,Urban,744,50,1,0.9995
APP-006041,Female,No,2,Not Graduate,No,26939.25,20400.12,171702.79,180,1,Urban,850,24,1,0.9988
APP-006042,Male,Yes,1,Graduate,No,57631.41,0.0,170623.75,180,0,Rural,675,39,1,0.6006
APP-006043,Female,Yes,0,Graduate,No,32941.94,6278.61,102675.38,360,1,Urban,566,44,1,0.8071
APP-006044,Male,No,0,Not Graduate,No,38017.72,0.0,143759.87,360,1,Urban,566,23,0,0.3031
APP-006045,Male,Yes,1,Graduate,No,58776.2,0.0,188535.93,240,1,Rural,746,58,1,0.9956
APP-006046,Female,Yes,0,Not Graduate,Yes,26699.45,0.0,77992.86,120,1,Semiurban,675,50,0,0.3563
APP-006047,Male,No,1,Not Graduate,Yes,68199.13,48904.37,500000.0,240,1,Urban,755,55,1,0.9855
APP-006048,Female,Yes,0,Graduate,No,19126.35,0.0,52109.64,120,0,Urban,635,34,0,0.0987
APP-006049,Female,Yes,1,Not Graduate,No,47505.61,0.0,180769.68,180,1,Urban,751,45,0,0.9705
APP-006050,Female,Yes,0,Graduate,No,38177.65,0.0,160033.15,180,1,Semiurban,667,45,1,0.6008
APP-006051,Male,Yes,0,Not Graduate,No,63261.87,0.0,126028.37,360,1,Urban,618,34,1,0.939
APP-006052,Female,No,0,Not Graduate,No,18846.72,0.0,48587.84,240,1,Rural,646,53,1,0.9103
APP-006053,Male,No,1,Graduate,No,17293.14,0.0,72422.05,120,1,Semiurban,578,43,0,0.0027
APP-006054,Female,Yes,2,Graduate,No,60628.75,24896.29,352185.79,300,1,Semiurban,849,31,1,0.9999
APP-006055,Male,No,1,Graduate,No,32370.18,25154.02,172006.38,120,1,Rural,672,64,0,0.5103
APP-006056,Male,No,3+,Graduate,No,38179.68,0.0,160868.65,360,1,Urban,735,27,1,0.9928
APP-006057,Female,Yes,1,Graduate,Yes,27921.1,0.0,134268.89,180,1,Semiurban,634,31,0,0.0596
APP-006058,Female,No,0,Not Graduate,No,66306.67,0.0,368103.25,180,0,Semiurban,591,34,0,0.0015
APP-006059,Male,No,2,Graduate,No,47314.35,24724.06,414510.19,240,1,Semiurban,660,29,0,0.3784
APP-006060,Female,Yes,1,Graduate,No,45814.93,0.0,336532.28,180,1,Urban,774,52,0,0.4403
APP-006061,Male,Yes,0,Graduate,Yes,21093.26,16363.45,167607.24,120,0,Urban,636,22,0,0.0012
APP-006062,Male,Yes,1,Not Graduate,No,52882.52,0.0,120668.19,360,1,Urban,606,56,1,0.8992
APP-006063,Female,Yes,0,Not Graduate,No,23255.17,24049.0,176534.48,360,1,Urban,693,53,1,0.9912
APP-006064,Female,Yes,3+,Not Graduate,No,27939.47,63518.44,220258.65,360,1,Semiurban,722,24,1,0.9948
APP-006065,Male,No,2,Graduate,No,18940.52,10558.84,183945.15,300,1,Rural,820,50,1,0.9981
APP-006066,Female,Yes,3+,Graduate,Yes,36823.89,0.0,291211.47,120,1,Semiurban,710,34,0,0.0
APP-006067,Female,Yes,1,Not Graduate,No,72074.84,0.0,306417.65,360,1,Rural,735,52,1,0.9934
APP-006068,Male,Yes,0,Not Graduate,No,45464.28,0.0,327004.61,360,1,Rural,741,67,1,0.9567
APP-006069,Male,Yes,0,Graduate,No,31476.56,41894.54,500000.0,240,1,Urban,582,53,0,0.0336
APP-006070,Male,No,1,Graduate,No,42617.94,0.0,208289.35,360,0,Semiurban,598,28,1,0.1438
APP-006071,Female,Yes,0,Graduate,No,42488.46,115664.28,500000.0,300,0,Semiurban,588,44,1,0.3945
APP-006072,Male,No,0,Graduate,Yes,41620.07,33216.99,488938.24,300,1,Urban,567,65,0,0.0495
APP-006073,Female,Yes,0,Graduate,Yes,44246.61,0.0,100642.5,360,1,Semiurban,748,46,1,0.9991
APP-006074,Male,No,3+,Graduate,No,22651.99,0.0,107960.64,360,1,Rural,705,21,1,0.9441
APP-006075,Male,No,2,Not Graduate,No,42556.85,0.0,232800.09,360,1,Semiurban,687,63,1,0.9089
APP-006076,Female,Yes,2,Graduate,No,15284.79,40103.97,123822.9,360,1,Semiurban,460,47,1,0.0715
APP-006077,Female,No,2,Graduate,No,55082.81,20379.57,500000.0,300,1,Semiurban,850,40,1,0.9991
APP-006078,Female,No,2,Graduate,No,21883.49,31070.25,369094.14,240,0,Urban,604,62,0,0.0081
APP-006079,Female,Yes,0,Graduate,No,76701.67,0.0,500000.0,300,0,Urban,850,37,1,0.9967
APP-006080,Female,Yes,1,Graduate,Yes,12000.0,25515.91,192244.41,300,0,Urban,557,67,0,0.0191
APP-006081,Male,Yes,1,Graduate,No,100804.04,0.0,280428.12,120,0,Semiurban,611,51,0,0.0362
APP-006082,Male,No,0,Graduate,Yes,16291.99,8250.66,59121.71,300,0,Semiurban,493,42,0,0.0225
APP-006083,Male,No,1,Not Graduate,Yes,20744.49,0.0,84574.4,240,1,Rural,711,28,1,0.8495
APP-006084,Male,Yes,0,Graduate,Yes,47310.21,0.0,275971.21,240,0,Rural,586,68,0,0.0052
APP-006085,Male,No,1,Graduate,No,56403.88,10837.95,365920.62,360,1,Urban,589,67,1,0.4741
APP-006086,Male,Yes,2,Graduate,No,34342.47,0.0,316076.68,360,0,Rural,563,68,0,0.0021
APP-006087,Male,Yes,0,Not Graduate,No,65573.92,16783.43,305285.66,180,1,Urban,746,31,1,0.9732
APP-006088,Female,No,0,Not Graduate,No,25897.33,0.0,93890.43,360,1,Urban,740,32,1,0.997
APP-006089,Female,Yes,2,Graduate,No,32214.42,29803.99,265317.49,180,1,Semiurban,834,63,1,0.9976
APP-006090,Female,No,2,Not Graduate,No,33991.21,0.0,86126.13,300,1,Urban,622,23,0,0.7876
APP-006091,Female,Yes,2,Not Graduate,Yes,29848.27,0.0,250128.48,360,1,Semiurban,699,27,0,0.4069
APP-006092,Female,No,0,Not Graduate,No,13852.23,0.0,52769.07,360,1,Urban,570,55,1,0.5045
APP-006093,Male,Yes,2,Not Graduate,No,39594.01,19481.14,282242.77,240,1,Semiurban,652,57,0,0.562
APP-006094,Female,Yes,0,Graduate,No,37674.78,7571.35,278260.65,360,1,Urban,636,41,1,0.7926
APP-006095,Female,Yes,1,Graduate,No,72620.35,0.0,220646.07,360,1,Urban,719,62,1,0.9975
APP-006096,Female,Yes,0,Not Graduate,No,19786.01,0.0,95564.19,180,1,Rural,766,53,1,0.9194
APP-006097,Female,Yes,0,Graduate,No,28235.24,0.0,119955.26,240,1,Rural,764,31,1,0.9916
APP-006098,Female,No,3+,Graduate,No,77801.83,50231.7,500000.0,360,1,Semiurban,608,22,1,0.6269
APP-006099,Male,No,2,Graduate,No,47160.35,22938.09,299971.53,120,1,Urban,765,38,0,0.6709
APP-006100,Female,No,0,Graduate,No,54293.45,12192.33,78365.79,300,1,Rural,676,26,1,0.9949
APP-006101,Male,No,2,Graduate,No,51502.65,0.0,144189.92,240,0,Semiurban,652,68,1,0.667
APP-006102,Female,No,0,Graduate,No,51628.51,0.0,112077.2,300,1,Urban,620,48,1,0.9564
APP-006103,Male,No,0,Graduate,No,109270.04,0.0,500000.0,240,1,Urban,632,64,1,0.5884
APP-006104,Female,Yes,0,Graduate,No,42207.25,16493.81,472963.39,180,1,Semiurban,828,34,1,0.6577
APP-006105,Female,Yes,1,Not Graduate,No,23011.77,0.0,37275.4,240,1,Semiurban,706,69,1,0.9943
APP-006106,Male,Yes,0,Graduate,No,57030.34,0.0,154290.86,360,0,Urban,695,41,1,0.9815
APP-006107,Male,Yes,3+,Not Graduate,No,29389.61,29396.94,134382.86,300,1,Semiurban,658,56,1,0.9688
APP-006108,Female,No,2,Graduate,No,37779.98,34171.99,338118.81,240,1,Semiurban,850,43,1,0.9996
APP-006109,Female,No,3+,Not Graduate,No,49197.57,0.0,136413.46,360,1,Rural,791,26,1,0.9992
APP-006110,Male,Yes,0,Graduate,No,25546.49,0.0,96643.81,180,0,Semiurban,619,52,0,0.0942
APP-006111,Male,Yes,0,Graduate,No,30313.18,24639.0,126055.99,180,1,Urban,657,45,1,0.9629
APP-006112,Male,Yes,1,Graduate,No,52141.51,43481.34,494750.94,300,1,Urban,662,44,0,0.8895
APP-006113,Female,Yes,1,Not Graduate,No,29680.49,0.0,59431.14,120,0,Semiurban,692,58,0,0.6803
APP-006114,Female,Yes,2,Graduate,Yes,68552.96,0.0,500000.0,180,1,Semiurban,620,60,0,0.0013
APP-006115,Male,Yes,1,Graduate,No,23332.75,0.0,195744.89,360,1,Semiurban,717,33,1,0.8476
APP-006116,Female,Yes,0,Graduate,No,23289.59,72263.66,500000.0,360,1,Urban,803,24,1,0.9993
APP-006117,Female,Yes,2,Graduate,No,114500.07,0.0,500000.0,240,0,Urban,568,28,0,0.0179
APP-006118,Male,Yes,2,Graduate,No,17298.51,0.0,148601.23,240,0,Urban,584,25,0,0.0003
APP-006119,Female,No,2,Graduate,No,39549.4,0.0,251968.55,300,1,Semiurban,639,68,1,0.3511
APP-006120,Male,Yes,2,Graduate,No,111114.46,10658.87,330347.68,360,0,Urban,643,47,1,0.8961
APP-006121,Female,Yes,1,Graduate,No,39508.64,0.0,142451.65,240,1,Urban,850,21,1,0.9997
APP-006122,Male,Yes,0,Graduate,No,84180.94,0.0,434323.72,360,1,Rural,765,62,1,0.9974
APP-006123,Male,Yes,3+,Not Graduate,No,57460.97,0.0,411416.08,360,1,Semiurban,760,28,1,0.9572
APP-006124,Male,Yes,2,Not Graduate,No,39976.18,57904.61,416040.63,180,1,Semiurban,658,61,0,0.3681
APP-006125,Male,Yes,1,Graduate,No,37352.13,32066.72,379831.5,180,1,Semiurban,656,26,0,0.0969
APP-006126,Female,No,0,Graduate,No,12511.15,7113.78,72031.64,360,1,Urban,557,33,1,0.5261
APP-006127,Female,No,0,Not Graduate,No,33674.25,0.0,119241.78,120,1,Rural,746,67,0,0.697
APP-006128,Male,Yes,0,Graduate,No,45602.61,0.0,100260.54,240,1,Urban,722,58,1,0.9979
APP-006129,Male,No,0,Graduate,Yes,45588.67,0.0,237192.86,360,1,Urban,789,52,1,0.9987
APP-006130,Male,No,2,Graduate,Yes,155783.47,21866.81,500000.0,300,1,Urban,662,38,0,0.961
APP-006131,Female,Yes,1,Not Graduate,Yes,46841.6,25453.31,172872.56,300,1,Urban,668,37,1,0.9702
APP-006132,Female,No,0,Not Graduate,No,56759.59,0.0,185306.44,300,1,Rural,694,48,1,0.9814
APP-006133,Male,Yes,0,Graduate,No,76170.52,0.0,369205.93,300,1,Urban,756,38,1,0.9957
APP-006134,Male,No,0,Graduate,No,54028.97,0.0,311115.69,360,1,Semiurban,555,25,0,0.093
APP-006135,Female,Yes,1,Graduate,No,38279.62,39075.67,303506.55,360,1,Semiurban,743,50,1,0.9984
APP-006136,Male,Yes,1,Graduate,No,38382.12,0.0,264614.57,360,1,Urban,678,38,1,0.8517
APP-006137,Female,Yes,3+,Not Graduate,No,33095.08,0.0,275888.76,240,0,Semiurban,590,35,0,0.0003
APP-006138,Male,Yes,0,Graduate,No,51242.07,0.0,192005.37,360,0,Semiurban,503,66,0,0.0213
APP-006139,Female,Yes,2,Graduate,No,36545.88,0.0,241471.09,360,1,Semiurban,668,47,1,0.797
APP-006140,Male,No,0,Not Graduate,No,56597.21,0.0,178686.53,240,1,Rural,803,51,1,0.9993
APP-006141,Male,Yes,3+,Not Graduate,No,23040.34,42464.05,155548.38,240,1,Urban,822,59,1,0.9999
APP-006142,Female,Yes,2,Graduate,No,43510.9,16311.95,166707.27,240,1,Urban,710,37,1,0.9926
APP-006143,Male,Yes,3+,Graduate,Yes,94243.49,0.0,272279.48,240,1,Semiurban,847,26,1,0.9996
APP-006144,Female,Yes,3+,Graduate,No,35470.52,0.0,124178.09,180,1,Rural,676,38,1,0.7091
APP-006145,Male,Yes,1,Not Graduate,No,110597.29,98255.43,500000.0,180,1,Rural,761,69,1,0.9962
APP-006146,Female,Yes,1,Graduate,No,43915.35,16355.51,203003.98,180,1,Rural,642,23,1,0.4921
APP-006147,Female,Yes,0,Graduate,No,38906.65,38061.84,276994.11,120,1,Rural,636,25,0,0.0546
APP-006148,Female,Yes,0,Not Graduate,No,42793.44,71538.02,500000.0,300,1,Urban,622,32,0,0.6883
APP-006149,Female,Yes,0,Not Graduate,No,33816.94,14030.39,112584.37,300,0,Rural,505,27,0,0.0227
APP-006150,Female,Yes,0,Graduate,No,13503.36,25776.02,178816.39,300,1,Urban,789,54,1,0.9993
APP-006151,Female,No,0,Not Graduate,No,65127.11,0.0,373104.81,360,1,Semiurban,625,64,0,0.5665
APP-006152,Male,Yes,0,Graduate,Yes,134053.23,0.0,500000.0,240,1,Semiurban,612,29,0,0.3609
APP-006153,Male,Yes,2,Graduate,No,52273.04,0.0,402507.49,360,0,Semiurban,580,41,0,0.0148
APP-006154,Female,No,2,Not Graduate,No,54053.34,17288.24,358123.47,360,0,Urban,663,25,1,0.5374
APP-006155,Female,No,2,Graduate,No,36300.04,17915.88,209026.42,360,1,Rural,830,21,1,0.9998
APP-006156,Female,Yes,0,Not Graduate,No,75870.56,20337.34,380703.01,360,1,Urban,850,48,1,1.0
APP-006157,Male,Yes,3+,Graduate,No,39277.24,0.0,201145.4,180,1,Rural,539,26,0,0.0013
APP-006158,Male,No,0,Graduate,Yes,46489.0,0.0,194073.09,300,1,Semiurban,650,44,1,0.8314
APP-006159,Female,No,0,Not Graduate,No,16968.79,30060.65,192470.51,360,1,Urban,592,54,1,0.7106
APP-006160,Male,No,0,Not Graduate,No,29997.28,50412.74,225112.4,180,1,Urban,764,23,1,0.9943
APP-006161,Female,Yes,0,Not Graduate,No,49121.11,54089.05,500000.0,180,1,Rural,704,43,1,0.6128
APP-006162,Male,Yes,0,Graduate,No,66102.8,0.0,322208.8,240,1,Semiurban,626,68,0,0.3832
APP-006163,Female,No,3+,Graduate,No,67118.63,41619.86,329842.58,240,0,Semiurban,686,58,0,0.8776
APP-006164,Male,Yes,2,Not Graduate,No,16838.96,16177.88,275083.71,360,1,Semiurban,639,58,0,0.2595
APP-006165,Male,No,1,Graduate,No,17804.76,19810.79,176136.35,360,1,Rural,817,25,1,0.9995
APP-006166,Male,Yes,0,Graduate,No,55341.34,30918.65,193741.63,120,1,Semiurban,726,52,1,0.982
APP-006167,Male,No,1,Not Graduate,Yes,26615.67,19913.89,303472.19,240,1,Rural,737,65,1,0.6647
APP-006168,Male,No,1,Graduate,No,65645.61,0.0,206763.37,360,1,Urban,453,45,0,0.0322
APP-006169,Male,No,3+,Graduate,No,16373.3,0.0,58046.49,300,1,Rural,674,52,1,0.9499
APP-006170,Male,No,0,Not Graduate,No,38020.26,0.0,149008.57,300,1,Semiurban,850,51,1,0.9999
APP-006171,Male,Yes,0,Graduate,No,39386.16,0.0,247611.59,180,1,Rural,793,57,1,0.8508
APP-006172,Male,No,0,Not Graduate,No,52274.13,45932.75,407930.08,360,1,Rural,523,42,0,0.1182
APP-006173,Male,Yes,2,Graduate,No,22762.32,33599.79,317366.02,240,0,Rural,653,66,0,0.1106
APP-006174,Male,Yes,1,Not Graduate,Yes,13606.19,0.0,28571.49,180,0,Semiurban,578,32,0,0.0524
APP-006175,Male,Yes,2,Graduate,No,44099.34,10081.08,140586.02,180,1,Semiurban,825,41,1,0.9997
APP-006176,Female,No,1,Graduate,No,53612.45,0.0,231867.91,360,1,Semiurban,701,55,1,0.9872
APP-006177,Male,Yes,1,Graduate,Yes,69849.64,0.0,214867.13,300,1,Semiurban,615,63,1,0.7417
APP-006178,Male,No,0,Graduate,Yes,32951.65,35525.96,266280.04,240,0,Semiurban,683,68,1,0.6654
APP-006179,Female,No,2,Graduate,No,61489.7,0.0,366690.91,300,0,Urban,458,39,0,0.0003
APP-006180,Female,No,0,Graduate,No,52426.93,18320.14,210121.77,360,1,Urban,588,44,1,0.8763
APP-006181,Female,Yes,0,Graduate,No,83060.36,17962.41,309340.21,240,1,Semiurban,683,61,1,0.9807
APP-006182,Male,Yes,0,Graduate,No,38930.63,0.0,174365.97,240,1,Rural,752,67,1,0.9862
APP-006183,Female,No,0,Graduate,Yes,15499.38,0.0,25379.85,240,0,Urban,515,48,0,0.0622
APP-006184,Female,Yes,1,Graduate,No,38668.75,0.0,259418.17,180,0,Urban,648,38,0,0.0039
APP-006185,Female,No,1,Graduate,No,42135.58,10580.18,238287.14,360,1,Rural,766,36,1,0.9984
APP-006186,Female,Yes,1,Graduate,No,53370.15,0.0,237253.11,180,1,Semiurban,557,34,0,0.014
APP-006187,Male,Yes,0,Graduate,No,17275.16,27090.23,148378.48,120,1,Semiurban,699,58,1,0.6613
APP-006188,Male,No,0,Graduate,No,33805.38,34542.27,397297.83,180,1,Urban,686,65,0,0.3003
APP-006189,Male,No,0,Graduate,No,64696.15,0.0,256483.18,180,1,Semiurban,826,69,1,0.9978
APP-006190,Female,Yes,0,Graduate,No,37901.77,0.0,280551.79,240,1,Semiurban,660,51,0,0.1503
APP-006191,Male,No,1,Not Graduate,No,33922.92,0.0,66965.69,360,1,Urban,665,46,1,0.9888
APP-006192,Female,Yes,0,Graduate,No,114517.11,0.0,500000.0,180,1,Semiurban,753,43,1,0.9596
APP-006193,Female,No,0,Graduate,No,22281.18,0.0,96816.21,180,0,Rural,567,45,0,0.0061
APP-006194,Male,Yes,0,Graduate,No,79081.57,42901.22,500000.0,240,1,Semiurban,661,22,0,0.7916
APP-006195,Female,No,1,Graduate,No,70381.61,12723.41,500000.0,360,1,Urban,641,38,1,0.7968
APP-006196,Female,No,0,Not Graduate,No,35459.92,0.0,81834.03,360,1,Rural,668,47,1,0.985
APP-006197,Male,No,1,Graduate,No,39415.33,0.0,89711.56,360,1,Urban,752,22,1,0.9991
APP-006198,Female,Yes,0,Not Graduate,No,39338.06,0.0,143066.88,180,1,Urban,727,38,1,0.9497
APP-006199,Female,Yes,2,Graduate,No,44359.02,15647.02,109159.92,360,0,Semiurban,616,27,1,0.752
APP-006200,Male,Yes,0,Graduate,No,28940.64,22006.56,500000.0,300,1,Rural,692,59,0,0.2729
APP-006201,Male,No,0,Graduate,No,31714.16,27184.01,382163.39,120,1,Urban,807,22,0,0.0583
APP-006202,Female,No,2,Graduate,No,33012.0,0.0,177618.01,300,0,Semiurban,609,38,0,0.0866
APP-006203,Male,No,3+,Graduate,No,33596.81,44878.28,475840.52,300,1,Semiurban,692,29,1,0.8048
APP-006204,Male,Yes,1,Graduate,No,33829.35,37661.42,500000.0,300,1,Semiurban,664,66,1,0.5675
APP-006205,Female,Yes,0,Graduate,No,12000.0,0.0,38795.85,180,1,Urban,675,63,1,0.8984
APP-006206,Female,Yes,2,Graduate,No,42349.29,0.0,153468.42,240,0,Urban,541,64,0,0.0219
APP-006207,Female,No,1,Graduate,No,30028.22,0.0,149330.28,300,1,Semiurban,800,58,1,0.9987
APP-006208,Male,Yes,2,Not Graduate,No,14375.12,19840.16,116252.8,180,0,Rural,614,54,0,0.0719
APP-006209,Female,Yes,1,Not Graduate,No,33106.07,0.0,92974.17,180,1,Rural,767,21,1,0.9869
APP-006210,Female,Yes,1,Graduate,No,32548.07,0.0,109336.97,300,0,Rural,627,47,0,0.5455
APP-006211,Male,Yes,0,Not Graduate,No,80933.61,0.0,409689.59,180,0,Rural,627,56,0,0.0119
APP-006212,Female,Yes,0,Graduate,Yes,29834.58,0.0,191679.32,120,1,Urban,783,53,0,0.0265
APP-006213,Male,Yes,0,Graduate,No,57947.03,38415.91,231889.44,180,1,Urban,764,23,1,0.9979
APP-006214,Male,No,0,Not Graduate,No,85866.29,0.0,336097.91,120,1,Urban,698,51,0,0.2505
APP-006215,Male,Yes,1,Graduate,No,28411.87,0.0,118213.91,240,1,Semiurban,745,61,1,0.9886
APP-006216,Female,Yes,0,Graduate,No,39099.95,44063.22,189615.79,360,1,Semiurban,655,64,1,0.9893
APP-006217,Male,Yes,2,Graduate,No,103858.06,54556.74,500000.0,360,1,Rural,679,45,1,0.9871
APP-006218,Female,No,2,Graduate,Yes,45521.36,0.0,184933.46,120,1,Urban,624,32,0,0.0075
APP-006219,Female,Yes,1,Graduate,No,49294.23,0.0,137752.9,300,1,Urban,757,32,1,0.999
APP-006220,Female,Yes,2,Graduate,No,32080.71,0.0,110079.65,180,1,Urban,621,31,1,0.3458
APP-006221,Male,Yes,0,Graduate,No,58564.15,0.0,317662.43,180,1,Urban,806,47,1,0.9777
APP-006222,Male,Yes,1,Graduate,No,39269.23,25569.94,429212.33,360,0,Semiurban,653,54,1,0.4315
APP-006223,Female,Yes,1,Graduate,No,14652.16,8594.17,115463.92,360,1,Urban,682,60,1,0.975
APP-006224,Female,Yes,1,Not Graduate,No,33011.86,0.0,331826.68,240,1,Urban,744,69,0,0.0916
APP-006225,Male,Yes,1,Not Graduate,No,20936.55,0.0,147439.77,360,1,Semiurban,682,21,1,0.612
APP-006226,Female,No,0,Graduate,No,42690.54,0.0,233243.36,240,0,Urban,655,29,0,0.1541
APP-006227,Female,No,1,Graduate,No,24239.49,19771.46,136756.51,360,1,Urban,677,47,1,0.9923
APP-006228,Male,Yes,0,Graduate,No,52206.94,0.0,370271.58,300,1,Urban,756,62,1,0.9735
APP-006229,Male,No,1,Not Graduate,Yes,41135.22,0.0,124087.55,300,0,Rural,624,41,0,0.3179
APP-006230,Male,Yes,0,Not Graduate,Yes,20203.17,0.0,120530.15,360,1,Rural,669,65,0,0.7066
APP-006231,Female,No,1,Graduate,No,30610.67,24143.67,77714.92,300,1,Urban,681,63,1,0.9973
APP-006232,Male,Yes,0,Graduate,Yes,56461.23,17160.64,251322.24,360,1,Urban,753,51,1,0.999
APP-006233,Male,No,1,Graduate,No,75462.88,0.0,171514.23,240,1,Semiurban,672,51,1,0.9817
APP-006234,Female,No,1,Graduate,No,24432.47,21538.9,172294.87,360,1,Rural,834,52,1,0.9999
APP-006235,Male,Yes,2,Graduate,No,21947.48,39809.34,131707.03,360,1,Semiurban,667,51,1,0.9921
APP-006236,Female,Yes,3+,Graduate,No,117364.73,0.0,500000.0,240,1,Semiurban,660,55,1,0.7445
APP-006237,Male,Yes,0,Graduate,No,39919.8,7663.34,250300.57,300,1,Semiurban,665,32,1,0.8585
APP-006238,Female,Yes,3+,Graduate,No,42205.59,11892.77,172131.24,360,1,Semiurban,568,55,1,0.5996
APP-006239,Male,Yes,0,Not Graduate,Yes,26724.47,0.0,98648.47,300,0,Rural,592,25,0,0.0559
APP-006240,Female,No,0,Graduate,No,45178.25,16133.24,288511.32,240,1,Semiurban,635,24,1,0.4683
APP-006241,Female,Yes,1,Graduate,No,103084.33,0.0,430244.47,120,1,Urban,777,21,1,0.6371
APP-006242,Female,No,0,Graduate,No,46161.48,0.0,360939.63,240,1,Rural,677,68,0,0.1227
APP-006243,Male,Yes,0,Graduate,No,72094.27,0.0,225777.52,180,0,Semiurban,639,51,0,0.3471
APP-006244,Female,No,1,Graduate,No,40779.76,6707.66,257809.11,180,1,Urban,784,47,1,0.9577
APP-006245,Female,No,2,Not Graduate,No,22829.49,57927.34,387046.53,300,1,Semiurban,812,60,1,0.999
APP-006246,Female,No,1,Graduate,No,27562.73,0.0,57485.29,240,1,Rural,787,36,1,0.9996
APP-006247,Male,Yes,0,Not Graduate,No,21703.07,0.0,96228.48,180,0,Semiurban,607,62,0,0.0154
APP-006248,Male,No,2,Graduate,No,45242.07,0.0,185477.98,240,1,Urban,638,42,1,0.6835
APP-006249,Male,Yes,1,Not Graduate,No,78679.57,42108.87,412593.24,180,1,Semiurban,834,36,1,0.999
APP-006250,Male,Yes,1,Graduate,No,43851.14,0.0,415403.41,300,1,Rural,700,38,0,0.2677
APP-006251,Male,Yes,3+,Graduate,No,33884.74,10007.19,333613.49,240,1,Semiurban,657,69,1,0.0717
APP-006252,Female,Yes,3+,Graduate,No,25996.0,0.0,78630.54,360,1,Urban,741,41,1,0.9984
APP-006253,Female,Yes,0,Graduate,No,48800.47,0.0,276893.02,300,1,Rural,766,27,1,0.9874
APP-006254,Male,Yes,0,Graduate,No,20313.22,0.0,121027.38,360,1,Urban,631,61,1,0.7359
APP-006255,Female,No,2,Graduate,Yes,21509.38,0.0,97918.4,240,1,Urban,699,67,1,0.8472
APP-006256,Male,Yes,0,Graduate,Yes,65847.04,0.0,171260.5,360,1,Semiurban,759,46,1,0.9992
APP-006257,Male,Yes,0,Not Graduate,No,34449.36,16226.23,140735.78,360,0,Urban,581,38,0,0.4212
APP-006258,Male,Yes,0,Not Graduate,No,34077.76,0.0,184231.02,360,1,Rural,681,27,1,0.8713
APP-006259,Female,No,2,Graduate,No,36571.1,0.0,195848.11,300,0,Rural,585,46,0,0.0395
APP-006260,Male,No,1,Graduate,No,59828.0,16200.19,285056.61,360,0,Semiurban,596,43,0,0.4233
APP-006261,Male,No,0,Graduate,No,43959.61,0.0,338786.66,360,1,Semiurban,632,47,1,0.4195
APP-006262,Female,No,0,Graduate,No,26670.28,25352.58,434294.3,360,1,Rural,721,28,0,0.8835
APP-006263,Female,Yes,1,Graduate,Yes,27203.46,22982.28,416738.26,300,1,Rural,653,65,0,0.1235
APP-006264,Male,Yes,0,Graduate,No,36050.97,15507.48,428957.94,180,1,Semiurban,625,23,0,0.0006
APP-006265,Male,Yes,1,Graduate,Yes,47392.58,0.0,200605.53,300,1,Semiurban,684,43,1,0.9276
APP-006266,Male,No,2,Graduate,Yes,39358.59,0.0,92022.39,360,0,Rural,583,38,0,0.2507
APP-006267,Male,Yes,0,Graduate,No,37478.79,0.0,138198.76,360,1,Urban,716,48,1,0.9967
APP-006268,Male,Yes,0,Graduate,Yes,41169.62,0.0,166672.31,360,1,Urban,776,68,1,0.9988
APP-006269,Female,Yes,1,Not Graduate,No,39343.13,0.0,126335.33,240,1,Urban,673,63,1,0.9341
APP-006270,Female,Yes,1,Not Graduate,No,26128.69,0.0,93846.87,360,0,Urban,663,31,1,0.786
APP-006271,Male,No,0,Not Graduate,No,73782.58,0.0,187010.43,240,1,Urban,712,37,1,0.9922
APP-006272,Male,No,1,Graduate,No,30783.33,11714.8,249874.45,300,0,Semiurban,508,46,0,0.0032
APP-006273,Male,Yes,0,Not Graduate,No,43091.08,89233.81,500000.0,240,1,Semiurban,726,51,1,0.9868
APP-006274,Male,Yes,0,Graduate,No,12923.67,0.0,160928.22,240,1,Urban,850,31,1,0.355
APP-006275,Female,Yes,2,Graduate,No,35655.34,27484.88,300985.81,240,0,Rural,670,52,1,0.4065
APP-006276,Male,Yes,1,Not Graduate,No,21921.56,9447.24,123790.27,240,1,Semiurban,670,30,1,0.8256
APP-006277,Female,No,1,Graduate,No,23424.51,0.0,98214.4,240,1,Urban,743,59,1,0.99
APP-006278,Male,Yes,1,Graduate,No,152086.13,20602.62,500000.0,300,1,Rural,820,29,1,0.9999
APP-006279,Male,Yes,3+,Not Graduate,No,46038.77,37003.76,500000.0,180,1,Semiurban,763,41,1,0.609
APP-006280,Female,No,1,Graduate,No,78771.95,12492.07,349146.19,300,0,Semiurban,497,60,0,0.0122
APP-006281,Female,Yes,0,Graduate,Yes,64242.29,18142.83,500000.0,120,1,Semiurban,728,28,0,0.0056
APP-006282,Male,Yes,0,Graduate,No,68925.64,0.0,316004.11,120,1,Rural,850,52,1,0.9497
APP-006283,Male,No,2,Not Graduate,No,35972.52,0.0,110141.85,180,1,Semiurban,733,41,1,0.9699
APP-006284,Female,No,3+,Graduate,No,97102.37,16398.35,451343.21,180,1,Rural,582,40,0,0.0597
APP-006285,Male,No,3+,Graduate,No,63938.57,0.0,500000.0,360,1,Rural,704,64,1,0.7906
APP-006286,Female,Yes,0,Graduate,No,41057.72,0.0,242194.41,360,0,Rural,571,22,0,0.0238
APP-006287,Female,No,1,Graduate,Yes,46388.61,11430.6,196228.1,300,1,Semiurban,785,28,1,0.9988
APP-006288,Female,No,1,Graduate,No,37227.28,11934.45,319549.96,360,0,Semiurban,599,30,0,0.0749
APP-006289,Male,Yes,1,Not Graduate,Yes,41304.7,28554.26,410650.72,300,1,Urban,686,60,1,0.7812
APP-006290,Female,No,2,Graduate,Yes,39183.84,0.0,145297.5,360,1,Semiurban,607,28,0,0.5478
APP-006291,Male,Yes,3+,Not Graduate,Yes,49505.72,0.0,150823.79,300,0,Semiurban,634,36,0,0.3176
APP-006292,Female,Yes,0,Graduate,No,104504.52,0.0,270198.24,120,1,Semiurban,806,69,1,0.9961
APP-006293,Male,Yes,0,Not Graduate,Yes,20684.34,26024.2,95011.94,360,0,Rural,689,63,1,0.9579
APP-006294,Male,No,0,Not Graduate,No,75229.23,0.0,238918.43,240,1,Rural,632,46,1,0.7611
APP-006295,Male,Yes,2,Graduate,No,32776.63,8432.93,162180.47,360,1,Urban,583,22,0,0.4988
APP-006296,Male,No,3+,Graduate,No,80685.55,39386.34,500000.0,360,1,Semiurban,521,22,0,0.0609
APP-006297,Male,No,2,Graduate,Yes,33409.82,0.0,206390.93,240,0,Rural,574,49,0,0.0021
APP-006298,Female,No,0,Graduate,No,50363.12,30336.88,375841.36,360,0,Rural,690,64,0,0.9108
APP-006299,Female,Yes,1,Graduate,No,36777.28,0.0,67468.91,120,1,Urban,763,26,1,0.9951
APP-006300,Male,No,1,Not Graduate,No,15493.48,0.0,75436.43,300,1,Rural,632,52,0,0.5598
APP-006301,Male,No,2,Graduate,No,104447.23,0.0,212349.1,300,1,Rural,813,21,1,0.9998
APP-006302,Male,Yes,2,Not Graduate,No,23896.46,12756.16,231463.9,360,0,Urban,619,65,0,0.1365
APP-006303,Male,Yes,0,Not Graduate,Yes,42029.86,66053.75,500000.0,240,1,Rural,660,43,0,0.565
APP-006304,Male,Yes,0,Graduate,No,22497.69,0.0,98132.45,180,1,Semiurban,588,27,0,0.0419
APP-006305,Female,No,0,Graduate,No,19238.12,22197.19,255115.34,120,1,Semiurban,764,26,0,0.0268
APP-006306,Female,No,1,Not Graduate,No,35856.61,0.0,241271.02,240,1,Urban,850,33,1,0.993
APP-006307,Male,Yes,0,Graduate,No,28957.05,0.0,129686.5,240,1,Urban,530,22,0,0.022
APP-006308,Female,No,1,Graduate,No,21102.6,9597.64,122617.65,240,1,Semiurban,651,65,0,0.8243
APP-006309,Female,Yes,1,Graduate,No,39360.26,11955.81,120309.77,300,1,Urban,788,23,1,0.9997
APP-006310,Male,Yes,1,Not Graduate,No,17764.39,43251.8,221707.68,300,1,Semiurban,557,41,0,0.268
APP-006311,Male,No,2,Graduate,No,43002.37,55893.54,269239.72,180,1,Urban,728,34,1,0.9896
APP-006312,Male,No,1,Graduate,Yes,37420.36,0.0,101414.8,120,1,Urban,784,51,1,0.9849
APP-006313,Female,Yes,2,Not Graduate,No,12000.0,0.0,36785.04,360,1,Semiurban,687,67,1,0.9804
APP-006314,Male,Yes,3+,Graduate,No,30100.27,0.0,53082.24,360,1,Semiurban,727,25,1,0.9977
APP-006315,Female,No,0,Graduate,No,51928.63,42802.07,500000.0,240,1,Urban,830,55,1,0.9991
APP-006316,Female,Yes,0,Graduate,No,22360.47,44346.46,313832.55,240,0,Urban,846,67,1,0.9983
APP-006317,Female,No,0,Graduate,No,53182.55,0.0,382269.22,180,0,Urban,675,27,0,0.0042
APP-006318,Male,Yes,2,Graduate,No,50918.09,0.0,311406.22,240,1,Urban,635,65,0,0.1733
APP-006319,Male,Yes,1,Graduate,Yes,22931.19,0.0,122361.76,360,0,Rural,602,56,1,0.0975
APP-006320,Male,Yes,1,Graduate,No,39864.63,28558.46,417010.55,180,1,Semiurban,763,50,1,0.777
APP-006321,Male,Yes,1,Graduate,No,63180.13,0.0,288257.89,180,1,Urban,563,51,0,0.0234
APP-006322,Male,No,1,Graduate,No,24784.35,23866.49,373138.12,300,1,Rural,659,52,0,0.3901
APP-006323,Female,No,0,Graduate,No,35839.44,0.0,121468.97,360,1,Rural,689,41,1,0.9893
APP-006324,Female,No,0,Graduate,No,75556.16,24732.09,423683.66,240,1,Rural,637,43,1,0.7166
APP-006325,Female,Yes,3+,Graduate,No,25041.82,0.0,94152.12,300,1,Semiurban,704,51,1,0.9814
APP-006326,Female,Yes,0,Not Graduate,No,51665.06,0.0,500000.0,360,1,Rural,850,39,1,0.9947
APP-006327,Male,Yes,0,Graduate,No,22168.88,0.0,71119.44,360,1,Semiurban,670,57,1,0.9854
APP-006328,Female,No,2,Graduate,No,36734.47,0.0,279556.1,240,1,Urban,643,35,0,0.0491
APP-006329,Male,No,2,Graduate,Yes,51313.01,7941.56,136774.78,240,1,Semiurban,766,60,1,0.9988
APP-006330,Female,No,1,Not Graduate,No,12000.0,21909.5,151232.61,300,0,Rural,700,32,1,0.7927
APP-006331,Male,No,1,Graduate,No,29915.21,0.0,117524.9,360,1,Urban,802,57,1,0.9998
APP-006332,Female,No,3+,Graduate,No,50824.44,0.0,136863.4,300,0,Urban,694,36,1,0.9481
APP-006333,Female,No,1,Graduate,No,45443.01,0.0,143660.6,360,0,Urban,659,48,1,0.9079
APP-006334,Male,Yes,3+,Graduate,Yes,30112.39,51711.29,437443.24,300,0,Rural,528,41,0,0.0032
APP-006335,Male,No,3+,Not Graduate,No,21861.45,0.0,80103.19,120,0,Semiurban,542,51,0,0.0002
APP-006336,Female,Yes,0,Graduate,No,56707.16,0.0,156580.42,240,0,Semiurban,524,61,0,0.037
APP-006337,Male,Yes,1,Graduate,No,33613.27,0.0,214630.93,360,1,Urban,712,51,1,0.97
APP-006338,Female,Yes,3+,Graduate,No,54173.17,25227.56,335282.45,120,1,Semiurban,564,23,0,0.0007
APP-006339,Male,Yes,1,Graduate,No,49470.05,0.0,244793.19,300,1,Urban,787,49,1,0.9984
APP-006340,Male,Yes,0,Not Graduate,No,31379.81,17806.47,342936.5,240,0,Urban,683,46,0,0.115
APP-006341,Female,Yes,0,Graduate,No,72396.19,34330.9,500000.0,240,1,Urban,659,50,1,0.836
APP-006342,Male,Yes,2,Graduate,No,28944.84,0.0,44108.81,300,1,Urban,608,33,1,0.9279
APP-006343,Female,Yes,1,Graduate,No,77245.94,0.0,313766.78,240,0,Urban,733,30,1,0.9172
APP-006344,Female,Yes,1,Not Graduate,No,83009.55,0.0,166391.22,360,0,Urban,612,48,0,0.7314
APP-006345,Female,Yes,1,Graduate,No,71507.89,15127.7,500000.0,240,0,Rural,596,43,0,0.0189
APP-006346,Male,Yes,1,Graduate,No,36340.62,0.0,165798.63,360,1,Urban,781,50,1,0.9993
APP-006347,Female,Yes,0,Graduate,No,162900.28,0.0,500000.0,180,0,Rural,710,42,1,0.8493
APP-006348,Male,Yes,0,Graduate,No,43630.62,0.0,140268.91,240,1,Semiurban,660,43,1,0.935
APP-006349,Female,No,0,Graduate,No,45824.82,82404.5,465856.35,180,1,Urban,735,47,1,0.9841
APP-006350,Female,Yes,1,Not Graduate,Yes,39650.79,32372.12,500000.0,180,1,Semiurban,681,27,0,0.0116
APP-006351,Male,Yes,2,Graduate,No,21560.72,0.0,115893.38,300,1,Semiurban,713,43,0,0.9535
APP-006352,Female,No,3+,Graduate,No,81821.09,17035.89,500000.0,240,1,Urban,611,40,0,0.2454
APP-006353,Male,Yes,2,Not Graduate,No,29295.18,0.0,85793.97,120,1,Urban,850,23,1,0.9949
APP-006354,Female,No,0,Graduate,No,66555.14,0.0,257213.93,360,1,Urban,631,29,0,0.8937
APP-006355,Male,Yes,1,Not Graduate,No,75944.21,0.0,407854.73,300,1,Rural,812,60,1,0.9978
APP-006356,Female,Yes,1,Graduate,No,55928.35,5728.79,354655.78,360,1,Urban,664,58,1,0.924
APP-006357,Male,No,0,Graduate,No,27430.67,21445.79,251632.81,360,1,Semiurban,749,40,1,0.997
APP-006358,Female,Yes,0,Graduate,No,33269.85,0.0,78198.28,300,1,Urban,742,55,1,0.9993
APP-006359,Female,Yes,2,Graduate,No,12000.0,0.0,33472.33,240,1,Semiurban,777,60,1,0.999
APP-006360,Male,Yes,0,Graduate,No,37644.52,0.0,187150.62,360,0,Urban,609,57,0,0.3549
APP-006361,Female,No,0,Graduate,Yes,62410.61,0.0,132852.22,240,1,Semiurban,771,48,1,0.9993
APP-006362,Female,No,0,Graduate,No,35220.1,0.0,100776.21,300,1,Rural,837,33,1,0.9999
APP-006363,Female,Yes,1,Not Graduate,No,29011.74,0.0,125775.09,240,0,Rural,658,46,0,0.2808
APP-006364,Female,Yes,0,Graduate,No,34072.27,0.0,102436.41,240,1,Semiurban,683,60,1,0.976
APP-006365,Male,No,0,Graduate,No,78311.62,0.0,370136.93,360,1,Urban,636,60,1,0.8902
APP-006366,Female,Yes,2,Graduate,No,38952.52,0.0,159496.21,180,1,Rural,651,32,0,0.3024
APP-006367,Female,Yes,0,Not Graduate,No,111508.25,0.0,333426.34,180,1,Semiurban,825,64,1,0.9992
APP-006368,Male,Yes,1,Graduate,No,29322.09,60849.36,272513.83,360,0,Urban,595,60,1,0.5933
APP-006369,Female,Yes,3+,Graduate,Yes,45228.26,0.0,342671.69,360,0,Rural,600,32,0,0.0102
APP-006370,Female,Yes,2,Not Graduate,No,31622.65,27594.11,300083.47,360,1,Semiurban,817,32,1,0.9993
APP-006371,Male,No,2,Graduate,No,125613.82,0.0,500000.0,300,1,Rural,733,60,1,0.9916
APP-006372,Male,No,3+,Not Graduate,No,44304.34,0.0,193595.36,240,1,Semiurban,850,34,1,0.999
APP-006373,Female,Yes,0,Not Graduate,No,129371.3,0.0,366627.09,300,1,Semiurban,642,67,0,0.9204
APP-006374,Male,No,3+,Graduate,No,31854.37,0.0,105341.57,180,1,Urban,691,48,1,0.9005
APP-006375,Male,Yes,0,Graduate,No,92982.68,22617.6,167304.1,180,0,Urban,624,55,1,0.8487
APP-006376,Female,Yes,0,Graduate,No,42826.05,0.0,137101.06,360,0,Urban,692,40,1,0.9705
APP-006377,Female,Yes,1,Not Graduate,No,63586.76,0.0,205111.89,360,0,Rural,529,47,0,0.041
APP-006378,Male,Yes,3+,Not Graduate,No,20520.08,0.0,111974.79,240,1,Urban,738,60,1,0.9041
APP-006379,Female,Yes,0,Graduate,No,48612.1,0.0,157979.05,240,1,Urban,707,35,1,0.9867
APP-006380,Male,No,0,Graduate,No,22292.01,34250.72,343315.61,360,1,Rural,675,37,1,0.9115
APP-006381,Female,No,0,Graduate,Yes,46230.87,64344.54,419397.29,240,1,Rural,647,46,1,0.765
APP-006382,Male,No,0,Graduate,Yes,17411.49,0.0,79358.18,240,0,Semiurban,604,60,0,0.0503
APP-006383,Male,Yes,3+,Graduate,No,38110.85,0.0,160206.89,180,1,Urban,742,63,1,0.9324
APP-006384,Male,Yes,1,Not Graduate,No,73319.85,0.0,428262.36,240,1,Urban,580,65,1,0.0299
APP-006385,Female,No,1,Graduate,No,54238.95,0.0,397896.99,240,1,Semiurban,724,33,0,0.5259
APP-006386,Male,Yes,0,Graduate,Yes,20360.0,0.0,55668.7,360,1,Rural,850,50,1,1.0
APP-006387,Female,Yes,3+,Graduate,No,14127.63,0.0,132937.09,240,1,Semiurban,806,63,0,0.6511
APP-006388,Female,No,0,Not Graduate,No,52750.02,0.0,152935.77,240,0,Rural,552,48,0,0.0496
APP-006389,Male,No,0,Graduate,No,95765.65,0.0,375773.22,240,1,Semiurban,634,44,0,0.7325
APP-006390,Male,Yes,0,Graduate,No,23619.54,0.0,79364.53,240,1,Rural,716,61,1,0.987
APP-006391,Female,Yes,1,Not Graduate,No,127207.16,29730.56,500000.0,240,1,Semiurban,674,58,1,0.9475
APP-006392,Male,No,3+,Not Graduate,No,39991.76,14903.84,145189.8,240,1,Semiurban,561,49,0,0.2998
APP-006393,Male,Yes,2,Graduate,No,13666.71,0.0,80467.81,240,1,Semiurban,713,66,1,0.7701
APP-006394,Male,No,0,Graduate,No,17009.3,11039.9,44265.08,120,1,Urban,679,50,1,0.9814
APP-006395,Male,No,1,Graduate,No,61296.13,0.0,376887.01,360,1,Rural,843,49,1,0.9996
APP-006396,Male,Yes,2,Graduate,No,43099.32,0.0,168582.65,240,0,Urban,658,51,0,0.54
APP-006397,Female,No,0,Not Graduate,No,90691.74,20355.47,399988.4,360,0,Urban,779,33,1,0.9974
APP-006398,Male,No,0,Graduate,No,20765.15,0.0,64845.54,360,0,Rural,572,33,1,0.2268
APP-006399,Female,Yes,0,Graduate,No,42837.63,40440.24,344541.29,120,0,Urban,593,57,0,0.0021
APP-006400,Female,No,2,Graduate,No,40284.36,18254.91,212717.55,180,1,Rural,741,27,1,0.9568
APP-006401,Female,No,3+,Not Graduate,No,37098.88,0.0,80857.01,180,1,Rural,772,21,1,0.9935
APP-006402,Female,Yes,3+,Not Graduate,Yes,32518.55,0.0,97379.8,360,1,Semiurban,599,29,1,0.4573
APP-006403,Male,Yes,1,Not Graduate,No,32876.56,0.0,200747.05,300,1,Rural,682,32,0,0.646
APP-006404,Female,Yes,0,Graduate,No,44181.22,24672.12,244882.64,240,1,Rural,563,49,0,0.287
APP-006405,Male,No,1,Graduate,No,47401.99,0.0,141585.15,120,1,Semiurban,665,21,0,0.2576
APP-006406,Female,No,2,Graduate,No,46115.99,21960.19,296353.6,120,1,Semiurban,751,32,0,0.4207
APP-006407,Male,No,2,Graduate,No,77908.72,0.0,413810.42,300,0,Semiurban,643,22,0,0.1517
APP-006408,Male,Yes,2,Graduate,No,20729.16,16292.32,211465.52,360,1,Urban,659,69,1,0.8739
APP-006409,Female,No,0,Graduate,Yes,14817.65,0.0,73543.04,240,0,Semiurban,584,55,1,0.0176
APP-006410,Female,No,1,Graduate,No,70215.95,91103.56,500000.0,240,0,Urban,625,28,0,0.4596
APP-006411,Female,Yes,2,Not Graduate,No,23886.32,34975.58,256549.58,360,1,Rural,829,22,1,0.9995
APP-006412,Male,Yes,1,Graduate,Yes,32574.61,0.0,124871.68,360,1,Semiurban,686,60,1,0.971
APP-006413,Male,Yes,0,Not Graduate,No,28662.51,0.0,181026.25,240,1,Urban,595,47,0,0.0416
APP-006414,Male,No,0,Graduate,No,28326.93,0.0,87792.57,360,0,Rural,653,56,1,0.875
APP-006415,Female,Yes,0,Not Graduate,No,17996.9,0.0,63964.02,360,1,Rural,544,66,0,0.2239
APP-006416,Female,Yes,3+,Graduate,No,29341.55,15493.25,93325.76,240,1,Semiurban,594,67,1,0.7617
APP-006417,Male,No,2,Graduate,No,57361.7,0.0,500000.0,180,1,Urban,796,42,0,0.1574
APP-006418,Female,Yes,3+,Graduate,No,40048.15,15831.04,500000.0,240,1,Rural,668,33,0,0.0218
APP-006419,Male,Yes,0,Not Graduate,No,52969.89,0.0,208713.75,120,1,Rural,841,47,1,0.9714
APP-006420,Female,No,0,Graduate,No,30551.07,9549.61,241037.44,120,0,Urban,672,60,0,0.0006
APP-006421,Male,Yes,1,Graduate,Yes,65944.27,21419.33,500000.0,360,1,Semiurban,677,58,1,0.8982
APP-006422,Male,No,0,Not Graduate,No,30345.42,12735.95,200000.65,360,1,Rural,734,46,1,0.9942
APP-006423,Female,Yes,1,Graduate,No,12585.41,10250.58,168225.32,300,0,Rural,453,37,0,0.0001
APP-006424,Female,Yes,0,Not Graduate,No,47769.52,0.0,115262.95,360,1,Rural,697,36,1,0.9928
APP-006425,Female,Yes,0,Not Graduate,No,61209.74,11654.73,285836.81,360,1,Semiurban,676,26,1,0.9607
APP-006426,Male,Yes,0,Graduate,No,29508.05,0.0,49184.36,300,1,Urban,806,46,1,1.0
APP-006427,Female,No,3+,Not Graduate,Yes,77618.68,0.0,209944.48,360,1,Semiurban,762,60,1,0.9979
APP-006428,Female,Yes,1,Graduate,Yes,25137.58,0.0,51563.12,360,0,Semiurban,584,48,0,0.4086
APP-006429,Male,Yes,1,Not Graduate,No,58040.7,44824.02,191788.48,240,1,Semiurban,786,40,1,0.9997
APP-006430,Male,No,2,Graduate,Yes,104780.9,52165.52,500000.0,360,0,Semiurban,658,27,1,0.7349
APP-006431,Male,Yes,2,Not Graduate,No,40953.89,0.0,205746.51,360,1,Rural,603,35,0,0.3473
APP-006432,Female,Yes,1,Graduate,No,35434.26,54707.74,284867.45,240,1,Semiurban,697,55,1,0.9853
APP-006433,Female,Yes,1,Graduate,Yes,37868.71,15108.45,176720.13,300,1,Urban,663,34,1,0.9459
APP-006434,Female,No,0,Not Graduate,No,98278.69,15478.19,348430.17,180,1,Urban,811,30,1,0.9988
APP-006435,Female,No,2,Graduate,No,50087.68,0.0,227455.29,240,1,Semiurban,709,50,1,0.9362
APP-006436,Female,Yes,0,Graduate,No,130523.88,0.0,423910.15,300,1,Rural,697,44,1,0.989
APP-006437,Male,Yes,0,Not Graduate,No,46797.65,0.0,126834.42,120,1,Rural,757,39,1,0.9552
APP-006438,Male,Yes,3+,Not Graduate,No,28012.66,14717.37,277119.09,300,1,Rural,773,47,1,0.9772
APP-006439,Male,No,1,Graduate,No,29116.82,27968.86,164351.08,240,1,Urban,747,47,1,0.9984
APP-006440,Male,No,1,Graduate,Yes,41518.07,5086.58,112098.4,180,1,Semiurban,801,23,1,0.9985
APP-006441,Male,No,2,Graduate,No,13059.52,27914.11,243688.33,300,1,Semiurban,732,56,1,0.9721
APP-006442,Male,Yes,0,Graduate,Yes,30907.54,0.0,61762.32,360,1,Urban,694,39,1,0.9955
APP-006443,Female,Yes,3+,Not Graduate,No,31287.1,16290.81,352685.38,120,1,Urban,785,28,0,0.002
APP-006444,Female,Yes,1,Graduate,Yes,45792.9,0.0,123029.93,240,1,Semiurban,672,52,1,0.9498
APP-006445,Male,Yes,1,Graduate,No,116774.5,42868.96,500000.0,180,0,Rural,683,64,1,0.6801
APP-006446,Female,Yes,0,Graduate,No,41363.29,0.0,112711.41,180,1,Urban,826,25,1,0.9996
APP-006447,Male,Yes,3+,Graduate,Yes,13940.28,22041.33,154290.1,240,1,Semiurban,818,26,1,0.9968
APP-006448,Male,Yes,1,Graduate,No,24278.61,15848.96,135316.02,240,1,Semiurban,679,29,1,0.9476
APP-006449,Male,No,0,Graduate,No,46363.06,38938.03,233703.43,300,0,Urban,641,45,1,0.8824
APP-006450,Female,Yes,3+,Graduate,No,42241.02,0.0,87510.8,240,1,Urban,804,68,1,0.9998
APP-006451,Male,No,1,Graduate,No,98071.35,0.0,327782.67,360,1,Rural,748,25,1,0.9973
APP-006452,Male,Yes,1,Not Graduate,No,68053.03,9330.17,408520.53,180,1,Urban,707,51,0,0.5458
APP-006453,Male,Yes,0,Graduate,No,66940.77,15966.73,478755.74,360,0,Semiurban,653,34,1,0.5571
APP-006454,Female,Yes,0,Graduate,No,35616.95,34048.11,214933.69,240,0,Urban,708,62,1,0.9668
APP-006455,Male,No,0,Not Graduate,No,73461.49,18664.38,284534.33,120,1,Urban,678,56,0,0.5605
APP-006456,Male,Yes,0,Graduate,No,24519.95,14541.81,153960.57,180,1,Semiurban,624,43,0,0.3822
APP-006457,Male,No,2,Not Graduate,No,68361.28,0.0,291612.67,300,1,Semiurban,691,69,1,0.9267
APP-006458,Male,Yes,3+,Graduate,Yes,34360.73,25719.56,255753.38,360,1,Urban,703,27,1,0.9697
APP-006459,Female,No,0,Graduate,No,18098.85,0.0,63472.08,300,1,Rural,648,28,1,0.8902
APP-006460,Female,Yes,1,Graduate,No,55619.0,23842.05,287371.36,240,1,Semiurban,757,50,1,0.9971
APP-006461,Male,No,3+,Not Graduate,No,86564.84,0.0,324286.91,360,1,Urban,790,40,1,0.9992
APP-006462,Female,Yes,0,Graduate,Yes,32092.22,18588.29,72872.63,180,0,Semiurban,762,24,1,0.9941
APP-006463,Female,Yes,3+,Graduate,No,94799.46,0.0,336717.83,300,1,Semiurban,657,40,1,0.9141
APP-006464,Male,Yes,1,Graduate,Yes,16142.85,0.0,97850.05,180,1,Rural,744,27,0,0.2748
APP-006465,Male,Yes,0,Not Graduate,No,20780.36,10941.65,253147.47,360,1,Urban,687,64,1,0.7949
APP-006466,Male,No,2,Graduate,No,37023.22,27001.26,463431.56,360,0,Semiurban,575,35,0,0.02
APP-006467,Female,No,0,Graduate,No,32731.06,37671.23,312549.2,180,1,Urban,737,53,1,0.9555
APP-006468,Female,Yes,1,Graduate,No,27807.93,26787.15,136312.24,180,1,Urban,692,48,1,0.9829
APP-006469,Female,Yes,0,Graduate,No,43196.85,0.0,143927.26,360,1,Rural,850,49,1,1.0
APP-006470,Male,Yes,1,Not Graduate,No,30009.68,0.0,90803.43,300,1,Rural,804,22,1,0.9992
APP-006471,Male,Yes,1,Graduate,No,32943.98,15145.4,108743.51,300,1,Urban,740,68,1,0.9992
APP-006472,Male,Yes,1,Graduate,No,46776.39,18458.12,182008.53,300,1,Semiurban,701,39,1,0.9945
APP-006473,Male,Yes,0,Not Graduate,No,27801.76,175328.75,500000.0,180,0,Semiurban,694,28,1,0.8332
APP-006474,Female,No,2,Not Graduate,No,37861.5,0.0,86167.33,360,1,Semiurban,595,49,1,0.8076
APP-006475,Female,Yes,3+,Not Graduate,Yes,28140.17,36938.51,422144.44,180,0,Rural,532,47,0,0.0
APP-006476,Male,Yes,3+,Graduate,No,20679.72,0.0,115959.22,300,1,Urban,606,45,1,0.2875
APP-006477,Male,Yes,1,Graduate,No,61085.89,25521.9,361135.28,240,1,Semiurban,676,45,1,0.9138
APP-006478,Female,No,1,Not Graduate,No,102671.2,0.0,500000.0,240,0,Urban,501,47,0,0.0012
APP-006479,Male,Yes,3+,Graduate,No,72078.75,0.0,352628.79,360,1,Rural,634,36,1,0.7018
APP-006480,Male,Yes,0,Graduate,No,48167.69,0.0,147616.63,240,0,Semiurban,659,66,1,0.7454
APP-006481,Male,Yes,2,Not Graduate,No,28202.32,31474.42,500000.0,240,1,Semiurban,662,45,0,0.0372
APP-006482,Female,No,1,Graduate,No,34275.8,44854.95,238701.96,360,1,Urban,624,69,1,0.9425
APP-006483,Female,Yes,2,Not Graduate,No,71780.04,12168.32,168949.77,300,0,Urban,651,47,1,0.9002
APP-006484,Female,Yes,0,Not Graduate,Yes,12000.0,0.0,55008.84,360,1,Urban,827,62,1,0.9996
APP-006485,Male,No,0,Graduate,No,32866.42,13209.25,253205.58,360,1,Urban,736,55,1,0.9956
APP-006486,Female,Yes,3+,Not Graduate,No,60099.92,0.0,223667.06,300,0,Semiurban,632,50,0,0.356
APP-006487,Male,Yes,0,Not Graduate,No,21460.0,0.0,160180.31,180,0,Semiurban,674,61,0,0.0023
APP-006488,Female,Yes,3+,Not Graduate,No,50658.56,13768.21,297916.1,180,0,Urban,678,37,0,0.1129
APP-006489,Female,No,2,Graduate,No,49382.14,0.0,145518.79,240,0,Semiurban,615,27,1,0.2543
APP-006490,Male,Yes,0,Graduate,No,18035.86,28906.53,153198.06,120,1,Semiurban,615,49,0,0.1097
APP-006491,Male,No,2,Graduate,No,42101.47,0.0,191898.51,240,1,Urban,766,32,1,0.9894
APP-006492,Female,Yes,3+,Not Graduate,No,28578.36,21491.74,221329.45,180,1,Urban,644,56,0,0.2324
APP-006493,Female,No,0,Graduate,Yes,50455.86,0.0,371349.59,120,0,Semiurban,587,35,0,0.0
APP-006494,Female,No,2,Graduate,Yes,58010.76,0.0,360065.21,240,1,Rural,676,40,0,0.2451
APP-006495,Female,No,3+,Graduate,No,49981.91,0.0,105236.9,180,0,Urban,690,47,1,0.9062
APP-006496,Female,No,0,Graduate,No,41769.67,11750.61,211480.85,180,1,Semiurban,512,46,0,0.012
APP-006497,Male,Yes,3+,Not Graduate,No,47045.91,0.0,114642.93,360,1,Urban,677,56,1,0.9856
APP-006498,Female,Yes,0,Not Graduate,No,21018.62,0.0,172738.02,360,1,Urban,754,45,1,0.966
APP-006499,Female,Yes,2,Graduate,No,39461.73,0.0,108555.47,300,1,Urban,718,62,1,0.9963
APP-006500,Female,Yes,0,Graduate,No,25898.34,0.0,120918.76,360,1,Urban,850,58,1,0.9999
APP-006501,Male,Yes,1,Not Graduate,No,70781.03,0.0,220426.52,180,1,Semiurban,786,27,1,0.9933
APP-006502,Male,Yes,0,Graduate,No,58441.47,19223.05,135917.35,360,1,Semiurban,803,26,1,0.9999
APP-006503,Male,No,3+,Graduate,No,58350.36,0.0,141396.97,240,1,Semiurban,850,50,1,0.9999
APP-006504,Male,Yes,2,Graduate,No,102993.42,0.0,392459.16,240,1,Urban,744,62,1,0.9919
APP-006505,Male,Yes,2,Graduate,No,33473.6,0.0,184308.95,300,1,Urban,694,35,1,0.9051
APP-006506,Female,Yes,3+,Graduate,No,29674.58,0.0,160651.31,360,0,Urban,763,40,1,0.9799
APP-006507,Male,Yes,2,Graduate,No,33041.46,17346.2,118027.32,120,1,Urban,632,31,1,0.4835
APP-006508,Male,No,0,Graduate,No,16626.78,32654.47,241901.11,240,1,Urban,689,49,1,0.9202
APP-006509,Female,No,3+,Graduate,No,17361.83,28584.76,300330.88,360,1,Semiurban,625,45,0,0.5
APP-006510,Female,Yes,0,Graduate,No,56478.01,0.0,303252.95,300,1,Semiurban,714,22,1,0.9368
APP-006511,Male,Yes,2,Graduate,No,18632.69,0.0,67501.26,240,1,Urban,625,41,1,0.6903
APP-006512,Male,Yes,2,Graduate,No,22221.11,0.0,96803.13,120,1,Urban,622,42,0,0.0089
APP-006513,Male,Yes,1,Not Graduate,No,37951.11,0.0,173277.49,120,1,Semiurban,715,53,0,0.0939
APP-006514,Male,Yes,1,Graduate,No,31993.08,36236.83,500000.0,240,1,Rural,668,47,0,0.1946
APP-006515,Female,Yes,0,Not Graduate,No,65323.61,0.0,500000.0,240,1,Urban,516,46,0,0.0006
APP-006516,Female,Yes,1,Not Graduate,No,41491.91,0.0,236441.03,180,0,Semiurban,556,56,0,0.0004
APP-006517,Male,Yes,0,Graduate,No,25870.08,12570.37,167863.17,360,0,Urban,582,37,0,0.2712
APP-006518,Female,No,3+,Not Graduate,No,68486.93,0.0,287913.93,360,0,Urban,605,44,0,0.2297
APP-006519,Male,Yes,0,Graduate,No,59924.17,47576.08,473509.86,180,1,Urban,715,35,1,0.8899
APP-006520,Female,Yes,2,Graduate,No,18471.04,0.0,86368.8,180,1,Semiurban,699,48,0,0.6266
APP-006521,Male,No,2,Graduate,No,46108.23,5413.47,174110.89,360,1,Urban,771,46,1,0.9996
APP-006522,Female,No,1,Not Graduate,No,27084.25,12989.8,414216.51,360,1,Semiurban,744,53,1,0.8094
APP-006523,Female,Yes,1,Graduate,No,26694.4,34497.87,182663.89,360,1,Rural,771,58,1,0.9996
APP-006524,Female,No,1,Not Graduate,Yes,112221.86,0.0,500000.0,300,1,Urban,732,49,1,0.9795
APP-006525,Female,Yes,2,Not Graduate,No,42973.94,0.0,68138.66,360,1,Semiurban,698,41,1,0.9958
APP-006526,Male,Yes,0,Graduate,Yes,35609.0,0.0,134113.55,180,1,Urban,773,58,1,0.9874
APP-006527,Female,No,2,Graduate,No,42054.56,30608.44,265963.23,180,1,Semiurban,758,54,1,0.9873
APP-006528,Male,Yes,0,Graduate,No,64914.88,0.0,306739.46,120,1,Rural,712,58,0,0.0938
APP-006529,Male,Yes,2,Graduate,No,27285.69,0.0,98732.58,300,1,Urban,788,49,1,0.9994
APP-006530,Male,Yes,2,Graduate,No,29972.41,0.0,238406.18,180,0,Urban,481,44,0,0.0
APP-006531,Female,Yes,2,Graduate,No,57593.75,38866.03,368737.92,300,0,Semiurban,655,57,1,0.7387
APP-006532,Male,Yes,1,Graduate,No,17430.66,0.0,46760.96,120,1,Rural,654,59,1,0.4626
APP-006533,Female,No,2,Not Graduate,No,69211.65,0.0,191040.24,300,1,Urban,778,69,1,0.9992
APP-006534,Female,Yes,1,Not Graduate,No,16599.89,25110.01,143726.63,360,1,Urban,814,39,1,0.9999
APP-006535,Female,No,0,Graduate,No,35060.42,8235.34,255700.29,360,0,Urban,557,34,0,0.0451
APP-006536,Female,Yes,1,Graduate,Yes,16657.93,14528.72,199830.44,240,1,Semiurban,800,65,1,0.9742
APP-006537,Male,Yes,1,Graduate,No,22450.35,0.0,55716.41,120,1,Semiurban,580,26,0,0.0614
APP-006538,Male,No,0,Graduate,No,81937.89,0.0,243693.18,180,1,Semiurban,583,34,0,0.2564
APP-006539,Female,Yes,0,Not Graduate,No,71285.76,0.0,188142.74,300,0,Urban,660,61,1,0.879
APP-006540,Male,No,1,Graduate,No,75601.19,0.0,283445.59,240,1,Urban,653,28,0,0.8074
APP-006541,Female,Yes,2,Graduate,No,18088.95,0.0,118889.78,360,0,Rural,548,22,0,0.0047
APP-006542,Female,Yes,0,Graduate,No,22514.6,0.0,103679.53,360,1,Semiurban,735,42,1,0.9957
APP-006543,Male,No,3+,Graduate,No,48384.26,0.0,264208.1,180,1,Rural,738,49,0,0.6116
APP-006544,Male,Yes,0,Not Graduate,Yes,59481.74,0.0,354875.72,120,1,Semiurban,770,24,0,0.0119
APP-006545,Male,Yes,1,Not Graduate,No,25855.21,3369.46,95675.96,180,0,Semiurban,643,24,0,0.153
APP-006546,Male,No,2,Graduate,No,29190.34,0.0,69924.21,360,1,Rural,677,60,1,0.9889
APP-006547,Male,Yes,2,Graduate,No,21541.98,54628.99,249301.81,120,1,Semiurban,677,62,0,0.4074
APP-006548,Male,No,0,Graduate,No,99910.98,38178.68,500000.0,360,1,Semiurban,823,54,1,0.9999
APP-006549,Female,No,2,Graduate,No,30908.12,0.0,172830.42,240,0,Urban,439,33,0,0.0001
APP-006550,Female,Yes,2,Graduate,No,40831.57,0.0,180377.7,240,0,Urban,599,67,0,0.0646
APP-006551,Male,No,0,Graduate,No,42024.35,38857.5,500000.0,360,0,Semiurban,680,60,1,0.7523
APP-006552,Male,Yes,2,Not Graduate,No,73724.56,26398.53,455747.6,240,1,Urban,588,38,0,0.153
APP-006553,Female,No,0,Not Graduate,No,23769.14,0.0,87274.41,360,1,Urban,658,41,1,0.9581
APP-006554,Female,Yes,0,Not Graduate,Yes,76308.79,0.0,160585.57,180,0,Urban,669,34,1,0.6808
APP-006555,Female,Yes,0,Not Graduate,No,19864.78,30849.77,383102.26,360,0,Semiurban,624,47,0,0.0955
APP-006556,Female,Yes,0,Graduate,No,76202.24,29992.24,433564.98,360,1,Semiurban,685,29,1,0.9817
APP-006557,Female,Yes,0,Graduate,Yes,15624.34,16094.66,110364.12,180,1,Urban,733,56,1,0.9753
APP-006558,Female,No,0,Not Graduate,No,37891.97,0.0,154244.37,300,1,Rural,660,39,1,0.875
APP-006559,Male,No,2,Graduate,Yes,98124.31,11062.29,500000.0,300,0,Semiurban,641,66,0,0.2974
APP-006560,Female,Yes,0,Not Graduate,No,58893.79,0.0,392457.15,180,0,Urban,666,22,0,0.0032
APP-006561,Male,No,1,Graduate,No,50598.81,0.0,183447.0,300,0,Urban,679,61,1,0.8891
APP-006562,Male,No,1,Graduate,No,22547.32,43847.99,349679.05,240,0,Rural,532,68,0,0.0029
APP-006563,Female,No,3+,Graduate,No,26792.02,0.0,198401.7,360,1,Urban,719,64,1,0.9244
APP-006564,Female,No,1,Graduate,No,84071.06,0.0,419056.16,300,1,Urban,642,47,1,0.7816
APP-006565,Male,Yes,1,Graduate,No,52040.98,43655.26,430740.31,240,1,Urban,787,57,1,0.9978
APP-006566,Male,No,2,Graduate,Yes,65488.97,16545.54,136524.72,360,1,Urban,730,35,1,0.9988
APP-006567,Female,No,1,Not Graduate,No,41797.28,29843.67,500000.0,360,1,Rural,779,48,1,0.9927
APP-006568,Female,Yes,1,Graduate,No,34373.72,0.0,92254.34,180,1,Semiurban,594,46,1,0.4522
APP-006569,Female,No,2,Graduate,No,61185.4,0.0,112402.59,120,1,Urban,648,38,1,0.8165
APP-006570,Female,No,1,Not Graduate,Yes,46288.28,0.0,87615.18,180,1,Urban,574,52,0,0.3557
APP-006571,Male,Yes,1,Not Graduate,No,36553.13,0.0,106056.1,360,0,Rural,620,58,0,0.5677
APP-006572,Male,Yes,0,Graduate,No,18440.34,0.0,97829.45,240,1,Semiurban,786,56,1,0.9929
APP-006573,Female,Yes,2,Graduate,No,67822.52,12958.62,500000.0,180,1,Semiurban,806,31,1,0.8879
APP-006574,Male,Yes,1,Graduate,No,51124.26,0.0,254170.37,240,1,Urban,582,37,0,0.1124
APP-006575,Female,Yes,2,Graduate,Yes,28754.68,0.0,267677.1,240,1,Rural,641,42,0,0.0036
APP-006576,Male,Yes,0,Not Graduate,No,76771.52,0.0,272985.63,240,1,Semiurban,674,58,1,0.9152
APP-006577,Male,No,0,Graduate,No,45894.33,0.0,176251.04,240,1,Urban,730,46,1,0.9911
APP-006578,Male,Yes,2,Not Graduate,No,46391.4,0.0,85376.61,240,0,Rural,530,67,0,0.0407
APP-006579,Male,Yes,3+,Not Graduate,No,65260.52,21733.75,286211.23,240,0,Urban,544,69,0,0.0219
APP-006580,Female,Yes,2,Graduate,Yes,57976.25,0.0,98604.91,360,1,Urban,722,69,1,0.9978
APP-006581,Male,No,1,Graduate,No,47170.36,17100.48,149804.42,300,0,Urban,514,42,0,0.0877
APP-006582,Male,Yes,2,Not Graduate,Yes,36180.6,0.0,204809.1,300,0,Rural,642,53,0,0.0784
APP-006583,Female,Yes,1,Not Graduate,No,119493.26,10446.99,259275.47,180,1,Semiurban,694,53,1,0.9851
APP-006584,Female,Yes,0,Graduate,Yes,26806.76,8960.11,74614.55,360,0,Semiurban,715,30,1,0.9866
APP-006585,Male,No,1,Graduate,No,60493.1,32212.23,179183.97,180,1,Semiurban,668,67,1,0.9735
APP-006586,Male,Yes,3+,Graduate,No,38325.76,16841.78,333532.52,300,1,Rural,649,35,0,0.4941
APP-006587,Male,No,0,Graduate,No,51538.92,0.0,459364.26,360,1,Urban,752,45,1,0.962
APP-006588,Female,Yes,1,Graduate,No,79093.25,0.0,326032.57,240,1,Urban,704,56,1,0.9652
APP-006589,Female,Yes,3+,Graduate,Yes,33814.06,22920.26,369694.65,120,0,Rural,625,26,0,0.0
APP-006590,Female,Yes,0,Graduate,Yes,55882.69,0.0,141093.81,360,1,Urban,683,24,1,0.9836
APP-006591,Male,No,0,Graduate,No,46446.51,8925.82,410563.98,300,1,Urban,713,24,0,0.8203
APP-006592,Female,No,1,Graduate,No,28205.84,29808.58,179223.62,360,1,Rural,826,62,1,0.9999
APP-006593,Male,No,0,Graduate,No,80173.99,0.0,461558.88,360,1,Urban,747,44,1,0.995
APP-006594,Female,No,1,Graduate,No,59346.79,0.0,249921.73,360,1,Urban,783,49,1,0.9995
APP-006595,Male,No,0,Not Graduate,No,31602.69,16513.5,86533.58,300,1,Urban,628,68,1,0.9647
APP-006596,Male,Yes,1,Graduate,Yes,73642.43,27067.61,288277.58,240,0,Semiurban,635,60,1,0.5213
APP-006597,Female,No,3+,Graduate,No,25405.45,19626.22,207339.82,360,0,Urban,660,22,0,0.6124
APP-006598,Male,Yes,1,Graduate,No,39501.19,31186.47,131095.9,360,0,Rural,668,53,1,0.9706
APP-006599,Male,No,1,Not Graduate,No,31695.4,0.0,154411.55,120,0,Urban,594,60,0,0.0002
APP-006600,Female,Yes,3+,Graduate,No,60671.03,0.0,136748.53,300,1,Urban,788,21,1,0.9995
APP-006601,Female,Yes,0,Graduate,No,30827.86,0.0,167620.28,180,1,Rural,755,56,1,0.8343
APP-006602,Male,Yes,0,Graduate,No,60910.8,0.0,140771.96,360,1,Urban,654,47,1,0.9889
APP-006603,Male,No,2,Graduate,Yes,55656.44,30997.12,450947.18,300,1,Semiurban,735,33,1,0.9676
APP-006604,Female,No,1,Graduate,Yes,32650.42,95978.62,500000.0,240,1,Rural,699,30,1,0.9122
APP-006605,Male,Yes,0,Not Graduate,No,109792.19,30758.22,500000.0,360,1,Urban,741,29,1,0.9977
APP-006606,Male,No,2,Graduate,No,26638.72,0.0,109541.92,240,0,Semiurban,566,26,0,0.0164
APP-006607,Male,No,2,Graduate,Yes,18491.05,0.0,153819.73,240,1,Semiurban,668,35,0,0.0256
APP-006608,Male,No,0,Not Graduate,Yes,64270.4,0.0,192607.35,240,1,Semiurban,675,48,1,0.9194
APP-006609,Male,Yes,0,Graduate,No,12305.8,0.0,41250.39,180,1,Urban,733,37,1,0.9816
APP-006610,Male,Yes,2,Graduate,No,91171.65,0.0,500000.0,180,1,Urban,627,48,1,0.0487
APP-006611,Male,Yes,1,Graduate,No,42445.01,0.0,218820.54,300,0,Semiurban,468,53,0,0.0011
APP-006612,Male,No,0,Graduate,Yes,18309.19,0.0,69974.41,120,1,Urban,588,37,0,0.0059
APP-006613,Male,Yes,0,Graduate,No,23821.52,0.0,58781.52,360,1,Urban,675,44,1,0.9939
APP-006614,Male,Yes,0,Not Graduate,Yes,16338.04,11684.47,185145.17,240,1,Urban,685,37,0,0.3219
APP-006615,Female,Yes,0,Graduate,No,49542.47,32956.27,201460.28,240,1,Semiurban,823,27,1,0.9999
APP-006616,Male,Yes,1,Graduate,No,19345.15,0.0,229897.77,180,0,Rural,730,25,0,0.0
APP-006617,Male,Yes,3+,Graduate,No,52899.49,10216.32,157115.4,240,1,Semiurban,687,26,1,0.9741
APP-006618,Male,Yes,2,Graduate,No,33939.9,0.0,87990.93,300,0,Semiurban,677,67,1,0.9153
APP-006619,Female,Yes,1,Not Graduate,Yes,30901.18,0.0,153634.92,360,1,Urban,774,28,1,0.994
APP-006620,Male,Yes,2,Graduate,No,53111.05,25817.54,430801.64,180,1,Urban,630,62,1,0.0682
APP-006621,Male,Yes,1,Graduate,No,56552.87,0.0,155538.5,180,1,Urban,668,42,1,0.922
APP-006622,Female,Yes,0,Graduate,Yes,75372.03,37688.28,500000.0,180,0,Semiurban,587,35,0,0.0077
APP-006623,Male,Yes,0,Not Graduate,No,28322.79,0.0,140056.4,300,1,Semiurban,801,30,1,0.9976
APP-006624,Female,No,1,Graduate,No,39482.18,0.0,150549.46,180,1,Urban,713,62,1,0.9266
APP-006625,Female,Yes,0,Graduate,No,28298.67,0.0,143526.02,180,1,Semiurban,620,28,0,0.049
APP-006626,Male,Yes,3+,Graduate,No,43898.84,0.0,322690.06,360,1,Semiurban,670,54,1,0.6779
APP-006627,Female,Yes,0,Graduate,No,26158.79,0.0,230059.65,360,1,Semiurban,723,60,1,0.888
APP-006628,Male,Yes,2,Graduate,No,31784.91,0.0,147788.2,240,1,Rural,659,29,1,0.5489
APP-006629,Female,Yes,0,Graduate,No,31874.12,0.0,76589.33,300,0,Urban,635,48,1,0.8604
APP-006630,Female,No,1,Graduate,No,47162.22,0.0,114122.19,360,1,Semiurban,624,31,1,0.9314
APP-006631,Female,Yes,2,Graduate,No,40200.12,12160.64,118089.46,120,1,Urban,709,45,1,0.9601
APP-006632,Female,Yes,2,Graduate,No,53022.2,37759.99,289842.49,300,0,Urban,650,39,1,0.8148
APP-006633,Female,Yes,0,Graduate,Yes,37841.13,50996.57,385220.22,240,1,Urban,641,54,1,0.6819
APP-006634,Male,Yes,1,Graduate,No,29177.0,13886.48,202137.36,240,0,Urban,566,52,0,0.031
APP-006635,Male,Yes,1,Not Graduate,No,44587.36,22195.45,472693.31,240,0,Urban,687,35,0,0.0822
APP-006636,Male,No,0,Graduate,No,24234.9,0.0,40641.5,360,1,Rural,665,46,1,0.9931
APP-006637,Male,Yes,2,Graduate,No,54887.27,46406.55,429741.34,240,1,Semiurban,653,56,1,0.7882
APP-006638,Female,Yes,1,Not Graduate,Yes,34303.21,56964.46,478741.82,360,0,Semiurban,697,60,1,0.7589
APP-006639,Female,Yes,1,Graduate,Yes,44913.14,18261.38,76119.35,240,1,Semiurban,744,40,1,0.9993
APP-006640,Female,No,0,Not Graduate,No,45297.78,3809.66,256751.18,300,1,Rural,740,23,0,0.9703
APP-006641,Male,No,1,Graduate,No,96843.35,48614.67,500000.0,360,1,Urban,727,55,1,0.9983
APP-006642,Male,Yes,1,Not Graduate,No,49507.08,0.0,298905.82,240,1,Urban,660,27,0,0.222
APP-006643,Female,Yes,0,Graduate,No,41784.07,25068.62,327353.23,300,1,Semiurban,632,60,1,0.7746
APP-006644,Female,Yes,2,Graduate,No,27424.61,0.0,103370.6,300,1,Rural,591,52,0,0.5004
APP-006645,Male,Yes,0,Graduate,No,62399.46,0.0,295394.82,360,1,Urban,630,60,1,0.8671
APP-006646,Female,Yes,1,Graduate,No,34592.32,0.0,294518.22,300,1,Semiurban,682,55,0,0.374
APP-006647,Female,Yes,0,Graduate,No,17343.72,0.0,63256.37,300,1,Urban,613,48,0,0.8292
APP-006648,Male,Yes,1,Graduate,No,36051.42,0.0,262974.35,360,1,Rural,688,31,1,0.7773
APP-006649,Female,Yes,3+,Graduate,Yes,44592.43,0.0,234257.26,360,0,Semiurban,598,68,0,0.0606
APP-006650,Male,Yes,1,Graduate,Yes,25586.54,0.0,226791.72,360,0,Rural,539,64,0,0.0008
APP-006651,Male,Yes,3+,Graduate,No,37609.08,31009.08,477531.18,180,1,Urban,750,34,1,0.2935
APP-006652,Male,Yes,2,Graduate,No,38587.53,0.0,179149.55,300,1,Urban,640,55,1,0.7902
APP-006653,Female,Yes,3+,Graduate,No,38919.5,0.0,175523.83,240,1,Semiurban,609,45,0,0.2637
APP-006654,Female,Yes,2,Graduate,Yes,79146.28,13592.11,343370.53,240,1,Rural,587,29,0,0.1632
APP-006655,Female,Yes,2,Not Graduate,No,19509.23,57047.12,500000.0,300,1,Semiurban,716,50,1,0.8864
APP-006656,Female,Yes,0,Graduate,No,122834.27,27634.66,491844.47,180,1,Urban,797,55,1,0.9989
APP-006657,Male,Yes,2,Graduate,No,39416.53,0.0,176862.23,300,0,Urban,646,66,1,0.4739
APP-006658,Male,No,0,Graduate,No,55221.97,13618.51,269011.45,240,1,Semiurban,662,32,1,0.8826
APP-006659,Female,No,2,Graduate,No,43058.29,35460.12,183054.12,360,1,Urban,771,55,1,0.9998
APP-006660,Male,Yes,1,Graduate,No,15532.46,0.0,73120.99,240,1,Urban,526,29,0,0.0175
APP-006661,Male,Yes,0,Graduate,No,22446.33,0.0,48169.37,120,1,Semiurban,847,29,1,0.9996
APP-006662,Female,No,3+,Graduate,No,30080.98,0.0,104815.49,300,1,Semiurban,850,66,1,0.9999
APP-006663,Female,Yes,2,Graduate,No,69323.96,18754.56,500000.0,360,0,Semiurban,450,66,0,0.0008
APP-006664,Female,Yes,2,Graduate,Yes,18743.89,17307.61,165828.88,300,1,Rural,672,24,1,0.7619
APP-006665,Female,No,2,Not Graduate,No,25067.92,31292.62,257391.41,360,1,Urban,619,47,1,0.7576
APP-006666,Male,No,3+,Graduate,Yes,43943.85,20731.55,186841.08,360,1,Semiurban,657,34,1,0.947
APP-006667,Male,Yes,2,Graduate,Yes,52055.78,4967.52,389728.47,120,1,Rural,644,40,0,0.0
APP-006668,Male,Yes,1,Graduate,No,51200.09,0.0,146492.19,120,1,Urban,749,37,1,0.9538
APP-006669,Male,No,0,Not Graduate,No,23360.39,0.0,136852.2,180,1,Urban,670,55,0,0.1115
APP-006670,Male,Yes,2,Graduate,No,16665.65,0.0,127464.23,180,1,Urban,603,51,0,0.001
APP-006671,Male,Yes,1,Graduate,No,53986.15,0.0,115582.04,300,1,Semiurban,665,28,1,0.9787
APP-006672,Female,Yes,1,Graduate,No,88275.52,0.0,313420.74,180,1,Rural,724,66,1,0.9457
APP-006673,Female,Yes,1,Graduate,No,33192.66,0.0,113073.98,240,1,Semiurban,579,57,0,0.3694
APP-006674,Male,No,2,Graduate,No,21384.52,17955.79,189625.41,240,0,Semiurban,540,40,0,0.0067
APP-006675,Male,No,0,Not Graduate,No,31683.96,0.0,88346.38,300,1,Semiurban,849,39,1,0.9999
APP-006676,Female,No,0,Graduate,No,49848.04,13526.5,159912.18,360,1,Semiurban,625,54,1,0.9686
APP-006677,Male,No,0,Graduate,No,35304.7,29487.27,269633.89,300,0,Rural,668,61,1,0.7968
APP-006678,Female,No,2,Graduate,No,87025.5,0.0,288211.75,240,0,Urban,646,39,0,0.5578
APP-006679,Male,Yes,1,Graduate,No,66751.62,0.0,266479.32,240,1,Rural,727,56,1,0.9806
APP-006680,Male,Yes,1,Graduate,Yes,44417.37,0.0,282971.1,120,1,Semiurban,831,62,0,0.0938
APP-006681,Female,Yes,1,Not Graduate,No,13699.61,11947.07,52803.92,240,1,Rural,729,29,1,0.9958
APP-006682,Female,Yes,2,Not Graduate,No,27426.23,30735.25,235574.14,300,1,Urban,551,61,0,0.1783
APP-006683,Male,Yes,1,Graduate,No,29690.66,0.0,97017.85,360,0,Urban,562,63,1,0.2117
APP-006684,Female,No,3+,Not Graduate,No,26618.49,18482.19,194327.5,240,1,Urban,646,54,1,0.6407
APP-006685,Male,Yes,1,Graduate,No,44576.04,11301.82,182913.71,180,0,Urban,657,64,0,0.4963
APP-006686,Male,No,1,Not Graduate,Yes,45084.47,0.0,113007.67,120,0,Rural,534,36,0,0.0011
APP-006687,Male,Yes,0,Graduate,Yes,15982.65,21577.69,191105.26,300,1,Semiurban,750,60,0,0.9904
APP-006688,Male,Yes,1,Not Graduate,No,62475.45,0.0,500000.0,360,1,Semiurban,588,28,0,0.0391
APP-006689,Male,Yes,0,Not Graduate,No,40492.34,0.0,164984.17,240,1,Semiurban,807,66,1,0.9983
APP-006690,Female,Yes,1,Graduate,No,48859.43,31801.2,248015.05,240,1,Urban,835,39,1,0.9999
APP-006691,Male,Yes,0,Graduate,No,60455.0,0.0,185632.13,120,1,Urban,659,38,0,0.4036
APP-006692,Male,Yes,0,Graduate,No,26322.17,42498.22,446804.25,300,1,Urban,717,47,1,0.9575
APP-006693,Male,No,3+,Graduate,Yes,80209.57,49308.52,372109.73,180,0,Rural,575,40,0,0.0257
APP-006694,Female,No,0,Graduate,No,37123.8,0.0,284033.32,120,1,Urban,733,38,0,0.0005
APP-006695,Male,No,2,Graduate,No,92217.11,7516.99,203557.16,300,1,Urban,638,22,1,0.9523
APP-006696,Female,Yes,2,Graduate,No,24546.81,0.0,114106.14,180,0,Rural,588,34,0,0.0046
APP-006697,Male,Yes,0,Graduate,No,88524.59,0.0,500000.0,180,1,Rural,655,69,0,0.0783
APP-006698,Female,Yes,0,Graduate,No,24411.48,0.0,146665.68,180,1,Semiurban,640,33,0,0.0323
APP-006699,Male,No,2,Graduate,Yes,163052.86,16114.56,500000.0,180,0,Urban,652,63,0,0.4345
APP-006700,Male,Yes,0,Graduate,No,23777.41,17124.51,196544.45,300,1,Urban,761,53,1,0.9978
APP-006701,Female,No,0,Not Graduate,Yes,71762.88,0.0,500000.0,240,0,Urban,613,50,0,0.0046
APP-006702,Female,No,1,Graduate,Yes,32882.08,0.0,89746.76,300,1,Rural,827,62,1,0.9998
APP-006703,Female,Yes,1,Not Graduate,No,59472.08,21956.96,259789.37,300,0,Rural,567,66,0,0.1085
APP-006704,Male,Yes,0,Not Graduate,No,39250.18,35629.87,266271.94,240,1,Semiurban,817,45,1,0.9996
APP-006705,Male,No,0,Not Graduate,No,22022.57,0.0,183030.04,180,0,Rural,594,63,0,0.0
APP-006706,Male,Yes,1,Graduate,No,12000.0,0.0,63098.43,300,0,Semiurban,680,56,1,0.6423
APP-006707,Male,No,3+,Graduate,Yes,159399.8,0.0,500000.0,300,1,Urban,638,32,0,0.8057
APP-006708,Male,Yes,3+,Graduate,No,41779.59,0.0,164319.92,360,1,Semiurban,651,31,1,0.8933
APP-006709,Male,No,2,Graduate,Yes,12000.0,0.0,73882.06,300,1,Rural,748,30,1,0.9229
APP-006710,Male,Yes,0,Not Graduate,No,47402.71,13767.68,129704.36,360,1,Rural,807,26,1,0.9999
APP-006711,Female,No,0,Graduate,No,58645.88,66560.67,444058.37,300,1,Urban,781,26,1,0.9993
APP-006712,Female,Yes,3+,Graduate,No,27084.19,0.0,104702.95,360,1,Rural,646,35,1,0.8787
APP-006713,Female,Yes,2,Graduate,No,27184.58,34971.51,214048.78,300,1,Semiurban,696,65,1,0.9863
APP-006714,Male,Yes,0,Graduate,No,39699.23,0.0,146461.28,360,1,Semiurban,614,28,1,0.8041
APP-006715,Male,Yes,1,Graduate,No,77763.45,18209.69,500000.0,360,0,Semiurban,596,52,0,0.2175
APP-006716,Male,No,1,Graduate,No,42403.16,0.0,201237.29,240,1,Urban,583,26,0,0.1007
APP-006717,Female,No,1,Graduate,No,89749.16,0.0,500000.0,360,1,Semiurban,643,51,1,0.8056
APP-006718,Female,No,1,Not Graduate,Yes,74769.89,0.0,124659.97,180,1,Semiurban,701,49,1,0.9821
APP-006719,Female,No,3+,Not Graduate,No,35389.43,0.0,294749.24,360,0,Rural,517,47,0,0.0005
APP-006720,Female,Yes,0,Graduate,No,16919.33,63990.63,257485.42,240,1,Rural,676,30,1,0.9553
APP-006721,Female,No,3+,Graduate,Yes,35430.6,0.0,273080.22,240,1,Urban,809,23,1,0.8208
APP-006722,Male,Yes,0,Graduate,No,53613.99,0.0,189410.46,120,1,Urban,775,51,1,0.9471
APP-006723,Male,Yes,1,Not Graduate,No,41478.95,0.0,208819.75,360,1,Urban,630,25,1,0.6118
APP-006724,Female,Yes,1,Not Graduate,No,56893.35,22993.94,209778.29,360,1,Urban,561,51,0,0.6619
APP-006725,Female,Yes,2,Graduate,No,64529.71,42832.77,264793.56,240,1,Semiurban,719,68,1,0.9951
APP-006726,Male,Yes,0,Graduate,No,53743.19,32682.14,478563.65,180,0,Semiurban,483,21,0,0.0
APP-006727,Female,No,0,Graduate,No,34494.99,17244.79,66513.33,300,1,Urban,774,61,1,0.9999
APP-006728,Male,Yes,2,Graduate,No,53419.76,22353.31,186963.69,240,1,Urban,662,65,1,0.9729
APP-006729,Female,Yes,0,Graduate,No,137244.09,0.0,500000.0,360,1,Semiurban,836,48,1,0.9999
APP-006730,Female,No,0,Graduate,No,17686.66,15732.59,118233.79,240,0,Rural,533,25,0,0.015
APP-006731,Female,Yes,0,Not Graduate,No,52470.59,0.0,150394.67,300,1,Rural,758,48,1,0.9986
APP-006732,Female,Yes,1,Graduate,No,109930.3,11179.59,500000.0,120,1,Urban,671,23,0,0.0644
APP-006733,Male,No,1,Graduate,No,21035.68,32348.72,500000.0,360,0,Semiurban,652,47,0,0.0929
APP-006734,Female,Yes,1,Graduate,No,69605.93,0.0,296793.82,300,0,Rural,564,64,0,0.0507
APP-006735,Male,No,0,Graduate,Yes,74913.88,0.0,500000.0,360,1,Rural,731,37,1,0.9516
APP-006736,Female,No,2,Graduate,Yes,17813.91,0.0,150301.87,240,1,Rural,737,31,0,0.1662
APP-006737,Female,Yes,0,Graduate,No,59385.12,26720.8,364394.25,300,1,Rural,832,54,1,0.9998
APP-006738,Female,No,3+,Graduate,Yes,34571.2,0.0,117041.07,120,1,Semiurban,766,46,1,0.8196
APP-006739,Male,Yes,0,Graduate,Yes,38822.48,81164.97,500000.0,360,1,Rural,630,34,1,0.8039
APP-006740,Male,Yes,1,Graduate,No,33566.2,0.0,74365.65,180,0,Rural,595,48,1,0.2273
APP-006741,Male,Yes,2,Not Graduate,Yes,82617.68,0.0,454773.46,240,0,Semiurban,564,33,0,0.0016
APP-006742,Male,No,1,Graduate,Yes,37734.63,0.0,138701.97,300,1,Urban,805,25,1,0.999
APP-006743,Female,Yes,2,Not Graduate,No,31106.67,62882.04,410999.5,180,1,Urban,614,23,0,0.0613
APP-006744,Male,No,2,Not Graduate,No,31397.81,0.0,136406.87,360,1,Semiurban,806,28,1,0.999
APP-006745,Female,Yes,1,Graduate,No,33271.47,112790.35,425236.13,360,1,Semiurban,725,69,1,0.998
APP-006746,Female,Yes,0,Graduate,No,22164.68,24874.64,197327.55,300,1,Semiurban,708,39,1,0.9883
APP-006747,Female,No,1,Graduate,No,30956.13,15421.15,107241.39,300,0,Urban,654,34,1,0.9182
APP-006748,Female,No,2,Not Graduate,No,42818.19,0.0,146921.75,180,1,Urban,736,43,1,0.964
APP-006749,Male,No,2,Graduate,No,50131.75,0.0,129497.35,240,1,Rural,679,49,1,0.9724
APP-006750,Female,No,1,Not Graduate,No,77825.27,0.0,223626.95,360,0,Urban,649,51,1,0.8457
APP-006751,Female,No,0,Not Graduate,No,45822.86,0.0,70729.97,180,1,Rural,739,44,1,0.9978
APP-006752,Female,Yes,0,Not Graduate,No,30916.39,50861.64,287391.09,360,1,Semiurban,668,59,1,0.977
APP-006753,Male,Yes,0,Not Graduate,No,23015.61,0.0,122078.76,240,1,Urban,612,61,0,0.1799
APP-006754,Male,Yes,2,Not Graduate,No,47191.44,16885.65,295921.46,120,1,Semiurban,731,46,0,0.1517
APP-006755,Male,Yes,2,Not Graduate,Yes,37625.83,0.0,261241.92,240,1,Rural,675,61,0,0.0869
APP-006756,Male,No,1,Graduate,No,38316.1,0.0,106394.52,300,1,Semiurban,722,29,1,0.9952
APP-006757,Male,No,2,Graduate,No,46369.22,7091.79,183743.31,360,0,Rural,641,64,1,0.7506
APP-006758,Female,Yes,1,Graduate,No,53405.23,0.0,343993.3,360,1,Rural,577,53,0,0.1574
APP-006759,Male,No,1,Graduate,No,46553.36,0.0,190877.7,300,1,Rural,827,64,1,0.9997
APP-006760,Male,Yes,2,Graduate,No,36541.91,30161.63,309051.52,360,1,Semiurban,811,46,1,0.9997
APP-006761,Female,No,1,Not Graduate,No,25828.66,0.0,285107.37,240,1,Urban,755,32,0,0.0458
APP-006762,Female,No,0,Not Graduate,No,28651.71,0.0,108942.53,240,1,Rural,647,47,1,0.7368
APP-006763,Male,Yes,1,Graduate,No,63993.89,0.0,219406.09,360,1,Semiurban,654,52,1,0.9656
APP-006764,Female,Yes,0,Not Graduate,No,31793.83,0.0,86698.27,300,1,Urban,797,58,1,0.9998
APP-006765,Female,Yes,0,Graduate,Yes,19142.7,0.0,71648.73,180,1,Rural,650,36,0,0.3814
APP-006766,Male,Yes,1,Graduate,Yes,75945.11,26807.07,500000.0,360,1,Semiurban,626,65,1,0.7033
APP-006767,Female,Yes,0,Not Graduate,No,23901.39,0.0,131900.35,240,1,Semiurban,839,54,1,0.9978
APP-006768,Male,Yes,0,Not Graduate,No,40920.48,0.0,332383.31,300,1,Semiurban,676,38,0,0.3055
APP-006769,Male,No,1,Not Graduate,No,52582.56,0.0,263687.21,360,0,Rural,830,45,1,0.9979
APP-006770,Male,Yes,0,Graduate,Yes,40205.94,33676.13,114903.79,240,1,Urban,561,53,0,0.7128
APP-006771,Female,Yes,3+,Graduate,No,12000.0,0.0,67897.19,360,1,Urban,724,31,1,0.9753
APP-006772,Female,Yes,1,Graduate,No,49750.13,0.0,222277.8,360,1,Semiurban,850,59,1,0.9999
APP-006773,Male,Yes,1,Graduate,No,83245.95,0.0,355160.32,240,1,Urban,683,21,1,0.8317
APP-006774,Male,No,1,Not Graduate,No,61857.75,0.0,456250.04,180,0,Rural,658,33,0,0.0008
APP-006775,Female,No,2,Not Graduate,No,12479.01,0.0,47020.55,360,0,Rural,581,66,0,0.1141
APP-006776,Female,Yes,2,Not Graduate,No,129312.13,0.0,500000.0,240,1,Rural,772,49,1,0.9935
APP-006777,Male,No,2,Graduate,No,19356.46,0.0,50830.27,240,0,Semiurban,615,35,0,0.3927
APP-006778,Female,No,0,Graduate,No,22178.29,0.0,47745.94,120,1,Rural,672,66,1,0.8402
APP-006779,Female,Yes,1,Not Graduate,No,61699.6,26379.89,286797.92,180,0,Urban,575,33,0,0.029
APP-006780,Female,Yes,1,Not Graduate,Yes,51485.88,0.0,190595.17,300,1,Semiurban,812,57,1,0.9992
APP-006781,Female,Yes,0,Graduate,No,41947.93,0.0,228844.64,360,1,Rural,778,54,1,0.9982
APP-006782,Male,Yes,0,Graduate,No,29343.51,0.0,76341.59,300,1,Urban,677,22,1,0.9811
APP-006783,Female,No,0,Not Graduate,No,83447.35,0.0,500000.0,240,0,Rural,582,48,0,0.0055
APP-006784,Female,Yes,0,Graduate,No,39276.07,0.0,108429.11,360,1,Semiurban,811,41,1,0.9999
APP-006785,Female,Yes,1,Graduate,No,16963.18,0.0,69504.15,240,1,Urban,649,48,0,0.8042
APP-006786,Female,Yes,2,Graduate,No,79044.4,0.0,338743.53,180,1,Urban,586,37,0,0.0523
APP-006787,Male,Yes,2,Not Graduate,No,45279.37,0.0,220856.87,360,1,Urban,530,60,0,0.0714
APP-006788,Male,Yes,0,Graduate,No,74106.14,0.0,386972.09,240,0,Semiurban,625,64,0,0.0848
APP-006789,Male,No,2,Graduate,No,54989.73,0.0,500000.0,240,1,Rural,556,42,0,0.0004
APP-006790,Female,Yes,0,Graduate,No,149550.96,0.0,486118.08,360,0,Rural,627,42,0,0.7012
APP-006791,Male,Yes,0,Graduate,No,33843.98,0.0,166083.9,240,1,Rural,743,37,1,0.9711
APP-006792,Female,No,0,Graduate,No,40491.66,0.0,166250.98,300,0,Rural,648,26,1,0.4734
APP-006793,Male,Yes,0,Graduate,Yes,59629.57,0.0,395623.84,360,1,Semiurban,710,54,1,0.9312
APP-006794,Male,Yes,2,Not Graduate,No,33959.17,0.0,177177.5,240,1,Urban,619,53,0,0.1884
APP-006795,Female,No,1,Not Graduate,No,62408.12,20842.6,391799.41,360,0,Semiurban,686,58,0,0.8543
APP-006796,Female,Yes,0,Not Graduate,No,12000.0,0.0,26119.68,180,1,Urban,843,67,1,0.9999
APP-006797,Female,No,2,Not Graduate,No,38559.94,0.0,134062.65,360,1,Rural,650,31,1,0.8801
APP-006798,Male,Yes,1,Graduate,No,37924.56,5277.79,118680.44,240,1,Semiurban,713,49,1,0.9946
APP-006799,Female,Yes,3+,Graduate,No,37176.48,0.0,129599.04,300,0,Rural,547,39,0,0.0379
APP-006800,Male,Yes,2,Graduate,No,24777.47,0.0,72841.32,300,1,Rural,809,27,1,0.9996
APP-006801,Female,No,3+,Graduate,No,66063.23,19625.36,289321.17,180,0,Urban,639,62,0,0.2468
APP-006802,Male,No,2,Graduate,No,30410.87,0.0,107754.26,180,1,Urban,769,63,1,0.9909
APP-006803,Male,No,2,Graduate,No,44808.4,24485.53,247463.52,360,1,Urban,670,30,1,0.9757
APP-006804,Male,Yes,1,Graduate,No,39322.81,0.0,146847.4,360,1,Semiurban,732,34,1,0.9963
APP-006805,Male,No,0,Graduate,Yes,52849.33,0.0,148386.87,180,1,Urban,737,49,1,0.9888
APP-006806,Male,Yes,1,Graduate,No,88170.56,0.0,382197.26,360,1,Urban,642,31,1,0.8891
APP-006807,Male,Yes,1,Graduate,Yes,44681.16,51855.85,274260.39,240,1,Semiurban,773,40,1,0.9985
APP-006808,Female,No,0,Graduate,Yes,63752.8,0.0,207582.44,300,1,Semiurban,615,62,1,0.7504
APP-006809,Male,No,0,Graduate,Yes,43463.58,0.0,181152.38,300,1,Urban,746,62,1,0.9942
APP-006810,Male,Yes,0,Graduate,No,30384.73,19489.71,66539.51,360,1,Semiurban,647,57,1,0.9935
APP-006811,Female,No,1,Not Graduate,No,37128.62,8855.99,500000.0,300,1,Semiurban,710,51,1,0.157
APP-006812,Female,No,1,Not Graduate,Yes,34339.5,0.0,185385.92,180,1,Semiurban,641,63,0,0.0285
APP-006813,Female,No,0,Graduate,No,54857.22,0.0,270063.95,240,0,Semiurban,684,60,1,0.5242
APP-006814,Female,Yes,0,Graduate,No,42559.51,28578.66,239797.81,240,1,Rural,589,53,0,0.5524
APP-006815,Male,No,0,Graduate,No,25929.96,32512.38,259908.06,300,1,Urban,701,24,1,0.9741
APP-006816,Female,No,0,Graduate,No,35522.47,16939.44,129754.04,180,1,Semiurban,684,55,1,0.9778
APP-006817,Female,No,1,Graduate,No,17339.56,59632.73,409136.14,240,1,Rural,634,54,1,0.3873
APP-006818,Female,Yes,0,Graduate,No,36259.92,24462.07,121340.57,120,0,Urban,675,38,1,0.7617
APP-006819,Male,Yes,1,Graduate,No,40163.67,0.0,96733.81,240,1,Urban,691,63,1,0.99
APP-006820,Male,No,0,Graduate,No,108515.31,0.0,336104.59,300,1,Semiurban,628,28,1,0.8684
APP-006821,Female,Yes,1,Not Graduate,Yes,84258.83,45712.79,500000.0,360,0,Semiurban,669,61,1,0.7572
APP-006822,Male,No,0,Graduate,Yes,22725.86,25910.3,126283.1,180,1,Rural,595,25,0,0.2863
APP-006823,Male,Yes,1,Graduate,No,44845.26,23130.99,336741.39,120,1,Rural,850,21,0,0.8061
APP-006824,Female,No,0,Not Graduate,No,45280.0,0.0,76294.89,240,1,Urban,770,32,1,0.9995
APP-006825,Female,No,2,Graduate,No,35357.28,0.0,152424.31,300,1,Urban,703,38,1,0.9753
APP-006826,Male,Yes,3+,Graduate,No,36618.96,20578.24,500000.0,300,1,Urban,780,26,1,0.9094
APP-006827,Male,No,1,Graduate,Yes,33035.16,0.0,176388.01,240,1,Semiurban,512,57,0,0.0038
APP-006828,Male,Yes,0,Not Graduate,No,112419.16,30464.82,239641.34,120,0,Urban,463,61,0,0.0025
APP-006829,Female,Yes,0,Not Graduate,Yes,31923.53,29421.51,266691.75,360,1,Urban,646,51,0,0.8837
APP-006830,Male,Yes,0,Graduate,No,48412.6,0.0,167494.9,300,1,Rural,563,47,1,0.4057
APP-006831,Female,Yes,0,Not Graduate,No,12000.0,0.0,88834.59,360,1,Semiurban,660,60,0,0.5955
APP-006832,Male,No,1,Graduate,No,63130.71,0.0,257271.06,240,1,Urban,697,44,0,0.9565
APP-006833,Female,Yes,1,Graduate,No,76983.02,29555.38,237566.77,360,1,Urban,758,68,1,0.9997
APP-006834,Male,Yes,1,Graduate,No,22502.54,0.0,90222.3,360,0,Urban,583,39,0,0.2442
APP-006835,Male,No,0,Not Graduate,No,30286.65,47312.42,241838.81,180,1,Urban,714,30,1,0.9632
APP-006836,Female,Yes,0,Graduate,No,51448.0,35143.99,139646.08,120,0,Urban,681,57,1,0.912
APP-006837,Male,Yes,0,Graduate,No,40566.72,0.0,159898.21,180,1,Urban,710,39,1,0.9151
APP-006838,Male,Yes,1,Graduate,No,51870.38,0.0,221573.39,360,1,Semiurban,636,23,1,0.7956
APP-006839,Male,Yes,0,Graduate,No,34269.72,0.0,173444.91,240,1,Semiurban,798,58,1,0.9963
APP-006840,Male,No,3+,Graduate,Yes,111836.8,0.0,500000.0,240,0,Semiurban,671,26,0,0.1751
APP-006841,Female,No,0,Graduate,No,27768.09,0.0,104329.19,300,1,Semiurban,831,41,1,0.9999
APP-006842,Male,Yes,1,Graduate,No,176374.72,0.0,382618.67,300,0,Semiurban,613,67,0,0.6597
APP-006843,Female,No,3+,Graduate,No,79463.9,21274.28,294716.96,240,1,Semiurban,743,52,1,0.9968
APP-006844,Female,Yes,3+,Graduate,No,63428.17,27987.02,386462.25,240,1,Urban,675,27,1,0.8315
APP-006845,Male,Yes,0,Graduate,No,22645.97,56421.47,500000.0,240,0,Urban,652,46,0,0.1199
APP-006846,Male,Yes,1,Graduate,No,66192.69,0.0,282689.42,180,1,Semiurban,734,31,1,0.8944
APP-006847,Female,Yes,2,Not Graduate,No,55947.34,11188.61,269678.41,180,0,Urban,655,39,0,0.1443
APP-006848,Female,No,0,Graduate,No,12509.13,9001.85,82449.11,360,0,Urban,454,27,0,0.0042
APP-006849,Female,Yes,1,Graduate,Yes,18536.0,0.0,78730.43,360,0,Urban,420,42,0,0.0005
APP-006850,Female,Yes,3+,Graduate,Yes,48859.07,49055.72,500000.0,360,1,Urban,788,27,1,0.9972
APP-006851,Male,Yes,3+,Not Graduate,No,37297.63,8987.68,189968.13,240,1,Rural,785,51,1,0.9953
APP-006852,Female,Yes,3+,Not Graduate,No,30210.26,21463.64,195652.53,180,1,Semiurban,840,56,1,0.9984
APP-006853,Male,No,1,Not Graduate,No,72650.97,0.0,315098.64,300,1,Urban,679,66,1,0.9254
APP-006854,Female,Yes,1,Graduate,No,24684.27,20719.22,142769.89,180,1,Semiurban,570,60,0,0.1935
APP-006855,Male,No,0,Graduate,No,31245.09,0.0,65975.34,360,0,Urban,644,52,1,0.9369
APP-006856,Male,No,2,Graduate,No,28117.11,0.0,54782.84,360,0,Rural,681,50,0,0.9679
APP-006857,Male,Yes,2,Graduate,No,53135.1,0.0,163332.16,360,0,Rural,594,21,0,0.2128
APP-006858,Female,Yes,1,Graduate,No,15588.64,0.0,113080.03,360,1,Semiurban,820,40,1,0.9983
APP-006859,Female,Yes,2,Graduate,No,30524.36,0.0,220019.56,240,1,Urban,850,61,1,0.9929
APP-006860,Male,Yes,0,Not Graduate,No,15560.32,0.0,40146.32,240,1,Rural,721,32,1,0.9902
APP-006861,Female,Yes,2,Graduate,No,33789.94,0.0,134154.4,360,0,Urban,679,63,1,0.8943
APP-006862,Male,No,1,Graduate,No,59735.21,26553.56,390289.14,300,1,Urban,570,26,1,0.2413
APP-006863,Female,Yes,0,Graduate,No,60324.47,15834.28,234299.83,360,1,Semiurban,811,37,1,0.9999
APP-006864,Male,Yes,0,Graduate,No,26898.37,18292.9,347169.32,240,0,Semiurban,686,51,0,0.0821
APP-006865,Male,Yes,2,Graduate,No,53816.05,0.0,323269.03,300,1,Urban,655,69,1,0.6061
APP-006866,Male,No,2,Graduate,No,36248.75,43610.19,400473.74,240,1,Semiurban,721,55,1,0.9477
APP-006867,Male,No,0,Graduate,Yes,84846.31,0.0,373035.13,180,0,Rural,630,43,0,0.0275
APP-006868,Female,Yes,0,Graduate,No,37366.15,0.0,78838.77,300,1,Rural,692,65,1,0.9944
APP-006869,Female,Yes,0,Graduate,No,12000.0,0.0,94211.52,180,0,Urban,557,66,0,0.0
APP-006870,Female,No,3+,Not Graduate,No,65648.8,0.0,363416.79,240,1,Urban,772,47,1,0.9678
APP-006871,Male,Yes,0,Graduate,No,31178.86,23448.33,279974.5,300,1,Rural,671,21,1,0.8149
APP-006872,Male,No,1,Not Graduate,Yes,34516.41,0.0,105568.15,180,1,Semiurban,778,35,1,0.989
APP-006873,Male,Yes,0,Graduate,Yes,48279.29,24826.97,232494.8,360,0,Rural,663,45,1,0.8719
APP-006874,Female,Yes,0,Graduate,No,18332.13,0.0,97631.94,180,1,Urban,668,32,1,0.2181
APP-006875,Male,No,3+,Graduate,Yes,41817.05,0.0,292747.92,360,1,Urban,577,29,0,0.0412
APP-006876,Female,Yes,1,Not Graduate,No,53850.84,0.0,498895.61,120,1,Urban,745,52,0,0.0
APP-006877,Male,Yes,2,Graduate,No,49032.34,0.0,150139.6,300,0,Urban,606,30,1,0.3687
APP-006878,Female,No,3+,Graduate,No,28870.85,19289.62,191147.32,240,1,Rural,639,21,0,0.4881
APP-006879,Female,Yes,3+,Graduate,No,69255.83,0.0,115048.96,360,1,Urban,680,41,1,0.9948
APP-006880,Male,Yes,3+,Not Graduate,No,23187.7,0.0,32658.86,300,1,Rural,690,52,1,0.9925
APP-006881,Female,Yes,3+,Graduate,No,28451.7,81050.06,500000.0,240,1,Semiurban,535,44,0,0.0319
APP-006882,Male,No,1,Graduate,No,37242.25,0.0,108143.33,300,1,Semiurban,660,67,1,0.9642
APP-006883,Male,Yes,2,Not Graduate,No,47216.92,0.0,82830.79,240,1,Semiurban,748,63,1,0.9985
APP-006884,Female,Yes,2,Graduate,No,33573.8,0.0,84809.95,240,1,Semiurban,648,67,1,0.9223
APP-006885,Female,No,3+,Not Graduate,No,78883.14,0.0,392383.19,240,1,Urban,661,67,0,0.4729
APP-006886,Male,Yes,3+,Graduate,No,47212.19,20872.76,344989.97,360,1,Rural,694,48,1,0.9664
APP-006887,Male,Yes,1,Not Graduate,No,41840.16,28138.02,142796.25,300,1,Urban,669,63,1,0.989
APP-006888,Male,No,0,Graduate,No,46308.23,0.0,344367.1,360,1,Urban,592,43,0,0.1991
APP-006889,Male,Yes,3+,Graduate,Yes,60059.94,13997.59,230852.2,120,1,Semiurban,677,26,0,0.2109
APP-006890,Male,Yes,1,Graduate,No,45817.72,13910.34,288158.7,180,1,Urban,764,34,1,0.9531
APP-006891,Female,Yes,3+,Graduate,No,14835.31,0.0,64324.64,240,0,Urban,591,45,0,0.0533
APP-006892,Female,No,1,Not Graduate,No,73074.14,0.0,309907.39,300,1,Semiurban,648,35,1,0.7757
APP-006893,Female,Yes,1,Graduate,Yes,42865.45,0.0,119874.32,180,1,Rural,563,38,0,0.0882
APP-006894,Female,No,2,Graduate,No,58493.39,0.0,246650.15,240,1,Semiurban,760,36,1,0.9902
APP-006895,Female,No,0,Graduate,No,32103.84,0.0,154499.68,360,1,Semiurban,672,27,1,0.932
APP-006896,Male,Yes,0,Not Graduate,Yes,14695.64,0.0,57274.67,240,1,Semiurban,608,52,0,0.2934
APP-006897,Male,No,2,Graduate,No,12000.0,0.0,53534.3,240,1,Semiurban,688,57,0,0.8816
APP-006898,Female,No,1,Graduate,No,23875.25,24876.25,341228.91,180,1,Semiurban,578,28,0,0.0009
APP-006899,Female,No,1,Not Graduate,No,53343.74,0.0,183955.05,120,0,Semiurban,592,31,0,0.002
APP-006900,Male,No,1,Graduate,No,81947.99,29759.04,500000.0,240,1,Semiurban,556,26,0,0.0598
APP-006901,Female,Yes,1,Graduate,No,47386.1,0.0,183762.43,180,0,Rural,589,22,0,0.0102
APP-006902,Female,Yes,0,Graduate,No,22500.1,0.0,182101.43,240,1,Semiurban,795,65,1,0.8943
APP-006903,Male,Yes,3+,Graduate,No,26074.99,32387.54,132382.54,180,1,Semiurban,618,24,0,0.6299
APP-006904,Male,Yes,2,Graduate,No,84832.22,0.0,500000.0,240,1,Urban,720,33,1,0.8206
APP-006905,Male,Yes,3+,Not Graduate,No,19517.57,10175.63,99651.38,240,1,Urban,609,32,0,0.4864
APP-006906,Male,Yes,2,Not Graduate,No,127513.19,0.0,500000.0,360,1,Urban,745,48,1,0.9968
APP-006907,Male,Yes,0,Graduate,No,112625.19,0.0,500000.0,240,1,Semiurban,593,56,0,0.2782
APP-006908,Male,Yes,2,Graduate,Yes,129845.06,52068.07,500000.0,180,1,Urban,683,25,0,0.8772
APP-006909,Male,Yes,0,Graduate,No,49483.07,58511.48,428233.16,360,1,Urban,684,51,1,0.9909
APP-006910,Male,No,3+,Graduate,No,33261.68,63810.85,500000.0,360,1,Urban,850,33,1,0.9999
APP-006911,Male,No,1,Graduate,No,48824.64,10356.28,342660.14,300,1,Rural,734,39,1,0.9749
APP-006912,Male,No,0,Graduate,No,66152.75,0.0,264510.2,240,1,Urban,630,44,1,0.7284
APP-006913,Female,Yes,1,Graduate,No,28059.24,9448.01,225533.28,360,1,Semiurban,738,65,1,0.9901
APP-006914,Male,Yes,3+,Graduate,No,21902.11,53149.84,70512.23,300,1,Rural,850,38,1,1.0
APP-006915,Male,No,3+,Graduate,No,34332.06,57887.84,294215.44,240,1,Urban,541,54,0,0.1848
APP-006916,Male,Yes,0,Graduate,No,26245.0,0.0,112968.2,240,1,Urban,608,30,1,0.3809
APP-006917,Male,No,2,Graduate,No,79418.58,18868.34,500000.0,120,1,Semiurban,660,52,0,0.0086
APP-006918,Male,No,0,Graduate,Yes,28594.33,33743.67,411569.38,120,0,Semiurban,645,44,0,0.0
APP-006919,Male,Yes,0,Graduate,Yes,42302.56,0.0,160956.5,180,0,Rural,652,44,0,0.1264
APP-006920,Male,Yes,0,Graduate,Yes,68917.97,0.0,246463.92,180,0,Semiurban,569,29,0,0.0082
APP-006921,Male,Yes,2,Not Graduate,No,81138.53,23032.81,500000.0,360,1,Urban,799,34,1,0.9991
APP-006922,Female,Yes,0,Not Graduate,No,45013.04,7339.27,374724.97,360,0,Urban,559,29,0,0.0109
APP-006923,Male,Yes,2,Not Graduate,No,49581.0,0.0,294873.3,120,0,Semiurban,663,27,0,0.0001
APP-006924,Male,No,3+,Graduate,No,22940.41,95083.97,469666.7,120,1,Urban,769,45,1,0.8086
APP-006925,Female,Yes,2,Not Graduate,Yes,70451.59,0.0,500000.0,300,1,Urban,677,33,1,0.3066
APP-006926,Male,No,0,Graduate,No,80413.53,0.0,355274.8,240,1,Rural,597,37,0,0.2467
APP-006927,Male,No,2,Graduate,No,14347.14,24216.7,181219.57,360,1,Rural,565,65,0,0.2888
APP-006928,Female,No,2,Graduate,No,105833.27,0.0,500000.0,360,1,Urban,660,51,1,0.9336
APP-006929,Male,No,1,Not Graduate,No,27299.87,0.0,231482.98,240,0,Semiurban,616,39,0,0.0011
APP-006930,Female,Yes,3+,Not Graduate,Yes,55661.67,19068.52,438020.03,180,1,Rural,697,36,0,0.0739
APP-006931,Male,Yes,0,Graduate,No,41883.99,0.0,119003.3,360,1,Semiurban,561,42,1,0.6376
APP-006932,Male,Yes,0,Graduate,Yes,38823.98,0.0,174118.39,240,1,Semiurban,749,38,1,0.9771
APP-006933,Male,Yes,0,Graduate,No,35825.5,0.0,192771.89,240,1,Semiurban,690,52,1,0.815
APP-006934,Female,No,0,Not Graduate,No,23250.69,0.0,238594.13,360,1,Semiurban,696,36,1,0.3696
APP-006935,Female,No,0,Not Graduate,No,53535.78,0.0,500000.0,240,1,Rural,802,59,0,0.6375
APP-006936,Female,Yes,1,Graduate,No,34292.28,0.0,111649.38,180,0,Urban,643,51,0,0.3436
APP-006937,Male,No,0,Graduate,No,19532.16,15323.73,218092.71,360,1,Semiurban,618,51,1,0.6298
APP-006938,Female,No,1,Graduate,Yes,22714.24,30718.8,157856.22,180,0,Semiurban,633,36,0,0.2155
APP-006939,Male,No,0,Graduate,No,19715.38,326489.3,500000.0,120,1,Rural,664,52,1,0.9669
APP-006940,Female,Yes,0,Graduate,No,30075.77,0.0,86777.29,240,1,Semiurban,672,60,1,0.9691
APP-006941,Male,Yes,1,Not Graduate,No,52407.48,0.0,473524.96,120,1,Urban,609,37,0,0.0
APP-006942,Female,Yes,0,Graduate,No,27143.29,41316.87,324821.84,360,0,Rural,508,45,0,0.0169
APP-006943,Female,Yes,3+,Not Graduate,No,68630.54,38795.06,500000.0,360,1,Urban,632,36,1,0.7604
APP-006944,Male,Yes,0,Not Graduate,Yes,37587.7,16360.78,235143.48,360,1,Rural,711,41,1,0.9794
APP-006945,Male,Yes,0,Graduate,No,34228.96,0.0,172846.93,180,1,Urban,692,28,0,0.4519
APP-006946,Male,No,0,Graduate,No,40506.63,0.0,207716.99,360,1,Urban,782,24,1,0.9982
APP-006947,Female,Yes,2,Graduate,No,86451.19,0.0,270762.27,180,1,Semiurban,846,22,1,0.9992
APP-006948,Male,No,1,Graduate,Yes,18878.21,0.0,37656.0,240,1,Urban,745,54,1,0.9984
APP-006949,Male,No,0,Not Graduate,No,99807.82,65324.18,387380.14,180,1,Semiurban,798,29,1,0.9992
APP-006950,Female,Yes,1,Graduate,No,68056.13,0.0,140543.41,360,1,Rural,745,59,1,0.9993
APP-006951,Male,No,2,Not Graduate,No,39659.62,0.0,184572.82,180,1,Urban,825,51,1,0.9915
APP-006952,Female,Yes,1,Graduate,No,76930.99,0.0,227123.45,300,0,Semiurban,837,65,1,0.9996
APP-006953,Male,No,0,Graduate,No,33612.05,6942.69,268727.48,360,0,Rural,761,68,0,0.9653
APP-006954,Female,No,0,Graduate,No,46963.36,21925.1,327270.45,240,1,Urban,740,36,1,0.9852
APP-006955,Female,Yes,2,Graduate,No,29798.76,0.0,55619.14,360,0,Urban,663,31,1,0.9426
APP-006956,Male,No,0,Graduate,Yes,68292.92,5917.95,263010.37,240,1,Semiurban,676,44,1,0.9305
APP-006957,Male,No,1,Not Graduate,No,27201.01,0.0,44610.66,180,0,Rural,651,53,1,0.7562
APP-006958,Male,No,2,Graduate,No,39016.8,49186.99,224698.2,240,1,Semiurban,733,46,1,0.9974
APP-006959,Male,No,0,Graduate,No,58309.85,7552.56,225190.57,360,1,Rural,619,37,1,0.9039
APP-006960,Female,Yes,0,Graduate,No,71432.22,20870.1,257148.8,120,1,Rural,664,41,1,0.6008
APP-006961,Female,No,3+,Not Graduate,No,25549.29,24088.85,494215.59,360,1,Semiurban,480,42,0,0.0003
APP-006962,Male,Yes,2,Graduate,Yes,60732.0,0.0,362646.58,240,1,Urban,826,29,1,0.9882
APP-006963,Female,No,3+,Graduate,Yes,23386.36,0.0,86024.55,300,1,Urban,661,26,0,0.8216
APP-006964,Male,No,1,Graduate,No,12299.55,54101.77,500000.0,180,1,Semiurban,719,60,0,0.0827
APP-006965,Female,No,0,Graduate,No,26597.3,10823.4,102895.5,240,1,Semiurban,804,41,1,0.9998
APP-006966,Male,No,1,Graduate,No,63517.01,7558.9,260933.85,240,1,Urban,706,42,1,0.9838
APP-006967,Male,Yes,2,Graduate,No,39866.06,10671.49,316389.48,240,1,Rural,803,21,1,0.97
APP-006968,Female,Yes,1,Graduate,No,29904.11,0.0,77166.42,240,0,Urban,574,67,0,0.1953
APP-006969,Female,No,1,Not Graduate,No,41378.35,0.0,240092.31,300,1,Semiurban,850,22,1,0.9985
APP-006970,Female,Yes,1,Graduate,No,40632.35,0.0,197614.29,240,1,Urban,772,60,1,0.9925
APP-006971,Female,Yes,0,Not Graduate,No,56502.73,33409.3,499429.35,180,1,Semiurban,698,66,1,0.3252
APP-006972,Female,Yes,0,Graduate,No,16540.37,29720.04,442800.12,180,1,Semiurban,801,25,0,0.0566
APP-006973,Male,Yes,1,Graduate,No,37937.9,6097.33,230437.82,360,0,Rural,581,62,0,0.1118
APP-006974,Female,No,2,Graduate,No,42974.08,0.0,193894.73,180,1,Urban,655,58,0,0.3484
APP-006975,Male,No,1,Graduate,No,18940.28,0.0,41160.59,240,1,Semiurban,803,35,1,0.9998
APP-006976,Male,Yes,1,Graduate,No,18797.98,0.0,88091.65,240,0,Urban,521,25,0,0.0026
APP-006977,Female,No,3+,Graduate,No,32840.26,0.0,112807.16,300,1,Semiurban,728,38,1,0.9928
APP-006978,Male,No,0,Graduate,No,40323.45,0.0,162637.77,240,1,Urban,725,36,1,0.9842
APP-006979,Male,No,2,Not Graduate,Yes,40401.63,15900.55,193967.05,240,1,Rural,847,68,1,0.9995
APP-006980,Male,No,0,Graduate,No,29555.0,22039.77,274403.87,360,0,Urban,545,45,0,0.0564
APP-006981,Female,Yes,0,Graduate,No,28896.22,29690.67,159929.45,360,1,Urban,817,29,1,0.9999
APP-006982,Male,Yes,0,Graduate,No,32294.53,0.0,151459.85,180,1,Semiurban,632,27,0,0.1148
APP-006983,Female,Yes,1,Graduate,No,47296.28,20673.94,181337.8,300,1,Urban,642,37,1,0.967
APP-006984,Female,No,1,Graduate,No,79581.87,25681.71,199743.91,360,0,Semiurban,576,67,1,0.5394
APP-006985,Female,No,0,Graduate,No,12000.0,0.0,43865.41,360,1,Rural,588,56,1,0.7018
APP-006986,Female,Yes,0,Not Graduate,No,56537.03,39521.28,500000.0,240,1,Semiurban,714,22,1,0.8285
APP-006987,Female,Yes,0,Graduate,No,37754.75,23275.8,183410.47,360,0,Rural,585,47,0,0.4775
APP-006988,Male,No,0,Not Graduate,No,53591.58,0.0,242950.51,240,1,Urban,743,67,1,0.978
APP-006989,Male,Yes,1,Not Graduate,No,77037.6,15699.71,335771.11,300,1,Semiurban,624,54,1,0.8128
APP-006990,Female,Yes,1,Graduate,No,26494.19,0.0,70879.81,300,0,Rural,577,24,1,0.1587
APP-006991,Male,No,0,Graduate,No,67465.23,0.0,369590.5,360,1,Urban,635,23,1,0.6997
APP-006992,Male,No,1,Graduate,No,20136.24,0.0,64034.67,360,1,Semiurban,709,40,1,0.9952
APP-006993,Male,Yes,1,Graduate,Yes,43052.67,0.0,217240.35,180,0,Rural,656,24,0,0.0125
APP-006994,Male,No,0,Graduate,No,35123.15,10645.27,101140.48,180,1,Semiurban,683,33,1,0.9785
APP-006995,Male,Yes,0,Not Graduate,No,41169.53,0.0,186655.2,300,1,Urban,739,46,1,0.9919
APP-006996,Female,Yes,0,Graduate,No,23295.86,15056.67,216492.85,240,1,Urban,772,59,1,0.9895
APP-006997,Female,Yes,0,Not Graduate,No,51035.97,18931.98,349441.06,300,1,Rural,654,48,1,0.7986
APP-006998,Male,Yes,0,Graduate,No,96034.04,9833.37,500000.0,360,1,Semiurban,591,67,1,0.6126
APP-006999,Male,No,0,Graduate,No,23517.0,0.0,134047.7,300,1,Semiurban,686,65,0,0.8867
APP-007000,Male,Yes,0,Graduate,No,44547.22,0.0,217282.24,360,1,Urban,720,43,1,0.9929
APP-007001,Female,Yes,1,Graduate,No,64262.42,0.0,400887.15,180,1,Semiurban,556,22,0,0.0006
APP-007002,Female,Yes,1,Graduate,No,34091.13,0.0,122835.53,120,0,Semiurban,604,48,0,0.005
APP-007003,Female,Yes,3+,Graduate,No,84814.02,0.0,457161.21,360,1,Rural,619,33,0,0.47
APP-007004,Female,Yes,3+,Graduate,No,31687.31,0.0,136417.12,240,1,Urban,662,65,1,0.758
APP-007005,Female,Yes,0,Graduate,No,37648.11,24844.17,500000.0,300,1,Semiurban,615,46,1,0.1212
APP-007006,Female,No,2,Graduate,No,23243.14,0.0,112065.41,120,1,Rural,740,35,0,0.1132
APP-007007,Male,Yes,1,Graduate,No,43028.79,0.0,102864.47,360,0,Urban,544,60,0,0.2187
APP-007008,Female,Yes,2,Not Graduate,Yes,40201.62,53080.09,445630.03,180,1,Semiurban,546,58,0,0.003
APP-007009,Male,Yes,2,Graduate,Yes,56939.56,18049.67,208366.08,360,0,Urban,652,52,1,0.8636
APP-007010,Female,Yes,1,Graduate,No,28284.99,29579.27,342379.61,120,1,Semiurban,665,21,0,0.0009
APP-007011,Female,Yes,1,Graduate,No,27581.55,0.0,164526.27,180,1,Urban,556,59,0,0.0024
APP-007012,Female,No,2,Graduate,No,51759.88,48581.16,325217.12,240,1,Semiurban,628,27,1,0.725
APP-007013,Male,No,2,Not Graduate,No,86548.03,0.0,231290.54,180,0,Rural,646,55,0,0.3315
APP-007014,Female,Yes,1,Graduate,No,56724.17,39077.39,433557.01,360,1,Rural,647,51,1,0.921
APP-007015,Female,Yes,0,Graduate,No,110865.91,0.0,314674.33,240,1,Urban,693,42,1,0.9881
APP-007016,Male,Yes,1,Graduate,No,54470.75,17292.84,209783.04,240,0,Rural,624,42,0,0.5152
APP-007017,Female,No,2,Not Graduate,No,53402.41,0.0,181295.36,120,1,Urban,806,59,1,0.9682
APP-007018,Male,Yes,2,Graduate,Yes,58314.79,31949.25,500000.0,240,1,Semiurban,721,30,1,0.7901
APP-007019,Female,Yes,0,Graduate,No,90989.0,12680.18,226655.97,120,0,Urban,611,29,0,0.1428
APP-007020,Female,No,0,Graduate,No,79273.85,13785.98,282513.07,300,1,Rural,688,31,1,0.987
APP-007021,Female,No,1,Graduate,No,22099.65,0.0,277270.48,360,1,Rural,691,56,0,0.118
APP-007022,Male,Yes,0,Graduate,No,62337.6,25060.95,500000.0,240,1,Semiurban,783,24,1,0.9823
APP-007023,Male,Yes,0,Graduate,No,46441.38,13880.65,443237.93,360,0,Urban,629,43,0,0.2103
APP-007024,Male,No,2,Graduate,No,36072.31,28520.63,280847.22,360,1,Urban,745,27,1,0.9965
APP-007025,Male,Yes,0,Graduate,No,15136.87,0.0,90516.41,360,1,Urban,684,61,1,0.9468
APP-007026,Female,Yes,2,Graduate,Yes,17204.25,0.0,61684.61,360,1,Urban,807,59,1,0.9997
APP-007027,Male,No,0,Graduate,No,32844.61,25279.9,73365.06,360,1,Semiurban,790,41,1,1.0
APP-007028,Male,Yes,0,Graduate,No,17934.38,0.0,59152.78,240,1,Urban,697,68,1,0.9804
APP-007029,Female,No,1,Graduate,No,33220.88,26178.34,204586.35,300,1,Rural,658,46,1,0.9567
APP-007030,Male,No,0,Not Graduate,No,59449.81,0.0,256681.27,300,1,Semiurban,723,27,1,0.976
APP-007031,Female,Yes,0,Graduate,No,29157.69,21425.55,267992.3,180,1,Semiurban,665,65,0,0.2583
APP-007032,Female,No,0,Graduate,Yes,42020.15,0.0,376555.83,240,1,Semiurban,823,38,1,0.8306
APP-007033,Male,Yes,0,Graduate,No,22281.82,14112.21,157386.68,240,1,Urban,687,45,1,0.9509
APP-007034,Male,No,2,Graduate,No,47302.67,0.0,128378.41,120,1,Semiurban,646,34,0,0.3184
APP-007035,Male,No,2,Graduate,No,53075.7,0.0,207172.5,240,0,Semiurban,641,42,0,0.3286
APP-007036,Male,Yes,1,Graduate,No,18350.02,0.0,104530.46,360,0,Semiurban,577,59,0,0.0663
APP-007037,Female,No,0,Graduate,Yes,26541.44,27144.36,217598.35,300,1,Semiurban,727,63,1,0.9906
APP-007038,Female,Yes,1,Graduate,Yes,19991.38,0.0,59365.74,300,1,Urban,610,64,1,0.7591
APP-007039,Male,Yes,1,Graduate,No,53107.22,0.0,286681.23,300,1,Urban,773,25,1,0.9928
APP-007040,Male,Yes,1,Graduate,No,43923.45,0.0,111965.33,120,0,Semiurban,570,28,0,0.0087
APP-007041,Female,No,2,Graduate,No,39052.36,26327.64,187702.62,120,0,Urban,691,52,1,0.4189
APP-007042,Male,No,1,Graduate,Yes,37400.72,0.0,192275.93,180,1,Urban,778,35,1,0.899
APP-007043,Male,No,1,Graduate,No,47933.0,18037.31,197523.88,360,0,Semiurban,497,67,0,0.032
APP-007044,Female,No,1,Graduate,No,48463.6,0.0,176296.18,360,1,Semiurban,850,59,1,1.0
APP-007045,Female,Yes,0,Graduate,No,30559.55,0.0,131214.69,300,1,Urban,644,37,1,0.8745
APP-007046,Female,Yes,0,Not Graduate,No,28294.47,0.0,118368.52,240,1,Semiurban,692,61,1,0.9091
APP-007047,Female,No,0,Graduate,Yes,38853.47,0.0,107162.01,360,1,Rural,729,38,1,0.9967
APP-007048,Female,Yes,1,Graduate,No,36157.72,0.0,178731.92,120,1,Rural,742,54,0,0.1391
APP-007049,Female,Yes,0,Graduate,No,124663.73,11635.02,384502.13,180,0,Semiurban,703,51,1,0.9144
APP-007050,Female,Yes,3+,Not Graduate,No,32495.53,0.0,291165.97,300,1,Rural,765,45,0,0.7395
APP-007051,Male,Yes,0,Graduate,No,47066.46,54175.59,360281.63,300,0,Rural,724,43,1,0.9795
APP-007052,Male,No,0,Graduate,No,51857.74,0.0,290631.66,360,1,Urban,830,25,1,0.9996
APP-007053,Male,Yes,3+,Graduate,No,86706.87,0.0,500000.0,360,1,Urban,724,46,1,0.9812
APP-007054,Female,No,2,Graduate,No,25689.78,33049.21,213451.74,360,1,Urban,847,61,1,1.0
APP-007055,Male,No,0,Graduate,No,83851.81,46621.0,359954.52,360,1,Urban,757,44,1,0.9997
APP-007056,Male,No,1,Graduate,No,37009.59,24739.51,365558.66,360,1,Semiurban,527,36,0,0.0551
APP-007057,Female,No,2,Not Graduate,No,158853.85,60439.8,492868.73,300,1,Semiurban,850,32,1,1.0
APP-007058,Female,No,1,Graduate,No,48992.93,0.0,117951.32,300,0,Urban,631,57,1,0.8146
APP-007059,Female,Yes,1,Graduate,No,20416.3,23373.46,245314.76,300,1,Semiurban,807,47,1,0.9987
APP-007060,Female,Yes,2,Graduate,Yes,36010.39,0.0,140254.07,360,1,Urban,682,53,1,0.968
APP-007061,Male,Yes,1,Not Graduate,No,83696.14,51278.2,418628.3,180,1,Urban,770,29,1,0.9936
APP-007062,Female,Yes,1,Not Graduate,No,41975.76,31315.74,249645.74,300,0,Urban,621,67,1,0.4847
APP-007063,Female,Yes,2,Graduate,No,38840.0,0.0,115755.24,240,1,Urban,733,50,1,0.9955
APP-007064,Male,Yes,3+,Graduate,No,59602.24,0.0,500000.0,300,1,Semiurban,658,33,0,0.1279
APP-007065,Male,Yes,3+,Graduate,No,33198.21,16958.71,338130.72,300,1,Urban,814,59,1,0.9969
APP-007066,Female,Yes,1,Graduate,No,35742.54,0.0,105151.27,240,1,Rural,717,40,1,0.9899
APP-007067,Male,No,1,Graduate,No,23871.22,0.0,88409.71,300,1,Rural,760,69,1,0.9974
APP-007068,Male,No,1,Not Graduate,No,103865.43,18828.34,500000.0,300,0,Urban,496,48,0,0.0078
APP-007069,Female,No,0,Not Graduate,No,20487.37,0.0,56300.09,180,1,Rural,673,39,1,0.8776
APP-007070,Male,Yes,3+,Graduate,Yes,44055.55,0.0,146061.16,300,1,Semiurban,715,33,1,0.9786
APP-007071,Female,No,0,Graduate,No,52257.39,6781.06,220089.82,120,1,Semiurban,699,45,0,0.4619
APP-007072,Male,Yes,0,Graduate,No,39834.63,8989.15,139993.39,360,1,Urban,762,69,1,0.9996
APP-007073,Male,Yes,0,Graduate,No,20138.23,0.0,140611.72,360,1,Semiurban,649,29,0,0.5861
APP-007074,Male,Yes,2,Graduate,No,23171.53,32190.71,171132.13,120,1,Rural,684,37,0,0.5031
APP-007075,Female,No,0,Graduate,No,53497.18,0.0,216422.58,240,1,Urban,780,53,1,0.9981
APP-007076,Male,Yes,1,Graduate,No,26135.93,0.0,117427.0,180,0,Rural,486,54,0,0.0002
APP-007077,Male,Yes,0,Not Graduate,Yes,12840.9,0.0,111765.22,360,1,Semiurban,730,64,1,0.7786
APP-007078,Female,Yes,3+,Not Graduate,No,49654.19,0.0,203618.58,120,1,Urban,652,21,0,0.0109
APP-007079,Female,Yes,3+,Graduate,No,24837.94,16432.1,460248.46,300,0,Semiurban,602,47,0,0.0007
APP-007080,Male,No,1,Graduate,Yes,56793.13,0.0,205655.67,240,1,Urban,709,45,1,0.968
APP-007081,Female,No,2,Not Graduate,No,35922.11,0.0,138656.4,360,1,Semiurban,784,41,1,0.999
APP-007082,Male,Yes,0,Not Graduate,No,34982.5,7393.18,275395.98,300,1,Urban,768,21,1,0.9742
APP-007083,Female,No,1,Not Graduate,No,41304.68,26091.89,500000.0,300,0,Urban,669,41,1,0.1568
APP-007084,Male,Yes,0,Graduate,No,21457.48,19723.81,155860.02,300,1,Urban,754,60,1,0.9988
APP-007085,Male,Yes,2,Graduate,No,25488.96,13863.69,292608.2,360,0,Rural,754,47,1,0.914
APP-007086,Male,Yes,1,Graduate,No,34788.49,20237.72,343486.54,240,0,Urban,673,41,0,0.1949
APP-007087,Male,No,2,Graduate,No,21388.56,19757.47,124558.76,240,1,Semiurban,621,64,0,0.7959
APP-007088,Male,Yes,1,Not Graduate,No,59432.69,24994.42,357003.16,120,0,Urban,626,47,0,0.003
APP-007089,Male,Yes,2,Graduate,No,33892.25,20978.77,229678.31,240,1,Semiurban,751,27,1,0.9867
APP-007090,Female,Yes,0,Not Graduate,No,18084.49,26882.9,120512.5,240,1,Urban,676,47,1,0.9802
APP-007091,Male,No,1,Graduate,No,29511.46,0.0,135457.79,300,1,Semiurban,591,55,0,0.4065
APP-007092,Male,Yes,1,Not Graduate,No,42432.14,0.0,187524.89,300,1,Urban,537,27,0,0.0509
APP-007093,Male,Yes,0,Graduate,No,31402.73,0.0,158463.48,360,1,Rural,751,64,1,0.9959
APP-007094,Male,Yes,0,Graduate,No,50006.02,0.0,219987.43,240,0,Semiurban,634,25,0,0.1562
APP-007095,Male,Yes,2,Not Graduate,No,55034.75,0.0,173763.4,300,1,Rural,708,43,1,0.9843
APP-007096,Female,Yes,0,Not Graduate,No,150382.17,0.0,500000.0,360,1,Urban,785,51,1,0.9997
APP-007097,Male,Yes,1,Graduate,No,75573.0,35875.47,500000.0,240,0,Urban,569,49,0,0.0423
APP-007098,Male,Yes,3+,Not Graduate,No,16317.55,14164.63,233246.87,300,1,Semiurban,676,39,0,0.3462
APP-007099,Male,Yes,0,Not Graduate,No,32921.2,0.0,170928.95,240,1,Semiurban,665,29,1,0.4724
APP-007100,Female,Yes,2,Graduate,Yes,34660.2,128991.78,500000.0,240,0,Rural,712,36,1,0.8918
APP-007101,Male,Yes,1,Graduate,No,55066.07,21422.19,229964.67,120,1,Urban,785,38,1,0.9868
APP-007102,Male,Yes,1,Graduate,No,24017.25,8964.25,135089.3,120,0,Semiurban,567,67,0,0.0005
APP-007103,Female,No,0,Graduate,No,29965.78,0.0,104420.38,240,1,Semiurban,728,60,1,0.9917
APP-007104,Female,No,3+,Graduate,Yes,20243.18,85757.06,349343.98,360,1,Rural,768,26,1,0.9976
APP-007105,Male,Yes,2,Graduate,No,28817.95,0.0,138570.6,180,0,Rural,664,58,0,0.0642
APP-007106,Female,No,2,Not Graduate,No,29415.26,76026.05,402364.16,120,1,Urban,668,34,0,0.0923
APP-007107,Male,Yes,2,Not Graduate,No,33787.52,0.0,75782.82,300,1,Urban,716,45,1,0.9962
APP-007108,Female,Yes,0,Not Graduate,Yes,20898.19,0.0,77745.14,360,1,Semiurban,709,43,1,0.9842
APP-007109,Male,No,0,Not Graduate,Yes,68879.52,0.0,246819.99,120,1,Semiurban,729,34,1,0.407
APP-007110,Male,No,0,Graduate,No,52037.38,44802.77,500000.0,360,1,Rural,728,23,1,0.9866
APP-007111,Male,Yes,3+,Graduate,No,18090.53,23391.7,92217.38,180,0,Urban,597,59,0,0.287
APP-007112,Male,Yes,3+,Not Graduate,No,40712.28,31877.37,245677.2,180,1,Semiurban,764,46,1,0.9866
APP-007113,Male,Yes,1,Graduate,Yes,16968.43,47223.54,195234.55,360,1,Rural,779,57,1,0.9995
APP-007114,Male,Yes,1,Graduate,No,83972.16,0.0,500000.0,360,1,Urban,696,58,1,0.9602
APP-007115,Female,No,2,Graduate,Yes,97514.82,16757.82,381126.9,300,0,Urban,553,45,0,0.0718
APP-007116,Male,No,0,Graduate,No,38923.15,0.0,265686.39,180,1,Urban,670,56,0,0.047
APP-007117,Female,No,0,Graduate,No,25110.6,45804.87,295982.93,300,0,Urban,697,64,1,0.9353
APP-007118,Female,No,3+,Graduate,Yes,27851.77,31969.2,317905.63,120,1,Urban,583,47,0,0.0002
APP-007119,Male,No,0,Graduate,No,31270.86,0.0,219258.77,240,0,Semiurban,649,38,0,0.0301
APP-007120,Male,No,1,Graduate,No,37844.65,0.0,93927.92,360,0,Semiurban,560,68,0,0.2403
APP-007121,Male,No,1,Graduate,No,85285.38,35697.43,461470.76,300,1,Urban,732,47,1,0.9968
APP-007122,Female,Yes,0,Graduate,No,67885.72,12623.41,414828.42,300,1,Urban,694,23,1,0.9386
APP-007123,Female,No,1,Not Graduate,No,68463.26,28235.77,450631.7,180,0,Semiurban,540,35,0,0.001
APP-007124,Male,No,2,Graduate,Yes,44082.5,26031.5,166746.41,360,1,Semiurban,710,64,1,0.9957
APP-007125,Male,Yes,2,Graduate,No,21279.8,26139.62,276569.86,360,1,Urban,675,65,0,0.9259
APP-007126,Female,Yes,2,Not Graduate,No,26277.51,0.0,114455.83,360,1,Urban,724,38,1,0.9895
APP-007127,Male,No,0,Not Graduate,Yes,41497.84,0.0,187418.46,180,1,Urban,647,33,0,0.1321
APP-007128,Male,Yes,0,Graduate,Yes,20731.2,36539.74,221004.71,180,1,Urban,612,48,0,0.244
APP-007129,Male,Yes,0,Not Graduate,No,47438.56,0.0,48309.55,300,1,Rural,614,38,1,0.948
APP-007130,Female,Yes,1,Graduate,Yes,62493.51,15139.6,423032.89,300,0,Urban,634,28,0,0.1433
APP-007131,Female,Yes,0,Not Graduate,No,54173.11,0.0,300905.15,360,1,Urban,682,35,1,0.9234
APP-007132,Female,No,3+,Not Graduate,No,52989.77,75599.53,453491.88,240,1,Urban,693,36,1,0.9456
APP-007133,Female,No,2,Graduate,No,14379.29,0.0,31429.75,300,1,Rural,664,57,1,0.9802
APP-007134,Male,Yes,3+,Graduate,No,83562.13,19673.34,345874.52,180,1,Rural,644,45,0,0.5996
APP-007135,Male,Yes,0,Graduate,No,16948.56,0.0,113061.32,360,1,Semiurban,650,24,1,0.5934
APP-007136,Female,Yes,1,Graduate,No,36900.78,46779.13,296921.54,180,1,Semiurban,850,32,1,0.9995
APP-007137,Female,Yes,3+,Graduate,No,56398.56,0.0,242882.48,360,0,Semiurban,614,49,0,0.3388
APP-007138,Female,Yes,1,Graduate,No,48885.13,39779.23,325301.81,360,1,Rural,633,36,1,0.913
APP-007139,Male,Yes,1,Graduate,No,19874.45,0.0,97646.83,120,1,Urban,850,22,1,0.8342
APP-007140,Female,No,0,Not Graduate,No,21936.8,0.0,51706.57,360,1,Semiurban,716,28,1,0.996
APP-007141,Male,Yes,3+,Not Graduate,No,46999.37,14849.28,240730.3,240,0,Semiurban,563,37,0,0.0199
APP-007142,Male,No,2,Graduate,No,53154.86,0.0,371123.4,180,1,Semiurban,752,24,0,0.1725
APP-007143,Male,Yes,3+,Not Graduate,No,21829.94,0.0,61596.23,240,1,Rural,603,43,0,0.4836
APP-007144,Female,Yes,0,Graduate,No,49807.75,0.0,187636.66,360,1,Rural,757,45,1,0.9988
APP-007145,Female,Yes,2,Not Graduate,No,17441.36,0.0,119421.82,240,1,Semiurban,662,43,0,0.1249
APP-007146,Female,Yes,0,Graduate,No,56580.18,0.0,337536.78,180,1,Urban,643,67,0,0.0506
APP-007147,Female,No,0,Not Graduate,Yes,24683.42,0.0,128986.3,300,0,Rural,817,67,1,0.9857
APP-007148,Female,Yes,3+,Graduate,No,41952.04,0.0,213046.52,240,1,Urban,728,50,1,0.9429
APP-007149,Female,No,0,Not Graduate,No,38251.24,0.0,192873.58,120,1,Semiurban,763,61,1,0.1845
APP-007150,Male,Yes,1,Graduate,No,75990.34,0.0,292041.59,180,1,Urban,717,24,1,0.885
APP-007151,Male,No,1,Graduate,No,45851.88,0.0,320977.8,120,0,Semiurban,642,25,0,0.0
APP-007152,Male,No,3+,Not Graduate,No,28868.14,6519.57,122183.87,300,1,Semiurban,732,50,1,0.9937
APP-007153,Male,Yes,1,Graduate,No,48911.9,20428.81,188972.63,300,1,Semiurban,783,43,1,0.9997
APP-007154,Male,Yes,1,Not Graduate,Yes,130395.48,0.0,298214.12,360,1,Semiurban,691,30,1,0.9816
APP-007155,Female,No,2,Not Graduate,No,60298.81,48729.75,352173.42,180,1,Rural,833,68,1,0.9989
APP-007156,Male,No,0,Graduate,No,38849.8,0.0,124771.45,360,1,Semiurban,752,50,1,0.9992
APP-007157,Female,Yes,3+,Graduate,No,25374.83,67143.86,286370.27,240,1,Semiurban,698,28,1,0.9695
APP-007158,Female,No,0,Graduate,No,28593.36,0.0,71819.07,120,0,Semiurban,701,27,0,0.5261
APP-007159,Female,Yes,0,Not Graduate,Yes,58337.25,0.0,294286.17,360,1,Semiurban,692,21,1,0.8593
APP-007160,Male,Yes,1,Graduate,Yes,24656.81,30729.5,154225.45,300,1,Rural,574,39,1,0.4944
APP-007161,Female,No,1,Graduate,No,40194.23,0.0,219319.23,300,1,Semiurban,672,44,1,0.8453
APP-007162,Female,Yes,0,Graduate,Yes,88494.03,11989.77,500000.0,120,1,Semiurban,699,49,0,0.0329
APP-007163,Male,No,2,Graduate,No,43595.79,0.0,500000.0,120,1,Urban,645,69,0,0.0
APP-007164,Female,Yes,2,Graduate,No,22169.61,0.0,77026.68,300,1,Urban,709,25,1,0.9841
APP-007165,Female,Yes,2,Graduate,No,132961.69,0.0,500000.0,360,1,Rural,682,29,1,0.9642
APP-007166,Female,No,0,Graduate,No,105804.31,6192.64,341252.56,300,1,Rural,746,54,1,0.9988
APP-007167,Female,Yes,2,Not Graduate,No,52872.95,0.0,133045.61,120,1,Urban,736,31,1,0.923
APP-007168,Male,No,1,Graduate,No,80956.36,0.0,285658.89,300,1,Urban,694,35,1,0.9841
APP-007169,Female,Yes,2,Graduate,No,34653.75,24121.38,176711.23,240,1,Rural,564,39,0,0.313
APP-007170,Male,No,1,Graduate,Yes,59781.41,0.0,149587.31,180,1,Rural,832,38,1,0.9995
APP-007171,Female,Yes,3+,Graduate,No,31794.64,0.0,150776.65,360,0,Semiurban,668,46,1,0.7119
APP-007172,Male,Yes,2,Graduate,No,19044.27,0.0,50116.83,300,0,Urban,673,56,1,0.9309
APP-007173,Male,Yes,3+,Graduate,No,166968.0,26704.83,500000.0,360,1,Semiurban,651,21,1,0.949
APP-007174,Male,No,1,Graduate,Yes,18516.25,0.0,116021.2,180,1,Rural,638,36,0,0.0092
APP-007175,Male,Yes,1,Graduate,No,47271.22,20967.63,197135.04,180,1,Urban,811,30,1,0.9993
APP-007176,Female,Yes,0,Not Graduate,No,46968.49,60922.29,500000.0,300,1,Urban,798,21,1,0.9981
APP-007177,Male,Yes,1,Graduate,Yes,53305.94,0.0,272212.41,300,1,Rural,718,48,1,0.9484
APP-007178,Female,No,1,Not Graduate,No,38203.17,0.0,157609.54,300,0,Semiurban,671,25,1,0.5402
APP-007179,Female,Yes,0,Graduate,No,38423.04,0.0,73572.44,360,1,Semiurban,733,69,1,0.9992
APP-007180,Female,Yes,0,Graduate,No,43309.46,0.0,85407.67,300,1,Urban,686,64,1,0.9958
APP-007181,Male,Yes,0,Graduate,No,52256.92,0.0,452085.58,300,1,Semiurban,664,48,1,0.2517
APP-007182,Male,Yes,2,Not Graduate,No,40094.76,0.0,309538.73,180,0,Semiurban,709,53,0,0.0041
APP-007183,Male,Yes,3+,Graduate,No,38653.84,37177.94,500000.0,240,1,Urban,643,53,1,0.1808
APP-007184,Female,No,0,Not Graduate,No,19407.01,0.0,190835.54,300,1,Semiurban,701,50,0,0.2257
APP-007185,Male,Yes,0,Not Graduate,No,121482.48,21546.9,500000.0,300,0,Rural,697,43,1,0.9254
APP-007186,Male,Yes,1,Not Graduate,No,53886.46,25151.35,375101.83,240,1,Rural,731,61,1,0.9547
APP-007187,Female,No,2,Graduate,No,45021.65,0.0,246918.13,360,1,Urban,627,48,1,0.7164
APP-007188,Male,Yes,2,Graduate,No,28468.2,29916.19,182929.57,180,1,Urban,740,69,1,0.9879
APP-007189,Male,Yes,3+,Graduate,No,23109.8,39019.9,294887.41,360,0,Semiurban,603,28,0,0.1726
APP-007190,Male,Yes,1,Graduate,No,64407.96,0.0,384045.43,360,1,Semiurban,631,44,1,0.6608
APP-007191,Female,No,1,Graduate,No,36756.7,0.0,221073.05,300,1,Rural,635,21,0,0.2636
APP-007192,Male,Yes,3+,Graduate,Yes,56476.82,0.0,227551.69,180,1,Semiurban,589,59,0,0.0369
APP-007193,Male,Yes,0,Graduate,No,19078.5,0.0,32630.06,300,1,Rural,766,60,1,0.9997
APP-007194,Female,Yes,0,Not Graduate,No,93973.69,32390.69,272655.49,180,0,Semiurban,598,28,0,0.2063
APP-007195,Female,Yes,0,Graduate,Yes,65891.03,21133.83,459617.64,360,1,Semiurban,621,39,1,0.6427
APP-007196,Female,Yes,0,Graduate,No,38384.75,0.0,130353.16,240,1,Urban,787,39,1,0.9992
APP-007197,Female,No,1,Not Graduate,No,51906.22,28938.9,464928.54,240,1,Semiurban,632,42,0,0.2021
APP-007198,Male,No,0,Not Graduate,No,60328.05,11841.59,177907.88,300,0,Semiurban,664,42,1,0.9143
APP-007199,Male,Yes,2,Not Graduate,No,19238.34,0.0,151353.65,120,1,Urban,594,45,0,0.0
APP-007200,Female,Yes,3+,Not Graduate,No,100992.83,0.0,282342.32,300,1,Urban,751,38,1,0.9976
APP-007201,Male,Yes,3+,Not Graduate,No,52354.52,0.0,433751.69,360,1,Urban,752,62,1,0.933
APP-007202,Female,Yes,2,Not Graduate,No,27248.23,20968.69,102261.52,180,1,Urban,743,39,1,0.9964
APP-007203,Female,Yes,2,Not Graduate,No,21957.73,0.0,122808.23,180,1,Urban,726,43,0,0.4653
APP-007204,Female,Yes,0,Graduate,Yes,69071.93,0.0,193637.23,240,0,Semiurban,686,40,1,0.8543
APP-007205,Male,No,1,Graduate,No,45077.46,22121.55,285336.35,300,1,Semiurban,635,34,1,0.8171
APP-007206,Male,Yes,1,Graduate,Yes,52335.52,0.0,362139.12,240,1,Rural,611,52,0,0.0203
APP-007207,Male,Yes,3+,Not Graduate,No,40727.77,0.0,260526.96,240,1,Urban,790,27,1,0.9303
APP-007208,Female,Yes,0,Graduate,No,23120.87,15900.47,114859.97,240,1,Rural,745,21,1,0.9952
APP-007209,Female,No,1,Not Graduate,Yes,53089.78,13793.33,216435.2,240,0,Semiurban,621,51,0,0.2323
APP-007210,Female,No,1,Graduate,No,36002.93,0.0,75629.97,180,1,Rural,683,37,1,0.9696
APP-007211,Female,No,0,Graduate,No,39658.87,22828.36,118934.04,240,0,Urban,654,69,1,0.9277
APP-007212,Male,Yes,3+,Graduate,No,148353.24,0.0,434571.18,240,1,Urban,584,54,0,0.5029
APP-007213,Female,Yes,3+,Not Graduate,Yes,64730.52,0.0,187842.82,240,1,Urban,695,31,1,0.9262
APP-007214,Female,Yes,0,Not Graduate,No,66817.53,0.0,144623.29,120,1,Urban,645,49,0,0.6814
APP-007215,Female,No,0,Not Graduate,No,179205.37,0.0,500000.0,300,1,Urban,599,35,1,0.7558
APP-007216,Male,Yes,1,Graduate,No,49588.57,0.0,208341.08,120,1,Urban,554,42,0,0.0014
APP-007217,Female,No,0,Graduate,No,42866.21,0.0,181654.48,180,1,Rural,547,30,0,0.0118
APP-007218,Male,Yes,1,Not Graduate,No,27623.88,0.0,82198.83,360,0,Rural,648,28,0,0.677
APP-007219,Male,Yes,2,Graduate,Yes,31291.33,30078.28,201609.81,360,1,Urban,673,65,1,0.9751
APP-007220,Female,No,1,Graduate,Yes,13018.06,0.0,48123.59,360,1,Urban,606,42,1,0.7241
APP-007221,Male,No,3+,Not Graduate,No,61990.28,0.0,381705.52,300,1,Urban,735,38,1,0.9307
APP-007222,Male,Yes,0,Graduate,No,19994.12,0.0,62858.57,240,1,Rural,674,54,1,0.9589
APP-007223,Male,Yes,0,Graduate,Yes,65940.28,38172.06,208524.05,360,1,Semiurban,729,55,1,0.999
APP-007224,Female,Yes,2,Graduate,No,39196.22,0.0,144612.29,300,1,Rural,664,48,1,0.933
APP-007225,Female,No,1,Graduate,No,43063.55,0.0,150865.53,360,1,Semiurban,613,57,1,0.8591
APP-007226,Male,No,1,Not Graduate,No,39210.41,47838.5,179413.01,300,1,Semiurban,690,32,1,0.9917
APP-007227,Male,Yes,1,Not Graduate,Yes,86020.5,0.0,306404.6,300,1,Urban,573,48,0,0.2712
APP-007228,Male,Yes,2,Graduate,No,78056.9,21009.03,283603.28,120,1,Urban,726,43,1,0.9212
APP-007229,Male,No,0,Graduate,No,39502.12,0.0,162601.05,180,1,Semiurban,600,22,0,0.0691
APP-007230,Male,Yes,0,Graduate,No,24478.43,16712.56,212115.67,300,1,Semiurban,758,41,1,0.9956
APP-007231,Male,No,2,Graduate,No,66711.93,0.0,223392.12,360,1,Rural,651,32,1,0.9313
APP-007232,Female,Yes,1,Not Graduate,No,23481.87,29209.56,282712.5,240,1,Semiurban,770,25,1,0.9662
APP-007233,Female,Yes,1,Graduate,No,17065.71,0.0,63391.22,120,0,Urban,585,58,0,0.0024
APP-007234,Male,No,0,Graduate,No,52790.81,0.0,199797.1,240,1,Semiurban,622,26,0,0.548
APP-007235,Male,Yes,2,Graduate,No,78446.29,31027.39,406088.12,180,1,Urban,712,32,1,0.9252
APP-007236,Female,Yes,0,Graduate,Yes,32119.0,0.0,125484.18,360,1,Semiurban,779,30,1,0.9986
APP-007237,Male,Yes,0,Graduate,No,50135.51,0.0,115042.75,180,1,Urban,822,46,1,0.9998
APP-007238,Female,No,0,Graduate,No,31932.49,33981.76,123381.38,180,0,Semiurban,684,65,1,0.9473
APP-007239,Female,Yes,2,Not Graduate,No,59700.54,0.0,420909.01,240,1,Urban,836,56,1,0.9856
APP-007240,Female,No,2,Not Graduate,No,73296.37,0.0,343680.76,300,1,Semiurban,655,55,1,0.7624
APP-007241,Female,No,1,Graduate,No,34732.26,0.0,115987.98,360,1,Semiurban,773,60,1,0.9995
APP-007242,Female,No,0,Graduate,No,22806.9,0.0,156887.58,240,1,Urban,600,32,0,0.0311
APP-007243,Female,Yes,0,Graduate,Yes,18009.11,0.0,278622.87,360,1,Urban,716,29,0,0.0236
APP-007244,Male,Yes,0,Graduate,No,66777.98,39080.68,229770.07,300,1,Urban,481,66,0,0.1556
APP-007245,Male,No,0,Graduate,No,21480.23,0.0,89981.56,120,0,Rural,585,21,0,0.0003
APP-007246,Female,Yes,1,Graduate,Yes,49247.47,0.0,283459.84,120,1,Rural,720,56,0,0.0071
APP-007247,Male,No,2,Not Graduate,No,61548.08,0.0,125995.05,240,1,Semiurban,568,64,1,0.4467
APP-007248,Male,Yes,3+,Graduate,No,30463.48,0.0,65337.05,240,1,Rural,716,54,1,0.9943
APP-007249,Female,Yes,2,Graduate,No,36628.58,0.0,239747.27,240,1,Urban,757,28,0,0.8745
APP-007250,Female,Yes,0,Graduate,No,69527.24,77087.52,500000.0,120,0,Urban,637,68,0,0.0368
APP-007251,Female,Yes,0,Graduate,No,25732.07,0.0,80284.78,120,1,Semiurban,598,43,0,0.0602
APP-007252,Female,Yes,3+,Graduate,Yes,24334.7,23574.43,97611.37,120,1,Rural,640,42,0,0.5093
APP-007253,Female,Yes,2,Graduate,No,35280.47,0.0,174192.42,360,1,Urban,598,56,1,0.5714
APP-007254,Female,Yes,0,Graduate,No,81052.47,0.0,183904.82,300,0,Rural,671,46,1,0.9446
APP-007255,Male,No,3+,Graduate,No,97333.85,0.0,262334.59,180,1,Urban,689,23,1,0.9067
APP-007256,Male,No,0,Not Graduate,No,38012.46,0.0,105407.51,240,1,Urban,654,54,1,0.9393
APP-007257,Male,No,0,Not Graduate,No,27128.31,31016.46,212820.13,360,1,Rural,822,40,1,0.9999
APP-007258,Male,Yes,1,Graduate,No,72060.62,24979.57,252050.52,120,0,Semiurban,619,66,0,0.0766
APP-007259,Male,Yes,0,Not Graduate,No,16024.71,23003.57,108509.18,180,1,Semiurban,798,32,1,0.9986
APP-007260,Male,Yes,0,Graduate,No,45990.31,0.0,299967.35,240,1,Urban,591,63,0,0.0413
APP-007261,Male,Yes,0,Not Graduate,No,39177.09,0.0,180123.07,180,0,Semiurban,686,55,0,0.1798
APP-007262,Male,Yes,1,Graduate,No,81765.06,43470.03,500000.0,180,1,Rural,781,54,1,0.9912
APP-007263,Female,No,3+,Graduate,No,86444.7,30795.9,500000.0,360,1,Urban,776,41,1,0.9992
APP-007264,Male,No,3+,Graduate,No,23899.42,0.0,63263.0,360,1,Urban,644,63,1,0.9631
APP-007265,Female,No,1,Graduate,Yes,44012.23,0.0,220970.54,360,1,Urban,727,57,1,0.9873
APP-007266,Female,Yes,2,Graduate,No,29324.18,0.0,151483.83,360,1,Urban,716,37,1,0.9839
APP-007267,Male,Yes,0,Not Graduate,No,34155.19,0.0,91859.67,180,1,Urban,634,25,0,0.6297
APP-007268,Female,No,2,Graduate,No,56362.72,22157.05,437844.49,360,1,Semiurban,732,46,1,0.9905
APP-007269,Female,No,1,Not Graduate,No,33383.21,0.0,158239.86,360,1,Urban,838,52,1,0.9998
APP-007270,Female,Yes,1,Not Graduate,No,44652.21,19979.89,310057.3,300,1,Rural,720,58,1,0.9752
APP-007271,Female,Yes,0,Graduate,No,67948.12,0.0,500000.0,360,1,Rural,728,68,1,0.9498
APP-007272,Male,Yes,2,Not Graduate,No,92349.81,30491.43,500000.0,360,1,Semiurban,737,22,1,0.9908
APP-007273,Female,No,1,Graduate,No,47040.96,0.0,132354.42,240,0,Rural,556,52,0,0.0803
APP-007274,Male,No,1,Graduate,No,42820.45,26284.2,312391.96,240,1,Rural,719,58,1,0.9664
APP-007275,Female,No,0,Graduate,Yes,21828.91,44735.88,285473.24,300,1,Semiurban,594,31,1,0.3752
APP-007276,Female,Yes,0,Graduate,No,96008.23,0.0,248514.9,300,1,Urban,630,49,1,0.9565
APP-007277,Female,No,0,Graduate,No,52713.96,0.0,90386.26,240,1,Rural,850,54,1,1.0
APP-007278,Male,No,0,Graduate,No,43257.41,0.0,179083.31,120,1,Urban,658,55,0,0.0725
APP-007279,Female,Yes,0,Not Graduate,No,42056.83,0.0,274080.88,120,0,Urban,617,24,0,0.0
APP-007280,Female,No,2,Not Graduate,No,48940.44,9529.09,382659.46,180,1,Semiurban,778,63,1,0.5974
APP-007281,Male,No,0,Graduate,No,61358.24,11996.94,355116.32,240,1,Urban,599,37,0,0.3001
APP-007282,Male,Yes,0,Graduate,No,65680.2,21645.97,500000.0,120,1,Urban,642,43,0,0.0019
APP-007283,Male,No,2,Not Graduate,No,97337.64,0.0,448860.77,180,1,Semiurban,786,30,1,0.9437
APP-007284,Female,Yes,1,Graduate,No,45865.97,21682.86,263515.12,360,1,Urban,684,33,1,0.9858
APP-007285,Male,Yes,1,Not Graduate,No,105325.48,49589.18,500000.0,240,0,Rural,547,52,0,0.034
APP-007286,Male,Yes,0,Graduate,No,71807.76,0.0,220110.36,360,1,Rural,726,68,1,0.9973
APP-007287,Female,Yes,1,Graduate,No,38829.2,14286.0,128020.09,180,1,Semiurban,646,47,1,0.9123
APP-007288,Female,Yes,1,Graduate,No,16041.66,0.0,44025.35,240,1,Urban,811,66,1,0.9998
APP-007289,Female,Yes,1,Graduate,No,42068.7,0.0,144544.74,300,1,Urban,628,69,1,0.8643
APP-007290,Male,No,3+,Not Graduate,No,94576.36,73813.77,500000.0,360,1,Semiurban,769,39,1,0.9991
APP-007291,Male,Yes,0,Graduate,Yes,26202.37,0.0,58245.84,300,1,Urban,831,34,1,0.9999
APP-007292,Male,Yes,1,Not Graduate,No,41997.04,0.0,115499.5,360,1,Urban,608,22,1,0.7596
APP-007293,Male,No,0,Graduate,Yes,43952.75,0.0,269211.46,120,1,Urban,664,48,0,0.0008
APP-007294,Male,No,0,Not Graduate,No,67384.45,15063.33,299342.48,240,1,Semiurban,713,39,1,0.9795
APP-007295,Male,No,0,Not Graduate,No,32425.6,0.0,126374.47,360,0,Rural,607,68,1,0.2852
APP-007296,Male,Yes,2,Graduate,Yes,24880.48,0.0,89606.82,300,1,Rural,703,26,1,0.9481
APP-007297,Male,Yes,2,Not Graduate,No,54912.77,0.0,500000.0,180,1,Urban,661,30,0,0.0004
APP-007298,Female,Yes,2,Not Graduate,No,26665.8,0.0,146278.89,180,0,Urban,659,21,0,0.0087
APP-007299,Female,Yes,0,Not Graduate,No,14624.77,0.0,69832.28,360,1,Semiurban,684,55,1,0.9591
APP-007300,Male,No,1,Graduate,No,110437.45,15992.15,500000.0,180,1,Urban,686,44,1,0.8486
APP-007301,Female,Yes,1,Not Graduate,No,66827.29,15360.92,421271.03,240,1,Semiurban,694,69,1,0.7851
APP-007302,Female,Yes,1,Graduate,No,113081.41,21907.34,500000.0,180,0,Semiurban,629,34,0,0.1235
APP-007303,Male,Yes,0,Graduate,Yes,64906.76,12470.86,278781.63,180,1,Urban,633,68,0,0.4369
APP-007304,Female,Yes,2,Not Graduate,No,58349.19,0.0,268369.88,240,1,Semiurban,670,44,0,0.6786
APP-007305,Female,Yes,1,Graduate,No,49180.11,0.0,212426.96,180,1,Semiurban,676,62,1,0.5766
APP-007306,Female,Yes,3+,Not Graduate,No,36231.51,0.0,231937.15,300,1,Urban,643,46,0,0.3278
APP-007307,Male,No,1,Graduate,No,53191.75,0.0,488381.38,180,0,Semiurban,708,57,0,0.0009
APP-007308,Female,Yes,2,Graduate,No,29605.7,82040.02,365262.48,360,0,Rural,526,50,0,0.0627
APP-007309,Male,No,0,Graduate,Yes,22290.68,0.0,116521.12,300,0,Rural,618,58,0,0.1029
APP-007310,Male,Yes,0,Graduate,No,33432.23,20979.51,251106.49,240,1,Semiurban,656,29,1,0.7186
APP-007311,Female,No,3+,Graduate,No,81660.1,0.0,186017.02,300,0,Urban,607,25,1,0.4425
APP-007312,Male,Yes,1,Graduate,No,20377.29,0.0,134423.09,240,1,Semiurban,818,52,1,0.9893
APP-007313,Male,No,1,Graduate,No,20556.16,46045.16,500000.0,180,1,Semiurban,682,26,0,0.0146
APP-007314,Male,Yes,3+,Graduate,No,55560.07,0.0,342520.94,240,1,Semiurban,695,59,0,0.5584
APP-007315,Female,No,0,Graduate,No,31942.95,0.0,102463.64,300,1,Urban,639,66,1,0.937
APP-007316,Male,Yes,2,Graduate,No,52418.89,0.0,121356.59,180,1,Semiurban,679,47,1,0.9594
APP-007317,Female,Yes,0,Graduate,Yes,69176.85,0.0,393530.83,360,0,Urban,577,57,0,0.0554
APP-007318,Female,No,1,Graduate,No,51732.57,0.0,135686.0,240,0,Rural,666,67,1,0.8078
APP-007319,Male,No,0,Graduate,No,28346.67,37773.57,181374.53,180,1,Urban,600,43,1,0.6404
APP-007320,Male,Yes,2,Graduate,No,81276.61,23684.83,491662.57,120,1,Urban,656,45,0,0.0204
APP-007321,Female,No,1,Graduate,No,60365.16,47767.74,500000.0,180,0,Semiurban,462,21,0,0.0001
APP-007322,Female,No,0,Graduate,No,40731.43,48733.97,327859.84,180,0,Rural,584,69,0,0.0307
APP-007323,Female,Yes,0,Graduate,No,39661.23,0.0,154065.68,240,1,Semiurban,804,22,1,0.9982
APP-007324,Female,Yes,2,Graduate,No,49300.82,31731.77,328485.98,180,1,Urban,751,47,1,0.9766
APP-007325,Male,No,0,Not Graduate,No,33806.52,0.0,95433.22,300,1,Semiurban,792,46,1,0.9996
APP-007326,Female,Yes,1,Graduate,Yes,16363.97,0.0,58793.34,180,1,Semiurban,798,60,1,0.9938
APP-007327,Female,Yes,1,Graduate,Yes,60632.53,21756.94,169625.28,360,1,Rural,737,53,1,0.9989
APP-007328,Female,Yes,1,Not Graduate,No,58683.19,0.0,348314.26,300,1,Semiurban,642,66,0,0.413
APP-007329,Female,No,1,Not Graduate,No,12000.0,0.0,179400.36,360,1,Urban,592,26,0,0.0004
APP-007330,Male,No,3+,Graduate,No,53149.92,36667.66,393396.38,240,1,Semiurban,777,29,1,0.9927
APP-007331,Female,Yes,0,Graduate,No,105457.78,0.0,500000.0,180,1,Semiurban,685,24,1,0.4047
APP-007332,Male,Yes,2,Not Graduate,No,21585.97,0.0,81802.18,240,1,Urban,850,59,1,0.9997
APP-007333,Male,Yes,0,Graduate,No,38549.17,0.0,89660.79,240,0,Rural,649,67,1,0.7913
APP-007334,Male,Yes,0,Graduate,No,36312.22,0.0,426320.03,300,1,Urban,848,61,1,0.9479
APP-007335,Female,No,0,Graduate,No,100030.11,0.0,291466.92,360,1,Urban,667,21,1,0.9757
APP-007336,Female,No,3+,Graduate,No,74348.66,0.0,485388.42,180,0,Urban,794,30,1,0.3198
APP-007337,Female,No,2,Not Graduate,No,24757.19,0.0,116319.66,180,1,Urban,824,24,1,0.9815
APP-007338,Female,Yes,0,Graduate,No,48444.07,0.0,352354.93,360,1,Rural,593,43,0,0.1692
APP-007339,Female,No,1,Not Graduate,No,142410.59,0.0,500000.0,120,0,Semiurban,639,38,0,0.0114
APP-007340,Male,No,0,Graduate,No,28464.43,0.0,71874.8,360,0,Urban,592,58,0,0.6299
APP-007341,Male,Yes,2,Graduate,No,39889.38,0.0,126089.95,360,1,Rural,575,50,0,0.5995
APP-007342,Female,Yes,3+,Not Graduate,No,53232.75,0.0,500000.0,360,1,Semiurban,737,26,1,0.65
APP-007343,Female,Yes,3+,Graduate,No,28694.77,0.0,141255.47,180,1,Semiurban,663,45,1,0.2122
APP-007344,Female,No,1,Not Graduate,No,105848.25,0.0,500000.0,180,1,Urban,684,34,0,0.3969
APP-007345,Female,No,1,Graduate,No,30947.03,47933.37,285011.29,300,0,Rural,727,26,1,0.9617
APP-007346,Male,Yes,0,Graduate,No,18695.36,0.0,109891.65,240,0,Semiurban,522,29,0,0.0009
APP-007347,Male,Yes,0,Graduate,No,30069.3,0.0,71933.66,360,1,Urban,789,30,1,0.9998
APP-007348,Female,No,0,Graduate,No,57478.2,0.0,248341.33,240,1,Semiurban,650,34,0,0.7153
APP-007349,Female,Yes,0,Not Graduate,No,25874.27,45247.3,500000.0,240,1,Urban,725,43,0,0.7193
APP-007350,Male,Yes,1,Graduate,No,47392.04,0.0,141987.28,180,1,Urban,733,45,1,0.9886
APP-007351,Male,No,0,Graduate,No,54688.17,30475.75,266109.65,300,1,Urban,797,36,1,0.9998
APP-007352,Male,Yes,2,Not Graduate,No,20642.07,38627.52,366688.68,240,1,Semiurban,671,29,0,0.2651
APP-007353,Male,Yes,2,Graduate,No,29435.71,0.0,132129.73,240,0,Rural,499,66,0,0.0014
APP-007354,Female,Yes,1,Graduate,No,48626.99,0.0,486597.05,240,1,Semiurban,685,32,0,0.0154
APP-007355,Male,No,3+,Graduate,No,59061.04,31709.54,347204.2,300,1,Semiurban,697,29,1,0.9708
APP-007356,Male,No,2,Graduate,No,29841.9,0.0,131219.25,360,0,Urban,592,30,1,0.1757
APP-007357,Female,No,0,Graduate,No,43628.89,0.0,214498.57,120,1,Urban,693,43,0,0.0462
APP-007358,Female,Yes,2,Graduate,No,34332.07,0.0,90196.07,180,1,Semiurban,649,65,1,0.8204
APP-007359,Male,Yes,2,Not Graduate,No,59893.16,0.0,142335.28,300,1,Rural,566,47,0,0.4597
APP-007360,Male,No,0,Graduate,No,53405.95,19295.54,165830.69,360,1,Semiurban,737,39,1,0.9994
APP-007361,Male,Yes,1,Graduate,Yes,32682.15,0.0,31446.77,240,1,Urban,632,45,1,0.9715
APP-007362,Male,Yes,0,Graduate,No,52215.99,0.0,214245.97,240,0,Urban,645,42,0,0.4436
APP-007363,Male,Yes,0,Graduate,No,31986.55,27313.1,140792.53,360,1,Urban,641,51,1,0.9867
APP-007364,Male,Yes,3+,Graduate,No,51614.04,6073.95,192962.2,300,1,Urban,785,26,1,0.9992
APP-007365,Male,No,3+,Not Graduate,No,52011.08,0.0,350896.67,240,0,Semiurban,677,24,0,0.0239
APP-007366,Female,Yes,2,Not Graduate,No,147868.05,24820.99,480987.48,120,1,Urban,687,49,1,0.7023
APP-007367,Female,Yes,0,Graduate,Yes,33358.1,0.0,193972.44,300,0,Urban,643,46,0,0.1935
APP-007368,Female,Yes,0,Graduate,No,37134.52,22601.29,125066.04,240,1,Semiurban,719,30,1,0.9972
APP-007369,Female,Yes,1,Graduate,No,28113.99,0.0,88059.77,300,1,Urban,795,44,1,0.9997
APP-007370,Female,Yes,0,Graduate,No,22741.51,0.0,212229.97,360,1,Urban,735,48,1,0.9139
APP-007371,Male,Yes,1,Graduate,Yes,31224.14,60723.83,323339.04,240,1,Rural,738,50,1,0.9894
APP-007372,Female,Yes,0,Not Graduate,No,57861.38,16554.7,500000.0,240,1,Rural,732,47,1,0.7717
APP-007373,Female,Yes,3+,Graduate,No,60210.61,0.0,500000.0,180,1,Rural,563,43,0,0.0001
APP-007374,Male,Yes,0,Graduate,No,47222.41,12715.55,211627.24,360,1,Urban,606,46,0,0.9019
APP-007375,Female,No,0,Not Graduate,No,34109.44,0.0,107769.57,360,1,Rural,663,29,1,0.9507
APP-007376,Female,No,0,Graduate,No,30596.59,18687.13,79477.88,360,1,Semiurban,618,42,1,0.977
APP-007377,Female,Yes,0,Not Graduate,No,24239.61,20486.09,217426.22,360,0,Urban,590,26,1,0.1293
APP-007378,Male,No,0,Not Graduate,No,29546.24,19850.77,249774.31,300,0,Urban,521,28,0,0.006
APP-007379,Female,No,1,Graduate,No,19686.33,0.0,118718.4,360,1,Urban,566,42,0,0.1814
APP-007380,Male,No,2,Graduate,No,84695.87,77380.63,500000.0,240,1,Urban,658,38,1,0.9413
APP-007381,Female,No,2,Graduate,No,110242.01,28073.41,371621.32,360,1,Urban,674,69,1,0.9902
APP-007382,Female,Yes,2,Graduate,No,13839.41,0.0,136936.49,240,0,Urban,613,39,0,0.0004
APP-007383,Male,Yes,3+,Not Graduate,No,47056.06,10965.0,217893.54,300,1,Urban,687,59,1,0.9669
APP-007384,Female,No,0,Not Graduate,No,46629.12,0.0,234129.97,180,1,Urban,643,56,1,0.1365
APP-007385,Female,Yes,2,Not Graduate,Yes,45019.22,0.0,186188.28,240,1,Urban,773,62,1,0.9883
APP-007386,Male,No,0,Graduate,No,28969.26,10085.39,117666.19,240,1,Rural,666,69,1,0.9544
APP-007387,Female,No,1,Graduate,No,70430.57,0.0,175064.45,240,1,Urban,739,69,1,0.9976
APP-007388,Male,Yes,2,Graduate,No,50300.11,26720.45,360939.13,300,1,Rural,697,56,0,0.9624
APP-007389,Male,Yes,1,Graduate,No,70881.66,0.0,195808.19,360,0,Rural,561,58,1,0.2208
APP-007390,Female,Yes,0,Graduate,No,26752.1,0.0,103278.23,360,0,Semiurban,672,43,1,0.8979
APP-007391,Male,No,0,Graduate,No,18755.63,10904.65,105040.04,240,0,Semiurban,575,40,0,0.1154
APP-007392,Male,Yes,3+,Graduate,No,50980.48,16327.02,243777.6,360,1,Semiurban,671,35,1,0.9703
APP-007393,Male,Yes,3+,Graduate,No,23632.57,28430.27,98766.48,300,1,Rural,617,41,1,0.9265
APP-007394,Male,Yes,2,Graduate,No,71684.5,0.0,73484.58,240,1,Rural,712,29,1,0.9974
APP-007395,Female,Yes,0,Graduate,No,12460.99,0.0,77491.93,360,1,Semiurban,566,59,0,0.1646
APP-007396,Female,Yes,0,Graduate,No,31017.38,18453.4,349972.63,180,1,Rural,681,28,0,0.029
APP-007397,Female,Yes,0,Graduate,No,28602.32,22657.62,69002.98,360,1,Rural,729,65,1,0.9995
APP-007398,Female,Yes,1,Graduate,No,33429.46,15013.09,249276.53,180,1,Semiurban,757,28,1,0.8681
APP-007399,Female,Yes,0,Graduate,No,46332.76,31278.49,364843.99,360,1,Urban,615,44,1,0.8428
APP-007400,Male,No,0,Not Graduate,No,49907.65,0.0,117254.43,360,1,Semiurban,682,48,1,0.9919
APP-007401,Male,Yes,1,Graduate,Yes,57059.83,0.0,364357.95,240,1,Urban,696,30,0,0.4062
APP-007402,Female,Yes,0,Graduate,No,60793.76,0.0,432539.87,120,1,Rural,812,46,0,0.0213
APP-007403,Female,No,0,Graduate,No,36521.66,0.0,250791.79,180,0,Urban,554,64,0,0.0001
APP-007404,Male,Yes,1,Not Graduate,No,128000.24,0.0,500000.0,180,0,Semiurban,603,61,0,0.0238
APP-007405,Male,Yes,2,Graduate,No,86068.58,49402.53,500000.0,360,1,Urban,850,67,1,1.0
APP-007406,Male,Yes,0,Graduate,No,33806.44,0.0,99136.14,300,1,Urban,657,41,1,0.9747
APP-007407,Male,No,1,Not Graduate,No,37224.39,0.0,159937.26,180,0,Rural,519,25,0,0.0004
APP-007408,Male,Yes,0,Graduate,No,33417.12,23338.43,287781.26,240,0,Semiurban,630,37,1,0.1422
APP-007409,Female,Yes,0,Not Graduate,No,49011.7,0.0,413886.25,240,0,Urban,445,22,0,0.0
APP-007410,Male,No,2,Graduate,No,23515.95,21439.91,171174.78,300,1,Semiurban,700,21,1,0.9683
APP-007411,Male,No,0,Not Graduate,No,25997.47,40442.61,213098.88,240,1,Urban,749,22,1,0.9942
APP-007412,Male,No,1,Graduate,Yes,12184.85,30883.68,87227.33,360,1,Urban,603,32,1,0.8893
APP-007413,Female,Yes,0,Graduate,No,32232.71,25524.56,364724.65,300,1,Urban,640,21,0,0.4311
APP-007414,Male,Yes,1,Not Graduate,No,72086.17,21170.54,436802.41,180,1,Rural,759,65,1,0.9134
APP-007415,Female,Yes,0,Graduate,No,36913.94,0.0,106553.87,240,0,Rural,531,22,0,0.0178
APP-007416,Male,Yes,0,Graduate,No,38067.3,18191.54,339238.9,300,0,Rural,568,28,0,0.015
APP-007417,Female,Yes,1,Graduate,No,46769.55,27923.78,273230.98,360,1,Semiurban,661,61,1,0.9744
APP-007418,Male,No,3+,Graduate,Yes,23127.31,0.0,54319.39,180,1,Semiurban,616,28,0,0.4076
APP-007419,Male,Yes,0,Graduate,No,40696.91,58563.64,500000.0,240,1,Urban,655,65,0,0.7219
APP-007420,Female,Yes,1,Not Graduate,No,65491.87,0.0,110336.26,300,0,Semiurban,573,44,1,0.3481
APP-007421,Male,Yes,0,Graduate,No,47505.93,0.0,216061.52,240,1,Semiurban,698,26,1,0.887
APP-007422,Male,No,2,Graduate,No,68733.4,0.0,278764.19,240,0,Rural,667,43,1,0.4767
APP-007423,Male,Yes,3+,Graduate,No,80440.46,12183.24,188878.65,240,1,Rural,727,49,1,0.9974
APP-007424,Male,Yes,1,Not Graduate,No,57781.53,0.0,285175.92,180,1,Rural,697,31,0,0.3287
APP-007425,Male,Yes,3+,Graduate,No,27109.73,0.0,84591.52,300,1,Rural,698,62,1,0.983
APP-007426,Female,Yes,3+,Graduate,No,33213.96,0.0,302047.01,360,1,Rural,557,32,1,0.0068
APP-007427,Male,No,2,Graduate,No,116112.97,23291.83,500000.0,360,1,Urban,722,43,1,0.9972
APP-007428,Female,No,0,Not Graduate,Yes,47705.06,27568.24,354477.68,240,1,Urban,652,63,0,0.548
APP-007429,Female,Yes,2,Graduate,No,44334.84,0.0,61590.45,240,1,Urban,666,55,1,0.9912
APP-007430,Male,Yes,0,Graduate,No,25009.78,0.0,83030.77,240,1,Urban,769,68,1,0.9984
APP-007431,Male,Yes,0,Graduate,No,38165.85,14761.87,169726.16,180,1,Rural,619,49,0,0.5743
APP-007432,Male,Yes,1,Graduate,No,59516.3,0.0,437428.65,300,1,Semiurban,795,33,1,0.9847
APP-007433,Male,Yes,1,Not Graduate,No,40463.89,0.0,186885.72,180,1,Urban,803,32,1,0.9794
APP-007434,Male,Yes,1,Graduate,No,30162.12,11071.92,202728.53,240,1,Semiurban,744,28,1,0.9707
APP-007435,Female,Yes,0,Graduate,Yes,34266.98,22619.41,383320.85,180,1,Semiurban,597,58,0,0.0025
APP-007436,Male,No,0,Not Graduate,Yes,77304.23,0.0,500000.0,180,0,Urban,494,22,0,0.0
APP-007437,Male,Yes,0,Graduate,No,57946.73,0.0,476274.34,300,1,Urban,772,57,1,0.9636
APP-007438,Male,Yes,2,Graduate,Yes,53837.32,0.0,293464.25,360,1,Semiurban,689,68,1,0.8919
APP-007439,Male,Yes,2,Graduate,Yes,51148.33,39206.11,340841.04,300,0,Urban,617,35,0,0.2925
APP-007440,Male,No,0,Not Graduate,No,20938.26,8839.98,154392.79,180,1,Urban,780,40,1,0.9504
APP-007441,Male,Yes,0,Not Graduate,Yes,46620.33,0.0,195818.98,240,0,Semiurban,607,38,0,0.0472
APP-007442,Male,No,0,Graduate,No,72215.08,26416.12,500000.0,300,0,Rural,644,58,0,0.4469
APP-007443,Female,Yes,1,Not Graduate,No,34769.41,0.0,114805.3,360,1,Urban,725,64,1,0.9961
APP-007444,Male,Yes,0,Not Graduate,No,68705.56,16504.4,500000.0,360,1,Rural,585,45,0,0.2697
APP-007445,Male,Yes,2,Not Graduate,No,54169.58,18021.52,314268.59,180,1,Semiurban,671,56,1,0.4585
APP-007446,Male,No,2,Not Graduate,No,63273.39,19246.35,418534.17,300,1,Rural,773,42,1,0.9938
APP-007447,Female,No,1,Graduate,No,41275.12,20359.07,153376.38,180,1,Semiurban,698,67,1,0.9796
APP-007448,Female,Yes,1,Graduate,No,65357.15,0.0,246346.43,240,1,Rural,786,69,1,0.9975
APP-007449,Male,Yes,1,Graduate,No,17933.49,0.0,93466.85,360,1,Urban,776,35,1,0.9982
APP-007450,Female,Yes,0,Graduate,Yes,40873.21,0.0,160523.88,360,0,Urban,681,34,1,0.8619
APP-007451,Female,No,2,Graduate,No,59406.46,11436.84,105047.46,240,0,Urban,481,26,0,0.0221
APP-007452,Female,Yes,1,Graduate,Yes,47238.51,0.0,115571.77,360,1,Urban,586,60,1,0.7631
APP-007453,Male,No,0,Graduate,Yes,73320.32,0.0,364546.66,240,1,Semiurban,745,52,1,0.963
APP-007454,Male,Yes,0,Graduate,No,36812.61,0.0,308822.54,120,1,Semiurban,548,58,0,0.0
APP-007455,Female,Yes,1,Graduate,No,29699.92,0.0,114032.04,360,1,Semiurban,652,30,1,0.9275
APP-007456,Male,No,3+,Graduate,No,16293.29,0.0,55742.01,360,1,Rural,709,43,1,0.991
APP-007457,Female,No,0,Graduate,Yes,34539.83,0.0,236424.45,240,1,Urban,805,61,1,0.9707
APP-007458,Female,Yes,0,Graduate,No,53331.44,0.0,228475.5,360,0,Urban,631,58,1,0.6587
APP-007459,Female,Yes,0,Not Graduate,No,60995.46,0.0,363285.32,120,1,Urban,625,62,0,0.0003
APP-007460,Male,No,0,Graduate,Yes,18591.28,0.0,69381.45,300,1,Semiurban,676,59,1,0.9476
APP-007461,Female,Yes,1,Not Graduate,No,76605.86,31812.63,384987.36,360,1,Urban,710,35,1,0.9935
APP-007462,Male,Yes,0,Not Graduate,Yes,23483.86,26709.62,309750.26,360,1,Urban,667,29,0,0.733
APP-007463,Female,Yes,0,Graduate,No,37547.74,13650.62,295399.83,300,1,Semiurban,769,60,1,0.9952
APP-007464,Male,Yes,3+,Graduate,Yes,29353.03,27868.32,211147.63,240,0,Urban,612,23,0,0.0797
APP-007465,Female,Yes,0,Graduate,Yes,50487.82,0.0,129779.18,360,1,Rural,690,21,1,0.9781
APP-007466,Female,Yes,0,Graduate,No,42266.12,27737.08,140809.66,360,0,Rural,718,40,1,0.9946
APP-007467,Female,No,0,Graduate,No,58272.33,0.0,124371.24,180,1,Rural,646,42,1,0.9168
APP-007468,Male,Yes,2,Graduate,Yes,110646.15,0.0,354738.58,120,1,Semiurban,751,37,0,0.7993
APP-007469,Male,Yes,3+,Graduate,No,49952.05,0.0,245557.4,240,1,Semiurban,693,49,1,0.8232
APP-007470,Male,Yes,2,Graduate,No,29226.36,10980.4,81003.96,300,1,Urban,747,44,1,0.9995
APP-007471,Female,Yes,1,Graduate,No,51719.39,0.0,107303.69,180,1,Rural,696,67,1,0.981
APP-007472,Male,Yes,1,Not Graduate,No,116987.99,0.0,500000.0,300,1,Urban,712,30,1,0.9707
APP-007473,Male,Yes,1,Graduate,Yes,57583.26,4543.1,500000.0,240,0,Semiurban,626,29,0,0.0021
APP-007474,Male,Yes,3+,Graduate,No,67516.78,0.0,469810.25,360,1,Urban,626,34,0,0.3531
APP-007475,Female,Yes,3+,Graduate,No,16706.16,21478.99,71073.25,240,1,Rural,784,65,1,0.9997
APP-007476,Male,Yes,2,Graduate,No,49651.47,12269.28,314862.27,360,1,Semiurban,734,56,1,0.9938
APP-007477,Female,No,3+,Graduate,No,34633.97,0.0,226998.65,360,1,Urban,593,47,0,0.2277
APP-007478,Male,Yes,1,Graduate,Yes,27609.95,0.0,94189.57,240,1,Urban,695,42,1,0.9567
APP-007479,Male,Yes,1,Graduate,No,39645.21,0.0,151923.5,180,0,Urban,478,31,0,0.0005
APP-007480,Female,Yes,2,Not Graduate,No,42605.93,7607.1,248726.17,360,1,Rural,631,62,1,0.703
APP-007481,Male,Yes,0,Graduate,No,28469.38,37732.89,351506.29,240,1,Urban,762,48,1,0.9899
APP-007482,Male,Yes,1,Graduate,No,44518.28,17401.5,312794.09,300,0,Semiurban,669,60,0,0.652
APP-007483,Female,No,1,Graduate,Yes,36482.29,0.0,215455.23,120,1,Urban,690,27,0,0.0015
APP-007484,Male,Yes,3+,Not Graduate,No,59061.9,0.0,277447.14,240,0,Semiurban,424,21,0,0.0
APP-007485,Male,No,0,Graduate,Yes,45486.29,25172.78,227295.04,300,0,Rural,647,31,0,0.6284
APP-007486,Male,No,1,Not Graduate,No,49353.2,9550.51,205426.09,300,1,Rural,709,46,1,0.988
APP-007487,Male,Yes,0,Graduate,No,68779.66,0.0,206495.99,360,1,Semiurban,720,50,1,0.9979
APP-007488,Male,No,1,Not Graduate,Yes,54460.22,0.0,188668.91,300,1,Semiurban,762,25,1,0.9929
APP-007489,Female,Yes,2,Not Graduate,No,40000.75,0.0,219570.72,240,0,Urban,662,63,0,0.1249
APP-007490,Male,Yes,2,Graduate,No,12736.04,0.0,38347.61,300,1,Semiurban,666,64,1,0.9647
APP-007491,Female,Yes,2,Graduate,No,53239.21,10060.08,436747.3,120,0,Rural,567,34,0,0.0
APP-007492,Female,Yes,1,Not Graduate,No,24305.12,14174.0,105148.31,180,0,Urban,663,28,1,0.5372
APP-007493,Female,No,1,Graduate,Yes,38275.65,0.0,178800.78,240,1,Semiurban,573,52,0,0.0648
APP-007494,Female,Yes,0,Graduate,No,49221.01,0.0,305650.09,120,0,Rural,523,21,0,0.0
APP-007495,Female,Yes,3+,Graduate,Yes,83547.11,0.0,435881.66,120,0,Rural,588,50,0,0.0
APP-007496,Female,Yes,1,Not Graduate,No,110556.01,0.0,205235.22,120,1,Semiurban,808,30,1,0.9983
APP-007497,Male,No,0,Not Graduate,No,24181.18,0.0,109457.95,180,1,Semiurban,657,37,1,0.2643
APP-007498,Female,No,3+,Graduate,No,19463.1,0.0,59531.89,360,1,Semiurban,699,46,1,0.9918
APP-007499,Female,Yes,1,Graduate,No,48009.03,0.0,112886.93,240,0,Urban,636,25,1,0.643
APP-007500,Female,Yes,2,Graduate,No,45859.39,22273.18,321099.67,360,1,Rural,528,40,0,0.1016
APP-007501,Female,Yes,0,Graduate,No,20722.35,49053.27,169570.28,360,1,Urban,760,29,1,0.9997
APP-007502,Female,No,0,Graduate,No,39770.01,30627.98,335066.54,360,1,Urban,495,36,0,0.0592
APP-007503,Female,Yes,1,Graduate,No,55750.83,0.0,457639.21,180,1,Semiurban,633,49,0,0.0013
APP-007504,Male,No,0,Graduate,No,20402.58,0.0,99650.47,240,1,Semiurban,675,56,1,0.8125
APP-007505,Male,No,2,Graduate,No,23224.85,0.0,89162.27,240,1,Urban,700,69,1,0.9548
APP-007506,Female,Yes,1,Graduate,No,28161.53,0.0,111680.26,240,0,Semiurban,618,46,0,0.2046
APP-007507,Male,Yes,0,Graduate,No,35712.53,0.0,229704.86,120,1,Semiurban,524,47,0,0.0
APP-007508,Male,Yes,1,Not Graduate,No,58787.49,0.0,218418.06,180,1,Semiurban,612,24,0,0.1059
APP-007509,Male,Yes,2,Graduate,No,33538.04,8429.83,145110.01,300,0,Semiurban,616,43,1,0.4831
APP-007510,Male,No,1,Graduate,No,41374.67,28413.21,195658.08,300,0,Urban,614,57,1,0.6989
APP-007511,Female,Yes,0,Graduate,No,138053.67,16416.59,440393.92,240,1,Rural,762,38,1,0.9988
APP-007512,Male,No,1,Graduate,No,23718.94,17544.08,262940.13,240,0,Rural,577,38,0,0.0047
APP-007513,Female,Yes,1,Graduate,No,28025.04,32032.35,205739.83,300,0,Semiurban,706,25,1,0.9396
APP-007514,Male,No,0,Graduate,No,58276.19,67423.67,500000.0,300,1,Semiurban,693,58,1,0.9852
APP-007515,Male,Yes,0,Graduate,No,69107.86,21179.08,500000.0,360,1,Semiurban,762,62,1,0.9976
APP-007516,Female,Yes,0,Graduate,Yes,50419.86,0.0,139794.91,360,0,Rural,669,63,1,0.8853
APP-007517,Female,No,0,Graduate,No,108546.31,12604.39,361133.86,300,1,Urban,747,25,1,0.9986
APP-007518,Female,No,0,Not Graduate,Yes,47791.39,50972.71,500000.0,240,1,Semiurban,665,38,0,0.5055
APP-007519,Male,Yes,3+,Graduate,No,13536.47,0.0,61472.77,240,1,Semiurban,717,28,1,0.9078
APP-007520,Male,Yes,1,Graduate,Yes,42334.08,0.0,166519.8,120,1,Urban,552,57,0,0.0013
APP-007521,Male,No,0,Graduate,No,29318.06,55820.55,446774.74,240,0,Semiurban,456,47,0,0.0004
APP-007522,Female,Yes,0,Not Graduate,No,85913.52,16615.32,500000.0,360,1,Rural,712,38,1,0.9831
APP-007523,Female,Yes,0,Graduate,Yes,68223.42,0.0,285793.13,300,1,Urban,717,27,1,0.9747
APP-007524,Female,Yes,0,Graduate,Yes,16741.9,0.0,55252.85,300,1,Urban,720,35,1,0.992
APP-007525,Female,No,2,Graduate,No,84345.35,0.0,379053.62,180,0,Semiurban,635,40,0,0.0394
APP-007526,Female,Yes,1,Graduate,No,67282.29,0.0,199692.0,300,1,Urban,807,51,1,0.9999
APP-007527,Female,Yes,3+,Graduate,No,33575.3,0.0,152630.28,180,1,Urban,641,52,0,0.2121
APP-007528,Male,No,0,Graduate,No,38440.12,0.0,164015.87,240,1,Rural,716,38,1,0.9634
APP-007529,Male,No,0,Graduate,No,86309.71,0.0,254883.34,300,1,Semiurban,731,27,1,0.9963
APP-007530,Male,Yes,2,Not Graduate,No,13570.7,0.0,48219.73,120,1,Urban,826,31,1,0.9692
APP-007531,Male,Yes,1,Graduate,No,51275.53,26264.14,285684.35,240,1,Semiurban,653,59,1,0.8868
APP-007532,Male,No,2,Graduate,No,73231.09,0.0,434220.61,180,1,Urban,624,49,0,0.024
APP-007533,Female,No,0,Graduate,No,38223.58,0.0,109908.53,180,1,Urban,553,61,0,0.1707
APP-007534,Male,Yes,0,Graduate,No,57316.88,0.0,169753.48,240,1,Semiurban,812,28,1,0.9996
APP-007535,Male,Yes,0,Graduate,No,42477.72,6535.57,176614.47,300,0,Urban,716,21,1,0.9577
APP-007536,Female,Yes,0,Graduate,No,26076.2,0.0,143280.38,240,1,Rural,719,21,1,0.8004
APP-007537,Male,No,1,Graduate,Yes,25720.24,0.0,152104.99,120,1,Urban,850,34,1,0.3526
APP-007538,Female,Yes,2,Graduate,No,59371.0,0.0,284761.08,240,1,Urban,708,31,1,0.9
APP-007539,Male,Yes,3+,Not Graduate,Yes,28292.76,0.0,166381.43,180,1,Semiurban,569,49,0,0.0009
APP-007540,Female,Yes,0,Graduate,Yes,17352.3,9550.62,193493.02,360,0,Rural,663,43,0,0.2763
APP-007541,Female,No,0,Graduate,No,42929.7,0.0,196456.79,360,0,Urban,597,50,0,0.3281
APP-007542,Female,Yes,2,Not Graduate,No,30266.76,0.0,89955.48,300,1,Semiurban,646,42,0,0.9037
APP-007543,Male,Yes,0,Graduate,No,20753.92,0.0,85447.17,300,0,Semiurban,646,42,1,0.6159
APP-007544,Female,No,1,Graduate,Yes,41750.27,0.0,96442.03,360,1,Rural,630,54,1,0.926
APP-007545,Female,Yes,0,Graduate,No,61206.1,18201.87,404326.86,240,0,Urban,562,45,0,0.0205
APP-007546,Male,Yes,0,Graduate,No,40582.11,33310.63,252488.46,300,1,Rural,815,68,1,0.9998
APP-007547,Female,Yes,0,Graduate,No,22327.35,22822.8,202436.51,240,1,Urban,705,35,1,0.9616
APP-007548,Male,Yes,0,Graduate,No,52312.57,0.0,214651.94,240,0,Rural,661,31,0,0.4225
APP-007549,Female,No,2,Graduate,Yes,70922.0,0.0,254481.0,360,1,Urban,744,54,1,0.997
APP-007550,Male,No,1,Not Graduate,Yes,135559.89,70458.97,500000.0,360,1,Semiurban,720,21,1,0.9917
APP-007551,Male,No,0,Graduate,No,88699.92,0.0,357484.73,240,1,Urban,703,34,1,0.9645
APP-007552,Female,No,0,Graduate,No,23087.64,20351.52,139441.43,360,1,Urban,738,33,1,0.9989
APP-007553,Female,No,1,Not Graduate,No,64340.56,41619.24,275612.89,300,1,Urban,691,22,0,0.984
APP-007554,Female,No,1,Not Graduate,No,46216.32,0.0,231253.39,240,1,Semiurban,737,40,1,0.9422
APP-007555,Female,Yes,1,Graduate,No,21297.51,28447.92,123229.53,300,1,Urban,744,66,1,0.9992
APP-007556,Male,Yes,0,Graduate,Yes,46914.75,0.0,448540.01,360,1,Rural,694,48,1,0.4508
APP-007557,Female,Yes,1,Graduate,No,115297.63,19210.92,500000.0,360,0,Urban,661,55,1,0.906
APP-007558,Male,Yes,1,Graduate,No,77476.14,0.0,161506.36,300,1,Urban,810,62,1,0.9999
APP-007559,Female,Yes,0,Graduate,No,22985.13,0.0,129959.89,240,1,Urban,639,57,1,0.3931
APP-007560,Male,Yes,3+,Not Graduate,Yes,40438.78,0.0,287732.71,300,1,Rural,713,39,0,0.5195
APP-007561,Male,Yes,3+,Graduate,No,52597.35,0.0,172245.28,240,1,Semiurban,715,29,1,0.9736
APP-007562,Male,Yes,0,Graduate,Yes,15499.34,35398.0,254120.9,300,1,Semiurban,628,40,0,0.5869
APP-007563,Female,Yes,1,Graduate,Yes,15795.96,0.0,63651.54,360,1,Rural,611,50,0,0.6539
APP-007564,Female,No,0,Graduate,No,43697.46,0.0,253185.3,360,1,Semiurban,650,30,0,0.7804
APP-007565,Male,No,2,Graduate,No,44012.16,0.0,153484.69,240,1,Urban,638,43,1,0.8084
APP-007566,Male,Yes,0,Graduate,No,14598.14,24070.49,260163.79,240,0,Urban,556,59,0,0.0029
APP-007567,Female,No,0,Graduate,Yes,49681.38,0.0,198561.65,240,0,Urban,625,54,0,0.2075
APP-007568,Male,Yes,2,Not Graduate,No,72971.88,0.0,269721.14,240,1,Semiurban,703,68,1,0.9363
APP-007569,Female,Yes,0,Graduate,No,35594.06,27343.71,359228.55,360,1,Urban,788,26,1,0.9985
APP-007570,Female,Yes,3+,Graduate,No,41477.09,28530.88,447613.66,180,1,Rural,727,38,0,0.2454
APP-007571,Male,Yes,2,Graduate,Yes,54955.36,10330.23,97263.93,360,0,Semiurban,459,59,0,0.0134
APP-007572,Female,No,2,Graduate,Yes,51096.24,30769.7,94467.5,240,1,Rural,735,40,1,0.9987
APP-007573,Male,Yes,0,Graduate,No,16030.65,0.0,79698.85,300,0,Semiurban,633,67,0,0.3008
APP-007574,Male,Yes,0,Graduate,No,24396.22,30842.55,174821.11,360,1,Semiurban,719,24,1,0.9963
APP-007575,Male,No,2,Graduate,No,32282.5,0.0,75949.4,300,1,Semiurban,679,55,1,0.9885
APP-007576,Female,Yes,1,Graduate,No,24997.85,0.0,90062.69,300,0,Semiurban,664,43,1,0.7994
APP-007577,Male,No,2,Graduate,No,89934.12,0.0,500000.0,120,1,Semiurban,671,42,0,0.0032
APP-007578,Male,Yes,1,Graduate,No,56894.94,0.0,133309.43,180,1,Semiurban,678,38,1,0.9576
APP-007579,Female,Yes,2,Graduate,No,21799.69,0.0,138440.35,300,1,Rural,794,37,1,0.9916
APP-007580,Male,Yes,2,Not Graduate,No,35671.79,0.0,107956.05,240,1,Rural,678,59,1,0.9284
APP-007581,Male,Yes,1,Not Graduate,No,74735.89,6223.99,179552.88,300,1,Semiurban,772,68,1,0.9995
APP-007582,Female,Yes,1,Graduate,Yes,28129.34,26897.94,178118.8,240,1,Rural,760,33,1,0.995
APP-007583,Female,No,2,Graduate,No,64110.99,0.0,144170.0,180,0,Urban,737,40,1,0.9781
APP-007584,Female,No,1,Not Graduate,No,85883.66,0.0,180795.52,360,0,Urban,528,64,0,0.1035
APP-007585,Male,Yes,1,Graduate,No,78345.01,0.0,241028.05,360,1,Semiurban,775,24,1,0.9992
APP-007586,Female,Yes,3+,Graduate,No,44321.37,0.0,115683.21,360,1,Urban,641,66,1,0.9574
APP-007587,Male,No,2,Graduate,No,79862.66,42211.98,487316.94,180,1,Semiurban,741,57,1,0.963
APP-007588,Male,Yes,3+,Graduate,No,30114.71,0.0,138501.82,240,1,Rural,597,34,0,0.126
APP-007589,Male,Yes,1,Graduate,Yes,157508.51,0.0,470787.23,240,1,Urban,579,30,0,0.2919
APP-007590,Female,No,0,Not Graduate,Yes,45819.6,0.0,259307.96,360,1,Semiurban,848,59,1,0.9995
APP-007591,Female,No,3+,Graduate,No,75413.14,0.0,238438.78,300,1,Urban,599,60,1,0.713
APP-007592,Male,Yes,0,Graduate,No,32889.05,0.0,130848.39,360,0,Urban,777,29,1,0.9963
APP-007593,Female,Yes,0,Not Graduate,No,52821.73,24494.57,124180.87,360,1,Urban,690,24,1,0.9957
APP-007594,Male,Yes,0,Graduate,No,54117.07,7822.34,273994.65,180,1,Urban,644,46,0,0.4449
APP-007595,Male,No,2,Not Graduate,No,24080.11,0.0,282821.84,240,0,Rural,676,54,0,0.0002
APP-007596,Male,No,1,Not Graduate,Yes,23691.13,78285.92,500000.0,240,1,Semiurban,569,69,0,0.0299
APP-007597,Male,No,1,Graduate,No,35865.23,18782.3,215562.89,240,0,Urban,679,27,1,0.6897
APP-007598,Male,Yes,2,Not Graduate,No,73712.89,0.0,186614.04,360,0,Rural,588,47,0,0.3192
APP-007599,Male,Yes,2,Not Graduate,No,14657.61,22461.06,329825.62,180,1,Semiurban,646,27,0,0.0003
APP-007600,Male,Yes,0,Graduate,No,32873.85,16960.09,197600.69,360,1,Semiurban,759,40,1,0.9991
APP-007601,Female,Yes,2,Graduate,No,82489.8,19359.33,320679.04,180,1,Semiurban,702,47,1,0.9564
APP-007602,Male,Yes,1,Graduate,No,20380.4,0.0,64896.9,360,0,Rural,554,34,0,0.1138
APP-007603,Female,No,3+,Not Graduate,No,79989.08,15791.33,500000.0,180,1,Semiurban,752,22,1,0.6234
APP-007604,Female,Yes,0,Graduate,Yes,21584.14,35021.22,228818.21,300,1,Semiurban,679,29,1,0.9323
APP-007605,Female,Yes,0,Graduate,No,24243.46,17826.33,219661.26,300,0,Urban,634,63,0,0.3953
APP-007606,Female,No,0,Graduate,No,37013.13,0.0,144008.31,240,1,Urban,743,67,1,0.9928
APP-007607,Female,Yes,0,Graduate,No,112465.58,0.0,465586.97,360,1,Urban,666,34,1,0.9661
APP-007608,Female,No,1,Graduate,No,28225.92,16052.8,155912.86,360,1,Semiurban,581,41,1,0.7087
APP-007609,Male,Yes,2,Graduate,No,15473.29,20002.47,286831.58,180,0,Rural,837,61,0,0.2735
APP-007610,Male,No,1,Graduate,No,18563.18,23562.56,183182.55,240,1,Urban,679,55,1,0.9245
APP-007611,Male,Yes,2,Graduate,No,67008.28,0.0,151606.97,240,0,Rural,673,45,1,0.8869
APP-007612,Female,Yes,1,Graduate,No,19051.34,0.0,96978.75,240,0,Urban,646,36,0,0.1735
APP-007613,Male,Yes,1,Graduate,No,77140.25,39639.7,472789.73,180,1,Rural,780,43,1,0.9895
APP-007614,Female,Yes,0,Graduate,Yes,41705.36,16680.03,295471.48,180,1,Urban,635,67,0,0.0973
APP-007615,Female,Yes,3+,Not Graduate,No,39428.76,0.0,144789.29,360,0,Semiurban,549,55,0,0.049
APP-007616,Female,No,1,Graduate,Yes,47264.62,35648.89,277084.03,360,0,Semiurban,622,35,1,0.529
APP-007617,Female,Yes,3+,Graduate,No,25835.22,0.0,164696.61,180,1,Rural,793,62,1,0.732
APP-007618,Male,No,1,Graduate,Yes,43296.61,0.0,426105.25,360,1,Urban,751,52,1,0.8578
APP-007619,Male,Yes,1,Graduate,Yes,20822.93,0.0,38457.55,180,0,Rural,658,40,0,0.6929
APP-007620,Male,No,2,Graduate,No,84279.17,0.0,372803.86,300,1,Rural,797,32,1,0.9983
APP-007621,Male,No,2,Not Graduate,No,22810.76,10929.46,112800.67,180,1,Urban,744,27,1,0.9711
APP-007622,Female,Yes,0,Graduate,No,51092.06,0.0,144500.44,240,1,Urban,657,66,1,0.955
APP-007623,Male,Yes,3+,Graduate,Yes,22717.42,66881.87,144736.26,240,1,Semiurban,666,21,1,0.951
APP-007624,Male,Yes,0,Graduate,No,29933.62,0.0,150105.33,360,1,Urban,708,38,1,0.9869
APP-007625,Male,Yes,0,Graduate,Yes,32675.88,12082.72,153504.38,240,0,Urban,609,27,0,0.1762
APP-007626,Male,No,0,Not Graduate,No,206848.39,0.0,500000.0,360,1,Semiurban,680,30,1,0.9863
APP-007627,Male,No,1,Graduate,No,39817.22,0.0,291638.64,180,1,Urban,706,64,0,0.0603
APP-007628,Female,Yes,1,Graduate,No,25544.02,0.0,89359.6,300,0,Urban,537,30,0,0.0405
APP-007629,Male,Yes,3+,Graduate,No,31429.25,23741.43,189352.76,180,1,Rural,664,47,1,0.7338
APP-007630,Male,No,1,Graduate,Yes,17543.35,8000.88,59693.34,180,1,Urban,654,53,1,0.9127
APP-007631,Male,Yes,2,Not Graduate,No,36697.64,0.0,103976.89,240,1,Semiurban,767,51,1,0.9978
APP-007632,Female,Yes,1,Not Graduate,No,111090.19,0.0,500000.0,180,0,Semiurban,523,58,0,0.0006
APP-007633,Female,Yes,1,Not Graduate,No,48282.37,0.0,271043.65,360,0,Semiurban,648,44,0,0.3694
APP-007634,Male,Yes,1,Graduate,No,65964.4,0.0,500000.0,300,0,Semiurban,639,35,0,0.0441
APP-007635,Male,Yes,0,Graduate,No,24331.6,0.0,71059.27,300,1,Rural,762,47,1,0.9992
APP-007636,Female,Yes,2,Graduate,No,35888.13,16885.18,264683.61,120,0,Urban,676,68,0,0.0034
APP-007637,Male,Yes,1,Not Graduate,No,44897.91,38515.97,500000.0,180,1,Semiurban,833,33,1,0.9569
APP-007638,Female,No,2,Graduate,No,26932.29,0.0,149010.72,300,1,Urban,736,64,1,0.9787
APP-007639,Male,Yes,0,Graduate,No,50011.27,34329.65,500000.0,180,1,Urban,645,47,0,0.0897
APP-007640,Male,No,0,Graduate,No,56302.02,24761.85,414114.97,180,1,Urban,700,37,1,0.6494
APP-007641,Female,Yes,1,Not Graduate,No,54098.75,0.0,230439.01,120,0,Urban,650,28,0,0.003
APP-007642,Female,Yes,1,Not Graduate,No,36934.61,15278.18,77157.63,360,1,Semiurban,753,27,1,0.9995
APP-007643,Male,No,0,Not Graduate,No,73130.53,0.0,376081.8,240,1,Rural,567,27,0,0.0229
APP-007644,Male,Yes,1,Not Graduate,Yes,34832.65,0.0,194317.39,120,0,Urban,610,29,0,0.0
APP-007645,Female,No,0,Graduate,No,33128.48,0.0,236699.47,240,1,Semiurban,719,62,1,0.6291
APP-007646,Male,Yes,1,Graduate,No,88685.04,0.0,264419.11,360,1,Semiurban,784,62,1,0.9997
APP-007647,Male,Yes,1,Graduate,No,21832.8,0.0,91679.87,180,0,Urban,493,60,0,0.0006
APP-007648,Female,No,0,Graduate,No,15730.66,40091.39,116357.43,180,1,Semiurban,797,33,1,0.9997
APP-007649,Female,Yes,1,Graduate,No,24901.94,0.0,51367.57,360,1,Rural,668,58,1,0.9902
APP-007650,Male,Yes,1,Graduate,No,49661.39,0.0,266683.37,360,1,Urban,520,36,0,0.0575
APP-007651,Female,Yes,2,Graduate,Yes,81306.0,17947.73,500000.0,300,0,Semiurban,425,45,0,0.0002
APP-007652,Female,Yes,2,Graduate,No,27909.29,35275.41,483854.45,180,0,Semiurban,550,38,0,0.0
APP-007653,Female,No,2,Not Graduate,No,108897.31,20484.4,500000.0,180,1,Semiurban,678,23,1,0.5132
APP-007654,Female,Yes,0,Not Graduate,No,40739.71,9633.91,500000.0,360,0,Semiurban,674,47,0,0.1024
APP-007655,Male,No,2,Graduate,No,37663.95,42350.65,285882.62,300,0,Urban,734,35,1,0.9823
APP-007656,Male,No,1,Not Graduate,No,25148.01,23819.62,312739.34,240,1,Urban,633,57,0,0.1471
APP-007657,Female,No,3+,Not Graduate,No,117388.63,0.0,276566.8,120,1,Urban,586,55,0,0.0933
APP-007658,Female,No,1,Not Graduate,No,36950.75,0.0,38283.5,180,0,Urban,645,32,1,0.856
APP-007659,Female,No,0,Graduate,No,19291.24,0.0,66223.68,360,1,Urban,683,61,1,0.9906
APP-007660,Female,Yes,1,Graduate,No,155083.32,0.0,500000.0,300,0,Urban,700,43,1,0.9599
APP-007661,Female,No,1,Not Graduate,No,49837.28,0.0,236113.99,240,0,Urban,613,51,0,0.0705
APP-007662,Male,Yes,3+,Graduate,No,62277.58,0.0,244161.26,300,1,Urban,757,42,1,0.997
APP-007663,Male,No,0,Graduate,No,101200.41,0.0,500000.0,360,1,Urban,627,46,1,0.8398
APP-007664,Female,No,0,Graduate,No,56272.12,0.0,500000.0,300,0,Urban,606,26,0,0.0049
APP-007665,Female,No,2,Graduate,No,68609.7,0.0,407677.98,180,0,Semiurban,634,33,0,0.0042
APP-007666,Male,No,1,Graduate,No,41352.11,0.0,124909.55,360,1,Urban,771,48,1,0.9996
APP-007667,Male,No,1,Graduate,No,60087.24,5237.81,89901.87,120,0,Rural,669,66,1,0.8495
APP-007668,Female,No,2,Graduate,No,39387.87,0.0,103499.77,300,1,Urban,621,28,0,0.8677
APP-007669,Female,Yes,0,Graduate,No,39691.19,0.0,309662.16,180,0,Semiurban,759,36,0,0.037
APP-007670,Male,No,0,Not Graduate,No,42866.43,0.0,145689.3,360,1,Urban,850,26,1,0.9999
APP-007671,Female,Yes,1,Graduate,No,32265.43,10983.4,250226.08,300,1,Rural,698,46,1,0.9247
APP-007672,Female,No,0,Graduate,Yes,52966.12,32470.58,485855.12,180,1,Semiurban,785,68,1,0.8752
APP-007673,Male,No,3+,Graduate,No,52892.4,0.0,219906.95,300,1,Rural,768,69,1,0.9958
APP-007674,Female,No,3+,Graduate,No,62969.4,15790.47,322900.97,300,1,Urban,629,37,0,0.792
APP-007675,Male,Yes,1,Graduate,Yes,57055.72,41151.11,310485.26,240,0,Semiurban,682,45,1,0.8096
APP-007676,Male,Yes,0,Not Graduate,No,120574.57,37604.67,500000.0,120,1,Urban,571,64,0,0.0217
APP-007677,Male,Yes,1,Graduate,No,71606.87,13546.85,236103.63,180,0,Urban,663,50,1,0.7395
APP-007678,Female,No,3+,Graduate,No,35811.04,0.0,252821.53,360,1,Rural,627,49,0,0.3278
APP-007679,Female,Yes,2,Graduate,No,51492.39,0.0,319030.41,180,1,Urban,646,69,0,0.0273
APP-007680,Male,Yes,0,Graduate,Yes,87289.37,0.0,490800.28,240,0,Semiurban,616,59,0,0.0257
APP-007681,Female,Yes,2,Graduate,No,23801.76,0.0,96140.89,240,1,Semiurban,656,26,0,0.6816
APP-007682,Male,No,0,Graduate,No,121519.86,0.0,266180.34,360,1,Urban,725,68,1,0.999
APP-007683,Male,Yes,1,Graduate,No,26211.36,17303.75,110662.39,300,0,Urban,670,60,1,0.9527
APP-007684,Male,No,0,Not Graduate,No,65851.1,0.0,198095.25,360,1,Rural,522,61,1,0.1788
APP-007685,Female,Yes,2,Graduate,No,40280.8,0.0,202809.09,300,0,Semiurban,617,56,0,0.1642
APP-007686,Female,Yes,2,Graduate,No,39026.15,26448.65,416732.7,300,0,Rural,551,46,0,0.007
APP-007687,Female,No,0,Not Graduate,No,19602.22,0.0,96249.64,360,1,Semiurban,701,22,1,0.9467
APP-007688,Female,No,1,Graduate,No,66113.29,0.0,316789.98,360,1,Urban,723,60,1,0.9929
APP-007689,Female,No,1,Graduate,No,19759.76,0.0,134659.41,300,1,Semiurban,702,21,1,0.6909
APP-007690,Male,No,3+,Graduate,No,18150.92,0.0,30212.09,300,0,Urban,613,61,0,0.7438
APP-007691,Male,Yes,1,Graduate,No,75950.47,0.0,119936.86,240,1,Rural,701,55,1,0.9963
APP-007692,Male,Yes,0,Graduate,No,107396.52,0.0,228162.94,300,0,Urban,640,47,1,0.9025
APP-007693,Male,No,2,Graduate,No,27806.21,45371.28,473135.3,300,1,Semiurban,583,34,0,0.0822
APP-007694,Female,Yes,2,Graduate,No,69682.89,0.0,120271.12,360,0,Rural,743,37,1,0.9962
APP-007695,Male,No,1,Graduate,No,62198.71,21143.89,353727.78,360,1,Urban,750,42,1,0.9986
APP-007696,Male,No,2,Graduate,No,38164.64,0.0,108011.25,240,1,Semiurban,761,32,1,0.9975
APP-007697,Female,Yes,0,Not Graduate,Yes,83675.31,0.0,382519.12,300,1,Semiurban,628,40,0,0.4902
APP-007698,Female,No,0,Graduate,No,36680.77,0.0,146716.9,240,1,Semiurban,780,58,1,0.9978
APP-007699,Female,No,3+,Not Graduate,No,53350.77,48421.5,485599.9,360,0,Urban,638,25,0,0.3239
APP-007700,Male,Yes,1,Not Graduate,Yes,20139.26,10505.62,109162.92,360,1,Rural,736,67,1,0.9934
APP-007701,Female,Yes,3+,Not Graduate,Yes,20618.29,0.0,120844.11,360,0,Urban,637,22,0,0.0693
APP-007702,Male,No,3+,Graduate,No,76341.71,25603.79,500000.0,300,1,Rural,661,33,1,0.7875
APP-007703,Female,Yes,1,Graduate,No,54347.99,0.0,409335.76,360,0,Semiurban,474,57,0,0.0005
APP-007704,Male,Yes,2,Not Graduate,No,37110.26,9515.15,168859.13,180,1,Urban,654,66,1,0.5759
APP-007705,Male,Yes,2,Not Graduate,Yes,114612.81,25373.49,404346.53,300,1,Semiurban,688,44,1,0.9714
APP-007706,Female,No,0,Graduate,No,113950.98,0.0,500000.0,240,1,Semiurban,645,52,0,0.7218
APP-007707,Male,Yes,1,Graduate,No,51100.13,0.0,500000.0,300,1,Urban,829,64,1,0.975
APP-007708,Female,No,3+,Graduate,No,18022.74,0.0,75016.01,240,0,Rural,581,42,0,0.0311
APP-007709,Female,Yes,1,Graduate,No,37745.46,51722.53,500000.0,240,0,Rural,632,67,0,0.0674
APP-007710,Female,No,0,Not Graduate,No,25389.22,0.0,154011.44,360,0,Semiurban,603,23,0,0.0497
APP-007711,Female,No,0,Graduate,No,42160.22,0.0,254396.78,300,1,Urban,632,57,1,0.55
APP-007712,Male,Yes,1,Not Graduate,No,23981.47,42298.75,500000.0,240,1,Urban,768,24,0,0.7521
APP-007713,Male,No,1,Graduate,No,20786.85,0.0,48996.77,360,1,Rural,806,38,1,0.9999
APP-007714,Female,Yes,1,Not Graduate,No,12000.0,71220.0,229989.82,120,1,Urban,620,55,0,0.2169
APP-007715,Female,No,2,Not Graduate,No,44002.05,0.0,191643.26,240,1,Urban,619,29,0,0.2686
APP-007716,Male,Yes,3+,Graduate,No,12000.0,10573.23,167406.86,240,0,Urban,582,34,0,0.0016
APP-007717,Male,Yes,0,Not Graduate,No,33653.34,16395.41,370786.43,180,1,Rural,791,29,1,0.3748
APP-007718,Female,Yes,2,Graduate,No,58801.25,0.0,245539.29,360,1,Urban,775,63,1,0.9991
APP-007719,Female,No,1,Graduate,Yes,26979.9,0.0,180236.45,300,1,Semiurban,671,30,0,0.4131
APP-007720,Male,Yes,2,Graduate,No,22100.25,0.0,77935.21,300,1,Semiurban,561,42,1,0.3135
APP-007721,Male,Yes,1,Not Graduate,No,38664.77,12377.4,150019.28,300,0,Rural,569,65,1,0.1423
APP-007722,Male,Yes,1,Graduate,No,25444.81,0.0,59648.08,240,1,Semiurban,695,40,1,0.99
APP-007723,Male,Yes,0,Graduate,No,44449.63,44358.97,355924.97,300,1,Rural,727,58,1,0.9946
APP-007724,Female,Yes,2,Graduate,No,22741.43,22887.8,166430.57,360,0,Urban,504,44,0,0.0308
APP-007725,Male,Yes,0,Not Graduate,No,37893.25,27602.87,438572.97,300,0,Rural,653,34,0,0.1215
APP-007726,Male,Yes,1,Graduate,No,33172.24,0.0,182176.42,240,1,Urban,818,45,1,0.9972
APP-007727,Male,No,1,Graduate,No,39881.31,0.0,174218.72,180,1,Urban,662,50,0,0.5097
APP-007728,Female,Yes,2,Not Graduate,No,98649.99,0.0,431731.14,180,1,Rural,807,68,1,0.9807
APP-007729,Female,Yes,1,Graduate,No,44796.98,0.0,158146.37,120,1,Semiurban,735,50,1,0.7497
APP-007730,Female,Yes,1,Not Graduate,No,52968.05,0.0,101399.9,360,0,Urban,588,22,1,0.3633
APP-007731,Male,Yes,0,Graduate,No,28463.1,0.0,71273.57,240,0,Semiurban,655,26,1,0.7546
APP-007732,Male,No,0,Graduate,Yes,45378.38,19503.92,394090.81,360,0,Rural,669,62,1,0.504
APP-007733,Female,Yes,0,Graduate,No,34504.95,0.0,138212.46,300,0,Semiurban,599,52,0,0.2674
APP-007734,Male,Yes,0,Not Graduate,No,40794.84,0.0,96372.12,240,1,Rural,598,59,1,0.6915
APP-007735,Male,Yes,0,Not Graduate,No,57349.54,0.0,452299.8,300,1,Semiurban,808,45,1,0.9847
APP-007736,Female,No,3+,Graduate,No,30481.38,31354.98,500000.0,180,0,Rural,597,43,0,0.0001
APP-007737,Male,Yes,0,Not Graduate,No,32243.61,24900.07,418886.05,360,1,Rural,772,57,1,0.9898
APP-007738,Male,No,2,Graduate,No,30713.94,20756.0,265547.33,240,1,Semiurban,643,59,1,0.488
APP-007739,Female,No,1,Not Graduate,No,30389.55,0.0,147361.62,360,0,Semiurban,678,61,1,0.7393
APP-007740,Male,No,0,Graduate,No,44146.96,0.0,186132.68,180,1,Urban,728,39,1,0.9323
APP-007741,Male,Yes,0,Not Graduate,No,32853.38,36014.94,316000.4,240,1,Rural,629,49,0,0.4672
APP-007742,Female,No,0,Graduate,No,91480.03,0.0,500000.0,240,1,Rural,728,30,0,0.8967
APP-007743,Male,Yes,0,Graduate,Yes,175174.78,0.0,500000.0,240,0,Semiurban,506,38,0,0.0092
APP-007744,Female,Yes,3+,Graduate,Yes,29367.14,16209.32,238351.08,240,1,Semiurban,717,21,1,0.7131
APP-007745,Female,Yes,3+,Graduate,No,47178.88,0.0,46030.41,240,0,Semiurban,470,24,0,0.012
APP-007746,Female,Yes,3+,Graduate,No,71033.31,0.0,500000.0,360,1,Urban,661,48,1,0.6987
APP-007747,Male,No,0,Graduate,No,34677.21,0.0,161718.18,300,1,Urban,753,59,1,0.9964
APP-007748,Female,Yes,0,Graduate,Yes,23227.33,32902.11,129905.25,180,1,Rural,733,51,1,0.9933
APP-007749,Female,No,2,Graduate,No,104401.08,0.0,486557.43,180,1,Urban,570,47,0,0.0214
APP-007750,Female,No,0,Graduate,No,58535.37,42607.59,494060.75,360,1,Semiurban,581,28,0,0.425
APP-007751,Male,No,0,Not Graduate,No,47823.85,45566.95,196355.64,180,1,Urban,621,31,1,0.8119
APP-007752,Male,Yes,1,Not Graduate,Yes,89124.3,29297.6,378076.39,300,1,Urban,696,25,1,0.9658
APP-007753,Male,No,0,Graduate,No,61305.71,0.0,158891.74,180,0,Urban,507,40,0,0.0116
APP-007754,Female,No,0,Not Graduate,No,39090.54,0.0,107533.1,240,1,Rural,679,69,1,0.9539
APP-007755,Male,Yes,1,Graduate,Yes,23455.33,10425.42,186702.09,240,1,Urban,706,39,1,0.8153
APP-007756,Female,Yes,1,Graduate,No,30597.32,46429.11,248182.44,360,1,Urban,656,27,1,0.9708
APP-007757,Male,No,1,Not Graduate,Yes,77858.84,61507.09,500000.0,300,1,Semiurban,725,68,1,0.9856
APP-007758,Male,Yes,0,Graduate,Yes,58404.44,31577.58,500000.0,180,1,Rural,699,27,0,0.2042
APP-007759,Male,No,0,Graduate,No,36218.79,76299.94,394598.38,300,1,Semiurban,634,21,1,0.8464
APP-007760,Male,No,0,Not Graduate,No,106044.04,0.0,500000.0,120,0,Semiurban,515,34,0,0.0
APP-007761,Female,Yes,0,Not Graduate,No,36810.13,0.0,288756.03,360,0,Urban,691,41,1,0.4322
APP-007762,Female,Yes,2,Graduate,No,69087.9,0.0,431030.83,240,0,Semiurban,599,45,0,0.0095
APP-007763,Male,No,0,Graduate,No,45298.15,0.0,252957.5,360,1,Urban,631,45,1,0.7907
APP-007764,Male,No,0,Not Graduate,No,116206.51,0.0,500000.0,360,1,Urban,721,21,1,0.9846
APP-007765,Male,Yes,2,Not Graduate,No,60728.9,0.0,309249.25,180,1,Semiurban,800,31,1,0.9351
APP-007766,Female,Yes,0,Graduate,No,41166.81,0.0,257138.68,360,1,Rural,677,25,1,0.8223
APP-007767,Female,No,1,Graduate,No,36375.81,0.0,91443.25,360,1,Rural,727,39,1,0.9981
APP-007768,Female,Yes,0,Graduate,No,39796.93,10445.0,207125.51,360,1,Urban,557,60,0,0.5085
APP-007769,Male,Yes,0,Graduate,No,26930.95,28315.12,280973.08,240,0,Rural,701,68,1,0.6214
APP-007770,Male,Yes,0,Not Graduate,No,18926.4,0.0,78009.57,300,1,Urban,675,66,1,0.9394
APP-007771,Female,Yes,3+,Graduate,No,47562.72,38405.29,500000.0,180,1,Urban,784,44,0,0.898
APP-007772,Male,Yes,1,Not Graduate,No,29928.45,0.0,117057.82,360,1,Semiurban,634,68,1,0.8312
APP-007773,Male,Yes,0,Graduate,No,29884.75,0.0,57123.55,180,1,Semiurban,659,50,1,0.9679
APP-007774,Male,No,2,Graduate,No,38220.9,0.0,167031.78,360,1,Urban,770,40,1,0.9987
APP-007775,Male,Yes,3+,Graduate,No,41304.34,0.0,255623.84,360,1,Semiurban,672,48,1,0.8367
APP-007776,Female,Yes,0,Not Graduate,No,40297.99,24104.79,185372.48,360,1,Urban,586,51,1,0.8256
APP-007777,Male,No,1,Graduate,No,104408.09,24589.97,500000.0,360,1,Rural,850,35,1,0.9999
APP-007778,Female,No,1,Not Graduate,No,57774.84,0.0,238319.21,360,0,Semiurban,588,23,0,0.0927
APP-007779,Male,Yes,1,Graduate,No,127937.68,55705.61,500000.0,360,1,Rural,675,34,1,0.9884
APP-007780,Female,No,0,Not Graduate,Yes,31525.6,0.0,102677.39,300,1,Semiurban,709,53,1,0.9831
APP-007781,Male,No,0,Graduate,No,61762.17,0.0,431347.43,120,1,Rural,703,36,0,0.0005
APP-007782,Male,Yes,1,Not Graduate,No,32504.15,20968.25,500000.0,360,1,Rural,664,55,1,0.3027
APP-007783,Female,Yes,1,Graduate,No,29477.35,31451.42,178025.08,240,0,Semiurban,664,42,0,0.8353
APP-007784,Female,No,2,Not Graduate,No,130620.11,0.0,309257.39,360,1,Urban,660,48,1,0.9793
APP-007785,Female,No,2,Graduate,No,26305.11,28420.38,191607.76,240,0,Urban,585,65,0,0.1373
APP-007786,Male,Yes,2,Graduate,No,12000.0,0.0,96357.54,240,1,Urban,850,35,1,0.98
APP-007787,Male,Yes,2,Graduate,No,27190.63,53732.96,307169.02,240,1,Urban,661,39,1,0.8953
APP-007788,Male,Yes,3+,Graduate,No,13298.71,25471.19,194893.69,360,1,Rural,731,58,1,0.9907
APP-007789,Female,Yes,1,Graduate,Yes,23784.08,0.0,67253.65,180,1,Semiurban,652,25,1,0.6082
APP-007790,Female,Yes,2,Not Graduate,No,25027.58,0.0,238100.32,300,1,Semiurban,650,65,0,0.0363
APP-007791,Female,No,3+,Graduate,No,40921.26,71953.9,421304.48,180,1,Urban,641,24,0,0.3672
APP-007792,Male,No,1,Graduate,No,13000.22,0.0,62004.1,240,1,Rural,548,32,0,0.0278
APP-007793,Male,No,0,Graduate,No,77479.89,22736.39,298612.54,300,1,Urban,666,26,1,0.9768
APP-007794,Female,Yes,2,Not Graduate,No,14304.46,0.0,40816.64,180,1,Semiurban,645,52,1,0.6826
APP-007795,Male,Yes,0,Graduate,No,37411.64,0.0,159230.34,300,1,Rural,780,46,1,0.9986
APP-007796,Male,No,0,Graduate,No,33580.97,0.0,150023.54,360,1,Urban,578,33,0,0.4947
APP-007797,Female,Yes,2,Graduate,No,63192.61,49178.97,500000.0,360,0,Rural,631,39,1,0.5054
APP-007798,Female,No,0,Graduate,No,48695.84,0.0,97136.15,360,1,Semiurban,604,36,1,0.9274
APP-007799,Male,No,0,Graduate,No,77093.95,0.0,214239.31,180,1,Semiurban,803,39,1,0.9992
APP-007800,Female,Yes,2,Graduate,No,32899.1,0.0,102944.36,300,1,Urban,606,35,1,0.7645
APP-007801,Female,Yes,0,Not Graduate,No,31082.16,26088.75,257261.13,300,1,Semiurban,728,45,1,0.9894
APP-007802,Female,Yes,1,Graduate,Yes,50364.16,0.0,129151.17,360,0,Rural,762,40,1,0.995
APP-007803,Male,Yes,0,Not Graduate,No,70690.12,0.0,288692.27,360,1,Urban,668,42,1,0.9611
APP-007804,Female,Yes,0,Graduate,Yes,63182.84,0.0,201616.9,300,1,Urban,563,36,1,0.3535
APP-007805,Female,Yes,2,Graduate,No,47906.09,0.0,192143.16,360,0,Urban,564,48,0,0.136
APP-007806,Female,No,2,Not Graduate,No,45613.75,0.0,137223.43,360,1,Rural,753,35,1,0.9978
APP-007807,Male,Yes,1,Not Graduate,No,39341.73,0.0,106386.55,300,1,Semiurban,573,33,1,0.4605
APP-007808,Male,Yes,1,Graduate,No,50284.97,23119.05,355762.28,180,1,Semiurban,713,50,1,0.7788
APP-007809,Male,No,2,Graduate,No,122910.77,47011.75,500000.0,360,1,Urban,690,45,1,0.9947
APP-007810,Female,No,0,Graduate,No,35122.06,0.0,215912.18,300,1,Urban,712,63,1,0.9447
APP-007811,Male,No,2,Graduate,Yes,32844.2,0.0,231016.36,300,0,Semiurban,720,26,0,0.2945
APP-007812,Female,Yes,3+,Not Graduate,No,31489.81,96092.3,500000.0,240,0,Urban,601,24,0,0.0532
APP-007813,Female,Yes,0,Not Graduate,No,49719.63,0.0,197185.72,180,1,Semiurban,597,48,0,0.1032
APP-007814,Male,No,0,Graduate,No,12494.45,0.0,123618.12,360,1,Urban,741,35,0,0.874
APP-007815,Male,Yes,0,Graduate,Yes,37261.51,13598.48,304701.32,120,0,Semiurban,627,67,0,0.0001
APP-007816,Female,No,0,Not Graduate,Yes,65144.02,0.0,181120.14,240,0,Urban,446,37,0,0.0009
APP-007817,Male,No,1,Not Graduate,No,30048.65,0.0,94814.07,300,1,Rural,735,37,1,0.9942
APP-007818,Female,Yes,0,Not Graduate,Yes,44475.22,52027.16,440305.85,120,0,Rural,592,50,0,0.0002
APP-007819,Male,No,0,Not Graduate,No,128044.67,0.0,500000.0,300,1,Urban,720,57,1,0.9907
APP-007820,Male,Yes,0,Graduate,No,48164.62,8721.79,218781.27,180,1,Semiurban,798,25,1,0.9946
APP-007821,Female,Yes,2,Graduate,No,12000.0,0.0,33046.67,180,1,Urban,681,68,1,0.9301
APP-007822,Female,Yes,0,Graduate,Yes,18482.2,0.0,112451.85,360,1,Semiurban,765,23,1,0.9853
APP-007823,Female,No,1,Graduate,No,34959.59,26822.43,159336.15,300,1,Semiurban,693,54,1,0.9947
APP-007824,Female,No,2,Graduate,No,25793.96,78124.31,500000.0,360,1,Rural,815,28,1,0.9994
APP-007825,Male,Yes,0,Graduate,No,42483.06,39090.74,354576.79,240,0,Semiurban,590,67,0,0.0791
APP-007826,Female,Yes,0,Graduate,No,34131.75,0.0,79529.16,360,1,Urban,679,34,1,0.9939
APP-007827,Male,Yes,1,Not Graduate,No,76216.96,23689.65,500000.0,120,1,Semiurban,737,67,1,0.0881
APP-007828,Female,Yes,0,Not Graduate,Yes,22021.35,0.0,94588.97,240,0,Rural,664,35,0,0.2097
APP-007829,Male,No,3+,Graduate,No,35806.16,15775.12,128956.06,240,1,Urban,778,39,1,0.9994
APP-007830,Male,Yes,0,Graduate,No,45228.93,33960.78,345051.46,120,0,Urban,643,37,0,0.0065
APP-007831,Female,Yes,0,Not Graduate,No,48417.86,0.0,94756.85,360,0,Urban,850,48,1,0.9999
APP-007832,Male,Yes,0,Not Graduate,No,43509.86,0.0,218214.44,300,1,Rural,850,68,1,0.9996
APP-007833,Male,No,0,Not Graduate,No,12000.0,39695.82,324689.27,300,0,Rural,704,41,1,0.5877
APP-007834,Female,Yes,0,Not Graduate,No,42016.2,6380.92,500000.0,300,1,Urban,727,32,1,0.3576
APP-007835,Male,No,1,Graduate,No,36941.29,0.0,164574.96,180,1,Urban,781,65,1,0.9813
APP-007836,Female,Yes,0,Not Graduate,No,64554.19,0.0,204586.0,360,0,Rural,579,41,0,0.2225
APP-007837,Male,No,1,Graduate,No,59732.63,50754.26,500000.0,300,1,Semiurban,568,64,1,0.2765
APP-007838,Male,Yes,0,Graduate,No,45819.47,0.0,373480.66,180,1,Urban,787,51,0,0.3214
APP-007839,Male,No,0,Graduate,No,47678.71,0.0,254650.65,240,1,Semiurban,703,69,1,0.8473
APP-007840,Male,Yes,1,Not Graduate,No,84441.2,0.0,500000.0,120,1,Urban,661,40,0,0.0009
APP-007841,Male,No,0,Graduate,No,75558.53,0.0,453471.55,300,0,Semiurban,681,28,1,0.4205
APP-007842,Female,No,1,Graduate,Yes,46696.88,0.0,250016.39,300,0,Urban,477,41,0,0.0008
APP-007843,Male,Yes,2,Not Graduate,Yes,130611.17,42292.24,392251.99,360,1,Semiurban,664,38,1,0.9681
APP-007844,Male,No,3+,Graduate,No,28409.87,42478.69,156925.47,360,1,Semiurban,616,41,1,0.9367
APP-007845,Male,Yes,2,Not Graduate,No,20910.49,0.0,43796.79,180,1,Semiurban,758,26,1,0.9947
APP-007846,Female,No,0,Not Graduate,No,39896.31,0.0,99227.26,180,0,Semiurban,765,67,1,0.9832
APP-007847,Female,No,0,Graduate,No,32676.28,10471.11,113019.17,360,1,Rural,729,67,1,0.9987
APP-007848,Female,Yes,1,Graduate,No,12000.0,0.0,118129.63,300,1,Semiurban,714,26,0,0.249
APP-007849,Male,Yes,2,Graduate,No,28034.48,37036.47,201823.56,240,0,Urban,553,30,0,0.0571
APP-007850,Male,Yes,2,Not Graduate,No,48483.16,0.0,216189.14,300,1,Urban,730,38,1,0.9829
APP-007851,Male,Yes,1,Not Graduate,No,38874.15,34313.87,279577.62,240,1,Urban,733,55,1,0.9893
APP-007852,Female,No,2,Graduate,No,26185.11,0.0,121786.21,300,1,Semiurban,786,58,1,0.9981
APP-007853,Female,Yes,0,Graduate,Yes,41080.1,16576.6,253670.25,360,1,Urban,850,41,1,0.9999
APP-007854,Female,Yes,0,Graduate,No,42945.62,56658.99,241294.94,300,1,Urban,536,68,0,0.4949
APP-007855,Male,Yes,3+,Graduate,No,59473.79,0.0,331795.76,240,0,Rural,647,27,0,0.0438
APP-007856,Male,Yes,3+,Graduate,No,28202.75,20253.98,152132.1,180,0,Rural,617,34,1,0.1101
APP-007857,Male,No,2,Not Graduate,No,64901.19,0.0,200707.43,360,1,Urban,695,45,1,0.9895
APP-007858,Female,Yes,0,Graduate,No,22029.69,0.0,81816.67,300,0,Semiurban,681,48,1,0.8932
APP-007859,Male,No,0,Graduate,No,30428.74,41186.93,439372.82,300,1,Semiurban,660,37,1,0.7378
APP-007860,Male,Yes,0,Graduate,No,102175.4,35721.87,443836.84,120,1,Semiurban,767,25,1,0.939
APP-007861,Female,Yes,0,Graduate,No,22853.68,0.0,101536.01,360,0,Rural,586,25,0,0.1195
APP-007862,Male,No,0,Graduate,No,27936.18,0.0,142765.57,240,0,Rural,592,63,0,0.0278
APP-007863,Male,Yes,0,Graduate,Yes,20146.56,0.0,96409.74,360,0,Semiurban,593,55,0,0.1401
APP-007864,Male,Yes,0,Graduate,No,25463.55,0.0,118888.0,180,0,Urban,649,36,0,0.0769
APP-007865,Female,Yes,3+,Not Graduate,No,43308.31,0.0,98173.52,240,1,Urban,576,24,0,0.3322
APP-007866,Male,Yes,0,Graduate,No,59195.35,0.0,267183.09,180,1,Semiurban,676,40,0,0.5465
APP-007867,Female,Yes,0,Not Graduate,No,39725.52,0.0,112209.74,240,1,Urban,666,57,1,0.9563
APP-007868,Female,No,1,Graduate,No,33571.09,20281.42,103986.45,360,1,Rural,613,23,0,0.9139
APP-007869,Female,No,2,Graduate,No,20261.43,22550.46,148209.0,240,1,Semiurban,754,45,1,0.9966
APP-007870,Female,No,1,Graduate,Yes,26905.29,10826.57,127360.75,360,1,Urban,675,52,0,0.9822
APP-007871,Male,Yes,1,Not Graduate,No,17148.75,0.0,276998.54,360,1,Urban,770,59,0,0.128
APP-007872,Male,Yes,1,Graduate,Yes,60180.75,0.0,398075.81,240,1,Urban,663,24,0,0.1135
APP-007873,Male,Yes,0,Graduate,No,62526.16,0.0,379373.36,300,0,Semiurban,678,38,1,0.4634
APP-007874,Female,Yes,2,Graduate,No,39251.85,0.0,139284.77,360,1,Semiurban,632,43,1,0.9024
APP-007875,Male,No,0,Not Graduate,No,51164.34,0.0,200672.46,300,1,Semiurban,679,58,1,0.9526
APP-007876,Male,Yes,2,Not Graduate,No,64986.05,0.0,500000.0,240,1,Semiurban,741,53,1,0.501
APP-007877,Female,No,3+,Not Graduate,No,42432.29,10598.96,169815.56,360,1,Semiurban,645,49,1,0.9347
APP-007878,Female,Yes,0,Graduate,Yes,86377.79,34049.5,500000.0,300,1,Urban,724,62,1,0.9908
APP-007879,Female,Yes,0,Not Graduate,Yes,22854.74,0.0,223128.0,360,1,Urban,611,32,0,0.024
APP-007880,Male,Yes,3+,Graduate,No,33131.22,0.0,101983.95,300,1,Urban,745,55,1,0.9979
APP-007881,Male,Yes,3+,Graduate,Yes,31030.99,20075.18,233063.5,240,1,Rural,631,68,1,0.278
APP-007882,Male,No,1,Graduate,No,57295.71,69071.84,500000.0,240,1,Semiurban,752,30,1,0.9925
APP-007883,Male,No,0,Graduate,No,18237.26,0.0,52118.23,360,1,Urban,685,55,1,0.9945
APP-007884,Male,Yes,1,Not Graduate,No,88999.5,22823.36,500000.0,360,1,Semiurban,809,43,1,0.9996
APP-007885,Female,Yes,1,Graduate,No,54664.83,0.0,141079.94,240,1,Urban,582,35,0,0.6053
APP-007886,Male,No,0,Graduate,No,105099.41,26176.09,500000.0,180,0,Urban,555,31,0,0.0116
APP-007887,Male,Yes,2,Graduate,No,39249.18,8395.77,246428.84,120,0,Semiurban,628,59,0,0.0004
APP-007888,Male,Yes,0,Graduate,Yes,29653.17,0.0,189358.48,240,1,Semiurban,562,43,0,0.0084
APP-007889,Female,Yes,2,Not Graduate,No,57607.52,0.0,225036.33,240,1,Semiurban,562,67,0,0.077
APP-007890,Male,No,1,Graduate,No,70743.14,9457.36,407395.07,240,1,Semiurban,733,25,1,0.9428
APP-007891,Female,Yes,0,Not Graduate,No,27094.03,28650.9,377121.53,180,1,Semiurban,680,24,0,0.0268
APP-007892,Female,Yes,1,Graduate,No,13377.4,17501.4,69829.94,240,1,Rural,639,65,1,0.9438
APP-007893,Female,Yes,1,Graduate,No,14699.28,0.0,36379.09,360,1,Semiurban,647,67,1,0.9722
APP-007894,Male,No,1,Graduate,No,46340.04,31710.96,432313.81,180,1,Semiurban,629,61,0,0.0592
APP-007895,Female,Yes,1,Not Graduate,No,93629.82,36828.1,500000.0,300,1,Semiurban,820,30,1,0.9996
APP-007896,Female,Yes,2,Graduate,No,19624.59,13927.6,152030.2,120,1,Urban,617,46,0,0.0073
APP-007897,Male,No,1,Graduate,No,34551.23,0.0,222833.17,300,1,Rural,568,28,0,0.0316
APP-007898,Female,Yes,0,Graduate,Yes,33135.24,0.0,120013.8,360,1,Urban,748,47,1,0.9981
APP-007899,Male,Yes,1,Graduate,No,115415.35,0.0,500000.0,240,1,Urban,662,37,1,0.8084
APP-007900,Male,No,0,Graduate,No,139007.43,0.0,500000.0,360,1,Rural,850,46,1,1.0
APP-007901,Female,No,0,Graduate,No,50688.23,0.0,152210.37,180,1,Semiurban,635,53,1,0.7328
APP-007902,Female,No,3+,Not Graduate,No,65768.76,0.0,500000.0,240,1,Semiurban,752,53,1,0.5768
APP-007903,Female,Yes,1,Not Graduate,Yes,64770.75,34202.74,500000.0,120,1,Semiurban,772,22,0,0.0845
APP-007904,Male,Yes,0,Graduate,No,19847.3,9701.52,102864.46,240,1,Urban,636,57,1,0.8887
APP-007905,Male,Yes,0,Graduate,No,58934.84,8474.16,236785.73,240,0,Urban,617,53,0,0.4495
APP-007906,Female,Yes,1,Graduate,No,22907.43,32211.46,307934.5,300,1,Rural,743,60,1,0.9857
APP-007907,Female,Yes,2,Graduate,No,36521.46,53350.61,244237.27,240,1,Semiurban,729,40,1,0.996
APP-007908,Male,Yes,2,Graduate,No,75121.0,0.0,369938.99,360,0,Semiurban,560,35,0,0.044
APP-007909,Female,No,1,Graduate,Yes,41961.73,0.0,165808.28,240,1,Urban,584,67,0,0.1787
APP-007910,Male,No,2,Graduate,No,73597.99,31676.11,494333.35,180,0,Rural,464,38,0,0.0001
APP-007911,Male,Yes,1,Graduate,No,82009.87,16835.9,169688.98,240,1,Urban,731,48,1,0.9992
APP-007912,Female,Yes,2,Graduate,No,15270.63,19858.16,99569.85,300,1,Semiurban,658,62,1,0.9712
APP-007913,Female,Yes,2,Graduate,No,12115.81,0.0,57896.82,360,1,Semiurban,666,34,1,0.9118
APP-007914,Female,Yes,1,Not Graduate,No,76050.35,25975.57,500000.0,360,1,Semiurban,536,26,0,0.0678
APP-007915,Male,Yes,0,Graduate,No,77755.46,0.0,312482.95,300,0,Semiurban,587,62,0,0.1768
APP-007916,Male,Yes,2,Graduate,No,46218.11,0.0,272740.72,360,0,Rural,639,44,0,0.2815
APP-007917,Female,No,2,Graduate,No,49797.44,0.0,108990.19,240,1,Rural,623,40,1,0.8688
APP-007918,Male,Yes,1,Graduate,No,65589.85,0.0,228503.94,360,1,Urban,690,32,1,0.9881
APP-007919,Female,Yes,2,Graduate,No,64920.9,0.0,313909.54,240,0,Rural,730,62,1,0.7808
APP-007920,Female,No,1,Graduate,Yes,33951.86,17591.26,213653.2,240,1,Semiurban,850,37,1,0.9996
APP-007921,Female,No,0,Not Graduate,No,67895.0,0.0,407948.19,240,1,Semiurban,678,33,0,0.4076
APP-007922,Male,No,2,Not Graduate,No,33171.28,14458.44,180885.58,300,1,Semiurban,775,41,1,0.9983
APP-007923,Male,Yes,1,Graduate,No,45887.73,0.0,175036.34,240,0,Semiurban,609,31,0,0.1336
APP-007924,Female,Yes,3+,Graduate,No,44802.19,0.0,256310.52,120,1,Semiurban,538,55,0,0.0
APP-007925,Male,Yes,0,Graduate,No,25016.94,0.0,83740.83,240,0,Semiurban,650,50,0,0.6542
APP-007926,Female,Yes,2,Graduate,No,26671.66,0.0,75577.17,240,0,Semiurban,544,26,0,0.0291
APP-007927,Male,No,0,Not Graduate,No,137140.32,0.0,500000.0,300,0,Semiurban,681,56,0,0.849
APP-007928,Female,No,0,Not Graduate,No,24574.46,0.0,67900.29,360,1,Urban,614,38,1,0.8963
APP-007929,Female,Yes,1,Graduate,No,49191.57,0.0,397051.24,360,0,Semiurban,514,69,0,0.0011
APP-007930,Female,No,0,Graduate,No,55209.46,0.0,102739.17,300,1,Semiurban,828,48,1,1.0
APP-007931,Female,Yes,1,Graduate,No,38955.73,0.0,145214.55,300,0,Urban,634,54,1,0.6178
APP-007932,Male,No,1,Graduate,No,58065.06,0.0,500000.0,300,1,Semiurban,541,60,0,0.0036
APP-007933,Male,No,2,Graduate,Yes,48095.35,0.0,498853.66,360,1,Rural,756,48,0,0.7415
APP-007934,Male,No,2,Graduate,No,24868.61,0.0,101752.67,360,1,Semiurban,618,52,1,0.804
APP-007935,Female,No,0,Not Graduate,Yes,53919.61,0.0,377768.69,360,1,Urban,773,57,1,0.9865
APP-007936,Female,No,2,Not Graduate,No,29744.86,19127.37,295305.77,240,1,Urban,618,47,0,0.1097
APP-007937,Female,Yes,3+,Graduate,Yes,104544.5,0.0,357244.33,360,0,Urban,634,60,1,0.5532
APP-007938,Female,Yes,0,Not Graduate,No,50818.66,38022.61,467357.47,300,1,Urban,709,34,1,0.9598
APP-007939,Male,Yes,0,Graduate,Yes,27307.47,25261.2,152079.97,180,1,Urban,730,68,1,0.9849
APP-007940,Female,No,0,Graduate,Yes,48448.63,0.0,102267.75,300,1,Urban,745,68,1,0.9988
APP-007941,Male,Yes,3+,Graduate,No,24132.87,28124.18,279525.85,240,1,Semiurban,672,40,1,0.6269
APP-007942,Female,No,3+,Graduate,No,46248.23,44160.99,496589.49,180,1,Rural,725,56,0,0.5594
APP-007943,Male,Yes,2,Not Graduate,No,35449.56,45869.24,203347.02,300,1,Semiurban,743,42,1,0.9983
APP-007944,Male,Yes,0,Graduate,No,25469.09,10995.3,145781.07,300,1,Semiurban,697,26,1,0.9774
APP-007945,Male,No,1,Not Graduate,No,25293.61,0.0,63231.43,360,0,Semiurban,668,55,1,0.919
APP-007946,Female,Yes,2,Graduate,Yes,153156.24,0.0,500000.0,360,1,Rural,557,31,0,0.2162
APP-007947,Female,Yes,0,Not Graduate,No,42203.81,0.0,147835.26,240,1,Urban,731,25,1,0.9828
APP-007948,Male,Yes,1,Graduate,No,31651.58,6502.85,227018.09,180,1,Rural,684,52,0,0.1852
APP-007949,Male,Yes,0,Graduate,Yes,28775.94,0.0,97954.07,180,0,Rural,645,37,0,0.148
APP-007950,Female,No,3+,Graduate,No,52007.4,0.0,125660.02,360,1,Semiurban,789,48,1,0.9998
APP-007951,Male,Yes,1,Graduate,No,28249.39,20180.22,446834.91,240,0,Rural,559,39,0,0.0001
APP-007952,Female,Yes,1,Not Graduate,No,21981.58,0.0,117086.55,240,1,Rural,820,49,1,0.9952
APP-007953,Female,Yes,0,Not Graduate,No,39425.66,0.0,251546.72,300,1,Rural,678,22,0,0.4906
APP-007954,Male,Yes,1,Not Graduate,No,39262.18,0.0,220070.47,120,1,Semiurban,707,39,0,0.0073
APP-007955,Female,Yes,2,Graduate,No,31908.6,28885.05,395818.84,300,1,Rural,646,54,0,0.4747
APP-007956,Female,Yes,0,Graduate,No,24582.48,0.0,127546.37,360,0,Semiurban,538,67,0,0.0255
APP-007957,Male,Yes,2,Graduate,No,32369.3,0.0,170122.29,360,1,Urban,668,51,1,0.9274
APP-007958,Female,No,1,Graduate,No,30998.67,32754.65,287814.67,240,1,Urban,708,29,1,0.9478
APP-007959,Male,Yes,1,Graduate,Yes,28721.46,0.0,100488.98,180,1,Urban,737,37,1,0.9582
APP-007960,Female,No,1,Graduate,No,46726.89,0.0,296878.14,180,1,Semiurban,663,30,0,0.0333
APP-007961,Female,Yes,0,Not Graduate,No,136547.17,17112.26,500000.0,240,1,Rural,494,27,0,0.0177
APP-007962,Male,No,1,Graduate,No,83489.06,0.0,375288.99,240,0,Urban,549,37,0,0.0131
APP-007963,Male,No,1,Graduate,No,116781.01,0.0,500000.0,180,1,Urban,850,33,1,0.9985
APP-007964,Female,No,0,Graduate,No,29371.2,0.0,153631.94,300,0,Semiurban,587,61,0,0.0721
APP-007965,Male,Yes,0,Graduate,No,100818.64,11029.5,302078.49,240,0,Urban,801,29,1,0.9988
APP-007966,Female,Yes,0,Graduate,No,45478.81,0.0,212254.37,240,1,Semiurban,601,66,0,0.2531
APP-007967,Male,Yes,3+,Graduate,No,69044.05,13757.11,222980.38,240,1,Urban,664,57,1,0.9666
APP-007968,Female,Yes,1,Graduate,No,51623.75,52194.62,479626.26,240,1,Urban,733,37,1,0.9809
APP-007969,Female,Yes,1,Not Graduate,No,33229.82,39993.19,443372.62,360,1,Urban,610,54,0,0.4895
APP-007970,Male,Yes,3+,Not Graduate,No,59618.65,0.0,500000.0,180,1,Semiurban,815,31,0,0.1587
APP-007971,Male,No,1,Not Graduate,Yes,52402.62,34880.49,482566.19,300,1,Urban,686,62,0,0.8231
APP-007972,Male,No,0,Graduate,Yes,15176.41,0.0,95442.36,300,1,Urban,719,55,1,0.922
APP-007973,Male,No,2,Not Graduate,Yes,37486.33,0.0,97952.93,300,0,Urban,657,55,1,0.7326
APP-007974,Male,No,3+,Not Graduate,No,64849.36,0.0,352216.03,360,1,Rural,736,59,1,0.978
APP-007975,Male,No,3+,Graduate,No,46750.58,0.0,120648.31,360,1,Semiurban,814,27,1,0.9998
APP-007976,Male,Yes,0,Graduate,No,51958.94,18779.89,500000.0,360,0,Urban,669,54,0,0.5866
APP-007977,Male,No,1,Graduate,Yes,26548.19,0.0,70046.51,360,1,Semiurban,827,27,1,0.9999
APP-007978,Female,Yes,1,Not Graduate,No,46208.35,0.0,126906.28,360,1,Rural,628,25,1,0.8404
APP-007979,Male,Yes,1,Graduate,No,38063.52,0.0,227895.22,360,1,Rural,745,57,1,0.9895
APP-007980,Female,Yes,0,Not Graduate,No,35885.94,0.0,325786.53,300,0,Rural,722,40,0,0.1522
APP-007981,Male,No,0,Graduate,No,27623.14,31477.61,405563.05,360,0,Semiurban,589,29,0,0.0481
APP-007982,Male,No,0,Graduate,No,66381.54,0.0,241320.97,240,1,Semiurban,698,52,1,0.9741
APP-007983,Male,Yes,0,Graduate,Yes,48533.41,13333.46,168979.57,360,1,Semiurban,681,26,0,0.9832
APP-007984,Female,No,1,Graduate,No,45912.89,0.0,161453.42,180,1,Urban,607,21,0,0.1773
APP-007985,Female,Yes,0,Not Graduate,No,123986.95,42016.34,500000.0,180,0,Semiurban,710,64,0,0.8529
APP-007986,Female,Yes,1,Graduate,No,52082.77,36796.04,365931.15,180,0,Urban,692,21,1,0.3343
APP-007987,Female,Yes,0,Graduate,No,77673.79,0.0,208413.69,360,1,Semiurban,674,46,1,0.9912
APP-007988,Male,Yes,2,Graduate,No,46635.3,35946.63,500000.0,240,1,Semiurban,674,43,0,0.5179
APP-007989,Female,No,3+,Not Graduate,No,33049.44,0.0,253806.16,360,1,Urban,672,64,1,0.5496
APP-007990,Male,Yes,1,Not Graduate,No,22414.75,0.0,223172.93,300,1,Rural,649,24,0,0.0149
APP-007991,Male,Yes,0,Not Graduate,No,45833.23,0.0,92554.15,240,1,Rural,692,36,1,0.9868
APP-007992,Female,Yes,0,Graduate,No,12000.0,0.0,35552.97,360,1,Semiurban,625,64,1,0.9361
APP-007993,Female,No,2,Graduate,No,46623.36,43007.35,427767.33,240,1,Rural,850,35,1,0.9993
APP-007994,Female,Yes,1,Graduate,No,47737.34,22979.68,302131.56,300,1,Rural,560,41,0,0.2416
APP-007995,Male,Yes,2,Graduate,No,35608.44,0.0,124000.03,360,1,Urban,630,25,1,0.8616
APP-007996,Male,No,1,Not Graduate,No,38146.85,27901.92,191541.88,180,1,Semiurban,637,54,0,0.7094
APP-007997,Female,Yes,0,Graduate,No,20168.09,0.0,54878.7,240,1,Rural,850,64,1,0.9999
APP-007998,Female,No,0,Graduate,No,85998.23,0.0,500000.0,180,1,Urban,568,69,0,0.0044
APP-007999,Female,No,2,Not Graduate,No,33339.96,28705.89,139174.47,300,1,Semiurban,716,39,1,0.9962
APP-008000,Male,Yes,0,Not Graduate,Yes,23513.95,0.0,49735.26,360,1,Urban,701,26,1,0.9907
